{
"type": "FeatureCollection",
"name": "geo_46_通所介護",
"crs": { "type": "name", "properties": { "name": "urn:ogc:def:crs:OGC:1.3:CRS84" } },
"features": [
{ "type": "Feature", "properties": { "内容": "デイサービスひなたの家　田上【通所介護】田上4丁目9-8", "url": "https://www.kaigokensaku.mhlw.go.jp/46/index.php?action_kouhyou_detail_004_kani=true&JigyosyoCd=4670112053-00&ServiceCd=150&Type=search", "url2": "www.hinata-scs.com" }, "geometry": { "type": "Point", "coordinates": [ 130.526075959524519, 31.574817469703639 ] } },
{ "type": "Feature", "properties": { "内容": "ら・千年　デイサービスセンター【通所介護】鹿児島県鹿児島市千年２丁目１１番２１号", "url": "https://www.kaigokensaku.mhlw.go.jp/46/index.php?action_kouhyou_detail_004_kani=true&JigyosyoCd=4670108788-00&ServiceCd=150&Type=search", "url2": null }, "geometry": { "type": "Point", "coordinates": [ 130.524271975671354, 31.640254096889191 ] } },
{ "type": "Feature", "properties": { "内容": "デイサービスセンターたんぽぽ【通所介護】下田町３５３番地", "url": "https://www.kaigokensaku.mhlw.go.jp/46/index.php?action_kouhyou_detail_004_kani=true&JigyosyoCd=4670102856-00&ServiceCd=150&Type=search", "url2": "http://www.shimodaen.jp" }, "geometry": { "type": "Point", "coordinates": [ 130.550739, 31.6399521 ] } },
{ "type": "Feature", "properties": { "内容": "デイサービスセンター湯の里【通所介護】鹿児島市坂元町１０８７-１下田温泉の郷", "url": "https://www.kaigokensaku.mhlw.go.jp/46/index.php?action_kouhyou_detail_004_kani=true&JigyosyoCd=4670109679-00&ServiceCd=150&Type=search", "url2": "http://www.shimodaen.jp" }, "geometry": { "type": "Point", "coordinates": [ 130.5538444, 31.6379218 ] } },
{ "type": "Feature", "properties": { "内容": "デイサービスきずなの里一倉【通所介護】鹿児島市喜入一倉町5243番地有料老人ホーム　きずなの里一倉", "url": "https://www.kaigokensaku.mhlw.go.jp/46/index.php?action_kouhyou_detail_004_kani=true&JigyosyoCd=4670108135-00&ServiceCd=150&Type=search", "url2": null }, "geometry": { "type": "Point", "coordinates": [ 130.526162900000031, 31.3506593 ] } },
{ "type": "Feature", "properties": { "内容": "真珠の里向陽デイサービス【通所介護】鹿児島県鹿児島市向陽2丁目２３－２真珠の里向陽ケアハイツ", "url": "https://www.kaigokensaku.mhlw.go.jp/46/index.php?action_kouhyou_detail_004_kani=true&JigyosyoCd=4670112202-00&ServiceCd=150&Type=search", "url2": "http://shinnjunosato.com" }, "geometry": { "type": "Point", "coordinates": [ 130.515959299999963, 31.557071099999987 ] } },
{ "type": "Feature", "properties": { "内容": "通所介護ひびき園【通所介護】鹿児島市桜ヶ丘7丁目6-5", "url": "https://www.kaigokensaku.mhlw.go.jp/46/index.php?action_kouhyou_detail_004_kani=true&JigyosyoCd=4670105289-00&ServiceCd=150&Type=search", "url2": null }, "geometry": { "type": "Point", "coordinates": [ 130.521340900000013, 31.5528366 ] } },
{ "type": "Feature", "properties": { "内容": "デイサービスセンター夢楽【通所介護】鹿児島市宮之浦町1614-2", "url": "https://www.kaigokensaku.mhlw.go.jp/46/index.php?action_kouhyou_detail_004_kani=true&JigyosyoCd=4670105677-00&ServiceCd=150&Type=search", "url2": "sppn2m39@aria.ocn.ne.jp" }, "geometry": { "type": "Point", "coordinates": [ 130.567880899999977, 31.6866563 ] } },
{ "type": "Feature", "properties": { "内容": "デイサービスセンター白銀【通所介護】鹿児島市清水町14番20号", "url": "https://www.kaigokensaku.mhlw.go.jp/46/index.php?action_kouhyou_detail_004_kani=true&JigyosyoCd=4670108036-00&ServiceCd=150&Type=search", "url2": null }, "geometry": { "type": "Point", "coordinates": [ 130.567842199999973, 31.6085747 ] } },
{ "type": "Feature", "properties": { "内容": "デイサービスセンター道しるべ　西千石【通所介護】鹿児島県鹿児島市平之町9番３３号牧野ビル6階", "url": "https://www.kaigokensaku.mhlw.go.jp/46/index.php?action_kouhyou_detail_004_kani=true&JigyosyoCd=4670112970-00&ServiceCd=150&Type=search", "url2": "https://www.matthews-japan.com" }, "geometry": { "type": "Point", "coordinates": [ 130.5475607, 31.5899902 ] } },
{ "type": "Feature", "properties": { "内容": "デイサービスセンター花野光ヶ丘【通所介護】鹿児島市皆与志町６０７", "url": "https://www.kaigokensaku.mhlw.go.jp/46/index.php?action_kouhyou_detail_004_kani=true&JigyosyoCd=4670108580-00&ServiceCd=150&Type=search", "url2": null }, "geometry": { "type": "Point", "coordinates": [ 130.523437800000011, 31.6711984 ] } },
{ "type": "Feature", "properties": { "内容": "デイサービスセンター白銀の里【通所介護】鹿児島県鹿児島市春日町14-5-3F", "url": "https://www.kaigokensaku.mhlw.go.jp/46/index.php?action_kouhyou_detail_004_kani=true&JigyosyoCd=4670109927-00&ServiceCd=150&Type=search", "url2": null }, "geometry": { "type": "Point", "coordinates": [ 130.567275699999982, 31.6061111 ] } },
{ "type": "Feature", "properties": { "内容": "ケアガーデン西田　トレーニングデイ・悠【通所介護】鹿児島市西田３丁目１番地１１", "url": "https://www.kaigokensaku.mhlw.go.jp/46/index.php?action_kouhyou_detail_004_kani=true&JigyosyoCd=4670101452-00&ServiceCd=150&Type=search", "url2": "http//www.jikeikai.net" }, "geometry": { "type": "Point", "coordinates": [ 130.5382449, 31.5888844 ] } },
{ "type": "Feature", "properties": { "内容": "デイサービスせせらぎの里鹿児島南【通所介護】東谷山2丁目5-8", "url": "https://www.kaigokensaku.mhlw.go.jp/46/index.php?action_kouhyou_detail_004_kani=true&JigyosyoCd=4670109349-00&ServiceCd=150&Type=search", "url2": "http://www.seseragi-minami.jp" }, "geometry": { "type": "Point", "coordinates": [ 130.524134600000025, 31.5310852 ] } },
{ "type": "Feature", "properties": { "内容": "ツクイ鹿児島吉野【通所介護】鹿児島県鹿児島市吉野一丁目23-8", "url": "https://www.kaigokensaku.mhlw.go.jp/46/index.php?action_kouhyou_detail_004_kani=true&JigyosyoCd=4670112962-00&ServiceCd=150&Type=search", "url2": "http://www.tsukui.net/home-care/2410/" }, "geometry": { "type": "Point", "coordinates": [ 130.5676286, 31.6498191 ] } },
{ "type": "Feature", "properties": { "内容": "ツクイ鹿児島宇宿【通所介護】鹿児島県鹿児島市宇宿八丁目13-22", "url": "https://www.kaigokensaku.mhlw.go.jp/46/index.php?action_kouhyou_detail_004_kani=true&JigyosyoCd=4670112954-00&ServiceCd=150&Type=search", "url2": "https://www.tsukui.net./home-care/2283/" }, "geometry": { "type": "Point", "coordinates": [ 130.5231152, 31.5569256 ] } },
{ "type": "Feature", "properties": { "内容": "慈眼寺園デイサービスセンター【通所介護】鹿児島市錦江台１丁目２０番２０号", "url": "https://www.kaigokensaku.mhlw.go.jp/46/index.php?action_kouhyou_detail_004_kani=true&JigyosyoCd=4670103755-00&ServiceCd=150&Type=search", "url2": "https://jigenjien.org/" }, "geometry": { "type": "Point", "coordinates": [ 130.4959407, 31.5062117 ] } },
{ "type": "Feature", "properties": { "内容": "ひびき桜館【通所介護】鹿児島県鹿児島市桜ヶ丘七丁目6番地4", "url": "https://www.kaigokensaku.mhlw.go.jp/46/index.php?action_kouhyou_detail_004_kani=true&JigyosyoCd=4670110370-00&ServiceCd=150&Type=search", "url2": null }, "geometry": { "type": "Point", "coordinates": [ 130.521158799999938, 31.5527272 ] } },
{ "type": "Feature", "properties": { "内容": "ひびきビュータウン【通所介護】鹿児島県鹿児島市桜ケ丘八丁目４０－６", "url": "https://www.kaigokensaku.mhlw.go.jp/46/index.php?action_kouhyou_detail_004_kani=true&JigyosyoCd=4670111865-00&ServiceCd=150&Type=search", "url2": null }, "geometry": { "type": "Point", "coordinates": [ 130.530780600000071, 31.5448338 ] } },
{ "type": "Feature", "properties": { "内容": "デイサービスセンター本名の郷【通所介護】鹿児島県鹿児島市本名町1083-2", "url": "https://www.kaigokensaku.mhlw.go.jp/46/index.php?action_kouhyou_detail_004_kani=true&JigyosyoCd=4670110537-00&ServiceCd=150&Type=search", "url2": "nikonikohouse@po5.synapse.ne.jp" }, "geometry": { "type": "Point", "coordinates": [ 130.553489251451083, 31.684072173373877 ] } },
{ "type": "Feature", "properties": { "内容": "デイサービスセンターたにやま【通所介護】鹿児島県鹿児島市魚見町103-12階", "url": "https://www.kaigokensaku.mhlw.go.jp/46/index.php?action_kouhyou_detail_004_kani=true&JigyosyoCd=4670113424-00&ServiceCd=150&Type=search", "url2": "https://eiwakai.jp" }, "geometry": { "type": "Point", "coordinates": [ 130.5247956, 31.5400881 ] } },
{ "type": "Feature", "properties": { "内容": "デイサービスセンターにじの郷たにやま【通所介護】鹿児島市中山町5028-80", "url": "https://www.kaigokensaku.mhlw.go.jp/46/index.php?action_kouhyou_detail_004_kani=true&JigyosyoCd=4670101346-00&ServiceCd=150&Type=search", "url2": "http://nizinosato.com/" }, "geometry": { "type": "Point", "coordinates": [ 130.503125700000027, 31.5397843 ] } },
{ "type": "Feature", "properties": { "内容": "デイサービスセンター旭ヶ丘園【通所介護】鹿児島市平川町1382番地", "url": "https://www.kaigokensaku.mhlw.go.jp/46/index.php?action_kouhyou_detail_004_kani=true&JigyosyoCd=4670101882-00&ServiceCd=150&Type=search", "url2": "https://kyokuseikai.com/" }, "geometry": { "type": "Point", "coordinates": [ 130.5037873, 31.46621 ] } },
{ "type": "Feature", "properties": { "内容": "ヒューマンヒルズライム【通所介護】鹿児島県鹿児島市本名町1077番地", "url": "https://www.kaigokensaku.mhlw.go.jp/46/index.php?action_kouhyou_detail_004_kani=true&JigyosyoCd=4670113580-00&ServiceCd=150&Type=search", "url2": "http://human-tanaka.com/" }, "geometry": { "type": "Point", "coordinates": [ 130.554200013816001, 31.683587097305328 ] } },
{ "type": "Feature", "properties": { "内容": "ヒューマンヒルズたなか【通所介護】鹿児島県鹿児島市宮之浦町938番地1", "url": "https://www.kaigokensaku.mhlw.go.jp/46/index.php?action_kouhyou_detail_004_kani=true&JigyosyoCd=4670110933-00&ServiceCd=150&Type=search", "url2": "http://human-tanaka.com/" }, "geometry": { "type": "Point", "coordinates": [ 130.55909829999996, 31.6787126 ] } },
{ "type": "Feature", "properties": { "内容": "通所介護事業所　桜島苑【通所介護】鹿児島市桜島横山町1722-45", "url": "https://www.kaigokensaku.mhlw.go.jp/46/index.php?action_kouhyou_detail_004_kani=true&JigyosyoCd=4671600031-00&ServiceCd=150&Type=search", "url2": "https//sakurajimaen.com" }, "geometry": { "type": "Point", "coordinates": [ 130.602123, 31.5901132 ] } },
{ "type": "Feature", "properties": { "内容": "通所介護　コンフォート武岡【通所介護】鹿児島県鹿児島市武岡1丁目１２１番１４号コンフォート武岡Ⅱ　１Ｆ", "url": "https://www.kaigokensaku.mhlw.go.jp/46/index.php?action_kouhyou_detail_004_kani=true&JigyosyoCd=4670112251-00&ServiceCd=150&Type=search", "url2": null }, "geometry": { "type": "Point", "coordinates": [ 130.526345699999979, 31.5862399 ] } },
{ "type": "Feature", "properties": { "内容": "デイサービスクロス【通所介護】鹿児島市柳町6-2プレジデント柳町1F", "url": "https://www.kaigokensaku.mhlw.go.jp/46/index.php?action_kouhyou_detail_004_kani=true&JigyosyoCd=4670108820-00&ServiceCd=150&Type=search", "url2": "https://arwrk.net/recruit/nanphoshouji" }, "geometry": { "type": "Point", "coordinates": [ 130.56249098961419, 31.603772061121958 ] } },
{ "type": "Feature", "properties": { "内容": "デイサービスセンターみなと【通所介護】鹿児島市南郡元町25-6オーズガーデン南郡元1F", "url": "https://www.kaigokensaku.mhlw.go.jp/46/index.php?action_kouhyou_detail_004_kani=true&JigyosyoCd=4670107111-00&ServiceCd=150&Type=search", "url2": "http://jyouseikai.jp/dsc-minato.html" }, "geometry": { "type": "Point", "coordinates": [ 130.544038530935694, 31.552956923934271 ] } },
{ "type": "Feature", "properties": { "内容": "デイサービス　にじの街【通所介護】鹿児島県鹿児島市池之上町９－１４", "url": "https://www.kaigokensaku.mhlw.go.jp/46/index.php?action_kouhyou_detail_004_kani=true&JigyosyoCd=4670107624-00&ServiceCd=150&Type=search", "url2": "http://arwrk.net/recruit/nanphoshouji" }, "geometry": { "type": "Point", "coordinates": [ 130.564170200000035, 31.6088302 ] } },
{ "type": "Feature", "properties": { "内容": "愛泉園デイサービスセンター通所介護事業所【通所介護】鹿児島県鹿児島市東俣町127-1", "url": "https://www.kaigokensaku.mhlw.go.jp/46/index.php?action_kouhyou_detail_004_kani=true&JigyosyoCd=4673200038-00&ServiceCd=150&Type=search", "url2": "http://syoueikai.or.jp" }, "geometry": { "type": "Point", "coordinates": [ 130.499577840475467, 31.687171617906991 ] } },
{ "type": "Feature", "properties": { "内容": "あおぞらデイサービスセンター南栄【通所介護】鹿児島市南栄5丁目10-25", "url": "https://www.kaigokensaku.mhlw.go.jp/46/index.php?action_kouhyou_detail_004_kani=true&JigyosyoCd=4670113358-00&ServiceCd=150&Type=search", "url2": "https://www.aozora-cg.com/" }, "geometry": { "type": "Point", "coordinates": [ 130.518086899999986, 31.5094951 ] } },
{ "type": "Feature", "properties": { "内容": "あおぞらデイサービスセンター東千石【通所介護】鹿児島県鹿児島市東千石町3-19", "url": "https://www.kaigokensaku.mhlw.go.jp/46/index.php?action_kouhyou_detail_004_kani=true&JigyosyoCd=4670113754-00&ServiceCd=150&Type=search", "url2": "https://www.aozora-cg.com/" }, "geometry": { "type": "Point", "coordinates": [ 130.552597, 31.591031 ] } },
{ "type": "Feature", "properties": { "内容": "清谿園デイサービスセンター花時計【通所介護】鹿児島市山田町3769番地", "url": "https://www.kaigokensaku.mhlw.go.jp/46/index.php?action_kouhyou_detail_004_kani=true&JigyosyoCd=4670101510-00&ServiceCd=150&Type=search", "url2": "http://www.seikeien.com" }, "geometry": { "type": "Point", "coordinates": [ 130.491903109630698, 31.573408030933425 ] } },
{ "type": "Feature", "properties": { "内容": "デイサービスセンター　とき【通所介護】鹿児島県鹿児島市西佐多町164-1", "url": "https://www.kaigokensaku.mhlw.go.jp/46/index.php?action_kouhyou_detail_004_kani=true&JigyosyoCd=4670110982-00&ServiceCd=150&Type=search", "url2": null }, "geometry": { "type": "Point", "coordinates": [ 130.569854531074526, 31.737423272520793 ] } },
{ "type": "Feature", "properties": { "内容": "ヒユーマンライフケア玉乃湯【通所介護】鹿児島市荒田2丁目37-11", "url": "https://www.kaigokensaku.mhlw.go.jp/46/index.php?action_kouhyou_detail_004_kani=true&JigyosyoCd=4670107095-00&ServiceCd=150&Type=search", "url2": "http://human-lifecare.jp" }, "geometry": { "type": "Point", "coordinates": [ 130.5509197, 31.5711897 ] } },
{ "type": "Feature", "properties": { "内容": "デイサービスセンター梛の木【通所介護】鹿児島県鹿児島市桜ヶ丘5丁目30-8", "url": "https://www.kaigokensaku.mhlw.go.jp/46/index.php?action_kouhyou_detail_004_kani=true&JigyosyoCd=4670114273-00&ServiceCd=150&Type=search", "url2": "https://knh-sparkle.com" }, "geometry": { "type": "Point", "coordinates": [ 130.517665799999946, 31.5477032 ] } },
{ "type": "Feature", "properties": { "内容": "レッツ俱楽部草牟田【通所介護】草牟田１丁目5-1", "url": "https://www.kaigokensaku.mhlw.go.jp/46/index.php?action_kouhyou_detail_004_kani=true&JigyosyoCd=4670113994-00&ServiceCd=150&Type=search", "url2": "https://www.lets-club.jp/shop/somuta/" }, "geometry": { "type": "Point", "coordinates": [ 130.53963714418029, 31.601539855283953 ] } },
{ "type": "Feature", "properties": { "内容": "デイサービスセンター陽光花【通所介護】鹿児島県鹿児島市石谷町1155番地1", "url": "https://www.kaigokensaku.mhlw.go.jp/46/index.php?action_kouhyou_detail_004_kani=true&JigyosyoCd=4670108671-00&ServiceCd=150&Type=search", "url2": "https://www.youkouka.co.jp" }, "geometry": { "type": "Point", "coordinates": [ 130.46216285463106, 31.62057360543934 ] } },
{ "type": "Feature", "properties": { "内容": "デイサロンピース草牟田【通所介護】鹿児島県鹿児島市草牟田2丁目29-10", "url": "https://www.kaigokensaku.mhlw.go.jp/46/index.php?action_kouhyou_detail_004_kani=true&JigyosyoCd=4670113077-00&ServiceCd=150&Type=search", "url2": "https://www.je-wa.jp" }, "geometry": { "type": "Point", "coordinates": [ 130.537651803041086, 31.607196468666359 ] } },
{ "type": "Feature", "properties": { "内容": "デイサービスなごみ園【通所介護】皇徳寺台4-31-14", "url": "https://www.kaigokensaku.mhlw.go.jp/46/index.php?action_kouhyou_detail_004_kani=true&JigyosyoCd=4670112657-00&ServiceCd=150&Type=search", "url2": "koutokuji-nagomien.net/" }, "geometry": { "type": "Point", "coordinates": [ 130.484726499999965, 31.5630908 ] } },
{ "type": "Feature", "properties": { "内容": "デイサービス　リハビリセンター瀬々串【通所介護】喜入瀬々串町１番地", "url": "https://www.kaigokensaku.mhlw.go.jp/46/index.php?action_kouhyou_detail_004_kani=true&JigyosyoCd=4671900050-00&ServiceCd=150&Type=search", "url2": "kiire.jp" }, "geometry": { "type": "Point", "coordinates": [ 130.523880789249205, 31.424108796191291 ] } },
{ "type": "Feature", "properties": { "内容": "デイサービス　エデンの丘【通所介護】鹿児島県鹿児島市坂元町161-4", "url": "https://www.kaigokensaku.mhlw.go.jp/46/index.php?action_kouhyou_detail_004_kani=true&JigyosyoCd=4670105594-00&ServiceCd=150&Type=search", "url2": "http://www.hakuyukai-group.jp/1-group-new/day-edennooka.html" }, "geometry": { "type": "Point", "coordinates": [ 130.551682444180301, 31.621504185484618 ] } },
{ "type": "Feature", "properties": { "内容": "デイサービスサンガーデン鹿児島【通所介護】上荒田町23-8リファレンス鹿児島　2階", "url": "https://www.kaigokensaku.mhlw.go.jp/46/index.php?action_kouhyou_detail_004_kani=true&JigyosyoCd=4670113291-00&ServiceCd=150&Type=search", "url2": null }, "geometry": { "type": "Point", "coordinates": [ 130.541840900000011, 31.5764664 ] } },
{ "type": "Feature", "properties": { "内容": "デイサービスひなたの家【通所介護】鹿児島県鹿児島市若葉町5-1ひなたビル", "url": "https://www.kaigokensaku.mhlw.go.jp/46/index.php?action_kouhyou_detail_004_kani=true&JigyosyoCd=4670107616-00&ServiceCd=150&Type=search", "url2": "https://www.hinata-scs.com" }, "geometry": { "type": "Point", "coordinates": [ 130.550040500000023, 31.6255867 ] } },
{ "type": "Feature", "properties": { "内容": "デイサービスセンター松恵園【通所介護】鹿児島市西別府町1920", "url": "https://www.kaigokensaku.mhlw.go.jp/46/index.php?action_kouhyou_detail_004_kani=true&JigyosyoCd=4670101544-00&ServiceCd=150&Type=search", "url2": "https://mirai-kagoshima.jp" }, "geometry": { "type": "Point", "coordinates": [ 130.4856777, 31.5993447 ] } },
{ "type": "Feature", "properties": { "内容": "公益財団法人　慈愛会　デイサービスはなぶさ【通所介護】鹿児島県鹿児島市小原町8-3介護老人保健施設愛と結の街内(1階フロア)", "url": "https://www.kaigokensaku.mhlw.go.jp/46/index.php?action_kouhyou_detail_004_kani=true&JigyosyoCd=4670112723-00&ServiceCd=150&Type=search", "url2": "http://www.jiaikai.or.jp/aitoyui/division/hanabusa.html" }, "geometry": { "type": "Point", "coordinates": [ 130.531039299999946, 31.5418806 ] } },
{ "type": "Feature", "properties": { "内容": "とそ清風園デイサービスセンター【通所介護】田上台1丁目43番1号", "url": "https://www.kaigokensaku.mhlw.go.jp/46/index.php?action_kouhyou_detail_004_kani=true&JigyosyoCd=4670100702-00&ServiceCd=150&Type=search", "url2": "http://tososeifuen.com" }, "geometry": { "type": "Point", "coordinates": [ 130.528879323803721, 31.567107675201033 ] } },
{ "type": "Feature", "properties": { "内容": "ケアガーデンてらやまデイサービスセンター【通所介護】鹿児島市吉野町１０８７７番地１８", "url": "https://www.kaigokensaku.mhlw.go.jp/46/index.php?action_kouhyou_detail_004_kani=true&JigyosyoCd=4670101502-00&ServiceCd=150&Type=search", "url2": "http://www.care-garden.or.jp" }, "geometry": { "type": "Point", "coordinates": [ 130.603039842385897, 31.655937209958623 ] } },
{ "type": "Feature", "properties": { "内容": "リハプラザ　ふれんどみなみ【通所介護】田上8丁目15番3号", "url": "https://www.kaigokensaku.mhlw.go.jp/46/index.php?action_kouhyou_detail_004_kani=true&JigyosyoCd=4670105925-00&ServiceCd=150&Type=search", "url2": null }, "geometry": { "type": "Point", "coordinates": [ 130.503401, 31.5943254 ] } },
{ "type": "Feature", "properties": { "内容": "デイサービスセンター美顔【通所介護】鹿児島県鹿児島市中山２丁目１５番３１号", "url": "https://www.kaigokensaku.mhlw.go.jp/46/index.php?action_kouhyou_detail_004_kani=true&JigyosyoCd=4670111600-00&ServiceCd=150&Type=search", "url2": "home@bigan.co.jp" }, "geometry": { "type": "Point", "coordinates": [ 130.50733650422967, 31.546378275479601 ] } },
{ "type": "Feature", "properties": { "内容": "デイサービスセンター　森【通所介護】鹿児島市下田町1763", "url": "https://www.kaigokensaku.mhlw.go.jp/46/index.php?action_kouhyou_detail_004_kani=true&JigyosyoCd=4670103235-00&ServiceCd=150&Type=search", "url2": "http://www.kanyoukai.or.jp/" }, "geometry": { "type": "Point", "coordinates": [ 130.545625400000063, 31.646348699999983 ] } },
{ "type": "Feature", "properties": { "内容": "ケアライフ南鹿児島デイサービスセンター【通所介護】鹿児島県鹿児島市東開町１３－２９ケアライフ南鹿児島", "url": "https://www.kaigokensaku.mhlw.go.jp/46/index.php?action_kouhyou_detail_004_kani=true&JigyosyoCd=4670108655-00&ServiceCd=150&Type=search", "url2": "http://www.bestlife1165.com/" }, "geometry": { "type": "Point", "coordinates": [ 130.540342876145587, 31.527342370075523 ] } },
{ "type": "Feature", "properties": { "内容": "リハビリ型デイサービスセンターまりん【通所介護】鹿児島県鹿児島市東開町13-46ケアライフ南鹿児島", "url": "https://www.kaigokensaku.mhlw.go.jp/46/index.php?action_kouhyou_detail_004_kani=true&JigyosyoCd=4670111873-00&ServiceCd=150&Type=search", "url2": "https://bestlife1165.com/" }, "geometry": { "type": "Point", "coordinates": [ 130.5402172, 31.5276269 ] } },
{ "type": "Feature", "properties": { "内容": "泰山荘デイサービスセンター通所介護事業所【通所介護】皆与志町2261番地1", "url": "https://www.kaigokensaku.mhlw.go.jp/46/index.php?action_kouhyou_detail_004_kani=true&JigyosyoCd=4670100694-00&ServiceCd=150&Type=search", "url2": "https://taizansou.jp" }, "geometry": { "type": "Point", "coordinates": [ 130.5291985, 31.6656241 ] } },
{ "type": "Feature", "properties": { "内容": "睦園通所介護事業所【通所介護】鹿児島市吉野町6077番地56", "url": "https://www.kaigokensaku.mhlw.go.jp/46/index.php?action_kouhyou_detail_004_kani=true&JigyosyoCd=4670105545-00&ServiceCd=150&Type=search", "url2": "https://www.mutumien.com" }, "geometry": { "type": "Point", "coordinates": [ 130.592700499999978, 31.6501791 ] } },
{ "type": "Feature", "properties": { "内容": "くすの木デイサービスセンター【通所介護】鹿児島市犬迫町7771番地", "url": "https://www.kaigokensaku.mhlw.go.jp/46/index.php?action_kouhyou_detail_004_kani=true&JigyosyoCd=4670100710-00&ServiceCd=150&Type=search", "url2": "http://www.kusunokikai.jp" }, "geometry": { "type": "Point", "coordinates": [ 130.48323449999998, 31.6263971 ] } },
{ "type": "Feature", "properties": { "内容": "デイサービス・愛【通所介護】鹿児島市谷山中央１丁目4250番地", "url": "https://www.kaigokensaku.mhlw.go.jp/46/index.php?action_kouhyou_detail_004_kani=true&JigyosyoCd=4670106311-00&ServiceCd=150&Type=search", "url2": "http://www.kawashima-hp.com/" }, "geometry": { "type": "Point", "coordinates": [ 130.516152299999931, 31.5247662 ] } },
{ "type": "Feature", "properties": { "内容": "美樹園デイサービスセンター【通所介護】鹿児島県鹿児島市下福元町１９２６番地６", "url": "https://www.kaigokensaku.mhlw.go.jp/46/index.php?action_kouhyou_detail_004_kani=true&JigyosyoCd=4670102120-00&ServiceCd=150&Type=search", "url2": "https://mikien.or.jp/" }, "geometry": { "type": "Point", "coordinates": [ 130.488274498811307, 31.523514188879961 ] } },
{ "type": "Feature", "properties": { "内容": "松元通所介護事業所【通所介護】鹿児島県鹿児島市上谷口町3366番地5", "url": "https://www.kaigokensaku.mhlw.go.jp/46/index.php?action_kouhyou_detail_004_kani=true&JigyosyoCd=4673100022-00&ServiceCd=150&Type=search", "url2": "https://syafukuseijukai.com/" }, "geometry": { "type": "Point", "coordinates": [ 130.429427298147601, 31.596711123279459 ] } },
{ "type": "Feature", "properties": { "内容": "武岡台デイサービスセンター【通所介護】鹿児島市小野町2427番2", "url": "https://www.kaigokensaku.mhlw.go.jp/46/index.php?action_kouhyou_detail_004_kani=true&JigyosyoCd=4670102880-00&ServiceCd=150&Type=search", "url2": "http://www.saiseikai-kg.jp" }, "geometry": { "type": "Point", "coordinates": [ 130.512402400000042, 31.5996135 ] } },
{ "type": "Feature", "properties": { "内容": "社会福祉法人恵会　はっぴー園デイサービスセンター【通所介護】鹿児島市下福元町9563番地", "url": "https://www.kaigokensaku.mhlw.go.jp/46/index.php?action_kouhyou_detail_004_kani=true&JigyosyoCd=4670101429-00&ServiceCd=150&Type=search", "url2": "https://happy-en.jp/features/dayservice/" }, "geometry": { "type": "Point", "coordinates": [ 130.488740455819624, 31.50397013215866 ] } },
{ "type": "Feature", "properties": { "内容": "ニチイケアセンター南鹿児島【通所介護】鹿児島県鹿児島市宇宿5丁目21番17号", "url": "https://www.kaigokensaku.mhlw.go.jp/46/index.php?action_kouhyou_detail_004_kani=true&JigyosyoCd=4670105503-00&ServiceCd=150&Type=search", "url2": "http://www.nichiigakkan.co.jp" }, "geometry": { "type": "Point", "coordinates": [ 130.531769299999951, 31.547616800000014 ] } },
{ "type": "Feature", "properties": { "内容": "デイサービスセンター　あいせ【通所介護】鹿児島県鹿児島市下伊敷１－３－１３", "url": "https://www.kaigokensaku.mhlw.go.jp/46/index.php?action_kouhyou_detail_004_kani=true&JigyosyoCd=4670107129-00&ServiceCd=150&Type=search", "url2": "dayservice-aise.com" }, "geometry": { "type": "Point", "coordinates": [ 130.5331529, 31.6107681 ] } },
{ "type": "Feature", "properties": { "内容": "ぶれーす喜入デイサービスセンター【通所介護】鹿児島県鹿児島市喜入町８２３４－１", "url": "https://www.kaigokensaku.mhlw.go.jp/46/index.php?action_kouhyou_detail_004_kani=true&JigyosyoCd=4670108002-00&ServiceCd=150&Type=search", "url2": "http://brace-kiire.jp" }, "geometry": { "type": "Point", "coordinates": [ 130.536983291401583, 31.367634657888999 ] } },
{ "type": "Feature", "properties": { "内容": "デイサービスセンター暁【通所介護】鹿児島県鹿児島市紫原3丁目30番23号サービス付き高齢者向け住宅かいせい1階", "url": "https://www.kaigokensaku.mhlw.go.jp/46/index.php?action_kouhyou_detail_004_kani=true&JigyosyoCd=4670110313-00&ServiceCd=150&Type=search", "url2": null }, "geometry": { "type": "Point", "coordinates": [ 130.537256825794998, 31.551632026189996 ] } },
{ "type": "Feature", "properties": { "内容": "ゆめふる鹿児島中央店【通所介護】鹿児島県鹿児島市平之町8-16第2丸西ビル1階", "url": "https://www.kaigokensaku.mhlw.go.jp/46/index.php?action_kouhyou_detail_004_kani=true&JigyosyoCd=4670111998-00&ServiceCd=150&Type=search", "url2": "yasashiite.com/subdomains/section/482/" }, "geometry": { "type": "Point", "coordinates": [ 130.54746380000006, 31.5907734 ] } },
{ "type": "Feature", "properties": { "内容": "デイサービスよかなぁ七福神【通所介護】鹿児島県鹿児島市小野2-8-15", "url": "https://www.kaigokensaku.mhlw.go.jp/46/index.php?action_kouhyou_detail_004_kani=true&JigyosyoCd=4670112244-00&ServiceCd=150&Type=search", "url2": "729729.ｊｐ" }, "geometry": { "type": "Point", "coordinates": [ 130.526447599999983, 31.6152844 ] } },
{ "type": "Feature", "properties": { "内容": "デイサービスセンター美顔清和【通所介護】清和3丁目15-1デイサービスセンター美顔清和", "url": "https://www.kaigokensaku.mhlw.go.jp/46/index.php?action_kouhyou_detail_004_kani=true&JigyosyoCd=4670113119-00&ServiceCd=150&Type=search", "url2": null }, "geometry": { "type": "Point", "coordinates": [ 130.507927815344203, 31.537100092838461 ] } },
{ "type": "Feature", "properties": { "内容": "デイサービスセンター　ひまわり園【通所介護】犬迫町５４０７番地２", "url": "https://www.kaigokensaku.mhlw.go.jp/46/index.php?action_kouhyou_detail_004_kani=true&JigyosyoCd=4670100686-00&ServiceCd=150&Type=search", "url2": "https://www.himawarien.jp" }, "geometry": { "type": "Point", "coordinates": [ 130.496877499999982, 31.6334048 ] } },
{ "type": "Feature", "properties": { "内容": "デイサービス　に歩【通所介護】鹿児島県鹿児島市吉野町3365", "url": "https://www.kaigokensaku.mhlw.go.jp/46/index.php?action_kouhyou_detail_004_kani=true&JigyosyoCd=4670110925-00&ServiceCd=150&Type=search", "url2": "ｈｔｔｐ：//ｉｐｐｏ-ｈｏｍｅ．ｊｐ" }, "geometry": { "type": "Point", "coordinates": [ 130.577231627244629, 31.645849765685323 ] } },
{ "type": "Feature", "properties": { "内容": "デイサービス吉田さくらの里【通所介護】鹿児島県鹿児島市東佐多町2260番地1", "url": "https://www.kaigokensaku.mhlw.go.jp/46/index.php?action_kouhyou_detail_004_kani=true&JigyosyoCd=4670113937-00&ServiceCd=150&Type=search", "url2": "https://www.y-sakuranosato.com" }, "geometry": { "type": "Point", "coordinates": [ 130.57787049999996, 31.7339133 ] } },
{ "type": "Feature", "properties": { "内容": "リハコート慈遊館【通所介護】下福元町3703サンコート慈遊館", "url": "https://www.kaigokensaku.mhlw.go.jp/46/index.php?action_kouhyou_detail_004_kani=true&JigyosyoCd=4670109521-00&ServiceCd=150&Type=search", "url2": "http://www.jiyu-kan.com/sun-court/" }, "geometry": { "type": "Point", "coordinates": [ 130.502470499999959, 31.520783 ] } },
{ "type": "Feature", "properties": { "内容": "いきいきリハサービス【通所介護】光山２丁目１－６１", "url": "https://www.kaigokensaku.mhlw.go.jp/46/index.php?action_kouhyou_detail_004_kani=true&JigyosyoCd=4670108432-00&ServiceCd=150&Type=search", "url2": null }, "geometry": { "type": "Point", "coordinates": [ 130.5060704, 31.4924298 ] } },
{ "type": "Feature", "properties": { "内容": "デイサービスセンターりんどう【通所介護】鹿児島県鹿児島市西谷山二丁目１９番８号", "url": "https://www.kaigokensaku.mhlw.go.jp/46/index.php?action_kouhyou_detail_004_kani=true&JigyosyoCd=4670112921-00&ServiceCd=150&Type=search", "url2": null }, "geometry": { "type": "Point", "coordinates": [ 130.506911, 31.5185431 ] } },
{ "type": "Feature", "properties": { "内容": "デイサービスセンター柊【通所介護】鹿児島県鹿児島市谷山中央2丁目702-57", "url": "https://www.kaigokensaku.mhlw.go.jp/46/index.php?action_kouhyou_detail_004_kani=true&JigyosyoCd=4670113630-00&ServiceCd=150&Type=search", "url2": "https://saneicare.com/" }, "geometry": { "type": "Point", "coordinates": [ 130.5256071, 31.5252707 ] } },
{ "type": "Feature", "properties": { "内容": "デイサービスゆあ【通所介護】鹿児島県鹿児島市清水町17号10番住宅型有料老人ホームゆあ", "url": "https://www.kaigokensaku.mhlw.go.jp/46/index.php?action_kouhyou_detail_004_kani=true&JigyosyoCd=4670112210-00&ServiceCd=150&Type=search", "url2": null }, "geometry": { "type": "Point", "coordinates": [ 130.568472700000029, 31.6072915 ] } },
{ "type": "Feature", "properties": { "内容": "デイサービスセンター☆まえむ本館【通所介護】鹿児島県鹿児島市吉野町8740-2☆まえむビル本館", "url": "https://www.kaigokensaku.mhlw.go.jp/46/index.php?action_kouhyou_detail_004_kani=true&JigyosyoCd=4670110438-00&ServiceCd=150&Type=search", "url2": "https://maemugp.wixsite.com/maemu" }, "geometry": { "type": "Point", "coordinates": [ 130.577340295770227, 31.630829974916328 ] } },
{ "type": "Feature", "properties": { "内容": "真珠の里　伊敷台デイサービス【通所介護】鹿児島県鹿児島市伊敷台１丁目２８－１１真珠の里　伊敷台ケアハイツ", "url": "https://www.kaigokensaku.mhlw.go.jp/46/index.php?action_kouhyou_detail_004_kani=true&JigyosyoCd=4670110347-00&ServiceCd=150&Type=search", "url2": "http://shinjunosato.com/" }, "geometry": { "type": "Point", "coordinates": [ 130.5361077, 31.6235173 ] } },
{ "type": "Feature", "properties": { "内容": "夢のみずうみ村　デイサービスセンター【通所介護】鹿児島県鹿児島市与次郎1-4-18アルテンハイム鹿児島６F", "url": "https://www.kaigokensaku.mhlw.go.jp/46/index.php?action_kouhyou_detail_004_kani=true&JigyosyoCd=4670110644-00&ServiceCd=150&Type=search", "url2": "http://www.nonohanakai.or.jp/" }, "geometry": { "type": "Point", "coordinates": [ 130.559757520612948, 31.566936208142796 ] } },
{ "type": "Feature", "properties": { "内容": "城山苑デイサービスセンター【通所介護】鹿児島市長田町32番1号", "url": "https://www.kaigokensaku.mhlw.go.jp/46/index.php?action_kouhyou_detail_004_kani=true&JigyosyoCd=4670101403-00&ServiceCd=150&Type=search", "url2": "http://www.shiroyamakai.cim/" }, "geometry": { "type": "Point", "coordinates": [ 130.548982799999976, 31.6010305 ] } },
{ "type": "Feature", "properties": { "内容": "デイサービス花の香【通所介護】鹿児島市坂之上4丁目4-35", "url": "https://www.kaigokensaku.mhlw.go.jp/46/index.php?action_kouhyou_detail_004_kani=true&JigyosyoCd=4670112640-00&ServiceCd=150&Type=search", "url2": null }, "geometry": { "type": "Point", "coordinates": [ 130.5058775, 31.501292700000032 ] } },
{ "type": "Feature", "properties": { "内容": "鶴丸ホーム　デイサービス福笑門【通所介護】鹿児島県鹿児島市坂之上8-12-5", "url": "https://www.kaigokensaku.mhlw.go.jp/46/index.php?action_kouhyou_detail_004_kani=true&JigyosyoCd=4670113218-00&ServiceCd=150&Type=search", "url2": "https://jyuemon-fukuemon.com/" }, "geometry": { "type": "Point", "coordinates": [ 130.4993325, 31.4970886 ] } },
{ "type": "Feature", "properties": { "内容": "デイサービスセンターさかもと園【通所介護】鹿児島県鹿児島市坂元町502番地", "url": "https://www.kaigokensaku.mhlw.go.jp/46/index.php?action_kouhyou_detail_004_kani=true&JigyosyoCd=4670102336-00&ServiceCd=150&Type=search", "url2": "www.sakamotoen.jp" }, "geometry": { "type": "Point", "coordinates": [ 130.557183149441471, 31.618098614939921 ] } },
{ "type": "Feature", "properties": { "内容": "オアシス吉野　デイサービスセンター【通所介護】鹿児島市吉野町8638番地", "url": "https://www.kaigokensaku.mhlw.go.jp/46/index.php?action_kouhyou_detail_004_kani=true&JigyosyoCd=4670107327-00&ServiceCd=150&Type=search", "url2": "http://www1a.biglobe.ne.jp/oasis-yoshino/" }, "geometry": { "type": "Point", "coordinates": [ 130.581272379762254, 31.63361545806632 ] } },
{ "type": "Feature", "properties": { "内容": "デイサービス花水木【通所介護】郡元三丁目4番15号", "url": "https://www.kaigokensaku.mhlw.go.jp/46/index.php?action_kouhyou_detail_004_kani=true&JigyosyoCd=4670108259-00&ServiceCd=150&Type=search", "url2": "http://www.hana-sanaikai.or.jp" }, "geometry": { "type": "Point", "coordinates": [ 130.548917399999937, 31.5603463 ] } },
{ "type": "Feature", "properties": { "内容": "レッツ俱楽部田上【通所介護】鹿児島県鹿児島市田上2丁目-3-4", "url": "https://www.kaigokensaku.mhlw.go.jp/46/index.php?action_kouhyou_detail_004_kani=true&JigyosyoCd=4670114307-00&ServiceCd=150&Type=search", "url2": "https://www.lets-club.jp/shop/tagami/2025/08/post-65.html#google_vignette" }, "geometry": { "type": "Point", "coordinates": [ 130.5324247, 31.5740837 ] } },
{ "type": "Feature", "properties": { "内容": "あおぞらデイサービスセンター下荒田【通所介護】鹿児島市下荒田2丁目39-21", "url": "https://www.kaigokensaku.mhlw.go.jp/46/index.php?action_kouhyou_detail_004_kani=true&JigyosyoCd=4670112806-00&ServiceCd=150&Type=search", "url2": "http://www.aozora-gp.com/" }, "geometry": { "type": "Point", "coordinates": [ 130.559021500000028, 31.5732392 ] } },
{ "type": "Feature", "properties": { "内容": "デイサービスセンター緑ヶ丘【通所介護】鹿児島県鹿屋市串良町岡崎2793-1", "url": "https://www.kaigokensaku.mhlw.go.jp/46/index.php?action_kouhyou_detail_004_kani=true&JigyosyoCd=4670301490-00&ServiceCd=150&Type=search", "url2": null }, "geometry": { "type": "Point", "coordinates": [ 130.947929599999952, 31.3915519 ] } },
{ "type": "Feature", "properties": { "内容": "社会福祉法人円鏡福祉会デイサービスきずな【通所介護】鹿児島県鹿屋市上谷町９－５番５号", "url": "https://www.kaigokensaku.mhlw.go.jp/46/index.php?action_kouhyou_detail_004_kani=true&JigyosyoCd=4670301755-00&ServiceCd=150&Type=search", "url2": null }, "geometry": { "type": "Point", "coordinates": [ 130.845628986508274, 31.394397020923968 ] } },
{ "type": "Feature", "properties": { "内容": "二葉・シニアあんしんデイサービス【通所介護】鹿児島県鹿屋市上谷町11513-2", "url": "https://www.kaigokensaku.mhlw.go.jp/46/index.php?action_kouhyou_detail_004_kani=true&JigyosyoCd=4670302787-00&ServiceCd=150&Type=search", "url2": "https://futaba-wakwak-2525.p-kit.com/" }, "geometry": { "type": "Point", "coordinates": [ 130.844179507969272, 31.396524484110522 ] } },
{ "type": "Feature", "properties": { "内容": "在宅老人デイサービスセンター鹿屋長寿園【通所介護】鹿屋市下祓川町1822番地", "url": "https://www.kaigokensaku.mhlw.go.jp/46/index.php?action_kouhyou_detail_004_kani=true&JigyosyoCd=4670300245-00&ServiceCd=150&Type=search", "url2": "choujyuendey@po5.synapse.ne.jp" }, "geometry": { "type": "Point", "coordinates": [ 130.850623700000028, 31.412464 ] } },
{ "type": "Feature", "properties": { "内容": "デイサービスまちのひろば【通所介護】鹿児島県鹿屋市田崎町2242-44", "url": "https://www.kaigokensaku.mhlw.go.jp/46/index.php?action_kouhyou_detail_004_kani=true&JigyosyoCd=4670302639-00&ServiceCd=150&Type=search", "url2": null }, "geometry": { "type": "Point", "coordinates": [ 130.8539787, 31.359294200000011 ] } },
{ "type": "Feature", "properties": { "内容": "デイサービスセンターグリーンライフ【通所介護】鹿児島県鹿屋市串良町岡崎2793-1", "url": "https://www.kaigokensaku.mhlw.go.jp/46/index.php?action_kouhyou_detail_004_kani=true&JigyosyoCd=4670302829-00&ServiceCd=150&Type=search", "url2": null }, "geometry": { "type": "Point", "coordinates": [ 130.947958, 31.3916495 ] } },
{ "type": "Feature", "properties": { "内容": "デイサービス花岡の里【通所介護】鹿児島県鹿屋市花岡町3979番地1", "url": "https://www.kaigokensaku.mhlw.go.jp/46/index.php?action_kouhyou_detail_004_kani=true&JigyosyoCd=4670302837-00&ServiceCd=150&Type=search", "url2": "https://www.hanaokanosato.com" }, "geometry": { "type": "Point", "coordinates": [ 130.7813296, 31.4093485 ] } },
{ "type": "Feature", "properties": { "内容": "共生型サービスるりちゃん家【通所介護】笠之原町４５番―１号", "url": "https://www.kaigokensaku.mhlw.go.jp/46/index.php?action_kouhyou_detail_004_kani=true&JigyosyoCd=4670302670-00&ServiceCd=150&Type=search", "url2": "info@kanoya-choujuen.jp" }, "geometry": { "type": "Point", "coordinates": [ 130.890565836841915, 31.382128932993883 ] } },
{ "type": "Feature", "properties": { "内容": "通所介護事業所　朋愛園【通所介護】寿2丁目2番1号", "url": "https://www.kaigokensaku.mhlw.go.jp/46/index.php?action_kouhyou_detail_004_kani=true&JigyosyoCd=4670300187-00&ServiceCd=150&Type=search", "url2": "http://houaien.jp/" }, "geometry": { "type": "Point", "coordinates": [ 130.860179300000027, 31.3870722 ] } },
{ "type": "Feature", "properties": { "内容": "デイサービス　いち・に・さん【通所介護】鹿児島県田崎町2837番地7", "url": "https://www.kaigokensaku.mhlw.go.jp/46/index.php?action_kouhyou_detail_004_kani=true&JigyosyoCd=4670302548-00&ServiceCd=150&Type=search", "url2": "https://www.takakura-123.com" }, "geometry": { "type": "Point", "coordinates": [ 130.849520677909823, 31.363973783362567 ] } },
{ "type": "Feature", "properties": { "内容": "デイサービスセンター悠々【通所介護】鹿児島県鹿屋市大浦町14028番6", "url": "https://www.kaigokensaku.mhlw.go.jp/46/index.php?action_kouhyou_detail_004_kani=true&JigyosyoCd=4670300625-00&ServiceCd=150&Type=search", "url2": "http://www.fk-yuyu.net" }, "geometry": { "type": "Point", "coordinates": [ 130.8427828, 31.4039701 ] } },
{ "type": "Feature", "properties": { "内容": "デイサービスセンターひなたぼっこ【通所介護】王子町３９８３－１", "url": "https://www.kaigokensaku.mhlw.go.jp/46/index.php?action_kouhyou_detail_004_kani=true&JigyosyoCd=4670302472-00&ServiceCd=150&Type=search", "url2": null }, "geometry": { "type": "Point", "coordinates": [ 130.863445199999973, 31.402870799999988 ] } },
{ "type": "Feature", "properties": { "内容": "デイサービスセンター愛乃家【通所介護】下高隈町5030-2", "url": "https://www.kaigokensaku.mhlw.go.jp/46/index.php?action_kouhyou_detail_004_kani=true&JigyosyoCd=4670301409-00&ServiceCd=150&Type=search", "url2": null }, "geometry": { "type": "Point", "coordinates": [ 130.8838839, 31.4425698 ] } },
{ "type": "Feature", "properties": { "内容": "デイサービス　ゑびすさん【通所介護】旭原町2611-6", "url": "https://www.kaigokensaku.mhlw.go.jp/46/index.php?action_kouhyou_detail_004_kani=true&JigyosyoCd=4670302431-00&ServiceCd=150&Type=search", "url2": null }, "geometry": { "type": "Point", "coordinates": [ 130.881199, 31.41004 ] } },
{ "type": "Feature", "properties": { "内容": "デイサービスセンター　アザレア【通所介護】鹿児島県鹿屋市本町3番3号", "url": "https://www.kaigokensaku.mhlw.go.jp/46/index.php?action_kouhyou_detail_004_kani=true&JigyosyoCd=4670301987-00&ServiceCd=150&Type=search", "url2": "http://ｆlora-kanoya.com/" }, "geometry": { "type": "Point", "coordinates": [ 130.851565092729146, 31.387268963393108 ] } },
{ "type": "Feature", "properties": { "内容": "よりあいデイサ－ビスセンタ－【通所介護】鹿屋市東原町２８３７－１", "url": "https://www.kaigokensaku.mhlw.go.jp/46/index.php?action_kouhyou_detail_004_kani=true&JigyosyoCd=4670300518-00&ServiceCd=150&Type=search", "url2": null }, "geometry": { "type": "Point", "coordinates": [ 130.888559200000032, 31.4176921 ] } },
{ "type": "Feature", "properties": { "内容": "デイサービスセンターグリーンバード【通所介護】輝北町市成2121番地3", "url": "https://www.kaigokensaku.mhlw.go.jp/46/index.php?action_kouhyou_detail_004_kani=true&JigyosyoCd=4676400072-00&ServiceCd=150&Type=search", "url2": "https://shuhokai.info/" }, "geometry": { "type": "Point", "coordinates": [ 130.86162782631979, 31.586515090523477 ] } },
{ "type": "Feature", "properties": { "内容": "ﾃﾞｨｻｰﾋﾞｽｾﾝﾀｰうえの【通所介護】上野町5201-1", "url": "https://www.kaigokensaku.mhlw.go.jp/46/index.php?action_kouhyou_detail_004_kani=true&JigyosyoCd=4670301326-00&ServiceCd=150&Type=search", "url2": null }, "geometry": { "type": "Point", "coordinates": [ 130.811387356483465, 31.384762356935241 ] } },
{ "type": "Feature", "properties": { "内容": "慈恵園デイサービスセンター【通所介護】鹿屋市大姶良町２４７番地", "url": "https://www.kaigokensaku.mhlw.go.jp/46/index.php?action_kouhyou_detail_004_kani=true&JigyosyoCd=4670300161-00&ServiceCd=150&Type=search", "url2": "http://zikeien.org" }, "geometry": { "type": "Point", "coordinates": [ 130.83373, 31.332548900000013 ] } },
{ "type": "Feature", "properties": { "内容": "デイサービス　だんだんⅡ【通所介護】鹿児島県鹿屋市新川町５４５３番地１", "url": "https://www.kaigokensaku.mhlw.go.jp/46/index.php?action_kouhyou_detail_004_kani=true&JigyosyoCd=4670302100-00&ServiceCd=150&Type=search", "url2": "http://confiance-kaigo.com/wordpress/" }, "geometry": { "type": "Point", "coordinates": [ 130.869976, 31.3755374 ] } },
{ "type": "Feature", "properties": { "内容": "陵幸園デイサービスセンター【通所介護】鹿屋市吾平町麓3805番地", "url": "https://www.kaigokensaku.mhlw.go.jp/46/index.php?action_kouhyou_detail_004_kani=true&JigyosyoCd=4677500037-00&ServiceCd=150&Type=search", "url2": "https:ryoukoukai1987.com" }, "geometry": { "type": "Point", "coordinates": [ 130.892956599999934, 31.3220883 ] } },
{ "type": "Feature", "properties": { "内容": "デイサービスセンターナーシングリハ【通所介護】鹿児島県鹿屋市川西町4668-2", "url": "https://www.kaigokensaku.mhlw.go.jp/46/index.php?action_kouhyou_detail_004_kani=true&JigyosyoCd=4670302647-00&ServiceCd=150&Type=search", "url2": null }, "geometry": { "type": "Point", "coordinates": [ 130.870376673709188, 31.36423032204199 ] } },
{ "type": "Feature", "properties": { "内容": "社会福祉法人以和貴会　以和貴苑指定通所介護事業所【通所介護】鹿児島県鹿屋市串良町細山田5902番地3", "url": "https://www.kaigokensaku.mhlw.go.jp/46/index.php?action_kouhyou_detail_004_kani=true&JigyosyoCd=4677100036-00&ServiceCd=150&Type=search", "url2": "http://iwakikai.org" }, "geometry": { "type": "Point", "coordinates": [ 130.890633, 31.4498859 ] } },
{ "type": "Feature", "properties": { "内容": "指定通所介護事業所さくら通【通所介護】鹿児島県鹿屋市串良町下小原3103－2デイサービスセンターさくら通", "url": "https://www.kaigokensaku.mhlw.go.jp/46/index.php?action_kouhyou_detail_004_kani=true&JigyosyoCd=4677100127-00&ServiceCd=150&Type=search", "url2": "http://www.iwakikai.org" }, "geometry": { "type": "Point", "coordinates": [ 130.931930157672127, 31.396248400000275 ] } },
{ "type": "Feature", "properties": { "内容": "リハビリサポートセンター【通所介護】鹿児島県鹿屋市寿7丁目5番3号中尾ビル１階", "url": "https://www.kaigokensaku.mhlw.go.jp/46/index.php?action_kouhyou_detail_004_kani=true&JigyosyoCd=4670302704-00&ServiceCd=150&Type=search", "url2": "https://www.rihasapo-post.com/" }, "geometry": { "type": "Point", "coordinates": [ 130.8686357, 31.3867814 ] } },
{ "type": "Feature", "properties": { "内容": "デイサービスかけはし【通所介護】鹿児島県鹿屋市白崎町4番地1", "url": "https://www.kaigokensaku.mhlw.go.jp/46/index.php?action_kouhyou_detail_004_kani=true&JigyosyoCd=4670302373-00&ServiceCd=150&Type=search", "url2": "http://hanaokanosato.jp/index.php" }, "geometry": { "type": "Point", "coordinates": [ 130.856320190216564, 31.378693185664272 ] } },
{ "type": "Feature", "properties": { "内容": "デイサービスセンターとも【通所介護】田崎町1307-3", "url": "https://www.kaigokensaku.mhlw.go.jp/46/index.php?action_kouhyou_detail_004_kani=true&JigyosyoCd=4670302449-00&ServiceCd=150&Type=search", "url2": null }, "geometry": { "type": "Point", "coordinates": [ 130.85750250000001, 31.3649798 ] } },
{ "type": "Feature", "properties": { "内容": "自立支援型デイサービス　かなで【通所介護】鹿屋市寿3丁目6-6サンロード寿B棟101号", "url": "https://www.kaigokensaku.mhlw.go.jp/46/index.php?action_kouhyou_detail_004_kani=true&JigyosyoCd=4670302662-00&ServiceCd=150&Type=search", "url2": "https://kanade-kagoshima.com/" }, "geometry": { "type": "Point", "coordinates": [ 130.8684369, 31.3894131 ] } },
{ "type": "Feature", "properties": { "内容": "デイサービスいきいき館【通所介護】鹿児島県鹿屋市笠之原町３５７９番地１デイサービス・ショートステイいきいき館", "url": "https://www.kaigokensaku.mhlw.go.jp/46/index.php?action_kouhyou_detail_004_kani=true&JigyosyoCd=4670301649-00&ServiceCd=150&Type=search", "url2": "https://ikiikicare.com" }, "geometry": { "type": "Point", "coordinates": [ 130.878008, 31.3958302 ] } },
{ "type": "Feature", "properties": { "内容": "共生型ピアハウス【通所介護】笠之原町７４０1番地５", "url": "https://www.kaigokensaku.mhlw.go.jp/46/index.php?action_kouhyou_detail_004_kani=true&JigyosyoCd=4670302688-00&ServiceCd=150&Type=search", "url2": "https://www.rinnokai.org/" }, "geometry": { "type": "Point", "coordinates": [ 130.886843026458706, 31.381849421873344 ] } },
{ "type": "Feature", "properties": { "内容": "デイサービスセンター木楽【通所介護】寿３丁目１２－２６,１２－１１", "url": "https://www.kaigokensaku.mhlw.go.jp/46/index.php?action_kouhyou_detail_004_kani=true&JigyosyoCd=4670302068-00&ServiceCd=150&Type=search", "url2": null }, "geometry": { "type": "Point", "coordinates": [ 130.872208799999981, 31.387380799999985 ] } },
{ "type": "Feature", "properties": { "内容": "デイサービスあじさい【通所介護】鹿屋市寿四丁目3034-25", "url": "https://www.kaigokensaku.mhlw.go.jp/46/index.php?action_kouhyou_detail_004_kani=true&JigyosyoCd=4670301698-00&ServiceCd=150&Type=search", "url2": "touei@po.synapse.ne.jp" }, "geometry": { "type": "Point", "coordinates": [ 130.879598294490165, 31.392492458023373 ] } },
{ "type": "Feature", "properties": { "内容": "ばらデイサービス通所介護事業所【通所介護】鹿児島県鹿屋市田崎町2222番地5", "url": "https://www.kaigokensaku.mhlw.go.jp/46/index.php?action_kouhyou_detail_004_kani=true&JigyosyoCd=4670302365-00&ServiceCd=150&Type=search", "url2": null }, "geometry": { "type": "Point", "coordinates": [ 130.849917, 31.3603189 ] } },
{ "type": "Feature", "properties": { "内容": "妙見デイサービスセンター【通所介護】鹿児島県枕崎市寿町263", "url": "https://www.kaigokensaku.mhlw.go.jp/46/index.php?action_kouhyou_detail_004_kani=true&JigyosyoCd=4670400243-00&ServiceCd=150&Type=search", "url2": null }, "geometry": { "type": "Point", "coordinates": [ 130.297760700604272, 31.286092513484142 ] } },
{ "type": "Feature", "properties": { "内容": "デイサービスセンター翠香苑【通所介護】鹿児島県阿久根市赤瀬川2730番地", "url": "https://www.kaigokensaku.mhlw.go.jp/46/index.php?action_kouhyou_detail_004_kani=true&JigyosyoCd=4670600370-00&ServiceCd=150&Type=search", "url2": "https://www.ohjin-kai.com" }, "geometry": { "type": "Point", "coordinates": [ 130.214493599999969, 32.036540500000015 ] } },
{ "type": "Feature", "properties": { "内容": "デイサービスセンター野田の郷【通所介護】野田町下名4,975番地2", "url": "https://www.kaigokensaku.mhlw.go.jp/46/index.php?action_kouhyou_detail_004_kani=true&JigyosyoCd=4674700036-00&ServiceCd=150&Type=search", "url2": "https://nodanosato.jp/" }, "geometry": { "type": "Point", "coordinates": [ 130.259448610389626, 32.0624341542268 ] } },
{ "type": "Feature", "properties": { "内容": "げんきリハサービス【通所介護】鹿児島県出水市高尾野町下水流2247番地7", "url": "https://www.kaigokensaku.mhlw.go.jp/46/index.php?action_kouhyou_detail_004_kani=true&JigyosyoCd=4670800707-00&ServiceCd=150&Type=search", "url2": null }, "geometry": { "type": "Point", "coordinates": [ 130.299039219678122, 32.092679331960603 ] } },
{ "type": "Feature", "properties": { "内容": "デイサービスセンター鶴寿会たかおの【通所介護】出水市高尾野町大久保６００番地", "url": "https://www.kaigokensaku.mhlw.go.jp/46/index.php?action_kouhyou_detail_004_kani=true&JigyosyoCd=4670800822-00&ServiceCd=150&Type=search", "url2": null }, "geometry": { "type": "Point", "coordinates": [ 130.310959, 32.0625246 ] } },
{ "type": "Feature", "properties": { "内容": "デイサービスさくら草【通所介護】鹿児島県出水市知識町681番地", "url": "https://www.kaigokensaku.mhlw.go.jp/46/index.php?action_kouhyou_detail_004_kani=true&JigyosyoCd=4670800616-00&ServiceCd=150&Type=search", "url2": "http://sakura-izumi.com" }, "geometry": { "type": "Point", "coordinates": [ 130.331887400000028, 32.0934879 ] } },
{ "type": "Feature", "properties": { "内容": "鶴寿園デイサービスセンター【通所介護】出水市汐見町93番地鶴寿園デイサービスセンター", "url": "https://www.kaigokensaku.mhlw.go.jp/46/index.php?action_kouhyou_detail_004_kani=true&JigyosyoCd=4670800103-00&ServiceCd=150&Type=search", "url2": null }, "geometry": { "type": "Point", "coordinates": [ 130.314585599999987, 32.114819 ] } },
{ "type": "Feature", "properties": { "内容": "三慶医院・デイサービス【通所介護】鹿児島県出水市上鯖渕１９６６番地", "url": "https://www.kaigokensaku.mhlw.go.jp/46/index.php?action_kouhyou_detail_004_kani=true&JigyosyoCd=4670800871-00&ServiceCd=150&Type=search", "url2": "http://ochahoku.com" }, "geometry": { "type": "Point", "coordinates": [ 130.366091, 32.0802676 ] } },
{ "type": "Feature", "properties": { "内容": "デイサービスセンター出水の里【通所介護】出水市境町1822", "url": "https://www.kaigokensaku.mhlw.go.jp/46/index.php?action_kouhyou_detail_004_kani=true&JigyosyoCd=4670800129-00&ServiceCd=150&Type=search", "url2": "www.izumi-kouseikai.or.jp" }, "geometry": { "type": "Point", "coordinates": [ 130.359767599999941, 32.1661337 ] } },
{ "type": "Feature", "properties": { "内容": "ＪＡ鹿児島いずみ指定通所介護事業所【通所介護】出水市高尾野町下水流890番地ＪＡ鹿児島いずみ介護福祉センター", "url": "https://www.kaigokensaku.mhlw.go.jp/46/index.php?action_kouhyou_detail_004_kani=true&JigyosyoCd=4670800640-00&ServiceCd=150&Type=search", "url2": "https://ja-izumi.or.jp/care/" }, "geometry": { "type": "Point", "coordinates": [ 130.286192722090163, 32.086291797806552 ] } },
{ "type": "Feature", "properties": { "内容": "ニチイケアセンター出水【通所介護】鹿児島県出水市昭和町17-22", "url": "https://www.kaigokensaku.mhlw.go.jp/46/index.php?action_kouhyou_detail_004_kani=true&JigyosyoCd=4670800038-00&ServiceCd=150&Type=search", "url2": "http://www.nichiigakkan.co.jp" }, "geometry": { "type": "Point", "coordinates": [ 130.35219189999998, 32.0891943 ] } },
{ "type": "Feature", "properties": { "内容": "デイサービスセンターリハシップあい【通所介護】鹿児島県出水市米ノ津町429番地", "url": "https://www.kaigokensaku.mhlw.go.jp/46/index.php?action_kouhyou_detail_004_kani=true&JigyosyoCd=4670800376-00&ServiceCd=150&Type=search", "url2": "http://rehaship-ai.com/" }, "geometry": { "type": "Point", "coordinates": [ 130.339327889410498, 32.118104262098512 ] } },
{ "type": "Feature", "properties": { "内容": "デイサービスセンター　リハシップ　あい西出水【通所介護】出水市大野原町1078-2", "url": "https://www.kaigokensaku.mhlw.go.jp/46/index.php?action_kouhyou_detail_004_kani=true&JigyosyoCd=4670800608-00&ServiceCd=150&Type=search", "url2": "http://rehaship-ai.com/" }, "geometry": { "type": "Point", "coordinates": [ 130.332902171163937, 32.076498728592746 ] } },
{ "type": "Feature", "properties": { "内容": "デイサービス　はる風【通所介護】出水市大野原町742番地", "url": "https://www.kaigokensaku.mhlw.go.jp/46/index.php?action_kouhyou_detail_004_kani=true&JigyosyoCd=4670800657-00&ServiceCd=150&Type=search", "url2": "kubo210805@po4.synapse.ne.jp" }, "geometry": { "type": "Point", "coordinates": [ 130.32977690000007, 32.0764537 ] } },
{ "type": "Feature", "properties": { "内容": "デイサービスセンターポエム【通所介護】鹿児島県出水市中央町907番地デイサービスセンターポエム", "url": "https://www.kaigokensaku.mhlw.go.jp/46/index.php?action_kouhyou_detail_004_kani=true&JigyosyoCd=4670801036-00&ServiceCd=150&Type=search", "url2": "http://eifu-kai.com" }, "geometry": { "type": "Point", "coordinates": [ 130.353098468152552, 32.083717738386255 ] } },
{ "type": "Feature", "properties": { "内容": "レストケア出水在宅医療センター（レストケア出水　デイ・イブニングセンター　癒）【通所介護】鹿児島県出水市上知識町806番地", "url": "https://www.kaigokensaku.mhlw.go.jp/46/index.php?action_kouhyou_detail_004_kani=true&JigyosyoCd=4670800921-00&ServiceCd=150&Type=search", "url2": "restcare.co.jp" }, "geometry": { "type": "Point", "coordinates": [ 130.341017800000031, 32.0816032 ] } },
{ "type": "Feature", "properties": { "内容": "デイサービスセンター和【通所介護】鹿児島県出水市五万石町261番地", "url": "https://www.kaigokensaku.mhlw.go.jp/46/index.php?action_kouhyou_detail_004_kani=true&JigyosyoCd=4670800434-00&ServiceCd=150&Type=search", "url2": "http://maedakenkoudoujou.web.fc2.com/" }, "geometry": { "type": "Point", "coordinates": [ 130.344367799999986, 32.0732069 ] } },
{ "type": "Feature", "properties": { "内容": "社会福祉法人　錦江会　湯之里園デイサービスセンター【通所介護】鹿児島県指宿市東方828番地ロ", "url": "https://www.kaigokensaku.mhlw.go.jp/46/index.php?action_kouhyou_detail_004_kani=true&JigyosyoCd=4671000158-00&ServiceCd=150&Type=search", "url2": "http://www.kinkoukai.jp/" }, "geometry": { "type": "Point", "coordinates": [ 130.62097659695894, 31.249924788981364 ] } },
{ "type": "Feature", "properties": { "内容": "福元医院【通所介護】大牟礼一丁目３２番２４号", "url": "https://www.kaigokensaku.mhlw.go.jp/46/index.php?action_kouhyou_detail_004_kani=true&JigyosyoCd=4611010556-00&ServiceCd=150&Type=search", "url2": null }, "geometry": { "type": "Point", "coordinates": [ 130.643191900000033, 31.2429547 ] } },
{ "type": "Feature", "properties": { "内容": "通所介護事業所　かえでの葉【通所介護】鹿児島県指宿市開聞十町4842番地1", "url": "https://www.kaigokensaku.mhlw.go.jp/46/index.php?action_kouhyou_detail_004_kani=true&JigyosyoCd=4671000836-00&ServiceCd=150&Type=search", "url2": "https://yoshuku-kaedenoha.com" }, "geometry": { "type": "Point", "coordinates": [ 130.518825, 31.2021691 ] } },
{ "type": "Feature", "properties": { "内容": "はっぴーホーム大成　デイサービスセンター【通所介護】鹿児島県指宿市山川成川5173-4", "url": "https://www.kaigokensaku.mhlw.go.jp/46/index.php?action_kouhyou_detail_004_kani=true&JigyosyoCd=4671000927-00&ServiceCd=150&Type=search", "url2": null }, "geometry": { "type": "Point", "coordinates": [ 130.614648364418031, 31.210302176063895 ] } },
{ "type": "Feature", "properties": { "内容": "よもぎホロホロ【通所介護】鹿児島県指宿市開聞十町2495-1", "url": "https://www.kaigokensaku.mhlw.go.jp/46/index.php?action_kouhyou_detail_004_kani=true&JigyosyoCd=4671000737-00&ServiceCd=150&Type=search", "url2": "https://yomogi-holoholo.com" }, "geometry": { "type": "Point", "coordinates": [ 130.533731251169115, 31.205199413551053 ] } },
{ "type": "Feature", "properties": { "内容": "リハビリデイサービスゆとり【通所介護】鹿児島県指宿市東方1778番地", "url": "https://www.kaigokensaku.mhlw.go.jp/46/index.php?action_kouhyou_detail_004_kani=true&JigyosyoCd=4671000935-00&ServiceCd=150&Type=search", "url2": "https://imamiya-yutori.jp/care/rehabili/day-yutori" }, "geometry": { "type": "Point", "coordinates": [ 130.611092899999989, 31.2569814 ] } },
{ "type": "Feature", "properties": { "内容": "千寿園デイサービスセンター【通所介護】東方357-2", "url": "https://www.kaigokensaku.mhlw.go.jp/46/index.php?action_kouhyou_detail_004_kani=true&JigyosyoCd=4671000489-00&ServiceCd=150&Type=search", "url2": "http://shinwakai-senjuen.jp" }, "geometry": { "type": "Point", "coordinates": [ 139.5868739, 35.5198736 ] } },
{ "type": "Feature", "properties": { "内容": "オリオン【通所介護】安城３６８０番地３５０", "url": "https://www.kaigokensaku.mhlw.go.jp/46/index.php?action_kouhyou_detail_004_kani=true&JigyosyoCd=4671300483-00&ServiceCd=150&Type=search", "url2": null }, "geometry": { "type": "Point", "coordinates": [ 131.002511799999979, 30.6245539 ] } },
{ "type": "Feature", "properties": { "内容": "社会福祉法人西之表市社会福祉協議会「生きいきデイサービスセンター」【通所介護】鹿児島県西之表市桜が丘7779番地94西之表市老人福祉センター", "url": "https://www.kaigokensaku.mhlw.go.jp/46/index.php?action_kouhyou_detail_004_kani=true&JigyosyoCd=4671300327-00&ServiceCd=150&Type=search", "url2": "http://nishinoomote-shakyo.jp/" }, "geometry": { "type": "Point", "coordinates": [ 131.006784299999907, 30.7371395 ] } },
{ "type": "Feature", "properties": { "内容": "デイサービスセンター百合砂苑【通所介護】鹿児島県西之表市西之表6087番地", "url": "https://www.kaigokensaku.mhlw.go.jp/46/index.php?action_kouhyou_detail_004_kani=true&JigyosyoCd=4671300178-00&ServiceCd=150&Type=search", "url2": "www.yurisa.jp" }, "geometry": { "type": "Point", "coordinates": [ 131.003617399999968, 30.7478607 ] } },
{ "type": "Feature", "properties": { "内容": "デイサービスセンター垂水華厳園【通所介護】錦江町1番地226", "url": "https://www.kaigokensaku.mhlw.go.jp/46/index.php?action_kouhyou_detail_004_kani=true&JigyosyoCd=4671400077-00&ServiceCd=150&Type=search", "url2": null }, "geometry": { "type": "Point", "coordinates": [ 130.69338730000004, 31.4882792 ] } },
{ "type": "Feature", "properties": { "内容": "デイサービスみらい【通所介護】鹿児島県垂水市田神408番地1", "url": "https://www.kaigokensaku.mhlw.go.jp/46/index.php?action_kouhyou_detail_004_kani=true&JigyosyoCd=4671400317-00&ServiceCd=150&Type=search", "url2": "http://www.welfare-mirai.com" }, "geometry": { "type": "Point", "coordinates": [ 130.71484369999996, 31.4885718 ] } },
{ "type": "Feature", "properties": { "内容": "デイサービスセンターリハシップあい川内【通所介護】鹿児島県薩摩川内市原田町25番25号", "url": "https://www.kaigokensaku.mhlw.go.jp/46/index.php?action_kouhyou_detail_004_kani=true&JigyosyoCd=4671500819-00&ServiceCd=150&Type=search", "url2": "http://rehaship-ai.com/" }, "geometry": { "type": "Point", "coordinates": [ 130.310096066134292, 31.828600866754982 ] } },
{ "type": "Feature", "properties": { "内容": "デイサービスセンターわかまつ園【通所介護】薩摩川内市高江町1653番地1", "url": "https://www.kaigokensaku.mhlw.go.jp/46/index.php?action_kouhyou_detail_004_kani=true&JigyosyoCd=4670200130-00&ServiceCd=150&Type=search", "url2": "http://wakamatuen.jp/" }, "geometry": { "type": "Point", "coordinates": [ 130.246516, 31.8271838 ] } },
{ "type": "Feature", "properties": { "内容": "ﾃﾞｲｻｰﾋﾞｽｾﾝﾀｰあした天気になぁれ【通所介護】鹿児島県薩摩川内市水引町3415番地3", "url": "https://www.kaigokensaku.mhlw.go.jp/46/index.php?action_kouhyou_detail_004_kani=true&JigyosyoCd=4671500769-00&ServiceCd=150&Type=search", "url2": null }, "geometry": { "type": "Point", "coordinates": [ 130.233396800000037, 31.8558029 ] } },
{ "type": "Feature", "properties": { "内容": "のぞみ園デイサービスセンター【通所介護】祁答院町藺牟田2153番地1", "url": "https://www.kaigokensaku.mhlw.go.jp/46/index.php?action_kouhyou_detail_004_kani=true&JigyosyoCd=4674200045-00&ServiceCd=150&Type=search", "url2": "www.tokuyou-nozomien-1974.jp/pg56.html" }, "geometry": { "type": "Point", "coordinates": [ 130.485193790876792, 31.809780913915397 ] } },
{ "type": "Feature", "properties": { "内容": "とうごう苑　デイサービスセンター【通所介護】東郷町斧渕２５０１番地", "url": "https://www.kaigokensaku.mhlw.go.jp/46/index.php?action_kouhyou_detail_004_kani=true&JigyosyoCd=4673800043-00&ServiceCd=150&Type=search", "url2": "http://tougouen.jp" }, "geometry": { "type": "Point", "coordinates": [ 130.362974099999974, 31.857005 ] } },
{ "type": "Feature", "properties": { "内容": "仁合院デイサービスセンター【通所介護】鹿児島県薩摩川内市田崎町630-3特別養護老人ホーム　仁合院", "url": "https://www.kaigokensaku.mhlw.go.jp/46/index.php?action_kouhyou_detail_004_kani=true&JigyosyoCd=4671501429-00&ServiceCd=150&Type=search", "url2": "ichihuku.jp" }, "geometry": { "type": "Point", "coordinates": [ 130.329047700000046, 31.8193117 ] } },
{ "type": "Feature", "properties": { "内容": "社会福祉法人　白寿会　　白寿園デイサービスセンター【通所介護】鹿児島県薩摩川内市中福良町２９１１－１", "url": "https://www.kaigokensaku.mhlw.go.jp/46/index.php?action_kouhyou_detail_004_kani=true&JigyosyoCd=4670200213-00&ServiceCd=150&Type=search", "url2": "https://hakujyuen.info" }, "geometry": { "type": "Point", "coordinates": [ 130.2956405, 31.787683 ] } },
{ "type": "Feature", "properties": { "内容": "グレースガーデンデイサービス【通所介護】鹿児島県薩摩川内市平佐町2850", "url": "https://www.kaigokensaku.mhlw.go.jp/46/index.php?action_kouhyou_detail_004_kani=true&JigyosyoCd=4671500595-00&ServiceCd=150&Type=search", "url2": null }, "geometry": { "type": "Point", "coordinates": [ 130.314341299861098, 31.816833623533011 ] } },
{ "type": "Feature", "properties": { "内容": "デイサービスセンター　ラベンダー【通所介護】上川内町3293-1住宅型有料老人ホームラベンダー", "url": "https://www.kaigokensaku.mhlw.go.jp/46/index.php?action_kouhyou_detail_004_kani=true&JigyosyoCd=4671500884-00&ServiceCd=150&Type=search", "url2": "sanjyukai.com" }, "geometry": { "type": "Point", "coordinates": [ 130.286987991401702, 31.833150035817752 ] } },
{ "type": "Feature", "properties": { "内容": "ケアネット徳洲会鹿児島川内デイサービスセンター【通所介護】薩摩川内市宮内町2026-2", "url": "https://www.kaigokensaku.mhlw.go.jp/46/index.php?action_kouhyou_detail_004_kani=true&JigyosyoCd=4671500421-00&ServiceCd=150&Type=search", "url2": "http://www.carenet-tk.com/" }, "geometry": { "type": "Point", "coordinates": [ 130.28828169999997, 31.8247434 ] } },
{ "type": "Feature", "properties": { "内容": "デイサービイスセンター　幸せの里【通所介護】永利町　4311番地5", "url": "https://www.kaigokensaku.mhlw.go.jp/46/index.php?action_kouhyou_detail_004_kani=true&JigyosyoCd=4670200296-00&ServiceCd=150&Type=search", "url2": "http://shiawase-aiwakai.com" }, "geometry": { "type": "Point", "coordinates": [ 130.352705199999946, 31.8017112 ] } },
{ "type": "Feature", "properties": { "内容": "デイサービスセンター　　かがやき【通所介護】鹿児島県薩摩川内市祁答院町上手500番地7", "url": "https://www.kaigokensaku.mhlw.go.jp/46/index.php?action_kouhyou_detail_004_kani=true&JigyosyoCd=4670201278-00&ServiceCd=150&Type=search", "url2": "ｈｔｔｐ：//ｗｗｗ.mikurakai.or.jp" }, "geometry": { "type": "Point", "coordinates": [ 130.5138594, 31.8668962 ] } },
{ "type": "Feature", "properties": { "内容": "デイサービス五代【通所介護】鹿児島県薩摩川内市五代町１２４９番地5", "url": "https://www.kaigokensaku.mhlw.go.jp/46/index.php?action_kouhyou_detail_004_kani=true&JigyosyoCd=4671500835-00&ServiceCd=150&Type=search", "url2": "http://argoline.co.jp/" }, "geometry": { "type": "Point", "coordinates": [ 130.274695412013187, 31.833612100202902 ] } },
{ "type": "Feature", "properties": { "内容": "翠泉苑デイサービスセンター【通所介護】鹿児島県薩摩川内市樋脇町市比野3200番地118", "url": "https://www.kaigokensaku.mhlw.go.jp/46/index.php?action_kouhyou_detail_004_kani=true&JigyosyoCd=4673600039-00&ServiceCd=150&Type=search", "url2": "http://ichihuku.jp/index.html" }, "geometry": { "type": "Point", "coordinates": [ 130.394971899999973, 31.7870184 ] } },
{ "type": "Feature", "properties": { "内容": "デイサービスセンターはまかぜ園【通所介護】鹿児島県薩摩川内市西方町3111番地", "url": "https://www.kaigokensaku.mhlw.go.jp/46/index.php?action_kouhyou_detail_004_kani=true&JigyosyoCd=4670200288-00&ServiceCd=150&Type=search", "url2": "http://www.hamakazeen.com/" }, "geometry": { "type": "Point", "coordinates": [ 130.234554800000069, 31.9155673 ] } },
{ "type": "Feature", "properties": { "内容": "デイサービス　蔵の家【通所介護】西開聞町１２番２号", "url": "https://www.kaigokensaku.mhlw.go.jp/46/index.php?action_kouhyou_detail_004_kani=true&JigyosyoCd=4671500652-00&ServiceCd=150&Type=search", "url2": "http://will-way-estate.com" }, "geometry": { "type": "Point", "coordinates": [ 130.2993004, 31.814836299999985 ] } },
{ "type": "Feature", "properties": { "内容": "博愛園デイサービスセンター指定通所介護事業所【通所介護】入来町浦之名６７３番地", "url": "https://www.kaigokensaku.mhlw.go.jp/46/index.php?action_kouhyou_detail_004_kani=true&JigyosyoCd=4673700052-00&ServiceCd=150&Type=search", "url2": null }, "geometry": { "type": "Point", "coordinates": [ 130.430310400000053, 31.8011682 ] } },
{ "type": "Feature", "properties": { "内容": "さくらリハ　デイサービス【通所介護】宮崎町1885-6", "url": "https://www.kaigokensaku.mhlw.go.jp/46/index.php?action_kouhyou_detail_004_kani=true&JigyosyoCd=4671500454-00&ServiceCd=150&Type=search", "url2": null }, "geometry": { "type": "Point", "coordinates": [ 130.320079666795351, 31.804825215713795 ] } },
{ "type": "Feature", "properties": { "内容": "デイサービスセンターリハシップあい隈之城【通所介護】鹿児島県薩摩川内市山之口町4747-1", "url": "https://www.kaigokensaku.mhlw.go.jp/46/index.php?action_kouhyou_detail_004_kani=true&JigyosyoCd=4671500520-00&ServiceCd=150&Type=search", "url2": "rehashipai.kumanojyo@gmail.com" }, "geometry": { "type": "Point", "coordinates": [ 130.314561200000071, 31.7816842 ] } },
{ "type": "Feature", "properties": { "内容": "デイサービスセンターゆめいろ【通所介護】伊集院町下谷口2168デイサービスセンターゆめいろ", "url": "https://www.kaigokensaku.mhlw.go.jp/46/index.php?action_kouhyou_detail_004_kani=true&JigyosyoCd=4671500603-00&ServiceCd=150&Type=search", "url2": null }, "geometry": { "type": "Point", "coordinates": [ 130.399483262565553, 31.623591324982712 ] } },
{ "type": "Feature", "properties": { "内容": "デイサービスセンター秋光園【通所介護】鹿児島県日置市東市来町長里360-1", "url": "https://www.kaigokensaku.mhlw.go.jp/46/index.php?action_kouhyou_detail_004_kani=true&JigyosyoCd=4672900083-00&ServiceCd=150&Type=search", "url2": "https://shukoen.jp/" }, "geometry": { "type": "Point", "coordinates": [ 130.348942855294808, 31.662599755157125 ] } },
{ "type": "Feature", "properties": { "内容": "寿福園デイサービスセンター【通所介護】日置市伊集院町下神殿224-2", "url": "https://www.kaigokensaku.mhlw.go.jp/46/index.php?action_kouhyou_detail_004_kani=true&JigyosyoCd=4673000040-00&ServiceCd=150&Type=search", "url2": "midorinosato.kobira05.info" }, "geometry": { "type": "Point", "coordinates": [ 130.415983, 31.6631195 ] } },
{ "type": "Feature", "properties": { "内容": "喜楽奈村通所介護事業所【通所介護】鹿児島県日置市吹上町湯之浦2781番地", "url": "https://www.kaigokensaku.mhlw.go.jp/46/index.php?action_kouhyou_detail_004_kani=true&JigyosyoCd=4673400059-00&ServiceCd=150&Type=search", "url2": "http://www.akebonofukushikai.jp/" }, "geometry": { "type": "Point", "coordinates": [ 130.371854900000017, 31.5041924 ] } },
{ "type": "Feature", "properties": { "内容": "デイサービス百花【通所介護】鹿児島県日置市伊集院町徳重338-1百花", "url": "https://www.kaigokensaku.mhlw.go.jp/46/index.php?action_kouhyou_detail_004_kani=true&JigyosyoCd=4671500918-00&ServiceCd=150&Type=search", "url2": null }, "geometry": { "type": "Point", "coordinates": [ 130.396005361376979, 31.630878997268624 ] } },
{ "type": "Feature", "properties": { "内容": "デイサービス　しろうぞの【通所介護】鹿児島県日置市伊集院町下谷口2569", "url": "https://www.kaigokensaku.mhlw.go.jp/46/index.php?action_kouhyou_detail_004_kani=true&JigyosyoCd=4671500991-00&ServiceCd=150&Type=search", "url2": "http://kentac.org" }, "geometry": { "type": "Point", "coordinates": [ 130.408918199999988, 31.6177684 ] } },
{ "type": "Feature", "properties": { "内容": "デイサービスセンター　やはずの里【通所介護】鹿児島県日置市伊集院町飯牟礼369番1号", "url": "https://www.kaigokensaku.mhlw.go.jp/46/index.php?action_kouhyou_detail_004_kani=true&JigyosyoCd=4673000131-00&ServiceCd=150&Type=search", "url2": "http://www.yahazunosato.com/" }, "geometry": { "type": "Point", "coordinates": [ 130.385734899999989, 31.6179683 ] } },
{ "type": "Feature", "properties": { "内容": "前原やすしクリニック指定通所介護事業所【通所介護】鹿児島県日置市吹上町小野1480", "url": "https://www.kaigokensaku.mhlw.go.jp/46/index.php?action_kouhyou_detail_004_kani=true&JigyosyoCd=4673400109-00&ServiceCd=150&Type=search", "url2": "http://www.seishin-kai.org" }, "geometry": { "type": "Point", "coordinates": [ 130.339264599999979, 31.5391105 ] } },
{ "type": "Feature", "properties": { "内容": "デイサービス　あいり【通所介護】鹿児島県曽於市末吉町深川1950番地3デイサービス　あいり", "url": "https://www.kaigokensaku.mhlw.go.jp/46/index.php?action_kouhyou_detail_004_kani=true&JigyosyoCd=4671600577-00&ServiceCd=150&Type=search", "url2": null }, "geometry": { "type": "Point", "coordinates": [ 131.006041, 31.700604 ] } },
{ "type": "Feature", "properties": { "内容": "デイサービスセンター　おおすみ苑【通所介護】曽於市大隅町月野1045番地", "url": "https://www.kaigokensaku.mhlw.go.jp/46/index.php?action_kouhyou_detail_004_kani=true&JigyosyoCd=4676300181-00&ServiceCd=150&Type=search", "url2": "http://www.hakujyukai-kagoshima.jp" }, "geometry": { "type": "Point", "coordinates": [ 131.034373599999981, 31.5746505 ] } },
{ "type": "Feature", "properties": { "内容": "海田ディサービス【通所介護】鹿児島県曽於市末吉町二之方439番地", "url": "https://www.kaigokensaku.mhlw.go.jp/46/index.php?action_kouhyou_detail_004_kani=true&JigyosyoCd=4671600627-00&ServiceCd=150&Type=search", "url2": null }, "geometry": { "type": "Point", "coordinates": [ 131.0217169, 31.6596372 ] } },
{ "type": "Feature", "properties": { "内容": "末吉デイサービスセンター【通所介護】鹿児島県曽於市末吉町二之方3990番地3", "url": "https://www.kaigokensaku.mhlw.go.jp/46/index.php?action_kouhyou_detail_004_kani=true&JigyosyoCd=4671600684-00&ServiceCd=150&Type=search", "url2": "https://www.unity-g.com/" }, "geometry": { "type": "Point", "coordinates": [ 131.041092, 31.6314282 ] } },
{ "type": "Feature", "properties": { "内容": "曽於市社会福祉協議会通所介護大隅事業所【通所介護】鹿児島県曽於市大隅町岩川5760番地1大隅デイサービスセンター", "url": "https://www.kaigokensaku.mhlw.go.jp/46/index.php?action_kouhyou_detail_004_kani=true&JigyosyoCd=4671600155-00&ServiceCd=150&Type=search", "url2": "http://soo-shakyo.or.jp/" }, "geometry": { "type": "Point", "coordinates": [ 130.990725200000043, 31.5930056 ] } },
{ "type": "Feature", "properties": { "内容": "アクティブハウスＲ　短時間運動型デイサービス【通所介護】鹿児島県曽於市大隅町岩川6564-4", "url": "https://www.kaigokensaku.mhlw.go.jp/46/index.php?action_kouhyou_detail_004_kani=true&JigyosyoCd=4671600619-00&ServiceCd=150&Type=search", "url2": "http//activehouse-r.co.jp" }, "geometry": { "type": "Point", "coordinates": [ 130.997967, 31.5932641 ] } },
{ "type": "Feature", "properties": { "内容": "輪光無量寿園デイサービスセンター【通所介護】鹿児島県曽於市末吉町岩崎971番地1", "url": "https://www.kaigokensaku.mhlw.go.jp/46/index.php?action_kouhyou_detail_004_kani=true&JigyosyoCd=4676600101-00&ServiceCd=150&Type=search", "url2": "day@rinkou1964.or.jp" }, "geometry": { "type": "Point", "coordinates": [ 130.998865900000027, 31.596232899999983 ] } },
{ "type": "Feature", "properties": { "内容": "デイサービスセンター　てんとうむし【通所介護】鹿児島県曽於市財部町下財部1684番地1", "url": "https://www.kaigokensaku.mhlw.go.jp/46/index.php?action_kouhyou_detail_004_kani=true&JigyosyoCd=4671600551-00&ServiceCd=150&Type=search", "url2": null }, "geometry": { "type": "Point", "coordinates": [ 131.009922749737569, 31.724593735887161 ] } },
{ "type": "Feature", "properties": { "内容": "リハテラス国分【通所介護】鹿児島県霧島市国分新町一丁目29番42号", "url": "https://www.kaigokensaku.mhlw.go.jp/46/index.php?action_kouhyou_detail_004_kani=true&JigyosyoCd=4671201590-00&ServiceCd=150&Type=search", "url2": "http://e-terasu.sakura.ne.jp/" }, "geometry": { "type": "Point", "coordinates": [ 130.762508010558918, 31.753973183582197 ] } },
{ "type": "Feature", "properties": { "内容": "デイサービスせせらぎの里【通所介護】鹿児島県霧島市国分下井1794番地1", "url": "https://www.kaigokensaku.mhlw.go.jp/46/index.php?action_kouhyou_detail_004_kani=true&JigyosyoCd=4671200840-00&ServiceCd=150&Type=search", "url2": "http://www.seseragi-sato.jp" }, "geometry": { "type": "Point", "coordinates": [ 130.780722642327873, 31.707505011047051 ] } },
{ "type": "Feature", "properties": { "内容": "リハプライド鹿児島空港【通所介護】溝辺町麓2603-4", "url": "https://www.kaigokensaku.mhlw.go.jp/46/index.php?action_kouhyou_detail_004_kani=true&JigyosyoCd=4671201673-00&ServiceCd=150&Type=search", "url2": "http://www.rehapride.co.jp/kagoshimakuko/" }, "geometry": { "type": "Point", "coordinates": [ 130.703196400000024, 31.8162371 ] } },
{ "type": "Feature", "properties": { "内容": "通所介護事業所れいめい【通所介護】隼人町松永657番地", "url": "https://www.kaigokensaku.mhlw.go.jp/46/index.php?action_kouhyou_detail_004_kani=true&JigyosyoCd=4671201798-00&ServiceCd=150&Type=search", "url2": null }, "geometry": { "type": "Point", "coordinates": [ 130.765839, 31.7738633 ] } },
{ "type": "Feature", "properties": { "内容": "霧島リハウォーク絆隼人デイサービスセンター【通所介護】鹿児島県霧島市隼人町内山田1110-2霧島リハウォーク絆", "url": "https://www.kaigokensaku.mhlw.go.jp/46/index.php?action_kouhyou_detail_004_kani=true&JigyosyoCd=4671201608-00&ServiceCd=150&Type=search", "url2": null }, "geometry": { "type": "Point", "coordinates": [ 130.73029146250451, 31.748280401982367 ] } },
{ "type": "Feature", "properties": { "内容": "医療法人誠井会　井料デイサービスセンター【通所介護】国分広瀬二丁目28番8号井料デイサービスセンター", "url": "https://www.kaigokensaku.mhlw.go.jp/46/index.php?action_kouhyou_detail_004_kani=true&JigyosyoCd=4671200329-00&ServiceCd=150&Type=search", "url2": "https://www.seiikai.com/" }, "geometry": { "type": "Point", "coordinates": [ 130.75402680000002, 31.7190225 ] } },
{ "type": "Feature", "properties": { "内容": "エスプリ鹿児島デイサービスセンター【通所介護】鹿児島県霧島市隼人町真孝2720エスプリ鹿児島", "url": "https://www.kaigokensaku.mhlw.go.jp/46/index.php?action_kouhyou_detail_004_kani=true&JigyosyoCd=4671201574-00&ServiceCd=150&Type=search", "url2": null }, "geometry": { "type": "Point", "coordinates": [ 130.729058508290137, 31.723096867508183 ] } },
{ "type": "Feature", "properties": { "内容": "牧之原むつみ園デイサービスセンター【通所介護】福山町福沢4611番地", "url": "https://www.kaigokensaku.mhlw.go.jp/46/index.php?action_kouhyou_detail_004_kani=true&JigyosyoCd=4676200076-00&ServiceCd=150&Type=search", "url2": "http://www.mutumi-en.com" }, "geometry": { "type": "Point", "coordinates": [ 130.865735699999959, 31.6580864 ] } },
{ "type": "Feature", "properties": { "内容": "デイサービスセンター　えがお【通所介護】鹿児島県霧島市横川町中ノ字岩元5091番地1", "url": "https://www.kaigokensaku.mhlw.go.jp/46/index.php?action_kouhyou_detail_004_kani=true&JigyosyoCd=4671200899-00&ServiceCd=150&Type=search", "url2": "https://smilelifecare.jp" }, "geometry": { "type": "Point", "coordinates": [ 130.70132220000005, 31.9017817 ] } },
{ "type": "Feature", "properties": { "内容": "瑞祥園　通所介護事業所【通所介護】鹿児島県霧島市国分郡田711番地", "url": "https://www.kaigokensaku.mhlw.go.jp/46/index.php?action_kouhyou_detail_004_kani=true&JigyosyoCd=4671200113-00&ServiceCd=150&Type=search", "url2": "http://www.seitenkaijp/" }, "geometry": { "type": "Point", "coordinates": [ 130.788025100000027, 31.7626163 ] } },
{ "type": "Feature", "properties": { "内容": "リハケアガーデン国分【通所介護】国分中央４丁目12-22", "url": "https://www.kaigokensaku.mhlw.go.jp/46/index.php?action_kouhyou_detail_004_kani=true&JigyosyoCd=4671200808-00&ServiceCd=150&Type=search", "url2": "http://www.unity-g.com" }, "geometry": { "type": "Point", "coordinates": [ 130.775018899999907, 31.730525260167209 ] } },
{ "type": "Feature", "properties": { "内容": "リハケアガーデンネクスト【通所介護】鹿児島県霧島市国分広瀬１丁目２４番３０号リーベンビル1階リーベンビル１階", "url": "https://www.kaigokensaku.mhlw.go.jp/46/index.php?action_kouhyou_detail_004_kani=true&JigyosyoCd=4671201426-00&ServiceCd=150&Type=search", "url2": "http://www.unity-g.com/" }, "geometry": { "type": "Point", "coordinates": [ 130.750265099999979, 31.7182475 ] } },
{ "type": "Feature", "properties": { "内容": "株式会社　霧島リハウォーク絆デイサービスセンター【通所介護】霧島市牧園町宿窪田654番地", "url": "https://www.kaigokensaku.mhlw.go.jp/46/index.php?action_kouhyou_detail_004_kani=true&JigyosyoCd=4671200816-00&ServiceCd=150&Type=search", "url2": null }, "geometry": { "type": "Point", "coordinates": [ 130.755950584655722, 31.860997737010212 ] } },
{ "type": "Feature", "properties": { "内容": "みんなの家【通所介護】鹿児島県霧島市牧園町宿窪田９３９番地2階", "url": "https://www.kaigokensaku.mhlw.go.jp/46/index.php?action_kouhyou_detail_004_kani=true&JigyosyoCd=4671201921-00&ServiceCd=150&Type=search", "url2": "http://magnolia-smile.com/top/" }, "geometry": { "type": "Point", "coordinates": [ 130.741397799999987, 31.863153 ] } },
{ "type": "Feature", "properties": { "内容": "フラワーホームデイサービスセンター【通所介護】鹿児島県　霧島市　溝辺町　六丁目4番地", "url": "https://www.kaigokensaku.mhlw.go.jp/46/index.php?action_kouhyou_detail_004_kani=true&JigyosyoCd=4675500021-00&ServiceCd=150&Type=search", "url2": "https://www.flowerh.jp/" }, "geometry": { "type": "Point", "coordinates": [ 130.708421700138814, 31.79191866168841 ] } },
{ "type": "Feature", "properties": { "内容": "みゆき苑デイサービス【通所介護】鹿児島県霧島市隼人町松永895番地3", "url": "https://www.kaigokensaku.mhlw.go.jp/46/index.php?action_kouhyou_detail_004_kani=true&JigyosyoCd=4676100086-00&ServiceCd=150&Type=search", "url2": "http://www.h-miyukien.info/" }, "geometry": { "type": "Point", "coordinates": [ 130.771339600000033, 31.7745791 ] } },
{ "type": "Feature", "properties": { "内容": "音の館通所介護事業所【通所介護】霧島市隼人町松永２７８４番地５住宅型有料老人ホーム", "url": "https://www.kaigokensaku.mhlw.go.jp/46/index.php?action_kouhyou_detail_004_kani=true&JigyosyoCd=4671200923-00&ServiceCd=150&Type=search", "url2": "http://zen-kokoro.com" }, "geometry": { "type": "Point", "coordinates": [ 130.768661400000042, 31.7937103 ] } },
{ "type": "Feature", "properties": { "内容": "翔朋園デイサービスセンター指定通所介護事業所【通所介護】霧島田口２７３７番地３６", "url": "https://www.kaigokensaku.mhlw.go.jp/46/index.php?action_kouhyou_detail_004_kani=true&JigyosyoCd=4676000039-00&ServiceCd=150&Type=search", "url2": "kirishimakai.jp" }, "geometry": { "type": "Point", "coordinates": [ 130.859426046557587, 31.841661913419586 ] } },
{ "type": "Feature", "properties": { "内容": "リハビリカレッジ徒々草【通所介護】国分新町1544-5", "url": "https://www.kaigokensaku.mhlw.go.jp/46/index.php?action_kouhyou_detail_004_kani=true&JigyosyoCd=4671201509-00&ServiceCd=150&Type=search", "url2": "tureduregusa.sunnyday.jp" }, "geometry": { "type": "Point", "coordinates": [ 130.775604, 31.7548476 ] } },
{ "type": "Feature", "properties": { "内容": "ニチイケアセンター国分【通所介護】鹿児島県霧島市国分剣之宇都町9番地6", "url": "https://www.kaigokensaku.mhlw.go.jp/46/index.php?action_kouhyou_detail_004_kani=true&JigyosyoCd=4671200865-00&ServiceCd=150&Type=search", "url2": "http://www.nichiigakkan.co.jp" }, "geometry": { "type": "Point", "coordinates": [ 130.766442899999987, 31.7693268 ] } },
{ "type": "Feature", "properties": { "内容": "デイサービスHOMEBASE【通所介護】鹿児島県いちき串木野市旭町６１番", "url": "https://www.kaigokensaku.mhlw.go.jp/46/index.php?action_kouhyou_detail_004_kani=true&JigyosyoCd=4670500414-00&ServiceCd=150&Type=search", "url2": null }, "geometry": { "type": "Point", "coordinates": [ 130.267717, 31.718336500000039 ] } },
{ "type": "Feature", "properties": { "内容": "潮風園デイサービスセンター【通所介護】別府３５６０－１１", "url": "https://www.kaigokensaku.mhlw.go.jp/46/index.php?action_kouhyou_detail_004_kani=true&JigyosyoCd=4670500075-00&ServiceCd=150&Type=search", "url2": "https://chofuen.terushima.com" }, "geometry": { "type": "Point", "coordinates": [ 130.284911118307491, 31.695749373432484 ] } },
{ "type": "Feature", "properties": { "内容": "いちき串木野市社協指定通所介護事業所【通所介護】鹿児島県いちき串木野市新生町183番地", "url": "https://www.kaigokensaku.mhlw.go.jp/46/index.php?action_kouhyou_detail_004_kani=true&JigyosyoCd=4670500190-00&ServiceCd=150&Type=search", "url2": "http://www.shakyo.or.jp/hp/1743/" }, "geometry": { "type": "Point", "coordinates": [ 130.26516259999994, 31.7102197 ] } },
{ "type": "Feature", "properties": { "内容": "市来デイサービスセンター【通所介護】鹿児島県いちき串木野市湊町１丁目１００番地", "url": "https://www.kaigokensaku.mhlw.go.jp/46/index.php?action_kouhyou_detail_004_kani=true&JigyosyoCd=4670500273-00&ServiceCd=150&Type=search", "url2": null }, "geometry": { "type": "Point", "coordinates": [ 130.288422399999916, 31.6940693 ] } },
{ "type": "Feature", "properties": { "内容": "デイサービス有馬【通所介護】鹿児島県南さつま市加世田本町18-3有料老人ホームセレーノ", "url": "https://www.kaigokensaku.mhlw.go.jp/46/index.php?action_kouhyou_detail_004_kani=true&JigyosyoCd=4671100628-00&ServiceCd=150&Type=search", "url2": null }, "geometry": { "type": "Point", "coordinates": [ 130.3207069, 31.4205032 ] } },
{ "type": "Feature", "properties": { "内容": "デイサービスセンター坊津【通所介護】鹿児島県南さつま市坊津町坊9422番地2坊津老人福祉センター", "url": "https://www.kaigokensaku.mhlw.go.jp/46/index.php?action_kouhyou_detail_004_kani=true&JigyosyoCd=4671100339-00&ServiceCd=150&Type=search", "url2": "http://www.shakyo.or.jp/hp/1744/" }, "geometry": { "type": "Point", "coordinates": [ 130.224794960133892, 31.273505197678528 ] } },
{ "type": "Feature", "properties": { "内容": "夢のみずうみ村アルテンハイムデイサービスセンター【通所介護】鹿児島県南さつま市加世田武田13877番地", "url": "https://www.kaigokensaku.mhlw.go.jp/46/index.php?action_kouhyou_detail_004_kani=true&JigyosyoCd=4671100081-00&ServiceCd=150&Type=search", "url2": "http://www.nonohanakai.or.jp/" }, "geometry": { "type": "Point", "coordinates": [ 130.302328100000068, 31.4014637 ] } },
{ "type": "Feature", "properties": { "内容": "金峰苑デイサービスセンター【通所介護】鹿児島県南さつま市金峰町宮崎4019", "url": "https://www.kaigokensaku.mhlw.go.jp/46/index.php?action_kouhyou_detail_004_kani=true&JigyosyoCd=4673500031-00&ServiceCd=150&Type=search", "url2": null }, "geometry": { "type": "Point", "coordinates": [ 130.335844100000031, 31.4352288 ] } },
{ "type": "Feature", "properties": { "内容": "養徳園指定通所介護事業所【通所介護】鹿児島県南さつま市加世田小湊528番地", "url": "https://www.kaigokensaku.mhlw.go.jp/46/index.php?action_kouhyou_detail_004_kani=true&JigyosyoCd=4671100073-00&ServiceCd=150&Type=search", "url2": "https://youtokuen.com/" }, "geometry": { "type": "Point", "coordinates": [ 130.293036799999982, 31.4203972 ] } },
{ "type": "Feature", "properties": { "内容": "和が家のデイ和温【通所介護】鹿児島県南さつま市金峰町中津野1185番地", "url": "https://www.kaigokensaku.mhlw.go.jp/46/index.php?action_kouhyou_detail_004_kani=true&JigyosyoCd=4671100578-00&ServiceCd=150&Type=search", "url2": null }, "geometry": { "type": "Point", "coordinates": [ 130.347525899999937, 31.4485577 ] } },
{ "type": "Feature", "properties": { "内容": "ﾃﾞｲｻｰﾋﾞｽｾﾝﾀｰやっちく【通所介護】鹿児島県志布志市松山町泰野字松ヶ迫1111番地", "url": "https://www.kaigokensaku.mhlw.go.jp/46/index.php?action_kouhyou_detail_004_kani=true&JigyosyoCd=4676700042-00&ServiceCd=150&Type=search", "url2": "https://yattikukai.or.jp/" }, "geometry": { "type": "Point", "coordinates": [ 131.081519071997036, 31.574596549576466 ] } },
{ "type": "Feature", "properties": { "内容": "デイサービス　みんなの樹【通所介護】志布志町安楽２３２３番地", "url": "https://www.kaigokensaku.mhlw.go.jp/46/index.php?action_kouhyou_detail_004_kani=true&JigyosyoCd=4671700336-00&ServiceCd=150&Type=search", "url2": "https://minnanoki.co.jp" }, "geometry": { "type": "Point", "coordinates": [ 131.078101240167257, 31.481989829355943 ] } },
{ "type": "Feature", "properties": { "内容": "志布志デイサービスセンター賀寿園【通所介護】鹿児島県志布志市志布志町安楽2903番地1", "url": "https://www.kaigokensaku.mhlw.go.jp/46/index.php?action_kouhyou_detail_004_kani=true&JigyosyoCd=4676800073-00&ServiceCd=150&Type=search", "url2": "http://www.ryuai.jp" }, "geometry": { "type": "Point", "coordinates": [ 131.087409100000059, 31.5013806 ] } },
{ "type": "Feature", "properties": { "内容": "活動重視型デイサービス　Ｒｅ・らいふ【通所介護】志布志町志布志981-2", "url": "https://www.kaigokensaku.mhlw.go.jp/46/index.php?action_kouhyou_detail_004_kani=true&JigyosyoCd=4671700278-00&ServiceCd=150&Type=search", "url2": null }, "geometry": { "type": "Point", "coordinates": [ 131.089570261363207, 31.491058975985453 ] } },
{ "type": "Feature", "properties": { "内容": "通所介護事業所　ハピネス浦上【通所介護】鹿児島県奄美市名瀬浦上字緑1105ハピネス浦上", "url": "https://www.kaigokensaku.mhlw.go.jp/46/index.php?action_kouhyou_detail_004_kani=true&JigyosyoCd=4670700782-00&ServiceCd=150&Type=search", "url2": "http://happiness-uragami.net/" }, "geometry": { "type": "Point", "coordinates": [ 129.53347789999998, 28.394527699999987 ] } },
{ "type": "Feature", "properties": { "内容": "デイサービスあさに【通所介護】名瀬朝仁新町11-37", "url": "https://www.kaigokensaku.mhlw.go.jp/46/index.php?action_kouhyou_detail_004_kani=true&JigyosyoCd=4670701046-00&ServiceCd=150&Type=search", "url2": "http://tokushukai-amami-area.com/pg51.html" }, "geometry": { "type": "Point", "coordinates": [ 129.48360230000003, 28.39734 ] } },
{ "type": "Feature", "properties": { "内容": "デイサービスセンター住用の園【通所介護】鹿児島県奄美市住用町大字摺勝字俊勝袋451番3", "url": "https://www.kaigokensaku.mhlw.go.jp/46/index.php?action_kouhyou_detail_004_kani=true&JigyosyoCd=4678700016-00&ServiceCd=150&Type=search", "url2": "http:/sumiyounosono.jp/" }, "geometry": { "type": "Point", "coordinates": [ 129.441827798780878, 28.294795578034943 ] } },
{ "type": "Feature", "properties": { "内容": "芦穂の里デイサービスセンター【通所介護】名瀬大字芦花部字不津1470番地", "url": "https://www.kaigokensaku.mhlw.go.jp/46/index.php?action_kouhyou_detail_004_kani=true&JigyosyoCd=4670700089-00&ServiceCd=150&Type=search", "url2": null }, "geometry": { "type": "Point", "coordinates": [ 129.539118, 28.445751 ] } },
{ "type": "Feature", "properties": { "内容": "名瀬徳洲会介護センター【通所介護】鹿児島県奄美市名瀬朝日町14-10", "url": "https://www.kaigokensaku.mhlw.go.jp/46/index.php?action_kouhyou_detail_004_kani=true&JigyosyoCd=4670701202-00&ServiceCd=150&Type=search", "url2": null }, "geometry": { "type": "Point", "coordinates": [ 129.525483799999961, 28.3979383 ] } },
{ "type": "Feature", "properties": { "内容": "リハプライド奄美【通所介護】鹿児島県奄美市名瀬有屋町19-6", "url": "https://www.kaigokensaku.mhlw.go.jp/46/index.php?action_kouhyou_detail_004_kani=true&JigyosyoCd=4670701350-00&ServiceCd=150&Type=search", "url2": "https://www.rehapride.co.jp/amami/" }, "geometry": { "type": "Point", "coordinates": [ 129.5297105, 28.3930584 ] } },
{ "type": "Feature", "properties": { "内容": "シオンの家かわなべ【通所介護】鹿児島県南九州市川辺町清水9435-3", "url": "https://www.kaigokensaku.mhlw.go.jp/46/index.php?action_kouhyou_detail_004_kani=true&JigyosyoCd=4674300423-00&ServiceCd=150&Type=search", "url2": "https://zionnoie.jimdofree.com/" }, "geometry": { "type": "Point", "coordinates": [ 130.453793271163931, 31.425075627489971 ] } },
{ "type": "Feature", "properties": { "内容": "望洋の里デイ・サービスセンター通所介護事業所【通所介護】南九州市頴娃町牧之内3776-8", "url": "https://www.kaigokensaku.mhlw.go.jp/46/index.php?action_kouhyou_detail_004_kani=true&JigyosyoCd=4672100080-00&ServiceCd=150&Type=search", "url2": "http://www3.synapse.ne.jp/bouyou/" }, "geometry": { "type": "Point", "coordinates": [ 130.49473080000007, 31.2487302 ] } },
{ "type": "Feature", "properties": { "内容": "川辺みどり園デイサービスセンター【通所介護】鹿児島県南九州市川辺町清水10131-2", "url": "https://www.kaigokensaku.mhlw.go.jp/46/index.php?action_kouhyou_detail_004_kani=true&JigyosyoCd=4672700046-00&ServiceCd=150&Type=search", "url2": "http://kawanabe19.sakura.ne.jp/~midorien/index.htm" }, "geometry": { "type": "Point", "coordinates": [ 130.46247792055965, 31.432728514587009 ] } },
{ "type": "Feature", "properties": { "内容": "デイサービス　笑和【通所介護】川辺町平山6140-2", "url": "https://www.kaigokensaku.mhlw.go.jp/46/index.php?action_kouhyou_detail_004_kani=true&JigyosyoCd=4674300183-00&ServiceCd=150&Type=search", "url2": "https://daysa-bisusyouwa.p-kit.com/" }, "geometry": { "type": "Point", "coordinates": [ 130.397671800000012, 31.3870845 ] } },
{ "type": "Feature", "properties": { "内容": "憩いの里デイサービスセンター【通所介護】鹿児島県南九州市知覧町永里４５７７番地３", "url": "https://www.kaigokensaku.mhlw.go.jp/46/index.php?action_kouhyou_detail_004_kani=true&JigyosyoCd=4672600089-00&ServiceCd=150&Type=search", "url2": "http://www.ikoi-chiran.com/" }, "geometry": { "type": "Point", "coordinates": [ 130.449425, 31.3684026 ] } },
{ "type": "Feature", "properties": { "内容": "こぎく園大川デイサービスセンター【通所介護】頴娃町別府６６１１番地３", "url": "https://www.kaigokensaku.mhlw.go.jp/46/index.php?action_kouhyou_detail_004_kani=true&JigyosyoCd=4672100098-00&ServiceCd=150&Type=search", "url2": "https://ookawafukushikai.jp/" }, "geometry": { "type": "Point", "coordinates": [ 130.4148963, 31.2563308 ] } },
{ "type": "Feature", "properties": { "内容": "一歩通所介護【通所介護】鹿児島県南九州市頴娃町上別府8413番地1", "url": "https://www.kaigokensaku.mhlw.go.jp/46/index.php?action_kouhyou_detail_004_kani=true&JigyosyoCd=4674300407-00&ServiceCd=150&Type=search", "url2": "ippoyume66＠Yahoo.co.jp" }, "geometry": { "type": "Point", "coordinates": [ 130.440167400000064, 31.3058728 ] } },
{ "type": "Feature", "properties": { "内容": "デイサービスセンター　音野舎【通所介護】鹿児島県南九州市知覧町郡2072番地２", "url": "https://www.kaigokensaku.mhlw.go.jp/46/index.php?action_kouhyou_detail_004_kani=true&JigyosyoCd=4672600063-00&ServiceCd=150&Type=search", "url2": "https://www.nonnosya.com/" }, "geometry": { "type": "Point", "coordinates": [ 130.432869200000027, 31.3543562 ] } },
{ "type": "Feature", "properties": { "内容": "童里夢えい通所介護事業所【通所介護】鹿児島県南九州市頴娃町上別府489-1", "url": "https://www.kaigokensaku.mhlw.go.jp/46/index.php?action_kouhyou_detail_004_kani=true&JigyosyoCd=4672100205-00&ServiceCd=150&Type=search", "url2": "https://dream2003.com/" }, "geometry": { "type": "Point", "coordinates": [ 130.457596765081803, 31.281213706014185 ] } },
{ "type": "Feature", "properties": { "内容": "星空の里共生型通所介護事業所【通所介護】鹿児島県伊佐市大口宮人463-33", "url": "https://www.kaigokensaku.mhlw.go.jp/46/index.php?action_kouhyou_detail_004_kani=true&JigyosyoCd=4674400223-00&ServiceCd=150&Type=search", "url2": "http://www.daiichikai.or.jp" }, "geometry": { "type": "Point", "coordinates": [ 130.574833199999972, 32.026070499999989 ] } },
{ "type": "Feature", "properties": { "内容": "在宅ケアセンターさざんか園【通所介護】姶良市東餅田3352番地1", "url": "https://www.kaigokensaku.mhlw.go.jp/46/index.php?action_kouhyou_detail_004_kani=true&JigyosyoCd=4675300075-00&ServiceCd=150&Type=search", "url2": "http://kenshofukushikai.com" }, "geometry": { "type": "Point", "coordinates": [ 130.633316799999989, 31.7253668 ] } },
{ "type": "Feature", "properties": { "内容": "ナルホイヤ在宅生活研究所【通所介護】鹿児島県姶良市蒲生町上久徳2396", "url": "https://www.kaigokensaku.mhlw.go.jp/46/index.php?action_kouhyou_detail_004_kani=true&JigyosyoCd=4674501004-00&ServiceCd=150&Type=search", "url2": null }, "geometry": { "type": "Point", "coordinates": [ 130.569860299999988, 31.7615075 ] } },
{ "type": "Feature", "properties": { "内容": "デイサービスセンターあいら【通所介護】鹿児島県姶良市西餅田1330-3", "url": "https://www.kaigokensaku.mhlw.go.jp/46/index.php?action_kouhyou_detail_004_kani=true&JigyosyoCd=4674500758-00&ServiceCd=150&Type=search", "url2": "http://eiwakai.jp" }, "geometry": { "type": "Point", "coordinates": [ 130.6255969, 31.7380844 ] } },
{ "type": "Feature", "properties": { "内容": "リハケアウイングあいら【通所介護】鹿児島県姶良市東餅田1442-1", "url": "https://www.kaigokensaku.mhlw.go.jp/46/index.php?action_kouhyou_detail_004_kani=true&JigyosyoCd=4674500295-00&ServiceCd=150&Type=search", "url2": "http://wing-smile.com" }, "geometry": { "type": "Point", "coordinates": [ 130.637604099999976, 31.7301501 ] } },
{ "type": "Feature", "properties": { "内容": "デイサービス陽！いっど！！【通所介護】鹿児島県姶良市西餅田３３０６－１デイサービス陽！いっど！！", "url": "https://www.kaigokensaku.mhlw.go.jp/46/index.php?action_kouhyou_detail_004_kani=true&JigyosyoCd=4674500634-00&ServiceCd=150&Type=search", "url2": "http://taiyounokaze.jp" }, "geometry": { "type": "Point", "coordinates": [ 130.621965213491848, 31.719119652865423 ] } },
{ "type": "Feature", "properties": { "内容": "まほろあいらデイサービスセンター【通所介護】鹿児島県姶良市平松3415番地1", "url": "https://www.kaigokensaku.mhlw.go.jp/46/index.php?action_kouhyou_detail_004_kani=true&JigyosyoCd=4674500667-00&ServiceCd=150&Type=search", "url2": "http://mahoro-aira.jp" }, "geometry": { "type": "Point", "coordinates": [ 130.597391370703122, 31.719334010025616 ] } },
{ "type": "Feature", "properties": { "内容": "デイサービスセンターやすらぎの里【通所介護】姶良市下名2992鹿児島県姶良市下名2992番地", "url": "https://www.kaigokensaku.mhlw.go.jp/46/index.php?action_kouhyou_detail_004_kani=true&JigyosyoCd=4674500840-00&ServiceCd=150&Type=search", "url2": "https://www.aira-yasuragi.com/service/day-care-service/" }, "geometry": { "type": "Point", "coordinates": [ 130.6190958, 31.7676758 ] } },
{ "type": "Feature", "properties": { "内容": "デイサービスすずらん【通所介護】鹿児島県姶良市大山300-1有料老人ホームフローラ", "url": "https://www.kaigokensaku.mhlw.go.jp/46/index.php?action_kouhyou_detail_004_kani=true&JigyosyoCd=4674500691-00&ServiceCd=150&Type=search", "url2": "https://careline-group.jp" }, "geometry": { "type": "Point", "coordinates": [ 130.624862, 31.7659501 ] } },
{ "type": "Feature", "properties": { "内容": "リハケアガーデン加治木【通所介護】加治木町本町１４８", "url": "https://www.kaigokensaku.mhlw.go.jp/46/index.php?action_kouhyou_detail_004_kani=true&JigyosyoCd=4674500246-00&ServiceCd=150&Type=search", "url2": "http://unity-g.com" }, "geometry": { "type": "Point", "coordinates": [ 130.666971800000027, 31.7372798 ] } },
{ "type": "Feature", "properties": { "内容": "デイサービスセンターマナ【通所介護】平松１２５１番地", "url": "https://www.kaigokensaku.mhlw.go.jp/46/index.php?action_kouhyou_detail_004_kani=true&JigyosyoCd=4674500899-00&ServiceCd=150&Type=search", "url2": "http://www.sws-santo.jp" }, "geometry": { "type": "Point", "coordinates": [ 130.607254, 31.71364 ] } },
{ "type": "Feature", "properties": { "内容": "さくらデイサービス【通所介護】鹿児島県姶良市加治木町木田９０９番地1さくら静寿会", "url": "https://www.kaigokensaku.mhlw.go.jp/46/index.php?action_kouhyou_detail_004_kani=true&JigyosyoCd=4675200283-00&ServiceCd=150&Type=search", "url2": "http:/www.sakuraseijyukai.com/" }, "geometry": { "type": "Point", "coordinates": [ 130.64922260000003, 31.7347244 ] } },
{ "type": "Feature", "properties": { "内容": "みやまデイサービス【通所介護】深水452-1", "url": "https://www.kaigokensaku.mhlw.go.jp/46/index.php?action_kouhyou_detail_004_kani=true&JigyosyoCd=4674500451-00&ServiceCd=150&Type=search", "url2": "https://greenleaf-life.com" }, "geometry": { "type": "Point", "coordinates": [ 130.619346593537898, 31.759486479800529 ] } },
{ "type": "Feature", "properties": { "内容": "デイサービスかわせみ【通所介護】鹿児島県姶良市三拾町１９１６番地", "url": "https://www.kaigokensaku.mhlw.go.jp/46/index.php?action_kouhyou_detail_004_kani=true&JigyosyoCd=4674500808-00&ServiceCd=150&Type=search", "url2": "https://greenleaf-life.com" }, "geometry": { "type": "Point", "coordinates": [ 130.618553923178894, 31.751685366170065 ] } },
{ "type": "Feature", "properties": { "内容": "通所介護・こっこの家【通所介護】鹿児島県姶良市東餅田567番地10", "url": "https://www.kaigokensaku.mhlw.go.jp/46/index.php?action_kouhyou_detail_004_kani=true&JigyosyoCd=4674500188-00&ServiceCd=150&Type=search", "url2": "https://www.kokkonoie.com/" }, "geometry": { "type": "Point", "coordinates": [ 130.634658504893508, 31.733410701702432 ] } },
{ "type": "Feature", "properties": { "内容": "アルテンハイム鶴宮園デイサービスセンター【通所介護】鹿児島県薩摩郡さつま町紫尾4077-1", "url": "https://www.kaigokensaku.mhlw.go.jp/46/index.php?action_kouhyou_detail_004_kani=true&JigyosyoCd=4674000072-00&ServiceCd=150&Type=search", "url2": "http://tsurumiyaen.jp/" }, "geometry": { "type": "Point", "coordinates": [ 130.4349254, 31.9508818 ] } },
{ "type": "Feature", "properties": { "内容": "さつま園デイサービスセンター【通所介護】鹿児島県薩摩郡さつま町求名13341番地1特別養護老人ホームさつま園", "url": "https://www.kaigokensaku.mhlw.go.jp/46/index.php?action_kouhyou_detail_004_kani=true&JigyosyoCd=4674100062-00&ServiceCd=150&Type=search", "url2": "http://satsumaen.jp/" }, "geometry": { "type": "Point", "coordinates": [ 130.536606200000051, 31.9176492 ] } },
{ "type": "Feature", "properties": { "内容": "デイサービスセンタークオラｉマモリエ【通所介護】薩摩郡さつま町船木2315-1", "url": "https://www.kaigokensaku.mhlw.go.jp/46/index.php?action_kouhyou_detail_004_kani=true&JigyosyoCd=4673900074-00&ServiceCd=150&Type=search", "url2": "http://www.qoler.jp" }, "geometry": { "type": "Point", "coordinates": [ 130.440326300000038, 31.8739155 ] } },
{ "type": "Feature", "properties": { "内容": "あかね園デイサービスセンター【通所介護】出水郡長島町城川内2331-8", "url": "https://www.kaigokensaku.mhlw.go.jp/46/index.php?action_kouhyou_detail_004_kani=true&JigyosyoCd=4675000139-00&ServiceCd=150&Type=search", "url2": "akaneen_day@po3.synapsene.jp" }, "geometry": { "type": "Point", "coordinates": [ 130.1192863, 32.11993039999998 ] } },
{ "type": "Feature", "properties": { "内容": "デイサービスセンターさくら【通所介護】鹿児島県姶良郡湧水町鶴丸６２２－１０", "url": "https://www.kaigokensaku.mhlw.go.jp/46/index.php?action_kouhyou_detail_004_kani=true&JigyosyoCd=4675700142-00&ServiceCd=150&Type=search", "url2": null }, "geometry": { "type": "Point", "coordinates": [ 130.748304773492237, 32.030847342707219 ] } },
{ "type": "Feature", "properties": { "内容": "リハガーデン歩【通所介護】鹿児島県姶良郡湧水町幸田1727-1", "url": "https://www.kaigokensaku.mhlw.go.jp/46/index.php?action_kouhyou_detail_004_kani=true&JigyosyoCd=4675700290-00&ServiceCd=150&Type=search", "url2": "https://kouwakai-ayumi.com/" }, "geometry": { "type": "Point", "coordinates": [ 130.670168660161949, 31.943971656970898 ] } },
{ "type": "Feature", "properties": { "内容": "つつはの園デイサービスセンター【通所介護】鹿児島県姶良郡湧水町般若寺３５８番地", "url": "https://www.kaigokensaku.mhlw.go.jp/46/index.php?action_kouhyou_detail_004_kani=true&JigyosyoCd=4675800041-00&ServiceCd=150&Type=search", "url2": null }, "geometry": { "type": "Point", "coordinates": [ 130.74432980000006, 32.0394372 ] } },
{ "type": "Feature", "properties": { "内容": "さくらわくわくデイサービス【通所介護】鹿児島県曽於郡大崎町假宿101番地1さくらわくわくデイサービス", "url": "https://www.kaigokensaku.mhlw.go.jp/46/index.php?action_kouhyou_detail_004_kani=true&JigyosyoCd=4677000202-00&ServiceCd=150&Type=search", "url2": "dayservice-sakura.com" }, "geometry": { "type": "Point", "coordinates": [ 130.9909381, 31.440051800000013 ] } },
{ "type": "Feature", "properties": { "内容": "回生園デイサービスセンター【通所介護】曽於郡大崎町菱田家戸原3063番地", "url": "https://www.kaigokensaku.mhlw.go.jp/46/index.php?action_kouhyou_detail_004_kani=true&JigyosyoCd=4677000053-00&ServiceCd=150&Type=search", "url2": "http://www.kaiseien-sanpokai.jp/pc/index.html" }, "geometry": { "type": "Point", "coordinates": [ 131.041652200000044, 31.4443079 ] } },
{ "type": "Feature", "properties": { "内容": "デイサービスちゃのか【通所介護】鹿児島県曽於郡大崎町持留1167番地４", "url": "https://www.kaigokensaku.mhlw.go.jp/46/index.php?action_kouhyou_detail_004_kani=true&JigyosyoCd=4677000269-00&ServiceCd=150&Type=search", "url2": "https://happy-support-web.com/" }, "geometry": { "type": "Point", "coordinates": [ 130.954463118090871, 31.450918684847259 ] } },
{ "type": "Feature", "properties": { "内容": "デイサービス南の太陽【通所介護】鹿児島県肝属群東串良町新川西1355-3", "url": "https://www.kaigokensaku.mhlw.go.jp/46/index.php?action_kouhyou_detail_004_kani=true&JigyosyoCd=4677200133-00&ServiceCd=150&Type=search", "url2": "http://www.minaminotaiyo.co.jp" }, "geometry": { "type": "Point", "coordinates": [ 130.988469500000065, 31.3614107 ] } },
{ "type": "Feature", "properties": { "内容": "デイサービスセンタールーピンの里【通所介護】鹿児島県肝属郡東串良町池之原２０７７－１", "url": "https://www.kaigokensaku.mhlw.go.jp/46/index.php?action_kouhyou_detail_004_kani=true&JigyosyoCd=4677200067-00&ServiceCd=150&Type=search", "url2": "http://www.ru-pin.jp" }, "geometry": { "type": "Point", "coordinates": [ 130.978752500000041, 31.3941942 ] } },
{ "type": "Feature", "properties": { "内容": "デイサービスセンターまつさき【通所介護】馬場１１３４‐１", "url": "https://www.kaigokensaku.mhlw.go.jp/46/index.php?action_kouhyou_detail_004_kani=true&JigyosyoCd=4677600035-00&ServiceCd=150&Type=search", "url2": "http://www.k-seizanso.jp/index.htm" }, "geometry": { "type": "Point", "coordinates": [ 130.773992600000042, 31.2382212 ] } },
{ "type": "Feature", "properties": { "内容": "蒼水園デイサービスセンター【通所介護】鹿児島県肝属郡南大隅町根占山本1250番地1", "url": "https://www.kaigokensaku.mhlw.go.jp/46/index.php?action_kouhyou_detail_004_kani=true&JigyosyoCd=4677700033-00&ServiceCd=150&Type=search", "url2": "https://sousuien.org" }, "geometry": { "type": "Point", "coordinates": [ 130.775036939286792, 31.203367407252824 ] } },
{ "type": "Feature", "properties": { "内容": "デイサービスセンターIRODORI【通所介護】鹿児島県肝属郡肝付町後田2651-17", "url": "https://www.kaigokensaku.mhlw.go.jp/46/index.php?action_kouhyou_detail_004_kani=true&JigyosyoCd=4677300388-00&ServiceCd=150&Type=search", "url2": null }, "geometry": { "type": "Point", "coordinates": [ 130.9212019, 31.3438589 ] } },
{ "type": "Feature", "properties": { "内容": "銀河の里デイサービスセンター【通所介護】鹿児島県肝属郡肝付町北方588番地", "url": "https://www.kaigokensaku.mhlw.go.jp/46/index.php?action_kouhyou_detail_004_kani=true&JigyosyoCd=4677300057-00&ServiceCd=150&Type=search", "url2": "https://utinourakai.com/" }, "geometry": { "type": "Point", "coordinates": [ 131.0551279, 31.2791437 ] } },
{ "type": "Feature", "properties": { "内容": "花神荘デイサービスセンター【通所介護】肝属郡肝付町後田5375番地", "url": "https://www.kaigokensaku.mhlw.go.jp/46/index.php?action_kouhyou_detail_004_kani=true&JigyosyoCd=4677400048-00&ServiceCd=150&Type=search", "url2": null }, "geometry": { "type": "Point", "coordinates": [ 130.92187, 31.3327513 ] } },
{ "type": "Feature", "properties": { "内容": "デイサービスセンター　星乃花【通所介護】鹿児島県肝属郡肝付町後田2620番地", "url": "https://www.kaigokensaku.mhlw.go.jp/46/index.php?action_kouhyou_detail_004_kani=true&JigyosyoCd=4677300313-00&ServiceCd=150&Type=search", "url2": null }, "geometry": { "type": "Point", "coordinates": [ 130.922954790121508, 31.342201403260376 ] } },
{ "type": "Feature", "properties": { "内容": "デイサービスあい【通所介護】鹿児島県肝属郡肝付町新富６６７４－４", "url": "https://www.kaigokensaku.mhlw.go.jp/46/index.php?action_kouhyou_detail_004_kani=true&JigyosyoCd=4677300164-00&ServiceCd=150&Type=search", "url2": "https://www.big-advance.site/s/189/1525" }, "geometry": { "type": "Point", "coordinates": [ -81.192219099999988, 42.7169104 ] } },
{ "type": "Feature", "properties": { "内容": "中種子クリニック【通所介護】鹿児島県熊毛郡中種子町野間6481-1", "url": "https://www.kaigokensaku.mhlw.go.jp/46/index.php?action_kouhyou_detail_004_kani=true&JigyosyoCd=4613110602-00&ServiceCd=150&Type=search", "url2": "http://www.tokushukai.jp/hso/c-nakataneko/" }, "geometry": { "type": "Point", "coordinates": [ 130.953961700000036, 30.5231231 ] } },
{ "type": "Feature", "properties": { "内容": "南界園通所介護センター【通所介護】熊毛郡中種子町田島327-1", "url": "https://www.kaigokensaku.mhlw.go.jp/46/index.php?action_kouhyou_detail_004_kani=true&JigyosyoCd=4678000045-00&ServiceCd=150&Type=search", "url2": "https://nankaien.jiaikai-k.or.jp/tuusyo" }, "geometry": { "type": "Point", "coordinates": [ 130.940920600000027, 30.4812014 ] } },
{ "type": "Feature", "properties": { "内容": "芙蓉苑デイサービスセンター【通所介護】中之上１７０２－４", "url": "https://www.kaigokensaku.mhlw.go.jp/46/index.php?action_kouhyou_detail_004_kani=true&JigyosyoCd=4678100043-00&ServiceCd=150&Type=search", "url2": null }, "geometry": { "type": "Point", "coordinates": [ 130.913211918385286, 30.436010896507312 ] } },
{ "type": "Feature", "properties": { "内容": "南種子町社協　河内温泉ディサービスセンター【通所介護】熊毛郡南種子町中之上384番地", "url": "https://www.kaigokensaku.mhlw.go.jp/46/index.php?action_kouhyou_detail_004_kani=true&JigyosyoCd=4678100134-00&ServiceCd=150&Type=search", "url2": "http://minamitaneshakyo.sakura.ne.jp" }, "geometry": { "type": "Point", "coordinates": [ 130.902498599999944, 30.4167126 ] } },
{ "type": "Feature", "properties": { "内容": "屋久島町社協デイサービスセンター縄文の苑【通所介護】鹿児島県熊毛郡屋久島町宮之浦２４６７番地１９屋久島町福祉センター縄文の苑", "url": "https://www.kaigokensaku.mhlw.go.jp/46/index.php?action_kouhyou_detail_004_kani=true&JigyosyoCd=4678200173-00&ServiceCd=150&Type=search", "url2": null }, "geometry": { "type": "Point", "coordinates": [ 130.5878887, 30.417941 ] } },
{ "type": "Feature", "properties": { "内容": "屋久島町社協　通所介護事業所　こまどり館【通所介護】鹿児島県熊毛郡屋久島町尾之間459-1", "url": "https://www.kaigokensaku.mhlw.go.jp/46/index.php?action_kouhyou_detail_004_kani=true&JigyosyoCd=4678200181-00&ServiceCd=150&Type=search", "url2": "yakushima-syakyo.jp" }, "geometry": { "type": "Point", "coordinates": [ 130.557389300000068, 30.2365361 ] } },
{ "type": "Feature", "properties": { "内容": "リハビリ特化型デイサービス屋久ベガス【通所介護】尾之間14-2", "url": "https://www.kaigokensaku.mhlw.go.jp/46/index.php?action_kouhyou_detail_004_kani=true&JigyosyoCd=4678300130-00&ServiceCd=150&Type=search", "url2": null }, "geometry": { "type": "Point", "coordinates": [ 130.554587199999986, 30.237684 ] } },
{ "type": "Feature", "properties": { "内容": "デイサービス安房の丘【通所介護】安房向江野2354-14デイサービス安房の丘", "url": "https://www.kaigokensaku.mhlw.go.jp/46/index.php?action_kouhyou_detail_004_kani=true&JigyosyoCd=4678200264-00&ServiceCd=150&Type=search", "url2": null }, "geometry": { "type": "Point", "coordinates": [ 130.65552, 30.3144375 ] } },
{ "type": "Feature", "properties": { "内容": "奄美の園指定通所介護事業所【通所介護】鹿児島県大島郡瀬戸内町古仁屋1283-27", "url": "https://www.kaigokensaku.mhlw.go.jp/46/index.php?action_kouhyou_detail_004_kani=true&JigyosyoCd=4678600059-00&ServiceCd=150&Type=search", "url2": "www.amaminosono.jp/seibokai.html" }, "geometry": { "type": "Point", "coordinates": [ 129.3207023, 28.1382471 ] } },
{ "type": "Feature", "properties": { "内容": "加計呂麻園通所介護事業所【通所介護】大島郡瀬戸内町伊子茂187番地1", "url": "https://www.kaigokensaku.mhlw.go.jp/46/index.php?action_kouhyou_detail_004_kani=true&JigyosyoCd=4678600109-00&ServiceCd=150&Type=search", "url2": "kakeromaen.jp" }, "geometry": { "type": "Point", "coordinates": [ 129.243878, 28.1085957 ] } },
{ "type": "Feature", "properties": { "内容": "医療法人　徳洲会　デイサービスセンターつむぎ【通所介護】鹿児島県大島郡瀬戸内町古仁屋下間原3-1デイサービスセンターつむぎ", "url": "https://www.kaigokensaku.mhlw.go.jp/46/index.php?action_kouhyou_detail_004_kani=true&JigyosyoCd=4678600398-00&ServiceCd=150&Type=search", "url2": null }, "geometry": { "type": "Point", "coordinates": [ 129.305962595631371, 28.147265655660259 ] } },
{ "type": "Feature", "properties": { "内容": "デイサービス和月龍郷【通所介護】鹿児島県大島郡龍郷町浦１０６８番３", "url": "https://www.kaigokensaku.mhlw.go.jp/46/index.php?action_kouhyou_detail_004_kani=true&JigyosyoCd=4678800279-00&ServiceCd=150&Type=search", "url2": "http://www5.synapse.ne.jp/waduki/index.html" }, "geometry": { "type": "Point", "coordinates": [ 129.587102060150187, 28.403861155953244 ] } },
{ "type": "Feature", "properties": { "内容": "デイサービスオアシスケア喜界【通所介護】鹿児島県大島郡喜界町大字赤連65番地", "url": "https://www.kaigokensaku.mhlw.go.jp/46/index.php?action_kouhyou_detail_004_kani=true&JigyosyoCd=4679000192-00&ServiceCd=150&Type=search", "url2": "http://johsei.org/" }, "geometry": { "type": "Point", "coordinates": [ 129.942495799999961, 28.3188665 ] } },
{ "type": "Feature", "properties": { "内容": "社会福祉法人徳之島町社会福祉協議会通所介護事業所【通所介護】大島郡徳之島町亀津７６７４番地", "url": "https://www.kaigokensaku.mhlw.go.jp/46/index.php?action_kouhyou_detail_004_kani=true&JigyosyoCd=4679100059-00&ServiceCd=150&Type=search", "url2": "htpps//www.syakyo.or.jp/hp/1770/" }, "geometry": { "type": "Point", "coordinates": [ 129.022745500000042, 27.7364194 ] } },
{ "type": "Feature", "properties": { "内容": "デイサービスセンター南風園【通所介護】鹿児島県大島郡徳之島町花徳620番地", "url": "https://www.kaigokensaku.mhlw.go.jp/46/index.php?action_kouhyou_detail_004_kani=true&JigyosyoCd=4679100091-00&ServiceCd=150&Type=search", "url2": "https://www.nanpuuen.org/" }, "geometry": { "type": "Point", "coordinates": [ 128.9661946, 27.8198466 ] } },
{ "type": "Feature", "properties": { "内容": "にこにこ指定通所介護事業所【通所介護】鹿児島県大島郡伊仙町伊仙2124-2", "url": "https://www.kaigokensaku.mhlw.go.jp/46/index.php?action_kouhyou_detail_004_kani=true&JigyosyoCd=4679300063-00&ServiceCd=150&Type=search", "url2": "tokunosima_fukusikai@image.ocn,ne.jp" }, "geometry": { "type": "Point", "coordinates": [ 128.938971291015633, 27.676491868957815 ] } },
{ "type": "Feature", "properties": { "内容": "和泊町社会福祉協議会　指定通所介護事業所【通所介護】鹿児島県大島郡和泊町和泊３９－３番地社会福祉センター内", "url": "https://www.kaigokensaku.mhlw.go.jp/46/index.php?action_kouhyou_detail_004_kani=true&JigyosyoCd=4679400038-00&ServiceCd=150&Type=search", "url2": "wasyakyo@jimdo.com" }, "geometry": { "type": "Point", "coordinates": [ 128.654125099999987, 27.3914482 ] } },
{ "type": "Feature", "properties": { "内容": "社会福祉法人与論町社会福祉協議会通所介護事業所【通所介護】鹿児島県大島郡与論町大字茶花2643番地3与論町地域福祉センター内", "url": "https://www.kaigokensaku.mhlw.go.jp/46/index.php?action_kouhyou_detail_004_kani=true&JigyosyoCd=4679600033-00&ServiceCd=150&Type=search", "url2": "http://yoronsyakyo.jimdosite.com" }, "geometry": { "type": "Point", "coordinates": [ 128.425151847885104, 27.051777997766138 ] } }
]
}
