{
"type": "FeatureCollection",
"name": "geo_46_認知症対応型共同生活介護",
"crs": { "type": "name", "properties": { "name": "urn:ogc:def:crs:OGC:1.3:CRS84" } },
"features": [
{ "type": "Feature", "properties": { "内容": "グループホーム　下田温泉の郷【認知症対応型共同生活介護】鹿児島県鹿児島市坂元町1087-1", "url": "https://www.kaigokensaku.mhlw.go.jp/46/index.php?action_kouhyou_detail_004_kani=true&JigyosyoCd=4690101060-00&ServiceCd=320&Type=search", "url2": null }, "geometry": { "type": "Point", "coordinates": [ 130.5538444, 31.6379218 ] } },
{ "type": "Feature", "properties": { "内容": "認知症の人と暮らす家　五福【認知症対応型共同生活介護】鹿児島県鹿児島市宇宿九丁目11番22号", "url": "https://www.kaigokensaku.mhlw.go.jp/46/index.php?action_kouhyou_detail_004_kani=true&JigyosyoCd=4690101219-00&ServiceCd=320&Type=search", "url2": null }, "geometry": { "type": "Point", "coordinates": [ 130.52085744959868, 31.558206177758731 ] } },
{ "type": "Feature", "properties": { "内容": "認知症の人と暮らす家　福籠【認知症対応型共同生活介護】鹿児島県鹿児島市田上六丁目19番3号", "url": "https://www.kaigokensaku.mhlw.go.jp/46/index.php?action_kouhyou_detail_004_kani=true&JigyosyoCd=4690102282-00&ServiceCd=320&Type=search", "url2": null }, "geometry": { "type": "Point", "coordinates": [ 130.525322079098515, 31.582388351153313 ] } },
{ "type": "Feature", "properties": { "内容": "グループホームかわかみ【認知症対応型共同生活介護】川上町１８５４－１", "url": "https://www.kaigokensaku.mhlw.go.jp/46/index.php?action_kouhyou_detail_004_kani=true&JigyosyoCd=4670104365-00&ServiceCd=320&Type=search", "url2": null }, "geometry": { "type": "Point", "coordinates": [ 130.56370430000004, 31.6588977 ] } },
{ "type": "Feature", "properties": { "内容": "グループホーム　笑憩の里【認知症対応型共同生活介護】鹿児島県鹿児島市吉野町5221番地1", "url": "https://www.kaigokensaku.mhlw.go.jp/46/index.php?action_kouhyou_detail_004_kani=true&JigyosyoCd=4670103060-00&ServiceCd=320&Type=search", "url2": "http://www.jinaikai.com/shoukei/" }, "geometry": { "type": "Point", "coordinates": [ 130.5837206, 31.6475459 ] } },
{ "type": "Feature", "properties": { "内容": "認知症対応型共同生活介護　まごころ照国【認知症対応型共同生活介護】鹿児島県鹿児島市照国町７－１７", "url": "https://www.kaigokensaku.mhlw.go.jp/46/index.php?action_kouhyou_detail_004_kani=true&JigyosyoCd=4690101920-00&ServiceCd=320&Type=search", "url2": null }, "geometry": { "type": "Point", "coordinates": [ 130.549455200000011, 31.5937009 ] } },
{ "type": "Feature", "properties": { "内容": "グループホーム　癒しの森【認知症対応型共同生活介護】岡之原町６００番地１", "url": "https://www.kaigokensaku.mhlw.go.jp/46/index.php?action_kouhyou_detail_004_kani=true&JigyosyoCd=4670104829-00&ServiceCd=320&Type=search", "url2": "kanyoukai.or.jp" }, "geometry": { "type": "Point", "coordinates": [ 130.550627, 31.6701798 ] } },
{ "type": "Feature", "properties": { "内容": "グループホームスマイリング・パークかごしま【認知症対応型共同生活介護】鹿児島県鹿児島市郡山町２５７０－１", "url": "https://www.kaigokensaku.mhlw.go.jp/46/index.php?action_kouhyou_detail_004_kani=true&JigyosyoCd=4690102894-00&ServiceCd=320&Type=search", "url2": null }, "geometry": { "type": "Point", "coordinates": [ 130.466531300000014, 31.6885658 ] } },
{ "type": "Feature", "properties": { "内容": "グループホーム「ほのぼの家族の里」【認知症対応型共同生活介護】吉野町6013番地1", "url": "https://www.kaigokensaku.mhlw.go.jp/46/index.php?action_kouhyou_detail_004_kani=true&JigyosyoCd=4670103441-00&ServiceCd=320&Type=search", "url2": null }, "geometry": { "type": "Point", "coordinates": [ 130.58702310000001, 31.6497679 ] } },
{ "type": "Feature", "properties": { "内容": "グループホームはっぴー【認知症対応型共同生活介護】下福元町９５５８番地２７グループホーム　はっぴー", "url": "https://www.kaigokensaku.mhlw.go.jp/46/index.php?action_kouhyou_detail_004_kani=true&JigyosyoCd=4670104373-00&ServiceCd=320&Type=search", "url2": "http//happy-en.jp/" }, "geometry": { "type": "Point", "coordinates": [ 130.502470499999959, 31.520783 ] } },
{ "type": "Feature", "properties": { "内容": "グループホームあけぼの【認知症対応型共同生活介護】山田町2019番地", "url": "https://www.kaigokensaku.mhlw.go.jp/46/index.php?action_kouhyou_detail_004_kani=true&JigyosyoCd=4670105214-00&ServiceCd=320&Type=search", "url2": "http://www.kakuyokai.com/" }, "geometry": { "type": "Point", "coordinates": [ 130.506804699999947, 31.5639981 ] } },
{ "type": "Feature", "properties": { "内容": "医療法人　春風会　グループホーム　はるかぜ西陵【認知症対応型共同生活介護】鹿児島市西陵5丁目１２番4号", "url": "https://www.kaigokensaku.mhlw.go.jp/46/index.php?action_kouhyou_detail_004_kani=true&JigyosyoCd=4670102500-00&ServiceCd=320&Type=search", "url2": "https://gh-shunpukai-kirara.jp/" }, "geometry": { "type": "Point", "coordinates": [ 130.504848600000059, 31.5820933 ] } },
{ "type": "Feature", "properties": { "内容": "ザ　テラス　西田橋【認知症対応型共同生活介護】西田１－１１－１カーサ土橋", "url": "https://www.kaigokensaku.mhlw.go.jp/46/index.php?action_kouhyou_detail_004_kani=true&JigyosyoCd=4670103185-00&ServiceCd=320&Type=search", "url2": "www.jikeikai.net" }, "geometry": { "type": "Point", "coordinates": [ 130.543314099999947, 31.588218 ] } },
{ "type": "Feature", "properties": { "内容": "グループホーム　せせらぎの里　鹿児島南【認知症対応型共同生活介護】鹿児島県鹿児島市東谷山２丁目５番８号", "url": "https://www.kaigokensaku.mhlw.go.jp/46/index.php?action_kouhyou_detail_004_kani=true&JigyosyoCd=4690101458-00&ServiceCd=320&Type=search", "url2": "seseragi-minami.jp" }, "geometry": { "type": "Point", "coordinates": [ 130.524418914155603, 31.530984607213785 ] } },
{ "type": "Feature", "properties": { "内容": "グループホームいこいの広場【認知症対応型共同生活介護】鹿児島市坂之上4-6-13", "url": "https://www.kaigokensaku.mhlw.go.jp/46/index.php?action_kouhyou_detail_004_kani=true&JigyosyoCd=4670102534-00&ServiceCd=320&Type=search", "url2": null }, "geometry": { "type": "Point", "coordinates": [ 130.5046171882218, 31.50005314815261 ] } },
{ "type": "Feature", "properties": { "内容": "グループホームさくら【認知症対応型共同生活介護】鹿児島市福山町９５８－１", "url": "https://www.kaigokensaku.mhlw.go.jp/46/index.php?action_kouhyou_detail_004_kani=true&JigyosyoCd=4670104258-00&ServiceCd=320&Type=search", "url2": "http://sakura-kai.co.jp" }, "geometry": { "type": "Point", "coordinates": [ 130.4423683, 31.6071376 ] } },
{ "type": "Feature", "properties": { "内容": "さくらのお家よしだ【認知症対応型共同生活介護】鹿児島県鹿児島市東佐多町２６９－２さくらのお家よしだ", "url": "https://www.kaigokensaku.mhlw.go.jp/46/index.php?action_kouhyou_detail_004_kani=true&JigyosyoCd=4671500090-00&ServiceCd=320&Type=search", "url2": "http://ｗｗｗ.ichioukai.or.jp" }, "geometry": { "type": "Point", "coordinates": [ 130.576220199999966, 31.7315967 ] } },
{ "type": "Feature", "properties": { "内容": "グループホーム　めぐみの丘坂元【認知症対応型共同生活介護】坂元町878番地１", "url": "https://www.kaigokensaku.mhlw.go.jp/46/index.php?action_kouhyou_detail_004_kani=true&JigyosyoCd=4670104225-00&ServiceCd=320&Type=search", "url2": null }, "geometry": { "type": "Point", "coordinates": [ 130.5571613, 31.6297781 ] } },
{ "type": "Feature", "properties": { "内容": "グループホーム　オアシスケア草牟田【認知症対応型共同生活介護】鹿児島県鹿児島市草牟田2丁目52番40号", "url": "https://www.kaigokensaku.mhlw.go.jp/46/index.php?action_kouhyou_detail_004_kani=true&JigyosyoCd=4690102761-00&ServiceCd=320&Type=search", "url2": "https://oasiscare.jp/index.html" }, "geometry": { "type": "Point", "coordinates": [ 130.542317700000012, 31.6056768 ] } },
{ "type": "Feature", "properties": { "内容": "厚地グループホーム　みま森【認知症対応型共同生活介護】鹿児島県鹿児島市東郡元町１２番３号みま森　2階", "url": "https://www.kaigokensaku.mhlw.go.jp/46/index.php?action_kouhyou_detail_004_kani=true&JigyosyoCd=4690101151-00&ServiceCd=320&Type=search", "url2": "http:/www.jifuukai.jp" }, "geometry": { "type": "Point", "coordinates": [ 130.548654474868698, 31.553975716236558 ] } },
{ "type": "Feature", "properties": { "内容": "グループホーム中山の里【認知症対応型共同生活介護】鹿児島市上福元町５９３３番地", "url": "https://www.kaigokensaku.mhlw.go.jp/46/index.php?action_kouhyou_detail_004_kani=true&JigyosyoCd=4670104050-00&ServiceCd=320&Type=search", "url2": "https://tasukeai-k.jp/" }, "geometry": { "type": "Point", "coordinates": [ 130.497832, 31.5325211 ] } },
{ "type": "Feature", "properties": { "内容": "グループホーム風と光【認知症対応型共同生活介護】鹿児島市紫原4丁目4-22Fフューチャーヴィレッジ風と光2F", "url": "https://www.kaigokensaku.mhlw.go.jp/46/index.php?action_kouhyou_detail_004_kani=true&JigyosyoCd=4690100815-00&ServiceCd=320&Type=search", "url2": "http://jyouseikai.jp/gh-kazetohikari.html" }, "geometry": { "type": "Point", "coordinates": [ 130.533501900000033, 31.5597182 ] } },
{ "type": "Feature", "properties": { "内容": "医療法人　敬天会　グループホームいしき【認知症対応型共同生活介護】伊敷台4丁目34-50", "url": "https://www.kaigokensaku.mhlw.go.jp/46/index.php?action_kouhyou_detail_004_kani=true&JigyosyoCd=4670104548-00&ServiceCd=320&Type=search", "url2": "https://kaigo-keitenkai.com/" }, "geometry": { "type": "Point", "coordinates": [ 130.5438901, 31.6302918 ] } },
{ "type": "Feature", "properties": { "内容": "グループホーム旭ヶ丘園【認知症対応型共同生活介護】鹿児島県鹿児島市平川町1341番地10グループホーム旭ヶ丘園", "url": "https://www.kaigokensaku.mhlw.go.jp/46/index.php?action_kouhyou_detail_004_kani=true&JigyosyoCd=4690102522-00&ServiceCd=320&Type=search", "url2": "https://kyokuseikai.com/" }, "geometry": { "type": "Point", "coordinates": [ 130.5028379, 31.4671344 ] } },
{ "type": "Feature", "properties": { "内容": "医療法人徳洲会　グループホーム光徳苑【認知症対応型共同生活介護】谷山中央2-4515介護老人保健施設　光徳苑　6階", "url": "https://www.kaigokensaku.mhlw.go.jp/46/index.php?action_kouhyou_detail_004_kani=true&JigyosyoCd=4690102084-00&ServiceCd=320&Type=search", "url2": "https://www.tokushukai.or.jp" }, "geometry": { "type": "Point", "coordinates": [ 130.519296948651402, 31.523100618322367 ] } },
{ "type": "Feature", "properties": { "内容": "医療法人佑志会　グループホーム花々館郡山【認知症対応型共同生活介護】郡山町２１５７番１", "url": "https://www.kaigokensaku.mhlw.go.jp/46/index.php?action_kouhyou_detail_004_kani=true&JigyosyoCd=4670104860-00&ServiceCd=320&Type=search", "url2": "ｈｔｔｐ：//ｙｕｕｓｈｉｋａｉ.ｏｒ.ｊｐ/" }, "geometry": { "type": "Point", "coordinates": [ 130.469512784721246, 31.684257845244115 ] } },
{ "type": "Feature", "properties": { "内容": "グループホーム　エデンの丘【認知症対応型共同生活介護】鹿児島市坂元町161-4", "url": "https://www.kaigokensaku.mhlw.go.jp/46/index.php?action_kouhyou_detail_004_kani=true&JigyosyoCd=4670105008-00&ServiceCd=320&Type=search", "url2": null }, "geometry": { "type": "Point", "coordinates": [ 130.5516288, 31.6216732 ] } },
{ "type": "Feature", "properties": { "内容": "グループホームあったかハウス松元【認知症対応型共同生活介護】鹿児島県鹿児島市石谷町1211番地23", "url": "https://www.kaigokensaku.mhlw.go.jp/46/index.php?action_kouhyou_detail_004_kani=true&JigyosyoCd=4673100097-00&ServiceCd=320&Type=search", "url2": "http://www.seiskin-kai.org" }, "geometry": { "type": "Point", "coordinates": [ 130.465494499999977, 31.6164928 ] } },
{ "type": "Feature", "properties": { "内容": "グループホーム　静和【認知症対応型共同生活介護】鹿児島市星ケ峯１丁目１７番２号", "url": "https://www.kaigokensaku.mhlw.go.jp/46/index.php?action_kouhyou_detail_004_kani=true&JigyosyoCd=4690101227-00&ServiceCd=320&Type=search", "url2": "http://www.seishin-kai.org/rk/seiwa.html" }, "geometry": { "type": "Point", "coordinates": [ 130.503073089024383, 31.573875898194544 ] } },
{ "type": "Feature", "properties": { "内容": "清谿園　グループホーム　どんぐり【認知症対応型共同生活介護】鹿児島県鹿児島市中山町５２１７番地", "url": "https://www.kaigokensaku.mhlw.go.jp/46/index.php?action_kouhyou_detail_004_kani=true&JigyosyoCd=4670105206-00&ServiceCd=320&Type=search", "url2": "http://www.seikeien.com" }, "geometry": { "type": "Point", "coordinates": [ 130.500762200000054, 31.5347709 ] } },
{ "type": "Feature", "properties": { "内容": "医療法人友志会　グループホーム玉里【認知症対応型共同生活介護】鹿児島県鹿児島市玉里団地2-5-1", "url": "https://www.kaigokensaku.mhlw.go.jp/46/index.php?action_kouhyou_detail_004_kani=true&JigyosyoCd=4670103482-00&ServiceCd=320&Type=search", "url2": "https://kuwahata-clinic.com/relation/tamazato/" }, "geometry": { "type": "Point", "coordinates": [ 130.546837801852433, 31.617841422998819 ] } },
{ "type": "Feature", "properties": { "内容": "グループホーム　きむら【認知症対応型共同生活介護】鹿児島市　石谷町　２１０５－３", "url": "https://www.kaigokensaku.mhlw.go.jp/46/index.php?action_kouhyou_detail_004_kani=true&JigyosyoCd=4673100113-00&ServiceCd=320&Type=search", "url2": "http://kimura-gekanaika.con/" }, "geometry": { "type": "Point", "coordinates": [ 130.463054100000022, 31.5959004 ] } },
{ "type": "Feature", "properties": { "内容": "グループホーム瀬々串【認知症対応型共同生活介護】鹿児島県鹿児島市喜入瀬々串町1番地グループホーム瀬々串", "url": "https://www.kaigokensaku.mhlw.go.jp/46/index.php?action_kouhyou_detail_004_kani=true&JigyosyoCd=4690101607-00&ServiceCd=320&Type=search", "url2": "https://kiire.jp" }, "geometry": { "type": "Point", "coordinates": [ 130.524002500000051, 31.4242411 ] } },
{ "type": "Feature", "properties": { "内容": "グループホーム　花蓮【認知症対応型共同生活介護】西谷山3丁目1番10号", "url": "https://www.kaigokensaku.mhlw.go.jp/46/index.php?action_kouhyou_detail_004_kani=true&JigyosyoCd=4690102191-00&ServiceCd=320&Type=search", "url2": "karen@chime.ocn.ne.jp" }, "geometry": { "type": "Point", "coordinates": [ 130.4999942, 31.5286949 ] } },
{ "type": "Feature", "properties": { "内容": "グループホーム花蓮サテライト【認知症対応型共同生活介護】西谷山2丁目7番38号萩原整形外科２階", "url": "https://www.kaigokensaku.mhlw.go.jp/46/index.php?action_kouhyou_detail_004_kani=true&JigyosyoCd=4690102829-00&ServiceCd=320&Type=search", "url2": null }, "geometry": { "type": "Point", "coordinates": [ 130.5060751, 31.520981 ] } },
{ "type": "Feature", "properties": { "内容": "グループホームすずらんの家【認知症対応型共同生活介護】鹿児島市平川町１５４７番地", "url": "https://www.kaigokensaku.mhlw.go.jp/46/index.php?action_kouhyou_detail_004_kani=true&JigyosyoCd=4670104068-00&ServiceCd=320&Type=search", "url2": null }, "geometry": { "type": "Point", "coordinates": [ 130.507245300000022, 31.4692292 ] } },
{ "type": "Feature", "properties": { "内容": "寿康園グープホーム飯山【認知症対応型共同生活介護】鹿児島県鹿児島市本名町2196-1", "url": "https://www.kaigokensaku.mhlw.go.jp/46/index.php?action_kouhyou_detail_004_kani=true&JigyosyoCd=4690100831-00&ServiceCd=320&Type=search", "url2": "ｈｔｔｐ：//ｗｗｗ3.ｏｃｎ.ｎｅ.ｊｐ/-ｊｕｋｏｅｎ/ｉｎｄｅｎｘ.ｈｔｍ" }, "geometry": { "type": "Point", "coordinates": [ 130.546962500000063, 31.6949303 ] } },
{ "type": "Feature", "properties": { "内容": "グループホームはらら【認知症対応型共同生活介護】原良２丁目10番11号", "url": "https://www.kaigokensaku.mhlw.go.jp/46/index.php?action_kouhyou_detail_004_kani=true&JigyosyoCd=4690100765-00&ServiceCd=320&Type=search", "url2": "http://confiance2002.com/" }, "geometry": { "type": "Point", "coordinates": [ 130.533136600000034, 31.5980332 ] } },
{ "type": "Feature", "properties": { "内容": "グループホーム草牟田【認知症対応型共同生活介護】鹿児島県鹿児島市草牟田2丁目9-30グループホーム草牟田", "url": "https://www.kaigokensaku.mhlw.go.jp/46/index.php?action_kouhyou_detail_004_kani=true&JigyosyoCd=4690102308-00&ServiceCd=320&Type=search", "url2": null }, "geometry": { "type": "Point", "coordinates": [ 130.5384041, 31.6049573 ] } },
{ "type": "Feature", "properties": { "内容": "医療法人　友志会　グループホーム良友【認知症対応型共同生活介護】鹿児島県鹿児島市玉里団地２－５－１", "url": "https://www.kaigokensaku.mhlw.go.jp/46/index.php?action_kouhyou_detail_004_kani=true&JigyosyoCd=4690100393-00&ServiceCd=320&Type=search", "url2": "http://kuwahata-clinic.com/" }, "geometry": { "type": "Point", "coordinates": [ 130.546762700000045, 31.6178734 ] } },
{ "type": "Feature", "properties": { "内容": "グループホーム谷山ゆめ【認知症対応型共同生活介護】鹿児島市下福元町1719番地3", "url": "https://www.kaigokensaku.mhlw.go.jp/46/index.php?action_kouhyou_detail_004_kani=true&JigyosyoCd=4670103045-00&ServiceCd=320&Type=search", "url2": null }, "geometry": { "type": "Point", "coordinates": [ 130.494643600000018, 31.5201441 ] } },
{ "type": "Feature", "properties": { "内容": "グループホームほのぼの【認知症対応型共同生活介護】鹿児島市西別府町1801番地", "url": "https://www.kaigokensaku.mhlw.go.jp/46/index.php?action_kouhyou_detail_004_kani=true&JigyosyoCd=4670103193-00&ServiceCd=320&Type=search", "url2": "http://mirai-kagoshima.jp/" }, "geometry": { "type": "Point", "coordinates": [ 130.48662760000002, 31.5996586 ] } },
{ "type": "Feature", "properties": { "内容": "グループホームタンポポ福祉館【認知症対応型共同生活介護】鹿児島県鹿児島市春山町１８５５－７", "url": "https://www.kaigokensaku.mhlw.go.jp/46/index.php?action_kouhyou_detail_004_kani=true&JigyosyoCd=4673100105-00&ServiceCd=320&Type=search", "url2": "tanpopofukushikanida@air.ocn.ne.jp" }, "geometry": { "type": "Point", "coordinates": [ 130.451713199999972, 31.5847953 ] } },
{ "type": "Feature", "properties": { "内容": "グループホーム甲突悠暮里【認知症対応型共同生活介護】鹿児島市郡山町68番地", "url": "https://www.kaigokensaku.mhlw.go.jp/46/index.php?action_kouhyou_detail_004_kani=true&JigyosyoCd=4670105156-00&ServiceCd=320&Type=search", "url2": "yukuri-grp.com" }, "geometry": { "type": "Point", "coordinates": [ 130.479362, 31.6815408 ] } },
{ "type": "Feature", "properties": { "内容": "グループホーム　楽【認知症対応型共同生活介護】鹿児島市中山町1207-1", "url": "https://www.kaigokensaku.mhlw.go.jp/46/index.php?action_kouhyou_detail_004_kani=true&JigyosyoCd=4690102290-00&ServiceCd=320&Type=search", "url2": null }, "geometry": { "type": "Point", "coordinates": [ 130.4770912, 31.5397934 ] } },
{ "type": "Feature", "properties": { "内容": "グループホーム　さくら荘【認知症対応型共同生活介護】鹿児島県　鹿児島市　坂之上７丁目３８番５６号", "url": "https://www.kaigokensaku.mhlw.go.jp/46/index.php?action_kouhyou_detail_004_kani=true&JigyosyoCd=4670103474-00&ServiceCd=320&Type=search", "url2": null }, "geometry": { "type": "Point", "coordinates": [ 130.499945196654835, 31.491856985819243 ] } },
{ "type": "Feature", "properties": { "内容": "グループホーム　かごしま西　太陽の家【認知症対応型共同生活介護】鹿児島市西別府町２７９４－１８５", "url": "https://www.kaigokensaku.mhlw.go.jp/46/index.php?action_kouhyou_detail_004_kani=true&JigyosyoCd=4690100641-00&ServiceCd=320&Type=search", "url2": null }, "geometry": { "type": "Point", "coordinates": [ 130.49518809999995, 31.5939645 ] } },
{ "type": "Feature", "properties": { "内容": "グループホームてらやま【認知症対応型共同生活介護】鹿児島市吉野町６５８１番地２", "url": "https://www.kaigokensaku.mhlw.go.jp/46/index.php?action_kouhyou_detail_004_kani=true&JigyosyoCd=4690100013-00&ServiceCd=320&Type=search", "url2": "http://www.care-garden.or.jp" }, "geometry": { "type": "Point", "coordinates": [ 130.60124129999997, 31.653765199999988 ] } },
{ "type": "Feature", "properties": { "内容": "グループホームみどり【認知症対応型共同生活介護】鹿児島県鹿児島市川上町3561番地", "url": "https://www.kaigokensaku.mhlw.go.jp/46/index.php?action_kouhyou_detail_004_kani=true&JigyosyoCd=4690100039-00&ServiceCd=320&Type=search", "url2": "http://www.yoshimitsu-group.com" }, "geometry": { "type": "Point", "coordinates": [ 130.549399900000026, 31.652537 ] } },
{ "type": "Feature", "properties": { "内容": "谷山緑地苑【認知症対応型共同生活介護】鹿児島市谷山中央2丁目702-56", "url": "https://www.kaigokensaku.mhlw.go.jp/46/index.php?action_kouhyou_detail_004_kani=true&JigyosyoCd=4690102993-00&ServiceCd=320&Type=search", "url2": "https://nozomikai.co" }, "geometry": { "type": "Point", "coordinates": [ 130.525597680564886, 31.525330159279303 ] } },
{ "type": "Feature", "properties": { "内容": "グループホームせせらぎ【認知症対応型共同生活介護】鹿児島県鹿児島市真砂本町４－７", "url": "https://www.kaigokensaku.mhlw.go.jp/46/index.php?action_kouhyou_detail_004_kani=true&JigyosyoCd=4670103763-00&ServiceCd=320&Type=search", "url2": "https://ookatsu.jp/kanrenshisetu/glpseseragi" }, "geometry": { "type": "Point", "coordinates": [ 130.551642043915052, 31.555430959669213 ] } },
{ "type": "Feature", "properties": { "内容": "公益財団法人慈愛会　グループホーム　愛と結の街【認知症対応型共同生活介護】鹿児島県鹿児島市小原町９－２８", "url": "https://www.kaigokensaku.mhlw.go.jp/46/index.php?action_kouhyou_detail_004_kani=true&JigyosyoCd=4670101908-00&ServiceCd=320&Type=search", "url2": "http://www.jiaikai.or.jp/" }, "geometry": { "type": "Point", "coordinates": [ 130.5299642, 31.5420007 ] } },
{ "type": "Feature", "properties": { "内容": "グループホーム灯夢想家【認知症対応型共同生活介護】鹿児島市東開町3-21", "url": "https://www.kaigokensaku.mhlw.go.jp/46/index.php?action_kouhyou_detail_004_kani=true&JigyosyoCd=4670104969-00&ServiceCd=320&Type=search", "url2": "https://toukaimedical.jp/" }, "geometry": { "type": "Point", "coordinates": [ 130.53062351941216, 31.530161021290784 ] } },
{ "type": "Feature", "properties": { "内容": "グループホームおあしす坂之上【認知症対応型共同生活介護】鹿児島県鹿児島市坂之上１丁目４７番２２号", "url": "https://www.kaigokensaku.mhlw.go.jp/46/index.php?action_kouhyou_detail_004_kani=true&JigyosyoCd=4670105057-00&ServiceCd=320&Type=search", "url2": "http://www.medicorp.co.jp/home_oasis_sakanoue.html" }, "geometry": { "type": "Point", "coordinates": [ 130.510311699999988, 31.5013708 ] } },
{ "type": "Feature", "properties": { "内容": "グループホーム桜【認知症対応型共同生活介護】鹿児島市下福元町9057番地", "url": "https://www.kaigokensaku.mhlw.go.jp/46/index.php?action_kouhyou_detail_004_kani=true&JigyosyoCd=4670102542-00&ServiceCd=320&Type=search", "url2": "https://aishin-kai.or.jp/" }, "geometry": { "type": "Point", "coordinates": [ 130.487413699999934, 31.4976316 ] } },
{ "type": "Feature", "properties": { "内容": "グループホーム　いこいの泉【認知症対応型共同生活介護】鹿児島市泉町９－５", "url": "https://www.kaigokensaku.mhlw.go.jp/46/index.php?action_kouhyou_detail_004_kani=true&JigyosyoCd=4690101243-00&ServiceCd=320&Type=search", "url2": null }, "geometry": { "type": "Point", "coordinates": [ 130.558974, 31.5933956 ] } },
{ "type": "Feature", "properties": { "内容": "株式会社ヘルスネット徳洲会　グループホーム山田の里【認知症対応型共同生活介護】鹿児島市山田町44番地３グループホーム　山田の里", "url": "https://www.kaigokensaku.mhlw.go.jp/46/index.php?action_kouhyou_detail_004_kani=true&JigyosyoCd=4670105180-00&ServiceCd=320&Type=search", "url2": null }, "geometry": { "type": "Point", "coordinates": [ 130.5028919, 31.5516134 ] } },
{ "type": "Feature", "properties": { "内容": "医療法人みらい　グループホームはるかぜ【認知症対応型共同生活介護】鹿児島市西陵６丁目21番21号", "url": "https://www.kaigokensaku.mhlw.go.jp/46/index.php?action_kouhyou_detail_004_kani=true&JigyosyoCd=4670102047-00&ServiceCd=320&Type=search", "url2": "https://gh-mirai-kirara.jp/" }, "geometry": { "type": "Point", "coordinates": [ 130.504309700000022, 31.5820989 ] } },
{ "type": "Feature", "properties": { "内容": "グループホーム　コーボー【認知症対応型共同生活介護】鹿児島県鹿児島市西陵５丁目１２番３号", "url": "https://www.kaigokensaku.mhlw.go.jp/46/index.php?action_kouhyou_detail_004_kani=true&JigyosyoCd=4670102724-00&ServiceCd=320&Type=search", "url2": "https://gh-mirai-kirara.jp" }, "geometry": { "type": "Point", "coordinates": [ 130.505012399999941, 31.5819183 ] } },
{ "type": "Feature", "properties": { "内容": "グループホーム明和の家【認知症対応型共同生活介護】鹿児島市明和5丁目１－１５", "url": "https://www.kaigokensaku.mhlw.go.jp/46/index.php?action_kouhyou_detail_004_kani=true&JigyosyoCd=4670103102-00&ServiceCd=320&Type=search", "url2": null }, "geometry": { "type": "Point", "coordinates": [ 130.531172500000025, 31.6092654 ] } },
{ "type": "Feature", "properties": { "内容": "グループホーム武岡ハイランド【認知症対応型共同生活介護】鹿児島市小野町2427番2", "url": "https://www.kaigokensaku.mhlw.go.jp/46/index.php?action_kouhyou_detail_004_kani=true&JigyosyoCd=4670103268-00&ServiceCd=320&Type=search", "url2": "http://www.saiseikai-kg.jp" }, "geometry": { "type": "Point", "coordinates": [ 130.512976392729229, 31.598841329329808 ] } },
{ "type": "Feature", "properties": { "内容": "グル―プホームさくらじま【認知症対応型共同生活介護】鹿児島県鹿児島市野尻町４９番地1", "url": "https://www.kaigokensaku.mhlw.go.jp/46/index.php?action_kouhyou_detail_004_kani=true&JigyosyoCd=4670103417-00&ServiceCd=320&Type=search", "url2": "https://www.tenyoukai.org/grouphome/index.html" }, "geometry": { "type": "Point", "coordinates": [ 130.620052799999939, 31.5626657 ] } },
{ "type": "Feature", "properties": { "内容": "グループホーム　ゆうかり【認知症対応型共同生活介護】吉野町3389-6", "url": "https://www.kaigokensaku.mhlw.go.jp/46/index.php?action_kouhyou_detail_004_kani=true&JigyosyoCd=4670103573-00&ServiceCd=320&Type=search", "url2": "http://yuukari.kawamoto-cl.or.jp/" }, "geometry": { "type": "Point", "coordinates": [ 130.57619549325409, 31.643740101858405 ] } },
{ "type": "Feature", "properties": { "内容": "グループホーム笹貫の家【認知症対応型共同生活介護】鹿児島市小松原１丁目１番", "url": "https://www.kaigokensaku.mhlw.go.jp/46/index.php?action_kouhyou_detail_004_kani=true&JigyosyoCd=4670103730-00&ServiceCd=320&Type=search", "url2": "sasanukinoie@po.minc.ne.jp" }, "geometry": { "type": "Point", "coordinates": [ 130.534486099999981, 31.5401093 ] } },
{ "type": "Feature", "properties": { "内容": "グループホーム　紫原【認知症対応型共同生活介護】鹿児島県鹿児島市紫原四丁目34番31号グループホーム紫原", "url": "https://www.kaigokensaku.mhlw.go.jp/46/index.php?action_kouhyou_detail_004_kani=true&JigyosyoCd=4670103904-00&ServiceCd=320&Type=search", "url2": "https://gh-mirai-kirara.jp/gh-murasakibaru/" }, "geometry": { "type": "Point", "coordinates": [ 130.529693800000018, 31.5593849 ] } },
{ "type": "Feature", "properties": { "内容": "グループホーム西谷山【認知症対応型共同生活介護】鹿児島市上福元町5604番地", "url": "https://www.kaigokensaku.mhlw.go.jp/46/index.php?action_kouhyou_detail_004_kani=true&JigyosyoCd=4670103920-00&ServiceCd=320&Type=search", "url2": null }, "geometry": { "type": "Point", "coordinates": [ 130.500467800000024, 31.5321739 ] } },
{ "type": "Feature", "properties": { "内容": "有限会社パッション　グループホームパッション【認知症対応型共同生活介護】鹿児島市和田1丁目16番1号", "url": "https://www.kaigokensaku.mhlw.go.jp/46/index.php?action_kouhyou_detail_004_kani=true&JigyosyoCd=4670104076-00&ServiceCd=320&Type=search", "url2": "kirara-family.com" }, "geometry": { "type": "Point", "coordinates": [ 130.513447736691347, 31.511828917385813 ] } },
{ "type": "Feature", "properties": { "内容": "グループホーム　はるかぜ滝の神【認知症対応型共同生活介護】鹿児島県鹿児島市吉野町１０４４－９", "url": "https://www.kaigokensaku.mhlw.go.jp/46/index.php?action_kouhyou_detail_004_kani=true&JigyosyoCd=4670104134-00&ServiceCd=320&Type=search", "url2": "https://e-mirai.or.jp/mirai-reha/" }, "geometry": { "type": "Point", "coordinates": [ 130.572597, 31.6200847 ] } },
{ "type": "Feature", "properties": { "内容": "グループホーム　唐湊の家【認知症対応型共同生活介護】鹿児島市唐湊三丁目2番4号", "url": "https://www.kaigokensaku.mhlw.go.jp/46/index.php?action_kouhyou_detail_004_kani=true&JigyosyoCd=4670104480-00&ServiceCd=320&Type=search", "url2": "www.kirara-family.com/facility‐list" }, "geometry": { "type": "Point", "coordinates": [ 130.5376539, 31.5693145 ] } },
{ "type": "Feature", "properties": { "内容": "グループホームおあしす【認知症対応型共同生活介護】鹿児島県鹿児島市谷山中央6丁目27番5号", "url": "https://www.kaigokensaku.mhlw.go.jp/46/index.php?action_kouhyou_detail_004_kani=true&JigyosyoCd=4670104498-00&ServiceCd=320&Type=search", "url2": "http://www.medicorp.co.jp/group_home_oasis.html" }, "geometry": { "type": "Point", "coordinates": [ 130.509164300000066, 31.5154613 ] } },
{ "type": "Feature", "properties": { "内容": "グループホーム　　小野の里【認知症対応型共同生活介護】鹿児島県鹿児島市小野2丁目10番18号", "url": "https://www.kaigokensaku.mhlw.go.jp/46/index.php?action_kouhyou_detail_004_kani=true&JigyosyoCd=4670104506-00&ServiceCd=320&Type=search", "url2": "https://gh-mirai-kirara.jp/gh-ono/" }, "geometry": { "type": "Point", "coordinates": [ 130.524245, 31.6144149 ] } },
{ "type": "Feature", "properties": { "内容": "グループホームはるかぜ黎明【認知症対応型共同生活介護】鹿児島市照国町３番１８号", "url": "https://www.kaigokensaku.mhlw.go.jp/46/index.php?action_kouhyou_detail_004_kani=true&JigyosyoCd=4670104563-00&ServiceCd=320&Type=search", "url2": "http://www.shunpukai-hospital.com/grouphome/" }, "geometry": { "type": "Point", "coordinates": [ 130.549599700000044, 31.592601 ] } },
{ "type": "Feature", "properties": { "内容": "グループホームかすが【認知症対応型共同生活介護】鹿児島市春日町８番２５号", "url": "https://www.kaigokensaku.mhlw.go.jp/46/index.php?action_kouhyou_detail_004_kani=true&JigyosyoCd=4670105149-00&ServiceCd=320&Type=search", "url2": "gh-shunpukai-kirara.jp" }, "geometry": { "type": "Point", "coordinates": [ 130.566547899999932, 31.6067193 ] } },
{ "type": "Feature", "properties": { "内容": "グループホームはるかぜ　西伊敷【認知症対応型共同生活介護】鹿児島市西伊敷4丁目45番5号", "url": "https://www.kaigokensaku.mhlw.go.jp/46/index.php?action_kouhyou_detail_004_kani=true&JigyosyoCd=4670105222-00&ServiceCd=320&Type=search", "url2": "http://gh-mirai-kirara.jp/" }, "geometry": { "type": "Point", "coordinates": [ 130.531732299999931, 31.6437794 ] } },
{ "type": "Feature", "properties": { "内容": "グループホームはるかぜ新屋敷【認知症対応型共同生活介護】新屋敷町４－１", "url": "https://www.kaigokensaku.mhlw.go.jp/46/index.php?action_kouhyou_detail_004_kani=true&JigyosyoCd=4670105230-00&ServiceCd=320&Type=search", "url2": "https://gh-mirai-kirara.jp/" }, "geometry": { "type": "Point", "coordinates": [ 130.554935800000067, 31.5820135 ] } },
{ "type": "Feature", "properties": { "内容": "グループホーム　大竜【認知症対応型共同生活介護】鹿児島県鹿児島市大竜町６－８", "url": "https://www.kaigokensaku.mhlw.go.jp/46/index.php?action_kouhyou_detail_004_kani=true&JigyosyoCd=4690101250-00&ServiceCd=320&Type=search", "url2": "http://www.tennyoukai.org/dairyu/index.html" }, "geometry": { "type": "Point", "coordinates": [ 130.563065, 31.6049777 ] } },
{ "type": "Feature", "properties": { "内容": "グループホームたんぽぽの里【認知症対応型共同生活介護】鹿児島県鹿児島市下福元町6718", "url": "https://www.kaigokensaku.mhlw.go.jp/46/index.php?action_kouhyou_detail_004_kani=true&JigyosyoCd=4690102613-00&ServiceCd=320&Type=search", "url2": "http://nozomikai.co" }, "geometry": { "type": "Point", "coordinates": [ 130.5103724, 31.48367 ] } },
{ "type": "Feature", "properties": { "内容": "グループホーム谷山中央【認知症対応型共同生活介護】谷山中央2丁目609番地1", "url": "https://www.kaigokensaku.mhlw.go.jp/46/index.php?action_kouhyou_detail_004_kani=true&JigyosyoCd=4690100500-00&ServiceCd=320&Type=search", "url2": null }, "geometry": { "type": "Point", "coordinates": [ 130.522162799999933, 31.5233831 ] } },
{ "type": "Feature", "properties": { "内容": "グルプホームさくらが丘【認知症対応型共同生活介護】鹿児島市桜ヶ丘４丁目１番７号", "url": "https://www.kaigokensaku.mhlw.go.jp/46/index.php?action_kouhyou_detail_004_kani=true&JigyosyoCd=4690100518-00&ServiceCd=320&Type=search", "url2": "https://gh-shunpukai-kirara.jp/" }, "geometry": { "type": "Point", "coordinates": [ 130.5172761, 31.5508024 ] } },
{ "type": "Feature", "properties": { "内容": "グループホーム　うすき【認知症対応型共同生活介護】宇宿２丁目１３番１７号", "url": "https://www.kaigokensaku.mhlw.go.jp/46/index.php?action_kouhyou_detail_004_kani=true&JigyosyoCd=4690100526-00&ServiceCd=320&Type=search", "url2": "gh-mirai-kirara.jp" }, "geometry": { "type": "Point", "coordinates": [ 130.5417271, 31.5406732 ] } },
{ "type": "Feature", "properties": { "内容": "グループホーム　中山【認知症対応型共同生活介護】中山町１２３３番地４", "url": "https://www.kaigokensaku.mhlw.go.jp/46/index.php?action_kouhyou_detail_004_kani=true&JigyosyoCd=4690100534-00&ServiceCd=320&Type=search", "url2": null }, "geometry": { "type": "Point", "coordinates": [ 130.501678199999986, 31.5489193 ] } },
{ "type": "Feature", "properties": { "内容": "グループホーム優嬉【認知症対応型共同生活介護】広木2丁目48番1号グループホーム優嬉", "url": "https://www.kaigokensaku.mhlw.go.jp/46/index.php?action_kouhyou_detail_004_kani=true&JigyosyoCd=4690100880-00&ServiceCd=320&Type=search", "url2": "www.amayurikai.or.jp/" }, "geometry": { "type": "Point", "coordinates": [ 130.520947200000023, 31.5618844 ] } },
{ "type": "Feature", "properties": { "内容": "グループホームあらた【認知症対応型共同生活介護】鹿児島県鹿児島市荒田１丁目５１－１４", "url": "https://www.kaigokensaku.mhlw.go.jp/46/index.php?action_kouhyou_detail_004_kani=true&JigyosyoCd=4690103173-00&ServiceCd=320&Type=search", "url2": "https://ookatsu.jp/kanrenshisetu/gh-arata" }, "geometry": { "type": "Point", "coordinates": [ 130.5475855, 31.5741117 ] } },
{ "type": "Feature", "properties": { "内容": "グループホームはるかぜ荒田【認知症対応型共同生活介護】鹿児島市下荒田2丁目39-1介護付有料老人ホームクレセール天保山併設", "url": "https://www.kaigokensaku.mhlw.go.jp/46/index.php?action_kouhyou_detail_004_kani=true&JigyosyoCd=4670102518-00&ServiceCd=320&Type=search", "url2": "http://www.shunpukai.com" }, "geometry": { "type": "Point", "coordinates": [ 130.559155199999964, 31.5734313 ] } },
{ "type": "Feature", "properties": { "内容": "グループホーム　てまり【認知症対応型共同生活介護】山田町441", "url": "https://www.kaigokensaku.mhlw.go.jp/46/index.php?action_kouhyou_detail_004_kani=true&JigyosyoCd=4670105099-00&ServiceCd=320&Type=search", "url2": "http://temari.thch.jp" }, "geometry": { "type": "Point", "coordinates": [ 130.507813299999953, 31.5549714 ] } },
{ "type": "Feature", "properties": { "内容": "グループホーム　桜並木【認知症対応型共同生活介護】紫原４丁目３０番２２号", "url": "https://www.kaigokensaku.mhlw.go.jp/46/index.php?action_kouhyou_detail_004_kani=true&JigyosyoCd=4690100591-00&ServiceCd=320&Type=search", "url2": "https://www.kawashima-hp.com/" }, "geometry": { "type": "Point", "coordinates": [ 130.531654800000069, 31.5600459 ] } },
{ "type": "Feature", "properties": { "内容": "グループホームサンひまわり【認知症対応型共同生活介護】鹿児島市下伊敷１丁目４４番１１号", "url": "https://www.kaigokensaku.mhlw.go.jp/46/index.php?action_kouhyou_detail_004_kani=true&JigyosyoCd=4670103839-00&ServiceCd=320&Type=search", "url2": "https://www.himawarien.jp" }, "geometry": { "type": "Point", "coordinates": [ 130.532591700000012, 31.6125624 ] } },
{ "type": "Feature", "properties": { "内容": "グループホーム　ショコラながかり【認知症対応型共同生活介護】鹿児島県鹿児島市宇宿9丁目9-13", "url": "https://www.kaigokensaku.mhlw.go.jp/46/index.php?action_kouhyou_detail_004_kani=true&JigyosyoCd=4690100625-00&ServiceCd=320&Type=search", "url2": "https://chocolatusuki.com" }, "geometry": { "type": "Point", "coordinates": [ 130.5237972, 31.5555935 ] } },
{ "type": "Feature", "properties": { "内容": "グループホーム　ショコラ　うすき【認知症対応型共同生活介護】宇宿7丁目14－3", "url": "https://www.kaigokensaku.mhlw.go.jp/46/index.php?action_kouhyou_detail_004_kani=true&JigyosyoCd=4670103946-00&ServiceCd=320&Type=search", "url2": "https://chocolatusuki.com/" }, "geometry": { "type": "Point", "coordinates": [ 130.526802699999962, 31.5531994 ] } },
{ "type": "Feature", "properties": { "内容": "グループホーム　サンシャインひまわり【認知症対応型共同生活介護】鹿児島県鹿児島市伊敷5丁目4番17号伊敷ひまわりモール　２F", "url": "https://www.kaigokensaku.mhlw.go.jp/46/index.php?action_kouhyou_detail_004_kani=true&JigyosyoCd=4690101680-00&ServiceCd=320&Type=search", "url2": "https://www.himawarien.jp/" }, "geometry": { "type": "Point", "coordinates": [ 130.539996100000053, 31.6279698 ] } },
{ "type": "Feature", "properties": { "内容": "グループホーム吉田さくらの里【認知症対応型共同生活介護】鹿児島県鹿児島市東佐多町2260番地1", "url": "https://www.kaigokensaku.mhlw.go.jp/46/index.php?action_kouhyou_detail_004_kani=true&JigyosyoCd=4671500082-00&ServiceCd=320&Type=search", "url2": "https://www.y-sakuranosato.com" }, "geometry": { "type": "Point", "coordinates": [ 130.57785669650977, 31.733860498543152 ] } },
{ "type": "Feature", "properties": { "内容": "グループホーム敬史館【認知症対応型共同生活介護】鹿児島市本名町４９４番地", "url": "https://www.kaigokensaku.mhlw.go.jp/46/index.php?action_kouhyou_detail_004_kani=true&JigyosyoCd=4670105107-00&ServiceCd=320&Type=search", "url2": "http://www.sekisaikai.jp/modules/keishikan/index.html" }, "geometry": { "type": "Point", "coordinates": [ 130.545771100000024, 31.691175 ] } },
{ "type": "Feature", "properties": { "内容": "グループホーム　アルプスの風【認知症対応型共同生活介護】荒田1丁目11-13階・4階", "url": "https://www.kaigokensaku.mhlw.go.jp/46/index.php?action_kouhyou_detail_004_kani=true&JigyosyoCd=4690100674-00&ServiceCd=320&Type=search", "url2": "http://nttbj.itp.ne.jp/0992968000/index.html" }, "geometry": { "type": "Point", "coordinates": [ 130.5521278, 31.5775445 ] } },
{ "type": "Feature", "properties": { "内容": "グループホーム　帯迫【認知症対応型共同生活介護】鹿児島市吉野町2826-1", "url": "https://www.kaigokensaku.mhlw.go.jp/46/index.php?action_kouhyou_detail_004_kani=true&JigyosyoCd=4670104951-00&ServiceCd=320&Type=search", "url2": null }, "geometry": { "type": "Point", "coordinates": [ 130.5660603, 31.6450489 ] } },
{ "type": "Feature", "properties": { "内容": "グループホームひばり【認知症対応型共同生活介護】鹿児島県鹿児島市吉野町2042", "url": "https://www.kaigokensaku.mhlw.go.jp/46/index.php?action_kouhyou_detail_004_kani=true&JigyosyoCd=4670105065-00&ServiceCd=320&Type=search", "url2": "http://www.meikikai.com" }, "geometry": { "type": "Point", "coordinates": [ 130.56934380000007, 31.6368747 ] } },
{ "type": "Feature", "properties": { "内容": "グループホームあかね【認知症対応型共同生活介護】鹿児島市山田町７３番地１", "url": "https://www.kaigokensaku.mhlw.go.jp/46/index.php?action_kouhyou_detail_004_kani=true&JigyosyoCd=4670103318-00&ServiceCd=320&Type=search", "url2": "http://ueharaclinic.jp/" }, "geometry": { "type": "Point", "coordinates": [ 130.503441699999939, 31.552718900000013 ] } },
{ "type": "Feature", "properties": { "内容": "グループホーム　アルプス【認知症対応型共同生活介護】鹿児島市高麗町４２－１２２階　３階", "url": "https://www.kaigokensaku.mhlw.go.jp/46/index.php?action_kouhyou_detail_004_kani=true&JigyosyoCd=4670103581-00&ServiceCd=320&Type=search", "url2": null }, "geometry": { "type": "Point", "coordinates": [ 130.552369399999975, 31.578430599999983 ] } },
{ "type": "Feature", "properties": { "内容": "グループホーム陽だまりの家【認知症対応型共同生活介護】鹿児島市吉野町4880番地15", "url": "https://www.kaigokensaku.mhlw.go.jp/46/index.php?action_kouhyou_detail_004_kani=true&JigyosyoCd=4670104100-00&ServiceCd=320&Type=search", "url2": null }, "geometry": { "type": "Point", "coordinates": [ 130.58331469999996, 31.6544953 ] } },
{ "type": "Feature", "properties": { "内容": "ふるさとの家郡山【認知症対応型共同生活介護】東俣町３８５３", "url": "https://www.kaigokensaku.mhlw.go.jp/46/index.php?action_kouhyou_detail_004_kani=true&JigyosyoCd=4673200079-00&ServiceCd=320&Type=search", "url2": "http://www.maroon.dti.ne.jp/syoueikai/" }, "geometry": { "type": "Point", "coordinates": [ 130.502151899999944, 31.687782299999988 ] } },
{ "type": "Feature", "properties": { "内容": "グループホーム愛愛【認知症対応型共同生活介護】鹿児島市吉野二丁目36-15", "url": "https://www.kaigokensaku.mhlw.go.jp/46/index.php?action_kouhyou_detail_004_kani=true&JigyosyoCd=4670103276-00&ServiceCd=320&Type=search", "url2": "http://grouphome-aiai.kawamoto-cl.or.jp/" }, "geometry": { "type": "Point", "coordinates": [ 130.567373973680105, 31.658235320030805 ] } },
{ "type": "Feature", "properties": { "内容": "グループホームよしの村【認知症対応型共同生活介護】吉野町３８２３番地", "url": "https://www.kaigokensaku.mhlw.go.jp/46/index.php?action_kouhyou_detail_004_kani=true&JigyosyoCd=4670101973-00&ServiceCd=320&Type=search", "url2": "http://www.meikikai.com/" }, "geometry": { "type": "Point", "coordinates": [ 130.574426399999965, 31.653863300000012 ] } },
{ "type": "Feature", "properties": { "内容": "グループホーム福平【認知症対応型共同生活介護】鹿児島県鹿児島市下福元町7505", "url": "https://www.kaigokensaku.mhlw.go.jp/46/index.php?action_kouhyou_detail_004_kani=true&JigyosyoCd=4670105123-00&ServiceCd=320&Type=search", "url2": "http://www.tanpoponosato.jp" }, "geometry": { "type": "Point", "coordinates": [ 130.500095900000019, 31.4852414 ] } },
{ "type": "Feature", "properties": { "内容": "グループホーム　オアシスケア西坂元【認知症対応型共同生活介護】鹿児島県鹿児島市西坂元町６番４－１号グループホーム　オアシスケア西坂元", "url": "https://www.kaigokensaku.mhlw.go.jp/46/index.php?action_kouhyou_detail_004_kani=true&JigyosyoCd=4670104175-00&ServiceCd=320&Type=search", "url2": "http://oasiscare.jp/" }, "geometry": { "type": "Point", "coordinates": [ 130.554630968717248, 31.6071510133266 ] } },
{ "type": "Feature", "properties": { "内容": "グループホームつわぶき【認知症対応型共同生活介護】喜入町６９８７番地", "url": "https://www.kaigokensaku.mhlw.go.jp/46/index.php?action_kouhyou_detail_004_kani=true&JigyosyoCd=4690100781-00&ServiceCd=320&Type=search", "url2": "http://www.shofukai-kagoshima.com/" }, "geometry": { "type": "Point", "coordinates": [ 130.540989099999933, 31.3741986 ] } },
{ "type": "Feature", "properties": { "内容": "グルッペ　野の花【認知症対応型共同生活介護】鹿児島市与次郎1-4-18アルテンハイム鹿児島２階", "url": "https://www.kaigokensaku.mhlw.go.jp/46/index.php?action_kouhyou_detail_004_kani=true&JigyosyoCd=4690101359-00&ServiceCd=320&Type=search", "url2": "ｈｔｔｐ：//ｗｗｗ.ｎｏｎｏｈａｎａｋａｉ.ｏｒ.ｊｐ/" }, "geometry": { "type": "Point", "coordinates": [ 130.559793799999966, 31.5669499 ] } },
{ "type": "Feature", "properties": { "内容": "グループホームポスク【認知症対応型共同生活介護】鹿児島市桜ヶ丘３丁目１５－７グループホーム　ポスク", "url": "https://www.kaigokensaku.mhlw.go.jp/46/index.php?action_kouhyou_detail_004_kani=true&JigyosyoCd=4690102704-00&ServiceCd=320&Type=search", "url2": "htpp://www.nonohanakai.or.jp/" }, "geometry": { "type": "Point", "coordinates": [ 130.5126148, 31.5520412 ] } },
{ "type": "Feature", "properties": { "内容": "グループホーム清滝【認知症対応型共同生活介護】西千石町１３－３０", "url": "https://www.kaigokensaku.mhlw.go.jp/46/index.php?action_kouhyou_detail_004_kani=true&JigyosyoCd=4690100708-00&ServiceCd=320&Type=search", "url2": "http://okino-hp.or.jp/" }, "geometry": { "type": "Point", "coordinates": [ 130.549019300000026, 31.589443 ] } },
{ "type": "Feature", "properties": { "内容": "グループホームふきのとう【認知症対応型共同生活介護】鹿児島県鹿児島市谷山中央２丁目602番地", "url": "https://www.kaigokensaku.mhlw.go.jp/46/index.php?action_kouhyou_detail_004_kani=true&JigyosyoCd=4690102175-00&ServiceCd=320&Type=search", "url2": "http://tanpoponosato.jp" }, "geometry": { "type": "Point", "coordinates": [ 130.522298800000044, 31.5239858 ] } },
{ "type": "Feature", "properties": { "内容": "ハートフル林【認知症対応型共同生活介護】武2-32-19", "url": "https://www.kaigokensaku.mhlw.go.jp/46/index.php?action_kouhyou_detail_004_kani=true&JigyosyoCd=4670103524-00&ServiceCd=320&Type=search", "url2": "http://hayashi-hp.or.jp/" }, "geometry": { "type": "Point", "coordinates": [ 130.536884500000014, 31.584795599999985 ] } },
{ "type": "Feature", "properties": { "内容": "グループホームあったかハウス郡山【認知症対応型共同生活介護】鹿児島県鹿児島市西俣町210番地", "url": "https://www.kaigokensaku.mhlw.go.jp/46/index.php?action_kouhyou_detail_004_kani=true&JigyosyoCd=4673200061-00&ServiceCd=320&Type=search", "url2": "http://www.seishin-kai.org" }, "geometry": { "type": "Point", "coordinates": [ 130.450537, 31.6624399 ] } },
{ "type": "Feature", "properties": { "内容": "グループホーム　いろりの家【認知症対応型共同生活介護】鹿児島市坂之上6丁目20番30号", "url": "https://www.kaigokensaku.mhlw.go.jp/46/index.php?action_kouhyou_detail_004_kani=true&JigyosyoCd=4670105073-00&ServiceCd=320&Type=search", "url2": null }, "geometry": { "type": "Point", "coordinates": [ 130.5016958, 31.4959905 ] } },
{ "type": "Feature", "properties": { "内容": "ふぁん²テラス七福神【認知症対応型共同生活介護】鹿児島県鹿児島市宇宿4-18-6", "url": "https://www.kaigokensaku.mhlw.go.jp/46/index.php?action_kouhyou_detail_004_kani=true&JigyosyoCd=4690102779-00&ServiceCd=320&Type=search", "url2": "729729.jp" }, "geometry": { "type": "Point", "coordinates": [ 130.5374109, 31.5459755 ] } },
{ "type": "Feature", "properties": { "内容": "ララシャンス七福神【認知症対応型共同生活介護】鹿児島県鹿児島市城西1丁目１－５", "url": "https://www.kaigokensaku.mhlw.go.jp/46/index.php?action_kouhyou_detail_004_kani=true&JigyosyoCd=4690101862-00&ServiceCd=320&Type=search", "url2": null }, "geometry": { "type": "Point", "coordinates": [ 130.542352764418041, 31.592980390210062 ] } },
{ "type": "Feature", "properties": { "内容": "グループホーム　ローズガーデン【認知症対応型共同生活介護】鹿児島市下荒田2丁目34-15グループホームローズガーデン", "url": "https://www.kaigokensaku.mhlw.go.jp/46/index.php?action_kouhyou_detail_004_kani=true&JigyosyoCd=4670103300-00&ServiceCd=320&Type=search", "url2": "http://www.peace-harmony.jp" }, "geometry": { "type": "Point", "coordinates": [ 130.558588500000042, 31.5739507 ] } },
{ "type": "Feature", "properties": { "内容": "グループホーム　ローズタウン【認知症対応型共同生活介護】下荒田2丁目1番16号", "url": "https://www.kaigokensaku.mhlw.go.jp/46/index.php?action_kouhyou_detail_004_kani=true&JigyosyoCd=4690100047-00&ServiceCd=320&Type=search", "url2": "cheerful-t@po.minc.ne.jp" }, "geometry": { "type": "Point", "coordinates": [ 130.558588500000042, 31.5739507 ] } },
{ "type": "Feature", "properties": { "内容": "グループホームむれが岡風車の宿【認知症対応型共同生活介護】鹿児島県鹿児島市宮之浦町3914番地1", "url": "https://www.kaigokensaku.mhlw.go.jp/46/index.php?action_kouhyou_detail_004_kani=true&JigyosyoCd=4670105313-00&ServiceCd=320&Type=search", "url2": "http://muregaoka.com/" }, "geometry": { "type": "Point", "coordinates": [ 130.583348581818967, 31.669087514778315 ] } },
{ "type": "Feature", "properties": { "内容": "けあビジョンホーム鹿児島【認知症対応型共同生活介護】鹿児島県鹿児島市喜入前之浜町７４８－２", "url": "https://www.kaigokensaku.mhlw.go.jp/46/index.php?action_kouhyou_detail_004_kani=true&JigyosyoCd=4690103256-00&ServiceCd=320&Type=search", "url2": null }, "geometry": { "type": "Point", "coordinates": [ 130.5381458, 31.3354325 ] } },
{ "type": "Feature", "properties": { "内容": "グループホーム城山【認知症対応型共同生活介護】鹿児島市長田町32番1号", "url": "https://www.kaigokensaku.mhlw.go.jp/46/index.php?action_kouhyou_detail_004_kani=true&JigyosyoCd=4670104555-00&ServiceCd=320&Type=search", "url2": "http://www.shiroyamakai.com/" }, "geometry": { "type": "Point", "coordinates": [ 130.548575104229684, 31.60045480815646 ] } },
{ "type": "Feature", "properties": { "内容": "グループホームオアシスケア吉野台【認知症対応型共同生活介護】吉野町8794-1グループホームオアシスケア吉野台", "url": "https://www.kaigokensaku.mhlw.go.jp/46/index.php?action_kouhyou_detail_004_kani=true&JigyosyoCd=4690102977-00&ServiceCd=320&Type=search", "url2": null }, "geometry": { "type": "Point", "coordinates": [ 130.5770853, 31.6344661 ] } },
{ "type": "Feature", "properties": { "内容": "グループホームわかば【認知症対応型共同生活介護】鹿児島県鹿児島市高麗町２１－２９", "url": "https://www.kaigokensaku.mhlw.go.jp/46/index.php?action_kouhyou_detail_004_kani=true&JigyosyoCd=4690103314-00&ServiceCd=320&Type=search", "url2": null }, "geometry": { "type": "Point", "coordinates": [ 130.551173799999987, 31.5801306 ] } },
{ "type": "Feature", "properties": { "内容": "シルバープラザ　グループホーム　愛【認知症対応型共同生活介護】谷山中央1丁目15番1号シルバープラザ　グループホーム愛", "url": "https://www.kaigokensaku.mhlw.go.jp/46/index.php?action_kouhyou_detail_004_kani=true&JigyosyoCd=4670104746-00&ServiceCd=320&Type=search", "url2": null }, "geometry": { "type": "Point", "coordinates": [ 130.519025244992633, 31.525926937164225 ] } },
{ "type": "Feature", "properties": { "内容": "グループホーム温もり・宇宿【認知症対応型共同生活介護】鹿児島県鹿児島市宇宿一丁目41番14号", "url": "https://www.kaigokensaku.mhlw.go.jp/46/index.php?action_kouhyou_detail_004_kani=true&JigyosyoCd=4690101664-00&ServiceCd=320&Type=search", "url2": "https://www.sanaikai.or.jp/nukumori/" }, "geometry": { "type": "Point", "coordinates": [ 130.538785500000017, 31.5457504 ] } },
{ "type": "Feature", "properties": { "内容": "グループホームねむの樹【認知症対応型共同生活介護】串良町細山田５２４５番地４", "url": "https://www.kaigokensaku.mhlw.go.jp/46/index.php?action_kouhyou_detail_004_kani=true&JigyosyoCd=4677100119-00&ServiceCd=320&Type=search", "url2": "http://www.gh-nemunoki.com/" }, "geometry": { "type": "Point", "coordinates": [ 130.915935657064068, 31.43384656045248 ] } },
{ "type": "Feature", "properties": { "内容": "グループホーム　ヴィラ　サフラン【認知症対応型共同生活介護】鹿児島県鹿屋市郷之原町12584番地", "url": "https://www.kaigokensaku.mhlw.go.jp/46/index.php?action_kouhyou_detail_004_kani=true&JigyosyoCd=4670300823-00&ServiceCd=320&Type=search", "url2": "http:/sahuran.com/" }, "geometry": { "type": "Point", "coordinates": [ 130.8217651, 31.3865516 ] } },
{ "type": "Feature", "properties": { "内容": "老人グループホーム　さくら通【認知症対応型共同生活介護】鹿児島県鹿屋市串良町下小原3105番地2老人グループホーム　さくら通", "url": "https://www.kaigokensaku.mhlw.go.jp/46/index.php?action_kouhyou_detail_004_kani=true&JigyosyoCd=4677100150-00&ServiceCd=320&Type=search", "url2": "http://iwakikai.org" }, "geometry": { "type": "Point", "coordinates": [ 130.932139369975289, 31.397308444570118 ] } },
{ "type": "Feature", "properties": { "内容": "グループホームふれあい【認知症対応型共同生活介護】鹿屋市下祓川町1805番地", "url": "https://www.kaigokensaku.mhlw.go.jp/46/index.php?action_kouhyou_detail_004_kani=true&JigyosyoCd=4670300393-00&ServiceCd=320&Type=search", "url2": "http://www.kanoya-choujuen.jp" }, "geometry": { "type": "Point", "coordinates": [ 130.851662499999946, 31.4130029 ] } },
{ "type": "Feature", "properties": { "内容": "グループホームあいら【認知症対応型共同生活介護】吾平町上名5324－2", "url": "https://www.kaigokensaku.mhlw.go.jp/46/index.php?action_kouhyou_detail_004_kani=true&JigyosyoCd=4677500110-00&ServiceCd=320&Type=search", "url2": "http//www.kanoya-cyoujuen.jp" }, "geometry": { "type": "Point", "coordinates": [ 130.91866129999994, 31.2919671 ] } },
{ "type": "Feature", "properties": { "内容": "グループホームことぶき太陽の家【認知症対応型共同生活介護】鹿屋市笠之原町３－４４", "url": "https://www.kaigokensaku.mhlw.go.jp/46/index.php?action_kouhyou_detail_004_kani=true&JigyosyoCd=4690300159-00&ServiceCd=320&Type=search", "url2": "https://www.keishingroup.jp/keishin" }, "geometry": { "type": "Point", "coordinates": [ 130.884701599475079, 31.391564595841608 ] } },
{ "type": "Feature", "properties": { "内容": "グループホーム華蓮【認知症対応型共同生活介護】野里町３４５６－７", "url": "https://www.kaigokensaku.mhlw.go.jp/46/index.php?action_kouhyou_detail_004_kani=true&JigyosyoCd=4690300183-00&ServiceCd=320&Type=search", "url2": null }, "geometry": { "type": "Point", "coordinates": [ 130.816432052114806, 31.359746980755993 ] } },
{ "type": "Feature", "properties": { "内容": "グループホーム愛【認知症対応型共同生活介護】鹿屋市下高隈町5039番地8", "url": "https://www.kaigokensaku.mhlw.go.jp/46/index.php?action_kouhyou_detail_004_kani=true&JigyosyoCd=4670300575-00&ServiceCd=320&Type=search", "url2": null }, "geometry": { "type": "Point", "coordinates": [ 130.883372799999961, 31.4423726 ] } },
{ "type": "Feature", "properties": { "内容": "グループホームとも【認知症対応型共同生活介護】寿3丁目12－11", "url": "https://www.kaigokensaku.mhlw.go.jp/46/index.php?action_kouhyou_detail_004_kani=true&JigyosyoCd=4670300682-00&ServiceCd=320&Type=search", "url2": "http://www.k-seizanso.jp/index.htmｌ" }, "geometry": { "type": "Point", "coordinates": [ 130.872093713691015, 31.388101145790475 ] } },
{ "type": "Feature", "properties": { "内容": "グループホーム西南【認知症対応型共同生活介護】鹿児島県鹿屋市池園町2297-7グループホーム西南", "url": "https://www.kaigokensaku.mhlw.go.jp/46/index.php?action_kouhyou_detail_004_kani=true&JigyosyoCd=4690300068-00&ServiceCd=320&Type=search", "url2": null }, "geometry": { "type": "Point", "coordinates": [ 130.855458900000031, 31.3403438 ] } },
{ "type": "Feature", "properties": { "内容": "有限会社オクムラハーネス【認知症対応型共同生活介護】鹿屋市上高隈町１５７９－１", "url": "https://www.kaigokensaku.mhlw.go.jp/46/index.php?action_kouhyou_detail_004_kani=true&JigyosyoCd=4690300019-00&ServiceCd=320&Type=search", "url2": null }, "geometry": { "type": "Point", "coordinates": [ 130.8650662, 31.5013434 ] } },
{ "type": "Feature", "properties": { "内容": "グループホーム　かたらい【認知症対応型共同生活介護】鹿児島県鹿屋市笠之原町49番22号", "url": "https://www.kaigokensaku.mhlw.go.jp/46/index.php?action_kouhyou_detail_004_kani=true&JigyosyoCd=4670300534-00&ServiceCd=320&Type=search", "url2": null }, "geometry": { "type": "Point", "coordinates": [ 130.894151299999976, 31.3878481 ] } },
{ "type": "Feature", "properties": { "内容": "グループホーム　　織月の郷【認知症対応型共同生活介護】鹿児島県鹿屋市川西町2483番地有限会社　広　優　グループホーム　織月の郷", "url": "https://www.kaigokensaku.mhlw.go.jp/46/index.php?action_kouhyou_detail_004_kani=true&JigyosyoCd=4670300641-00&ServiceCd=320&Type=search", "url2": null }, "geometry": { "type": "Point", "coordinates": [ 130.8649742, 31.359364 ] } },
{ "type": "Feature", "properties": { "内容": "グループホーム詩音【認知症対応型共同生活介護】鹿屋市古前城町９番４３号", "url": "https://www.kaigokensaku.mhlw.go.jp/46/index.php?action_kouhyou_detail_004_kani=true&JigyosyoCd=4690300175-00&ServiceCd=320&Type=search", "url2": "gh-sion@canvas.ocn.ne.jp" }, "geometry": { "type": "Point", "coordinates": [ 130.85207719999994, 31.387208 ] } },
{ "type": "Feature", "properties": { "内容": "グループホームきらら【認知症対応型共同生活介護】鹿児島県鹿屋市吾平町麓3766番地1", "url": "https://www.kaigokensaku.mhlw.go.jp/46/index.php?action_kouhyou_detail_004_kani=true&JigyosyoCd=4677500094-00&ServiceCd=320&Type=search", "url2": "http://www.minc.ne.jp/osasio/" }, "geometry": { "type": "Point", "coordinates": [ 130.892253699999969, 31.3236409 ] } },
{ "type": "Feature", "properties": { "内容": "グループホーム和音【認知症対応型共同生活介護】鹿屋市大浦町14169-17", "url": "https://www.kaigokensaku.mhlw.go.jp/46/index.php?action_kouhyou_detail_004_kani=true&JigyosyoCd=4670300658-00&ServiceCd=320&Type=search", "url2": "http://syoseikai.com/" }, "geometry": { "type": "Point", "coordinates": [ 130.83973, 31.4108027 ] } },
{ "type": "Feature", "properties": { "内容": "グループホームうえの【認知症対応型共同生活介護】上野町5200番地１", "url": "https://www.kaigokensaku.mhlw.go.jp/46/index.php?action_kouhyou_detail_004_kani=true&JigyosyoCd=4670300864-00&ServiceCd=320&Type=search", "url2": null }, "geometry": { "type": "Point", "coordinates": [ 130.811699399999952, 31.3847763 ] } },
{ "type": "Feature", "properties": { "内容": "グループホーム陵幸園こころ【認知症対応型共同生活介護】鹿屋市吾平町麓3811番地2", "url": "https://www.kaigokensaku.mhlw.go.jp/46/index.php?action_kouhyou_detail_004_kani=true&JigyosyoCd=4677500128-00&ServiceCd=320&Type=search", "url2": "https://ryoukoukai1987.com" }, "geometry": { "type": "Point", "coordinates": [ 130.892792699999973, 31.32123 ] } },
{ "type": "Feature", "properties": { "内容": "グループホームだんだん【認知症対応型共同生活介護】鹿児島県鹿屋市西大手町１１番１１号グループホームだんだん", "url": "https://www.kaigokensaku.mhlw.go.jp/46/index.php?action_kouhyou_detail_004_kani=true&JigyosyoCd=4690300282-00&ServiceCd=320&Type=search", "url2": "http://confiance-kaigo.com" }, "geometry": { "type": "Point", "coordinates": [ 130.849910499999964, 31.3909048 ] } },
{ "type": "Feature", "properties": { "内容": "グループホーム太陽の家【認知症対応型共同生活介護】鹿児島県鹿屋市今坂町12405-25", "url": "https://www.kaigokensaku.mhlw.go.jp/46/index.php?action_kouhyou_detail_004_kani=true&JigyosyoCd=4670300450-00&ServiceCd=320&Type=search", "url2": null }, "geometry": { "type": "Point", "coordinates": [ 130.826035581614605, 31.382519505188583 ] } },
{ "type": "Feature", "properties": { "内容": "ニチイケアセンター西大手町【認知症対応型共同生活介護】鹿児島県鹿屋市西大手町8190番地1", "url": "https://www.kaigokensaku.mhlw.go.jp/46/index.php?action_kouhyou_detail_004_kani=true&JigyosyoCd=4690300316-00&ServiceCd=320&Type=search", "url2": "https://www.nichiigakkan.co.jp/" }, "geometry": { "type": "Point", "coordinates": [ 130.8484665, 31.3909178 ] } },
{ "type": "Feature", "properties": { "内容": "有限会社　なごみ福祉会　グループホーム青い鳥【認知症対応型共同生活介護】鹿児島県鹿屋市古江町７９６番地１なし", "url": "https://www.kaigokensaku.mhlw.go.jp/46/index.php?action_kouhyou_detail_004_kani=true&JigyosyoCd=4670300971-00&ServiceCd=320&Type=search", "url2": null }, "geometry": { "type": "Point", "coordinates": [ 130.769479600000068, 31.4000161 ] } },
{ "type": "Feature", "properties": { "内容": "グループホームいきいき館【認知症対応型共同生活介護】鹿屋市東原町6006-1", "url": "https://www.kaigokensaku.mhlw.go.jp/46/index.php?action_kouhyou_detail_004_kani=true&JigyosyoCd=4670300724-00&ServiceCd=320&Type=search", "url2": null }, "geometry": { "type": "Point", "coordinates": [ 130.881090099999938, 31.4268937 ] } },
{ "type": "Feature", "properties": { "内容": "グループホーム輝望の家【認知症対応型共同生活介護】鹿児島県鹿屋市輝北町上百引1919番地1", "url": "https://www.kaigokensaku.mhlw.go.jp/46/index.php?action_kouhyou_detail_004_kani=true&JigyosyoCd=4690300076-00&ServiceCd=320&Type=search", "url2": "http://medicalwill.info/" }, "geometry": { "type": "Point", "coordinates": [ 130.8756141, 31.5509928 ] } },
{ "type": "Feature", "properties": { "内容": "グループホーム明【認知症対応型共同生活介護】鹿児島県鹿屋市祓川町3982番地1", "url": "https://www.kaigokensaku.mhlw.go.jp/46/index.php?action_kouhyou_detail_004_kani=true&JigyosyoCd=4690300324-00&ServiceCd=320&Type=search", "url2": "https://medicalwill.info/" }, "geometry": { "type": "Point", "coordinates": [ 130.8471176, 31.4162671 ] } },
{ "type": "Feature", "properties": { "内容": "グループホーム花岡の里【認知症対応型共同生活介護】鹿屋市花岡町３９８８", "url": "https://www.kaigokensaku.mhlw.go.jp/46/index.php?action_kouhyou_detail_004_kani=true&JigyosyoCd=4670300872-00&ServiceCd=320&Type=search", "url2": "http://hanaokanosato.jp/" }, "geometry": { "type": "Point", "coordinates": [ 130.780078799999956, 31.409836199999987 ] } },
{ "type": "Feature", "properties": { "内容": "グループホーム田園【認知症対応型共同生活介護】祓川町5369番地1", "url": "https://www.kaigokensaku.mhlw.go.jp/46/index.php?action_kouhyou_detail_004_kani=true&JigyosyoCd=4670300526-00&ServiceCd=320&Type=search", "url2": "k.kaigo-31510@minos.ocn.ne.jp" }, "geometry": { "type": "Point", "coordinates": [ 130.857050800000025, 31.4216967 ] } },
{ "type": "Feature", "properties": { "内容": "特定非営利活動法人なごみの森福祉会【認知症対応型共同生活介護】鹿児島県鹿屋市横山町1974-3グループホームはぁと", "url": "https://www.kaigokensaku.mhlw.go.jp/46/index.php?action_kouhyou_detail_004_kani=true&JigyosyoCd=4670300674-00&ServiceCd=320&Type=search", "url2": null }, "geometry": { "type": "Point", "coordinates": [ 130.8354349, 31.3461809 ] } },
{ "type": "Feature", "properties": { "内容": "グループホーム　イーストサイドおぐら【認知症対応型共同生活介護】笠之原町29番39-1号", "url": "https://www.kaigokensaku.mhlw.go.jp/46/index.php?action_kouhyou_detail_004_kani=true&JigyosyoCd=4690300092-00&ServiceCd=320&Type=search", "url2": "http://www.kosｈinkai.or.jp" }, "geometry": { "type": "Point", "coordinates": [ 130.882906213491879, 31.386902066468423 ] } },
{ "type": "Feature", "properties": { "内容": "グループホーム湧水の里【認知症対応型共同生活介護】鹿屋市祓川町５２５０番地８", "url": "https://www.kaigokensaku.mhlw.go.jp/46/index.php?action_kouhyou_detail_004_kani=true&JigyosyoCd=4670300732-00&ServiceCd=320&Type=search", "url2": null }, "geometry": { "type": "Point", "coordinates": [ 130.855998199999931, 31.4172221 ] } },
{ "type": "Feature", "properties": { "内容": "医療法人厚生会　グループホーム宝寿庵【認知症対応型共同生活介護】鹿児島県枕崎市寿町26番地1グループホーム宝寿庵", "url": "https://www.kaigokensaku.mhlw.go.jp/46/index.php?action_kouhyou_detail_004_kani=true&JigyosyoCd=4690400058-00&ServiceCd=320&Type=search", "url2": "www.synapse.ne.jp/koseikai/houjuan.html" }, "geometry": { "type": "Point", "coordinates": [ 130.299370599999946, 31.2827491 ] } },
{ "type": "Feature", "properties": { "内容": "南方園グループホームけやきの里【認知症対応型共同生活介護】鹿児島県枕崎市まかや町６７９", "url": "https://www.kaigokensaku.mhlw.go.jp/46/index.php?action_kouhyou_detail_004_kani=true&JigyosyoCd=4670400185-00&ServiceCd=320&Type=search", "url2": "http://www2.synapse.ne.jp/nanpouen/." }, "geometry": { "type": "Point", "coordinates": [ 130.360700302955593, 31.290093645992105 ] } },
{ "type": "Feature", "properties": { "内容": "グループホームわかば【認知症対応型共同生活介護】若葉町85番地", "url": "https://www.kaigokensaku.mhlw.go.jp/46/index.php?action_kouhyou_detail_004_kani=true&JigyosyoCd=4670400219-00&ServiceCd=320&Type=search", "url2": "http://fumiwakai.com" }, "geometry": { "type": "Point", "coordinates": [ 131.085633799999982, 31.7213658 ] } },
{ "type": "Feature", "properties": { "内容": "ふれあいホーム　花【認知症対応型共同生活介護】西目6283番地2", "url": "https://www.kaigokensaku.mhlw.go.jp/46/index.php?action_kouhyou_detail_004_kani=true&JigyosyoCd=4670600164-00&ServiceCd=320&Type=search", "url2": null }, "geometry": { "type": "Point", "coordinates": [ 130.192459900000017, 31.9931656 ] } },
{ "type": "Feature", "properties": { "内容": "グループホームはまなす【認知症対応型共同生活介護】鹿児島県阿久根市脇本９０９３番地２", "url": "https://www.kaigokensaku.mhlw.go.jp/46/index.php?action_kouhyou_detail_004_kani=true&JigyosyoCd=4670600149-00&ServiceCd=320&Type=search", "url2": null }, "geometry": { "type": "Point", "coordinates": [ 130.186432200000013, 32.0852916 ] } },
{ "type": "Feature", "properties": { "内容": "グループホームポンタ【認知症対応型共同生活介護】阿久根市赤瀬川４２９５", "url": "https://www.kaigokensaku.mhlw.go.jp/46/index.php?action_kouhyou_detail_004_kani=true&JigyosyoCd=4670600172-00&ServiceCd=320&Type=search", "url2": null }, "geometry": { "type": "Point", "coordinates": [ 130.200075500000025, 32.0330876 ] } },
{ "type": "Feature", "properties": { "内容": "グループホームはまゆう【認知症対応型共同生活介護】阿久根市脇本6778番地39", "url": "https://www.kaigokensaku.mhlw.go.jp/46/index.php?action_kouhyou_detail_004_kani=true&JigyosyoCd=4670600214-00&ServiceCd=320&Type=search", "url2": "http://seishou./" }, "geometry": { "type": "Point", "coordinates": [ 130.204616699999974, 32.0710022 ] } },
{ "type": "Feature", "properties": { "内容": "グループホーム桃の家【認知症対応型共同生活介護】鹿児島県阿久根市山下4452-1", "url": "https://www.kaigokensaku.mhlw.go.jp/46/index.php?action_kouhyou_detail_004_kani=true&JigyosyoCd=4670600123-00&ServiceCd=320&Type=search", "url2": "ｈｔｔｐ：//ｗｗｗ．ｍｏｍｏｎｏｉｅ．ｊｐ" }, "geometry": { "type": "Point", "coordinates": [ 130.237872, 31.9899412 ] } },
{ "type": "Feature", "properties": { "内容": "グループホーム　野菊【認知症対応型共同生活介護】出水市野田町下名7026-2", "url": "https://www.kaigokensaku.mhlw.go.jp/46/index.php?action_kouhyou_detail_004_kani=true&JigyosyoCd=4690800109-00&ServiceCd=320&Type=search", "url2": null }, "geometry": { "type": "Point", "coordinates": [ 130.2681172, 32.0605243 ] } },
{ "type": "Feature", "properties": { "内容": "グループホーム美楽居【認知症対応型共同生活介護】出水市平和町347番地", "url": "https://www.kaigokensaku.mhlw.go.jp/46/index.php?action_kouhyou_detail_004_kani=true&JigyosyoCd=4670800269-00&ServiceCd=320&Type=search", "url2": null }, "geometry": { "type": "Point", "coordinates": [ 130.323124399999983, 32.0824585 ] } },
{ "type": "Feature", "properties": { "内容": "グループホーム三郎の家【認知症対応型共同生活介護】出水市住吉町6番18号", "url": "https://www.kaigokensaku.mhlw.go.jp/46/index.php?action_kouhyou_detail_004_kani=true&JigyosyoCd=4670800244-00&ServiceCd=320&Type=search", "url2": "http://minamata.org" }, "geometry": { "type": "Point", "coordinates": [ 130.331103707969277, 32.121489864188383 ] } },
{ "type": "Feature", "properties": { "内容": "グループホームひまわり【認知症対応型共同生活介護】鹿児島県出水市　汐見町８９番地グループホームひまわり", "url": "https://www.kaigokensaku.mhlw.go.jp/46/index.php?action_kouhyou_detail_004_kani=true&JigyosyoCd=4670800178-00&ServiceCd=320&Type=search", "url2": null }, "geometry": { "type": "Point", "coordinates": [ 130.3154022, 32.1161106 ] } },
{ "type": "Feature", "properties": { "内容": "医療法人　吉祥会　グループホーム奏庵【認知症対応型共同生活介護】平和町236", "url": "https://www.kaigokensaku.mhlw.go.jp/46/index.php?action_kouhyou_detail_004_kani=true&JigyosyoCd=4690800075-00&ServiceCd=320&Type=search", "url2": "http://www.minc.ne.jp/kisshokai" }, "geometry": { "type": "Point", "coordinates": [ 130.330735, 32.0824364 ] } },
{ "type": "Feature", "properties": { "内容": "グループホームやまぶき【認知症対応型共同生活介護】出水市上鯖渕48番地1有料老人ホームことぶき2階部分併設", "url": "https://www.kaigokensaku.mhlw.go.jp/46/index.php?action_kouhyou_detail_004_kani=true&JigyosyoCd=4670800384-00&ServiceCd=320&Type=search", "url2": "http://seishou.biz/" }, "geometry": { "type": "Point", "coordinates": [ 130.359030399999938, 32.0846671 ] } },
{ "type": "Feature", "properties": { "内容": "グループホームあゆみ【認知症対応型共同生活介護】荘973－1", "url": "https://www.kaigokensaku.mhlw.go.jp/46/index.php?action_kouhyou_detail_004_kani=true&JigyosyoCd=4690800083-00&ServiceCd=320&Type=search", "url2": null }, "geometry": { "type": "Point", "coordinates": [ 130.279066300000068, 32.0800113 ] } },
{ "type": "Feature", "properties": { "内容": "グループホームいこい【認知症対応型共同生活介護】鹿児島県出水市高尾野町大久保1432-1", "url": "https://www.kaigokensaku.mhlw.go.jp/46/index.php?action_kouhyou_detail_004_kani=true&JigyosyoCd=4674800117-00&ServiceCd=320&Type=search", "url2": null }, "geometry": { "type": "Point", "coordinates": [ 130.3156586, 32.0669325 ] } },
{ "type": "Feature", "properties": { "内容": "グループホームみさき【認知症対応型共同生活介護】出水市荘850-3", "url": "https://www.kaigokensaku.mhlw.go.jp/46/index.php?action_kouhyou_detail_004_kani=true&JigyosyoCd=4690800018-00&ServiceCd=320&Type=search", "url2": "g-home-misaki@outiook.jp" }, "geometry": { "type": "Point", "coordinates": [ 130.277808, 32.084669 ] } },
{ "type": "Feature", "properties": { "内容": "グループホーム　希望の家【認知症対応型共同生活介護】鹿児島県出水市六月田町361番地グループホーム希望の家", "url": "https://www.kaigokensaku.mhlw.go.jp/46/index.php?action_kouhyou_detail_004_kani=true&JigyosyoCd=4690800034-00&ServiceCd=320&Type=search", "url2": "http://3norikai.jp" }, "geometry": { "type": "Point", "coordinates": [ 130.344347400000061, 32.107256300000017 ] } },
{ "type": "Feature", "properties": { "内容": "グループホーム遊花里【認知症対応型共同生活介護】鹿児島県指宿市山川岡児ｹ水1211番地", "url": "https://www.kaigokensaku.mhlw.go.jp/46/index.php?action_kouhyou_detail_004_kani=true&JigyosyoCd=4672000058-00&ServiceCd=320&Type=search", "url2": "ｈｔｔｐ：//ｗｗｗ.ｔｏｋｋｏｅｎ.ｏｒ.ｊｐ/" }, "geometry": { "type": "Point", "coordinates": [ 130.5760487, 31.1735428 ] } },
{ "type": "Feature", "properties": { "内容": "社会福祉法人いぶすきケアネット　グループホームさくら【認知症対応型共同生活介護】鹿児島県指宿市山川金生町44番", "url": "https://www.kaigokensaku.mhlw.go.jp/46/index.php?action_kouhyou_detail_004_kani=true&JigyosyoCd=4691000113-00&ServiceCd=320&Type=search", "url2": null }, "geometry": { "type": "Point", "coordinates": [ 130.63588290000007, 31.204597 ] } },
{ "type": "Feature", "properties": { "内容": "グループホーム　秋桜畑【認知症対応型共同生活介護】鹿児島県指宿市十二町５０３-６グループホーム秋桜畑", "url": "https://www.kaigokensaku.mhlw.go.jp/46/index.php?action_kouhyou_detail_004_kani=true&JigyosyoCd=4691000162-00&ServiceCd=320&Type=search", "url2": "https://ursmile.co.jp/" }, "geometry": { "type": "Point", "coordinates": [ 130.637283258335856, 31.238832372817853 ] } },
{ "type": "Feature", "properties": { "内容": "グループホーム　あおぞら【認知症対応型共同生活介護】鹿児島県指宿市十二町503-6グループホームあおぞら", "url": "https://www.kaigokensaku.mhlw.go.jp/46/index.php?action_kouhyou_detail_004_kani=true&JigyosyoCd=4691000220-00&ServiceCd=320&Type=search", "url2": "https://ursmile.co.jp/" }, "geometry": { "type": "Point", "coordinates": [ 130.637226130373847, 31.23884826628241 ] } },
{ "type": "Feature", "properties": { "内容": "グループホーム　オリビンの風【認知症対応型共同生活介護】鹿児島県指宿市開聞川尻4958-1", "url": "https://www.kaigokensaku.mhlw.go.jp/46/index.php?action_kouhyou_detail_004_kani=true&JigyosyoCd=4691000170-00&ServiceCd=320&Type=search", "url2": "https://olivinenokaze.jp" }, "geometry": { "type": "Point", "coordinates": [ 130.562044, 31.1823531 ] } },
{ "type": "Feature", "properties": { "内容": "グループホームすもも【認知症対応型共同生活介護】鹿児島県指宿市東方2337-9", "url": "https://www.kaigokensaku.mhlw.go.jp/46/index.php?action_kouhyou_detail_004_kani=true&JigyosyoCd=4691000048-00&ServiceCd=320&Type=search", "url2": "http://sumomo-group.com/" }, "geometry": { "type": "Point", "coordinates": [ 130.610947, 31.2616662 ] } },
{ "type": "Feature", "properties": { "内容": "千寿園ケアホーム【認知症対応型共同生活介護】指宿市十町2523番地1", "url": "https://www.kaigokensaku.mhlw.go.jp/46/index.php?action_kouhyou_detail_004_kani=true&JigyosyoCd=4671000240-00&ServiceCd=320&Type=search", "url2": "senjuen.net" }, "geometry": { "type": "Point", "coordinates": [ 130.6316455, 31.2479012 ] } },
{ "type": "Feature", "properties": { "内容": "グループホーム　えがおとほほえみ【認知症対応型共同生活介護】鹿児島県指宿市十町６２６", "url": "https://www.kaigokensaku.mhlw.go.jp/46/index.php?action_kouhyou_detail_004_kani=true&JigyosyoCd=4671000224-00&ServiceCd=320&Type=search", "url2": "https://aioinosato.com/gh-egaotohohoemi/" }, "geometry": { "type": "Point", "coordinates": [ 130.637131930673263, 31.252487330956107 ] } },
{ "type": "Feature", "properties": { "内容": "グループホーム　どりーむ大山【認知症対応型共同生活介護】鹿児島県指宿市山川大山2951", "url": "https://www.kaigokensaku.mhlw.go.jp/46/index.php?action_kouhyou_detail_004_kani=true&JigyosyoCd=4691000055-00&ServiceCd=320&Type=search", "url2": "ｋａｉｍｏｎｎ1＠ｙａｈｏｏ.ｃｏ.ｊｐ" }, "geometry": { "type": "Point", "coordinates": [ 130.597458299999971, 31.2010239 ] } },
{ "type": "Feature", "properties": { "内容": "グループホーム　サンテ・ヴィラージュ【認知症対応型共同生活介護】指宿市東方8110-1", "url": "https://www.kaigokensaku.mhlw.go.jp/46/index.php?action_kouhyou_detail_004_kani=true&JigyosyoCd=4671000315-00&ServiceCd=320&Type=search", "url2": "https://minamikinen-clinic.com/" }, "geometry": { "type": "Point", "coordinates": [ 130.64156939999998, 31.2559227 ] } },
{ "type": "Feature", "properties": { "内容": "医療法人天和会　グループホームふれあい【認知症対応型共同生活介護】市東方8714-3", "url": "https://www.kaigokensaku.mhlw.go.jp/46/index.php?action_kouhyou_detail_004_kani=true&JigyosyoCd=4691000188-00&ServiceCd=320&Type=search", "url2": null }, "geometry": { "type": "Point", "coordinates": [ 130.643529353411623, 31.255495453900128 ] } },
{ "type": "Feature", "properties": { "内容": "指宿みどり館【認知症対応型共同生活介護】鹿児島県指宿市東方7521番地3", "url": "https://www.kaigokensaku.mhlw.go.jp/46/index.php?action_kouhyou_detail_004_kani=true&JigyosyoCd=4671000190-00&ServiceCd=320&Type=search", "url2": "http://ibutake.com/" }, "geometry": { "type": "Point", "coordinates": [ 130.622543368122905, 31.256846227675208 ] } },
{ "type": "Feature", "properties": { "内容": "グループホーム　百合砂【認知症対応型共同生活介護】鹿児島県西之表市西之表６０９５番地", "url": "https://www.kaigokensaku.mhlw.go.jp/46/index.php?action_kouhyou_detail_004_kani=true&JigyosyoCd=4671300236-00&ServiceCd=320&Type=search", "url2": "https://yurisa.jp/" }, "geometry": { "type": "Point", "coordinates": [ 131.0045007, 30.7472496 ] } },
{ "type": "Feature", "properties": { "内容": "社会福祉法人長和会　恵光園グループホームさくらの里【認知症対応型共同生活介護】鹿児島県垂水市中央町37番地2", "url": "https://www.kaigokensaku.mhlw.go.jp/46/index.php?action_kouhyou_detail_004_kani=true&JigyosyoCd=4671400143-00&ServiceCd=320&Type=search", "url2": "http://www.city-tarumizu-keikouen.com" }, "geometry": { "type": "Point", "coordinates": [ 130.702981417136584, 31.490836952403662 ] } },
{ "type": "Feature", "properties": { "内容": "グループホーム　ひまわり苑【認知症対応型共同生活介護】鹿児島県垂水市錦江町１番地２４０", "url": "https://www.kaigokensaku.mhlw.go.jp/46/index.php?action_kouhyou_detail_004_kani=true&JigyosyoCd=4671400150-00&ServiceCd=320&Type=search", "url2": null }, "geometry": { "type": "Point", "coordinates": [ 130.6953426, 31.4926536 ] } },
{ "type": "Feature", "properties": { "内容": "グループホーム　ひいらぎ【認知症対応型共同生活介護】鹿児島県垂水市柊原625-2", "url": "https://www.kaigokensaku.mhlw.go.jp/46/index.php?action_kouhyou_detail_004_kani=true&JigyosyoCd=4691400107-00&ServiceCd=320&Type=search", "url2": null }, "geometry": { "type": "Point", "coordinates": [ 130.713263899999987, 31.457973 ] } },
{ "type": "Feature", "properties": { "内容": "グループホーム　たるみず太陽の家【認知症対応型共同生活介護】垂水市浜平2189-6", "url": "https://www.kaigokensaku.mhlw.go.jp/46/index.php?action_kouhyou_detail_004_kani=true&JigyosyoCd=4691400032-00&ServiceCd=320&Type=search", "url2": "http://taiyoukazoku.main.jp/index.html" }, "geometry": { "type": "Point", "coordinates": [ 130.699184699999932, 31.4652995 ] } },
{ "type": "Feature", "properties": { "内容": "グループホームまごころ【認知症対応型共同生活介護】鹿児島県垂水市錦江町1番地238グループホームまごころ", "url": "https://www.kaigokensaku.mhlw.go.jp/46/index.php?action_kouhyou_detail_004_kani=true&JigyosyoCd=4691400115-00&ServiceCd=320&Type=search", "url2": null }, "geometry": { "type": "Point", "coordinates": [ 130.6950898, 31.4923176 ] } },
{ "type": "Feature", "properties": { "内容": "グループホーム　遊雅の郷【認知症対応型共同生活介護】入来町浦之名786番地", "url": "https://www.kaigokensaku.mhlw.go.jp/46/index.php?action_kouhyou_detail_004_kani=true&JigyosyoCd=4691500344-00&ServiceCd=320&Type=search", "url2": "https://www.ichihuku.jp/" }, "geometry": { "type": "Point", "coordinates": [ 130.431624, 31.7977171 ] } },
{ "type": "Feature", "properties": { "内容": "介護サービスセンター水引　グループホーム鹿野苑【認知症対応型共同生活介護】鹿児島県薩摩川内市網津町4915番地1", "url": "https://www.kaigokensaku.mhlw.go.jp/46/index.php?action_kouhyou_detail_004_kani=true&JigyosyoCd=4690200227-00&ServiceCd=320&Type=search", "url2": "https://shimonzu.jp/" }, "geometry": { "type": "Point", "coordinates": [ 130.22403343187716, 31.866724147084192 ] } },
{ "type": "Feature", "properties": { "内容": "グループホーム燦々（さんさん）【認知症対応型共同生活介護】永利町970番地および970番地2", "url": "https://www.kaigokensaku.mhlw.go.jp/46/index.php?action_kouhyou_detail_004_kani=true&JigyosyoCd=4670200585-00&ServiceCd=320&Type=search", "url2": "http://www.of-fujita.jp" }, "geometry": { "type": "Point", "coordinates": [ 130.335682870422346, 31.806171623450552 ] } },
{ "type": "Feature", "properties": { "内容": "グループホームのぞみ【認知症対応型共同生活介護】鹿児島県薩摩川内市祁答院町藺牟田2103番地6", "url": "https://www.kaigokensaku.mhlw.go.jp/46/index.php?action_kouhyou_detail_004_kani=true&JigyosyoCd=4674200060-00&ServiceCd=320&Type=search", "url2": null }, "geometry": { "type": "Point", "coordinates": [ 130.486347838098169, 31.808953957391299 ] } },
{ "type": "Feature", "properties": { "内容": "認知症対応型共同生活介護　グループホーム和【認知症対応型共同生活介護】薩摩川内市　中福良町　２９１１番地１", "url": "https://www.kaigokensaku.mhlw.go.jp/46/index.php?action_kouhyou_detail_004_kani=true&JigyosyoCd=4690200185-00&ServiceCd=320&Type=search", "url2": "http://hakujyuen.info" }, "geometry": { "type": "Point", "coordinates": [ 130.2956405, 31.787683 ] } },
{ "type": "Feature", "properties": { "内容": "グループホームこうらく園【認知症対応型共同生活介護】鹿児島県薩摩川内市下甑町手打544番地", "url": "https://www.kaigokensaku.mhlw.go.jp/46/index.php?action_kouhyou_detail_004_kani=true&JigyosyoCd=4691500153-00&ServiceCd=320&Type=search", "url2": "https://www.yosumi.co.jp/affiliated-company/grouphome_kouraku-en.html" }, "geometry": { "type": "Point", "coordinates": [ 129.711521172387279, 31.634426950644343 ] } },
{ "type": "Feature", "properties": { "内容": "グループホームそら【認知症対応型共同生活介護】薩摩川内市横馬場町８番１１号", "url": "https://www.kaigokensaku.mhlw.go.jp/46/index.php?action_kouhyou_detail_004_kani=true&JigyosyoCd=4670200445-00&ServiceCd=320&Type=search", "url2": "https://ajisaien-kagoshima.com" }, "geometry": { "type": "Point", "coordinates": [ 130.310393800000043, 31.8172281 ] } },
{ "type": "Feature", "properties": { "内容": "グループホームわかまつ園【認知症対応型共同生活介護】薩摩川内市高江町1653-1", "url": "https://www.kaigokensaku.mhlw.go.jp/46/index.php?action_kouhyou_detail_004_kani=true&JigyosyoCd=4670200700-00&ServiceCd=320&Type=search", "url2": "http://wakamatuen.jp/" }, "geometry": { "type": "Point", "coordinates": [ 130.246372575393679, 31.827219765636503 ] } },
{ "type": "Feature", "properties": { "内容": "グループホームふるさとの家「すずらん」【認知症対応型共同生活介護】勝目町5215-5", "url": "https://www.kaigokensaku.mhlw.go.jp/46/index.php?action_kouhyou_detail_004_kani=true&JigyosyoCd=4670200510-00&ServiceCd=320&Type=search", "url2": null }, "geometry": { "type": "Point", "coordinates": [ 130.318071799999984, 31.7858033 ] } },
{ "type": "Feature", "properties": { "内容": "自立の家【認知症対応型共同生活介護】大小路町５１番２３号", "url": "https://www.kaigokensaku.mhlw.go.jp/46/index.php?action_kouhyou_detail_004_kani=true&JigyosyoCd=4670200429-00&ServiceCd=320&Type=search", "url2": "http://www.doujunkai.or.jp" }, "geometry": { "type": "Point", "coordinates": [ 130.303677500000049, 31.8235495 ] } },
{ "type": "Feature", "properties": { "内容": "グループホーム　きままの郷【認知症対応型共同生活介護】薩摩川内市樋脇町市比野3244番地1", "url": "https://www.kaigokensaku.mhlw.go.jp/46/index.php?action_kouhyou_detail_004_kani=true&JigyosyoCd=4673600104-00&ServiceCd=320&Type=search", "url2": "http://ichihuku.jp/index.html" }, "geometry": { "type": "Point", "coordinates": [ 130.396952199999987, 31.7881795 ] } },
{ "type": "Feature", "properties": { "内容": "ケアホーム田海園【認知症対応型共同生活介護】鹿児島県薩摩川内市城上町9750-7", "url": "https://www.kaigokensaku.mhlw.go.jp/46/index.php?action_kouhyou_detail_004_kani=true&JigyosyoCd=4691500203-00&ServiceCd=320&Type=search", "url2": "https://argoline.co.jp/" }, "geometry": { "type": "Point", "coordinates": [ 130.309972099999982, 31.8711443 ] } },
{ "type": "Feature", "properties": { "内容": "グループホーム永利【認知症対応型共同生活介護】薩摩川内市永利町2533-3", "url": "https://www.kaigokensaku.mhlw.go.jp/46/index.php?action_kouhyou_detail_004_kani=true&JigyosyoCd=4690200219-00&ServiceCd=320&Type=search", "url2": "grouphome.nagatoshi@biscuit.ocn.ne.jp" }, "geometry": { "type": "Point", "coordinates": [ 130.346130606190513, 31.807290884202011 ] } },
{ "type": "Feature", "properties": { "内容": "グループホーム馥郁【認知症対応型共同生活介護】鹿児島県薩摩川内市平佐一丁目112番", "url": "https://www.kaigokensaku.mhlw.go.jp/46/index.php?action_kouhyou_detail_004_kani=true&JigyosyoCd=4691500161-00&ServiceCd=320&Type=search", "url2": null }, "geometry": { "type": "Point", "coordinates": [ 130.311835436316102, 31.817707378549336 ] } },
{ "type": "Feature", "properties": { "内容": "グループホームあおいの家【認知症対応型共同生活介護】鹿児島県薩摩川内市隈之城町1248番地1なし", "url": "https://www.kaigokensaku.mhlw.go.jp/46/index.php?action_kouhyou_detail_004_kani=true&JigyosyoCd=4670200577-00&ServiceCd=320&Type=search", "url2": "https://sites.google.com/view/aoikaigofukusikai/%E3%83%9B%E3%83%BC%E3%83%A0" }, "geometry": { "type": "Point", "coordinates": [ 130.310050727177469, 31.796892325772671 ] } },
{ "type": "Feature", "properties": { "内容": "グループホーム　川内森の里【認知症対応型共同生活介護】中郷町6956番地４９", "url": "https://www.kaigokensaku.mhlw.go.jp/46/index.php?action_kouhyou_detail_004_kani=true&JigyosyoCd=4670200544-00&ServiceCd=320&Type=search", "url2": null }, "geometry": { "type": "Point", "coordinates": [ -82.599590499999962, 34.3141092 ] } },
{ "type": "Feature", "properties": { "内容": "グループホームお多麻さんの家【認知症対応型共同生活介護】寄田町８８５番地１", "url": "https://www.kaigokensaku.mhlw.go.jp/46/index.php?action_kouhyou_detail_004_kani=true&JigyosyoCd=4670200551-00&ServiceCd=320&Type=search", "url2": null }, "geometry": { "type": "Point", "coordinates": [ 130.189974, 31.8206607 ] } },
{ "type": "Feature", "properties": { "内容": "グループホーム　とうごう苑【認知症対応型共同生活介護】鹿児島県薩摩川内市東郷町斧渕２６３６番地１", "url": "https://www.kaigokensaku.mhlw.go.jp/46/index.php?action_kouhyou_detail_004_kani=true&JigyosyoCd=4670201062-00&ServiceCd=320&Type=search", "url2": "http://tougouen.jp" }, "geometry": { "type": "Point", "coordinates": [ 130.361696299999949, 31.8588381 ] } },
{ "type": "Feature", "properties": { "内容": "グループホーム多喜人【認知症対応型共同生活介護】鹿児島県薩摩川内市里町里470番地", "url": "https://www.kaigokensaku.mhlw.go.jp/46/index.php?action_kouhyou_detail_004_kani=true&JigyosyoCd=4690200102-00&ServiceCd=320&Type=search", "url2": null }, "geometry": { "type": "Point", "coordinates": [ 129.9229927, 31.8375461 ] } },
{ "type": "Feature", "properties": { "内容": "医療法人　仁梅会　グループホーム虹の杜【認知症対応型共同生活介護】日置市吹上町湯之浦760番地1", "url": "https://www.kaigokensaku.mhlw.go.jp/46/index.php?action_kouhyou_detail_004_kani=true&JigyosyoCd=4671500165-00&ServiceCd=320&Type=search", "url2": null }, "geometry": { "type": "Point", "coordinates": [ 130.358638899999988, 31.5023298 ] } },
{ "type": "Feature", "properties": { "内容": "グループホーム秋光園【認知症対応型共同生活介護】東市来町長里360番地1", "url": "https://www.kaigokensaku.mhlw.go.jp/46/index.php?action_kouhyou_detail_004_kani=true&JigyosyoCd=4672900133-00&ServiceCd=320&Type=search", "url2": "http://syuukouen.jp/" }, "geometry": { "type": "Point", "coordinates": [ 130.3484386, 31.6625267 ] } },
{ "type": "Feature", "properties": { "内容": "グループホーム　やぼのさと【認知症対応型共同生活介護】鹿児島県日置市東市来町長里5202-1やぼのさと", "url": "https://www.kaigokensaku.mhlw.go.jp/46/index.php?action_kouhyou_detail_004_kani=true&JigyosyoCd=4691500245-00&ServiceCd=320&Type=search", "url2": "http///www.seishin-kai.org/" }, "geometry": { "type": "Point", "coordinates": [ 130.366868100000033, 31.6624605 ] } },
{ "type": "Feature", "properties": { "内容": "グループホームあったかハウス東市来【認知症対応型共同生活介護】鹿児島県日置市東市来町長里880番地15", "url": "https://www.kaigokensaku.mhlw.go.jp/46/index.php?action_kouhyou_detail_004_kani=true&JigyosyoCd=4672900158-00&ServiceCd=320&Type=search", "url2": "http://www.seishin-kai.org" }, "geometry": { "type": "Point", "coordinates": [ 130.342552500000011, 31.6697451 ] } },
{ "type": "Feature", "properties": { "内容": "グループホームあったかハウス日吉【認知症対応型共同生活介護】鹿児島県日置市日吉町吉利796番地", "url": "https://www.kaigokensaku.mhlw.go.jp/46/index.php?action_kouhyou_detail_004_kani=true&JigyosyoCd=4673300044-00&ServiceCd=320&Type=search", "url2": "http://www.seishin-kai.org" }, "geometry": { "type": "Point", "coordinates": [ 130.340321200000062, 31.5750212 ] } },
{ "type": "Feature", "properties": { "内容": "グループホーム郡【認知症対応型共同生活介護】鹿児島県日置市伊集院町郡１１９９番地３", "url": "https://www.kaigokensaku.mhlw.go.jp/46/index.php?action_kouhyou_detail_004_kani=true&JigyosyoCd=4691500013-00&ServiceCd=320&Type=search", "url2": "https://kubonaikakaigosisetu2.jimdofree.com/" }, "geometry": { "type": "Point", "coordinates": [ 130.403993259094705, 31.636966142844489 ] } },
{ "type": "Feature", "properties": { "内容": "グループホーム百美【認知症対応型共同生活介護】吹上町小野1478番地ふきあげタウン", "url": "https://www.kaigokensaku.mhlw.go.jp/46/index.php?action_kouhyou_detail_004_kani=true&JigyosyoCd=4691500039-00&ServiceCd=320&Type=search", "url2": "http://www.seishin-kai.org" }, "geometry": { "type": "Point", "coordinates": [ 130.337694060565724, 31.537409229316701 ] } },
{ "type": "Feature", "properties": { "内容": "グループホーム永喜村【認知症対応型共同生活介護】日置市吹上町永吉14145番地", "url": "https://www.kaigokensaku.mhlw.go.jp/46/index.php?action_kouhyou_detail_004_kani=true&JigyosyoCd=4673400091-00&ServiceCd=320&Type=search", "url2": "http://www.akebonofukushikai.jp" }, "geometry": { "type": "Point", "coordinates": [ 130.356687500000021, 31.5597786 ] } },
{ "type": "Feature", "properties": { "内容": "グループホーム　あったかハウス伊集院【認知症対応型共同生活介護】鹿児島県日置市伊集院町下神殿1366番地1", "url": "https://www.kaigokensaku.mhlw.go.jp/46/index.php?action_kouhyou_detail_004_kani=true&JigyosyoCd=4673000107-00&ServiceCd=320&Type=search", "url2": "http://www.seishin-kai.org" }, "geometry": { "type": "Point", "coordinates": [ 130.405865299999959, 31.6478293 ] } },
{ "type": "Feature", "properties": { "内容": "グループホーム　あおぞら【認知症対応型共同生活介護】日置市日吉町日置４７８番地", "url": "https://www.kaigokensaku.mhlw.go.jp/46/index.php?action_kouhyou_detail_004_kani=true&JigyosyoCd=4673300077-00&ServiceCd=320&Type=search", "url2": "ghaozora@po.minc.ne.jp" }, "geometry": { "type": "Point", "coordinates": [ 130.3423229, 31.5910254 ] } },
{ "type": "Feature", "properties": { "内容": "グーループホーム　ひおきの里【認知症対応型共同生活介護】日吉町日置407-1", "url": "https://www.kaigokensaku.mhlw.go.jp/46/index.php?action_kouhyou_detail_004_kani=true&JigyosyoCd=4691500054-00&ServiceCd=320&Type=search", "url2": "http://www.miyuki-clinic.net" }, "geometry": { "type": "Point", "coordinates": [ 130.345756100000017, 31.5900172 ] } },
{ "type": "Feature", "properties": { "内容": "グループホーム花々館【認知症対応型共同生活介護】鹿児島県日置市伊集院町徳重3丁目3番地14", "url": "https://www.kaigokensaku.mhlw.go.jp/46/index.php?action_kouhyou_detail_004_kani=true&JigyosyoCd=4673000156-00&ServiceCd=320&Type=search", "url2": "http://yuushikai.or.jp/" }, "geometry": { "type": "Point", "coordinates": [ 130.396355800000038, 31.6319974 ] } },
{ "type": "Feature", "properties": { "内容": "グループホームすこやか【認知症対応型共同生活介護】日置市東市来町湯田３００７番地", "url": "https://www.kaigokensaku.mhlw.go.jp/46/index.php?action_kouhyou_detail_004_kani=true&JigyosyoCd=4672900190-00&ServiceCd=320&Type=search", "url2": "http://kenseikai.biz/sukoyaka/" }, "geometry": { "type": "Point", "coordinates": [ 130.33063349629515, 31.672080853871144 ] } },
{ "type": "Feature", "properties": { "内容": "グループホーム　曽於【認知症対応型共同生活介護】曽於市財部町南俣99-1", "url": "https://www.kaigokensaku.mhlw.go.jp/46/index.php?action_kouhyou_detail_004_kani=true&JigyosyoCd=4691600037-00&ServiceCd=320&Type=search", "url2": "http://www.h-miyukien.info/" }, "geometry": { "type": "Point", "coordinates": [ 130.996987, 31.725877 ] } },
{ "type": "Feature", "properties": { "内容": "グループホーム　高松みどりの里【認知症対応型共同生活介護】鹿児島県曽於市末吉町諏訪方6875番地", "url": "https://www.kaigokensaku.mhlw.go.jp/46/index.php?action_kouhyou_detail_004_kani=true&JigyosyoCd=4691600052-00&ServiceCd=320&Type=search", "url2": "https://hakujyukai-kagoshima.jp" }, "geometry": { "type": "Point", "coordinates": [ 130.993412600000056, 31.6498158 ] } },
{ "type": "Feature", "properties": { "内容": "グループホーム　やわら【認知症対応型共同生活介護】鹿児島県曽於市末吉町二之方5232-8鶴棟、亀棟", "url": "https://www.kaigokensaku.mhlw.go.jp/46/index.php?action_kouhyou_detail_004_kani=true&JigyosyoCd=4676600218-00&ServiceCd=320&Type=search", "url2": null }, "geometry": { "type": "Point", "coordinates": [ 131.013344800000027, 31.6398695 ] } },
{ "type": "Feature", "properties": { "内容": "グループホームかんな【認知症対応型共同生活介護】鹿児島県曽於市末吉町南之郷77-1秀棟　宝棟", "url": "https://www.kaigokensaku.mhlw.go.jp/46/index.php?action_kouhyou_detail_004_kani=true&JigyosyoCd=4691600110-00&ServiceCd=320&Type=search", "url2": null }, "geometry": { "type": "Point", "coordinates": [ 131.027180700000031, 31.6682032 ] } },
{ "type": "Feature", "properties": { "内容": "グループホームいちにさん【認知症対応型共同生活介護】鹿児島県曽於市財部町南俣11370番地", "url": "https://www.kaigokensaku.mhlw.go.jp/46/index.php?action_kouhyou_detail_004_kani=true&JigyosyoCd=4691600151-00&ServiceCd=320&Type=search", "url2": null }, "geometry": { "type": "Point", "coordinates": [ 130.993104, 31.7274239 ] } },
{ "type": "Feature", "properties": { "内容": "グループホーム　ほたる【認知症対応型共同生活介護】鹿児島県曽於市財部町下財部45番地１", "url": "https://www.kaigokensaku.mhlw.go.jp/46/index.php?action_kouhyou_detail_004_kani=true&JigyosyoCd=4691600078-00&ServiceCd=320&Type=search", "url2": null }, "geometry": { "type": "Point", "coordinates": [ 130.998905899999954, 31.7349704 ] } },
{ "type": "Feature", "properties": { "内容": "グループホーム　ぬくもりの里【認知症対応型共同生活介護】鹿児島県曽於市大隅町中之内6078番地9", "url": "https://www.kaigokensaku.mhlw.go.jp/46/index.php?action_kouhyou_detail_004_kani=true&JigyosyoCd=4676300140-00&ServiceCd=320&Type=search", "url2": "Https://www.nukumorisoocity.com" }, "geometry": { "type": "Point", "coordinates": [ 130.969663399999945, 31.6295179 ] } },
{ "type": "Feature", "properties": { "内容": "グループホームあがいやんせ【認知症対応型共同生活介護】鹿児島県曽於市大隅町岩川5566番地", "url": "https://www.kaigokensaku.mhlw.go.jp/46/index.php?action_kouhyou_detail_004_kani=true&JigyosyoCd=4676300116-00&ServiceCd=320&Type=search", "url2": "https://aiseikai@com" }, "geometry": { "type": "Point", "coordinates": [ 130.9886153262199, 31.595404288567824 ] } },
{ "type": "Feature", "properties": { "内容": "グループホームふれあい館【認知症対応型共同生活介護】大隅町月野３４８６－６", "url": "https://www.kaigokensaku.mhlw.go.jp/46/index.php?action_kouhyou_detail_004_kani=true&JigyosyoCd=4676300173-00&ServiceCd=320&Type=search", "url2": "hureaikan@aquz.net" }, "geometry": { "type": "Point", "coordinates": [ 131.012161795106522, 31.569274770526139 ] } },
{ "type": "Feature", "properties": { "内容": "グループホーム愛の家【認知症対応型共同生活介護】鹿児島県曽於市大隅町月野１５６２－３木造住宅", "url": "https://www.kaigokensaku.mhlw.go.jp/46/index.php?action_kouhyou_detail_004_kani=true&JigyosyoCd=4676300132-00&ServiceCd=320&Type=search", "url2": null }, "geometry": { "type": "Point", "coordinates": [ 131.013420200000041, 31.5778526 ] } },
{ "type": "Feature", "properties": { "内容": "とうりんじハウス【認知症対応型共同生活介護】隼人町　東郷　102番地", "url": "https://www.kaigokensaku.mhlw.go.jp/46/index.php?action_kouhyou_detail_004_kani=true&JigyosyoCd=4691200366-00&ServiceCd=320&Type=search", "url2": null }, "geometry": { "type": "Point", "coordinates": [ 130.752405299999964, 31.7649466 ] } },
{ "type": "Feature", "properties": { "内容": "国分府中グループホーム【認知症対応型共同生活介護】鹿児島県霧島市国分府中町１３－１５府中高齢者支援施設２階", "url": "https://www.kaigokensaku.mhlw.go.jp/46/index.php?action_kouhyou_detail_004_kani=true&JigyosyoCd=4671200527-00&ServiceCd=320&Type=search", "url2": null }, "geometry": { "type": "Point", "coordinates": [ 130.759837744180288, 31.744678138184625 ] } },
{ "type": "Feature", "properties": { "内容": "グループホームどんぐりの里【認知症対応型共同生活介護】隼人町真孝113-1", "url": "https://www.kaigokensaku.mhlw.go.jp/46/index.php?action_kouhyou_detail_004_kani=true&JigyosyoCd=4676100219-00&ServiceCd=320&Type=search", "url2": "http://www.tamaiclinic.or.jp/donguri/" }, "geometry": { "type": "Point", "coordinates": [ 130.736592400000063, 31.7325767 ] } },
{ "type": "Feature", "properties": { "内容": "グループホーム嘉祥園ひなた【認知症対応型共同生活介護】霧島市国分清水5丁目1番49号", "url": "https://www.kaigokensaku.mhlw.go.jp/46/index.php?action_kouhyou_detail_004_kani=true&JigyosyoCd=4691200382-00&ServiceCd=320&Type=search", "url2": "https://www.seitenkai.jp" }, "geometry": { "type": "Point", "coordinates": [ 130.790513799999985, 31.760386 ] } },
{ "type": "Feature", "properties": { "内容": "グループホームきりっま【認知症対応型共同生活介護】霧島大窪６３番地２", "url": "https://www.kaigokensaku.mhlw.go.jp/46/index.php?action_kouhyou_detail_004_kani=true&JigyosyoCd=4691200218-00&ServiceCd=320&Type=search", "url2": null }, "geometry": { "type": "Point", "coordinates": [ 130.815054499999974, 31.8125926 ] } },
{ "type": "Feature", "properties": { "内容": "社会福祉法人　豊生会　みゆき苑　グループホーム隼人【認知症対応型共同生活介護】隼人町松永3630-3", "url": "https://www.kaigokensaku.mhlw.go.jp/46/index.php?action_kouhyou_detail_004_kani=true&JigyosyoCd=4676100235-00&ServiceCd=320&Type=search", "url2": "h-miyukien.info" }, "geometry": { "type": "Point", "coordinates": [ 130.759075519574026, 31.782530731057879 ] } },
{ "type": "Feature", "properties": { "内容": "グループホームサンライト【認知症対応型共同生活介護】鹿児島県霧島市牧園町高千穂3617番地640", "url": "https://www.kaigokensaku.mhlw.go.jp/46/index.php?action_kouhyou_detail_004_kani=true&JigyosyoCd=4675900106-00&ServiceCd=320&Type=search", "url2": "www://toukeikai.jp" }, "geometry": { "type": "Point", "coordinates": [ 130.819348399999967, 31.8796817 ] } },
{ "type": "Feature", "properties": { "内容": "グループホームうのき【認知症対応型共同生活介護】霧島市国分中央三丁目19-8", "url": "https://www.kaigokensaku.mhlw.go.jp/46/index.php?action_kouhyou_detail_004_kani=true&JigyosyoCd=4691200374-00&ServiceCd=320&Type=search", "url2": "http://syunseikai-unoki.jp/" }, "geometry": { "type": "Point", "coordinates": [ 130.769460900000013, 31.7370603 ] } },
{ "type": "Feature", "properties": { "内容": "医療法人誠井会　グループホーム福寿荘【認知症対応型共同生活介護】鹿児島県霧島市国分広瀬二丁目28番16-１　2Ｆ", "url": "https://www.kaigokensaku.mhlw.go.jp/46/index.php?action_kouhyou_detail_004_kani=true&JigyosyoCd=4691200457-00&ServiceCd=320&Type=search", "url2": "https://www.seiikai.com/" }, "geometry": { "type": "Point", "coordinates": [ 130.754381863229355, 31.718750120476745 ] } },
{ "type": "Feature", "properties": { "内容": "医療法人　誠井会　グループホーム陽だまり日輪荘【認知症対応型共同生活介護】国分広瀬二丁目29-37", "url": "https://www.kaigokensaku.mhlw.go.jp/46/index.php?action_kouhyou_detail_004_kani=true&JigyosyoCd=4691200309-00&ServiceCd=320&Type=search", "url2": "http://www.seiikai.com/" }, "geometry": { "type": "Point", "coordinates": [ 130.755046099999959, 31.7187197 ] } },
{ "type": "Feature", "properties": { "内容": "グループホーム　こくぶ太陽の家【認知症対応型共同生活介護】霧島市国分中央1丁目24-24", "url": "https://www.kaigokensaku.mhlw.go.jp/46/index.php?action_kouhyou_detail_004_kani=true&JigyosyoCd=4691200275-00&ServiceCd=320&Type=search", "url2": null }, "geometry": { "type": "Point", "coordinates": [ 130.771505, 31.7402989 ] } },
{ "type": "Feature", "properties": { "内容": "グループホーム「ゆうゆう」【認知症対応型共同生活介護】鹿児島県霧島市隼人町姫城一丁目２７６番地", "url": "https://www.kaigokensaku.mhlw.go.jp/46/index.php?action_kouhyou_detail_004_kani=true&JigyosyoCd=4676100193-00&ServiceCd=320&Type=search", "url2": "https://hayato-onsen.jp/" }, "geometry": { "type": "Point", "coordinates": [ 130.756687932540899, 31.766476665001257 ] } },
{ "type": "Feature", "properties": { "内容": "グループホーム　よいやんせ【認知症対応型共同生活介護】溝辺町崎森2759-1グループホーム　よいやんせ", "url": "https://www.kaigokensaku.mhlw.go.jp/46/index.php?action_kouhyou_detail_004_kani=true&JigyosyoCd=4691200010-00&ServiceCd=320&Type=search", "url2": "http://yoiyanse.jp" }, "geometry": { "type": "Point", "coordinates": [ 130.7002271, 31.7795103 ] } },
{ "type": "Feature", "properties": { "内容": "グループホーム　オアシスケア小浜【認知症対応型共同生活介護】霧島市隼人町小浜３０７０", "url": "https://www.kaigokensaku.mhlw.go.jp/46/index.php?action_kouhyou_detail_004_kani=true&JigyosyoCd=4691200416-00&ServiceCd=320&Type=search", "url2": "koushinkai-k.info" }, "geometry": { "type": "Point", "coordinates": [ 130.6896921, 31.7498933 ] } },
{ "type": "Feature", "properties": { "内容": "グループホームゆめ【認知症対応型共同生活介護】鹿児島県霧島市霧島田口2143", "url": "https://www.kaigokensaku.mhlw.go.jp/46/index.php?action_kouhyou_detail_004_kani=true&JigyosyoCd=4676000088-00&ServiceCd=320&Type=search", "url2": "http://www.kouseikai.info" }, "geometry": { "type": "Point", "coordinates": [ 130.8557915, 31.8474153 ] } },
{ "type": "Feature", "properties": { "内容": "グループホームうらら【認知症対応型共同生活介護】国分下井2988", "url": "https://www.kaigokensaku.mhlw.go.jp/46/index.php?action_kouhyou_detail_004_kani=true&JigyosyoCd=4691200606-00&ServiceCd=320&Type=search", "url2": "Http:www.aozora-gp.jp" }, "geometry": { "type": "Point", "coordinates": [ 130.776869100000027, 31.709251500000018 ] } },
{ "type": "Feature", "properties": { "内容": "グループホームみどりの風【認知症対応型共同生活介護】鹿児島県霧島市横川町中ノ5645番１", "url": "https://www.kaigokensaku.mhlw.go.jp/46/index.php?action_kouhyou_detail_004_kani=true&JigyosyoCd=4691200077-00&ServiceCd=320&Type=search", "url2": "https://www.kibo-ryokufuen.com/" }, "geometry": { "type": "Point", "coordinates": [ 130.693067955541977, 31.888599942699521 ] } },
{ "type": "Feature", "properties": { "内容": "グループホーム協愛【認知症対応型共同生活介護】霧島市国分新町一丁目６番５２－１７号", "url": "https://www.kaigokensaku.mhlw.go.jp/46/index.php?action_kouhyou_detail_004_kani=true&JigyosyoCd=4671200253-00&ServiceCd=320&Type=search", "url2": null }, "geometry": { "type": "Point", "coordinates": [ 130.760469300000068, 31.7501313 ] } },
{ "type": "Feature", "properties": { "内容": "グループホーム　てんとうむし【認知症対応型共同生活介護】鹿児島県　霧島市　国分　上井　903番地2", "url": "https://www.kaigokensaku.mhlw.go.jp/46/index.php?action_kouhyou_detail_004_kani=true&JigyosyoCd=4671200378-00&ServiceCd=320&Type=search", "url2": null }, "geometry": { "type": "Point", "coordinates": [ 130.789370500000018, 31.7263363 ] } },
{ "type": "Feature", "properties": { "内容": "ニチイケアセンター国分【認知症対応型共同生活介護】鹿児島県霧島市国分剣之宇都町９番地６", "url": "https://www.kaigokensaku.mhlw.go.jp/46/index.php?action_kouhyou_detail_004_kani=true&JigyosyoCd=4691200291-00&ServiceCd=320&Type=search", "url2": "http://www.nichiigakkan.co.jp" }, "geometry": { "type": "Point", "coordinates": [ 130.766442900000015, 31.7693268 ] } },
{ "type": "Feature", "properties": { "内容": "グループホーム　オアシスケア溝辺【認知症対応型共同生活介護】霧島市溝辺町崎森１８９１－１５", "url": "https://www.kaigokensaku.mhlw.go.jp/46/index.php?action_kouhyou_detail_004_kani=true&JigyosyoCd=4691200408-00&ServiceCd=320&Type=search", "url2": null }, "geometry": { "type": "Point", "coordinates": [ 130.714607, 31.766873 ] } },
{ "type": "Feature", "properties": { "内容": "グループホーム　あもり【認知症対応型共同生活介護】鹿児島県霧島市隼人町内2075番地2", "url": "https://www.kaigokensaku.mhlw.go.jp/46/index.php?action_kouhyou_detail_004_kani=true&JigyosyoCd=4676100243-00&ServiceCd=320&Type=search", "url2": "http://shinpoukai.jp/publics/index/45/" }, "geometry": { "type": "Point", "coordinates": [ 130.723475266934201, 31.764289512856145 ] } },
{ "type": "Feature", "properties": { "内容": "グループホームうれし舎【認知症対応型共同生活介護】鹿児島県いちき串木野市生福６３０３－９", "url": "https://www.kaigokensaku.mhlw.go.jp/46/index.php?action_kouhyou_detail_004_kani=true&JigyosyoCd=4670500182-00&ServiceCd=320&Type=search", "url2": null }, "geometry": { "type": "Point", "coordinates": [ 130.305273, 31.7274134 ] } },
{ "type": "Feature", "properties": { "内容": "グループホーム　てね【認知症対応型共同生活介護】いちき串木野市小薗5050番地1", "url": "https://www.kaigokensaku.mhlw.go.jp/46/index.php?action_kouhyou_detail_004_kani=true&JigyosyoCd=4690500048-00&ServiceCd=320&Type=search", "url2": null }, "geometry": { "type": "Point", "coordinates": [ 130.290900986508206, 31.723399973943369 ] } },
{ "type": "Feature", "properties": { "内容": "グループホーム　もぜ【認知症対応型共同生活介護】鹿児島県いちき串木野市春日町24番地", "url": "https://www.kaigokensaku.mhlw.go.jp/46/index.php?action_kouhyou_detail_004_kani=true&JigyosyoCd=4670500117-00&ServiceCd=320&Type=search", "url2": "http://shinkikai-kushikino.com/moze/" }, "geometry": { "type": "Point", "coordinates": [ 130.26921219999997, 31.7202328 ] } },
{ "type": "Feature", "properties": { "内容": "グループホームあったかハウス市来【認知症対応型共同生活介護】鹿児島県いちき串木野市大里3261番地1グループホームあったかハウス市来（かぜ、なみフロア）", "url": "https://www.kaigokensaku.mhlw.go.jp/46/index.php?action_kouhyou_detail_004_kani=true&JigyosyoCd=4672800044-00&ServiceCd=320&Type=search", "url2": "http://www.seishin-kai.org" }, "geometry": { "type": "Point", "coordinates": [ 130.302788100000043, 31.6736857 ] } },
{ "type": "Feature", "properties": { "内容": "あんずの家【認知症対応型共同生活介護】桜町３９－１", "url": "https://www.kaigokensaku.mhlw.go.jp/46/index.php?action_kouhyou_detail_004_kani=true&JigyosyoCd=4670500166-00&ServiceCd=320&Type=search", "url2": null }, "geometry": { "type": "Point", "coordinates": [ 130.270076099999983, 31.7198439 ] } },
{ "type": "Feature", "properties": { "内容": "グループホーム　あったかハウス串木野【認知症対応型共同生活介護】鹿児島県いちき串木野市大原80番地5", "url": "https://www.kaigokensaku.mhlw.go.jp/46/index.php?action_kouhyou_detail_004_kani=true&JigyosyoCd=4670500158-00&ServiceCd=320&Type=search", "url2": "http://www.seishin-kai.org" }, "geometry": { "type": "Point", "coordinates": [ 130.271501, 31.7167831 ] } },
{ "type": "Feature", "properties": { "内容": "グループホーム　貴恵【認知症対応型共同生活介護】鹿児島県いちき串木野市湊町2744番地1鹿児島県いちき串木野市湊町2744番地1", "url": "https://www.kaigokensaku.mhlw.go.jp/46/index.php?action_kouhyou_detail_004_kani=true&JigyosyoCd=4690500030-00&ServiceCd=320&Type=search", "url2": null }, "geometry": { "type": "Point", "coordinates": [ 130.292530400000032, 31.6915225 ] } },
{ "type": "Feature", "properties": { "内容": "医療法人芳清会　グループホームさくらの丘【認知症対応型共同生活介護】いちき串木野市生福８９７４番地", "url": "https://www.kaigokensaku.mhlw.go.jp/46/index.php?action_kouhyou_detail_004_kani=true&JigyosyoCd=4670500224-00&ServiceCd=320&Type=search", "url2": "kushikinonaika.or.jp" }, "geometry": { "type": "Point", "coordinates": [ 130.31208659999993, 31.7166091 ] } },
{ "type": "Feature", "properties": { "内容": "グループホーム加世田【認知症対応型共同生活介護】鹿児島県南さつま市加世田本町50-20", "url": "https://www.kaigokensaku.mhlw.go.jp/46/index.php?action_kouhyou_detail_004_kani=true&JigyosyoCd=4671100214-00&ServiceCd=320&Type=search", "url2": "https://gh-kaseda.com/" }, "geometry": { "type": "Point", "coordinates": [ 130.319867511500547, 31.416024933913988 ] } },
{ "type": "Feature", "properties": { "内容": "グループホーム　フレンドリーハウスのぎく【認知症対応型共同生活介護】笠沙町赤生木１１３７２－３９７", "url": "https://www.kaigokensaku.mhlw.go.jp/46/index.php?action_kouhyou_detail_004_kani=true&JigyosyoCd=4672300078-00&ServiceCd=320&Type=search", "url2": "http://ayanokai.stars.ne.jp/" }, "geometry": { "type": "Point", "coordinates": [ -90.932441499999982, 30.3264648 ] } },
{ "type": "Feature", "properties": { "内容": "グループホーム有馬館【認知症対応型共同生活介護】鹿児島県南さつま市加世田地頭所1600番地", "url": "https://www.kaigokensaku.mhlw.go.jp/46/index.php?action_kouhyou_detail_004_kani=true&JigyosyoCd=4691100186-00&ServiceCd=320&Type=search", "url2": "https://magokoro.or.jp/" }, "geometry": { "type": "Point", "coordinates": [ 130.317795899999965, 31.4224605 ] } },
{ "type": "Feature", "properties": { "内容": "グループホーム金峰やすらぎ館【認知症対応型共同生活介護】金峰町宮崎３９９２番地１", "url": "https://www.kaigokensaku.mhlw.go.jp/46/index.php?action_kouhyou_detail_004_kani=true&JigyosyoCd=4691100038-00&ServiceCd=320&Type=search", "url2": "https://magokoro.or.jp/" }, "geometry": { "type": "Point", "coordinates": [ 130.33189440000001, 31.4366675 ] } },
{ "type": "Feature", "properties": { "内容": "株式会社　九州保健医療　グループホームおおうら【認知症対応型共同生活介護】大浦町８２３２", "url": "https://www.kaigokensaku.mhlw.go.jp/46/index.php?action_kouhyou_detail_004_kani=true&JigyosyoCd=4672400068-00&ServiceCd=320&Type=search", "url2": null }, "geometry": { "type": "Point", "coordinates": [ 130.2295828, 31.3697661 ] } },
{ "type": "Feature", "properties": { "内容": "グループホームもうひとつの私の家　なでしこ【認知症対応型共同生活介護】鹿児島県南さつま市加世田村原1丁目9－6", "url": "https://www.kaigokensaku.mhlw.go.jp/46/index.php?action_kouhyou_detail_004_kani=true&JigyosyoCd=4671100115-00&ServiceCd=320&Type=search", "url2": "http://www.nonohanakai.or.jp" }, "geometry": { "type": "Point", "coordinates": [ 130.3251153, 31.4223779 ] } },
{ "type": "Feature", "properties": { "内容": "有限会社グループホームさつま坊津【認知症対応型共同生活介護】坊津町坊２４１７番地５", "url": "https://www.kaigokensaku.mhlw.go.jp/46/index.php?action_kouhyou_detail_004_kani=true&JigyosyoCd=4691100012-00&ServiceCd=320&Type=search", "url2": null }, "geometry": { "type": "Point", "coordinates": [ 130.259401252778645, 31.266094162487121 ] } },
{ "type": "Feature", "properties": { "内容": "グループホーム　れんげそう【認知症対応型共同生活介護】鹿児島県南さつま市金峰町尾下３９０番地", "url": "https://www.kaigokensaku.mhlw.go.jp/46/index.php?action_kouhyou_detail_004_kani=true&JigyosyoCd=4673500098-00&ServiceCd=320&Type=search", "url2": null }, "geometry": { "type": "Point", "coordinates": [ 130.343439600000011, 31.4604702 ] } },
{ "type": "Feature", "properties": { "内容": "びろうの樹【認知症対応型共同生活介護】鹿児島県志布志市有明町野井倉6166番地1グループホーム　びろうの樹", "url": "https://www.kaigokensaku.mhlw.go.jp/46/index.php?action_kouhyou_detail_004_kani=true&JigyosyoCd=4676900113-00&ServiceCd=320&Type=search", "url2": "http://www.birounoki.com" }, "geometry": { "type": "Point", "coordinates": [ 131.053880400000025, 31.4585706 ] } },
{ "type": "Feature", "properties": { "内容": "グループホーム　松山あじさい【認知症対応型共同生活介護】鹿児島県志布志市松山町泰野字松ヶ迫1111番地", "url": "https://www.kaigokensaku.mhlw.go.jp/46/index.php?action_kouhyou_detail_004_kani=true&JigyosyoCd=4676700083-00&ServiceCd=320&Type=search", "url2": null }, "geometry": { "type": "Point", "coordinates": [ 131.076283399999966, 31.5678186 ] } },
{ "type": "Feature", "properties": { "内容": "賀寿園グループホーム愛【認知症対応型共同生活介護】志布志市志布志町安楽２８１４番地", "url": "https://www.kaigokensaku.mhlw.go.jp/46/index.php?action_kouhyou_detail_004_kani=true&JigyosyoCd=4676800214-00&ServiceCd=320&Type=search", "url2": "http://www.ryuai.jp" }, "geometry": { "type": "Point", "coordinates": [ 131.08709250000004, 31.5000919 ] } },
{ "type": "Feature", "properties": { "内容": "グループホームふれあいの丘【認知症対応型共同生活介護】志布志町志布志1330番地", "url": "https://www.kaigokensaku.mhlw.go.jp/46/index.php?action_kouhyou_detail_004_kani=true&JigyosyoCd=4676800172-00&ServiceCd=320&Type=search", "url2": "http://confiance2002.com/" }, "geometry": { "type": "Point", "coordinates": [ 131.085451400000011, 31.4831406 ] } },
{ "type": "Feature", "properties": { "内容": "グループホーム　南の家族【認知症対応型共同生活介護】志布志町志布志2丁目-27-18ケアハウスぬくもり　１階部分の一部", "url": "https://www.kaigokensaku.mhlw.go.jp/46/index.php?action_kouhyou_detail_004_kani=true&JigyosyoCd=4676800156-00&ServiceCd=320&Type=search", "url2": "http://www.sayuukai.or.jp/kyouyuukai/" }, "geometry": { "type": "Point", "coordinates": [ 131.100253302377268, 31.473753680943023 ] } },
{ "type": "Feature", "properties": { "内容": "松風の里【認知症対応型共同生活介護】鹿児島県志布志市志布志町安楽52番地3", "url": "https://www.kaigokensaku.mhlw.go.jp/46/index.php?action_kouhyou_detail_004_kani=true&JigyosyoCd=4691700019-00&ServiceCd=320&Type=search", "url2": null }, "geometry": { "type": "Point", "coordinates": [ 131.090309599999955, 31.4715472 ] } },
{ "type": "Feature", "properties": { "内容": "グループホーム美笠【認知症対応型共同生活介護】鹿児島県奄美市笠利町中金久113-1", "url": "https://www.kaigokensaku.mhlw.go.jp/46/index.php?action_kouhyou_detail_004_kani=true&JigyosyoCd=4678900194-00&ServiceCd=320&Type=search", "url2": "http://sofia-international.jimdo.com/" }, "geometry": { "type": "Point", "coordinates": [ 129.676193, 28.4539999 ] } },
{ "type": "Feature", "properties": { "内容": "グループホームゆい【認知症対応型共同生活介護】鹿児島県奄美市笠利町喜瀬２４３７－１", "url": "https://www.kaigokensaku.mhlw.go.jp/46/index.php?action_kouhyou_detail_004_kani=true&JigyosyoCd=4698900018-00&ServiceCd=320&Type=search", "url2": null }, "geometry": { "type": "Point", "coordinates": [ 129.658353, 28.430571400000023 ] } },
{ "type": "Feature", "properties": { "内容": "認知症対応型共同生活介護【認知症対応型共同生活介護】鹿児島県奄美市名瀬西仲勝1199-11グループホームあすか", "url": "https://www.kaigokensaku.mhlw.go.jp/46/index.php?action_kouhyou_detail_004_kani=true&JigyosyoCd=4690700028-00&ServiceCd=320&Type=search", "url2": null }, "geometry": { "type": "Point", "coordinates": [ 129.508161208598267, 28.326230322083926 ] } },
{ "type": "Feature", "properties": { "内容": "グループホーム芦穂の里【認知症対応型共同生活介護】名瀬大字大熊字名浜1309番地３", "url": "https://www.kaigokensaku.mhlw.go.jp/46/index.php?action_kouhyou_detail_004_kani=true&JigyosyoCd=4690700010-00&ServiceCd=320&Type=search", "url2": "http://s-aiseikai.com/ashiho-group" }, "geometry": { "type": "Point", "coordinates": [ 129.539118, 28.445751 ] } },
{ "type": "Feature", "properties": { "内容": "ケアホームひより【認知症対応型共同生活介護】鹿児島県奄美市名瀬大字根瀬部242-1", "url": "https://www.kaigokensaku.mhlw.go.jp/46/index.php?action_kouhyou_detail_004_kani=true&JigyosyoCd=4690700200-00&ServiceCd=320&Type=search", "url2": null }, "geometry": { "type": "Point", "coordinates": [ 129.4347051, 28.3801292 ] } },
{ "type": "Feature", "properties": { "内容": "グループホームわせ【認知症対応型共同生活介護】鹿児島県奄美市住用町和瀬１３６－２グループホームわせ", "url": "https://www.kaigokensaku.mhlw.go.jp/46/index.php?action_kouhyou_detail_004_kani=true&JigyosyoCd=4678700081-00&ServiceCd=320&Type=search", "url2": "http://ryofu-kai.com/" }, "geometry": { "type": "Point", "coordinates": [ 129.475099249073764, 28.295402333298071 ] } },
{ "type": "Feature", "properties": { "内容": "公益社団法人　大島郡医師会　グループホーム虹の丘【認知症対応型共同生活介護】鹿児島県奄美市名瀬知名瀬2229番地", "url": "https://www.kaigokensaku.mhlw.go.jp/46/index.php?action_kouhyou_detail_004_kani=true&JigyosyoCd=4670700493-00&ServiceCd=320&Type=search", "url2": "http://nijinooka.net" }, "geometry": { "type": "Point", "coordinates": [ 129.448916800305824, 28.3773414 ] } },
{ "type": "Feature", "properties": { "内容": "このゆびとーまれ【認知症対応型共同生活介護】鹿児島県南九州市知覧町永里４５７７番地２", "url": "https://www.kaigokensaku.mhlw.go.jp/46/index.php?action_kouhyou_detail_004_kani=true&JigyosyoCd=4692600010-00&ServiceCd=320&Type=search", "url2": "http://www.ikoi-chiran.com/" }, "geometry": { "type": "Point", "coordinates": [ 130.449425, 31.3684026 ] } },
{ "type": "Feature", "properties": { "内容": "グループホーム　絆【認知症対応型共同生活介護】南九州市川辺町高田1238-4", "url": "https://www.kaigokensaku.mhlw.go.jp/46/index.php?action_kouhyou_detail_004_kani=true&JigyosyoCd=4694300015-00&ServiceCd=320&Type=search", "url2": "kizuna@ninus.ocn.ne.jp" }, "geometry": { "type": "Point", "coordinates": [ 130.383663399999932, 31.3635094 ] } },
{ "type": "Feature", "properties": { "内容": "高齢者グループホーム　りんどう【認知症対応型共同生活介護】南九州市川辺町平山6910番地", "url": "https://www.kaigokensaku.mhlw.go.jp/46/index.php?action_kouhyou_detail_004_kani=true&JigyosyoCd=4672700095-00&ServiceCd=320&Type=search", "url2": null }, "geometry": { "type": "Point", "coordinates": [ 130.39457189999996, 31.391256 ] } },
{ "type": "Feature", "properties": { "内容": "高齢者グループホーム花心家【認知症対応型共同生活介護】鹿児島県南九州市川辺町下山田１７２６番地１", "url": "https://www.kaigokensaku.mhlw.go.jp/46/index.php?action_kouhyou_detail_004_kani=true&JigyosyoCd=4694300114-00&ServiceCd=320&Type=search", "url2": null }, "geometry": { "type": "Point", "coordinates": [ 130.361003, 31.3884943 ] } },
{ "type": "Feature", "properties": { "内容": "グループホームぼだい樹【認知症対応型共同生活介護】鹿児島県南九州市頴娃町別府2796-1", "url": "https://www.kaigokensaku.mhlw.go.jp/46/index.php?action_kouhyou_detail_004_kani=true&JigyosyoCd=4694300072-00&ServiceCd=320&Type=search", "url2": "https://ookawafukushikai.jp/" }, "geometry": { "type": "Point", "coordinates": [ 130.441785399999958, 31.2556618 ] } },
{ "type": "Feature", "properties": { "内容": "グループホーム「和」【認知症対応型共同生活介護】鹿児島県南九州市川辺町清水10236番地1", "url": "https://www.kaigokensaku.mhlw.go.jp/46/index.php?action_kouhyou_detail_004_kani=true&JigyosyoCd=4672700210-00&ServiceCd=320&Type=search", "url2": null }, "geometry": { "type": "Point", "coordinates": [ 130.465810199999964, 31.4349766 ] } },
{ "type": "Feature", "properties": { "内容": "グループホームひまわり【認知症対応型共同生活介護】鹿児島県南九州市川辺町上山田4239番地5", "url": "https://www.kaigokensaku.mhlw.go.jp/46/index.php?action_kouhyou_detail_004_kani=true&JigyosyoCd=4672700145-00&ServiceCd=320&Type=search", "url2": null }, "geometry": { "type": "Point", "coordinates": [ 130.338243724884023, 31.345519040319157 ] } },
{ "type": "Feature", "properties": { "内容": "グループホームみどりの郷【認知症対応型共同生活介護】鹿児島県南九州市頴娃町上別府4627番地", "url": "https://www.kaigokensaku.mhlw.go.jp/46/index.php?action_kouhyou_detail_004_kani=true&JigyosyoCd=4672100189-00&ServiceCd=320&Type=search", "url2": null }, "geometry": { "type": "Point", "coordinates": [ 130.459360299999958, 31.2967272 ] } },
{ "type": "Feature", "properties": { "内容": "グループホーム椎原館【認知症対応型共同生活介護】鹿児島県南九州市川辺町中山田1892番地", "url": "https://www.kaigokensaku.mhlw.go.jp/46/index.php?action_kouhyou_detail_004_kani=true&JigyosyoCd=4694300106-00&ServiceCd=320&Type=search", "url2": null }, "geometry": { "type": "Point", "coordinates": [ 130.354467280287167, 31.370659202001217 ] } },
{ "type": "Feature", "properties": { "内容": "グループホーム音野舎【認知症対応型共同生活介護】鹿児島県南九州市知覧町郡2069-2", "url": "https://www.kaigokensaku.mhlw.go.jp/46/index.php?action_kouhyou_detail_004_kani=true&JigyosyoCd=4692600028-00&ServiceCd=320&Type=search", "url2": "http://www.nonnosya.com/" }, "geometry": { "type": "Point", "coordinates": [ 130.4409617, 31.3773428 ] } },
{ "type": "Feature", "properties": { "内容": "大口めぐみの里【認知症対応型共同生活介護】鹿児島県伊佐市大口曽木480", "url": "https://www.kaigokensaku.mhlw.go.jp/46/index.php?action_kouhyou_detail_004_kani=true&JigyosyoCd=4670900184-00&ServiceCd=320&Type=search", "url2": null }, "geometry": { "type": "Point", "coordinates": [ 130.602688299999954, 32.0139371 ] } },
{ "type": "Feature", "properties": { "内容": "グループホーム鈴蘭【認知症対応型共同生活介護】伊佐市大口宮人463番地30", "url": "https://www.kaigokensaku.mhlw.go.jp/46/index.php?action_kouhyou_detail_004_kani=true&JigyosyoCd=4670900218-00&ServiceCd=320&Type=search", "url2": "http://wwwdaiichikai.or.jp" }, "geometry": { "type": "Point", "coordinates": [ 130.574762299999946, 32.0261551 ] } },
{ "type": "Feature", "properties": { "内容": "グループホーム花水木【認知症対応型共同生活介護】菱刈前目791番地", "url": "https://www.kaigokensaku.mhlw.go.jp/46/index.php?action_kouhyou_detail_004_kani=true&JigyosyoCd=4675100152-00&ServiceCd=320&Type=search", "url2": null }, "geometry": { "type": "Point", "coordinates": [ 130.637539516532911, 32.013764590653345 ] } },
{ "type": "Feature", "properties": { "内容": "グループホームさつま苑【認知症対応型共同生活介護】鹿児島県伊佐市大口針持1235番地8", "url": "https://www.kaigokensaku.mhlw.go.jp/46/index.php?action_kouhyou_detail_004_kani=true&JigyosyoCd=4670900267-00&ServiceCd=320&Type=search", "url2": null }, "geometry": { "type": "Point", "coordinates": [ 130.5794505, 31.9845814 ] } },
{ "type": "Feature", "properties": { "内容": "グループホーム　ガーデンハウス忠元【認知症対応型共同生活介護】鹿児島県伊佐市大口里1564番地5グループホーム　ガーデンハウス忠元", "url": "https://www.kaigokensaku.mhlw.go.jp/46/index.php?action_kouhyou_detail_004_kani=true&JigyosyoCd=4694400070-00&ServiceCd=320&Type=search", "url2": "https://eiwakai.net/tadamoto/" }, "geometry": { "type": "Point", "coordinates": [ 130.611021599999987, 32.0492169 ] } },
{ "type": "Feature", "properties": { "内容": "グループホーム　せせらぎ【認知症対応型共同生活介護】伊佐市菱刈徳辺1656", "url": "https://www.kaigokensaku.mhlw.go.jp/46/index.php?action_kouhyou_detail_004_kani=true&JigyosyoCd=4675100111-00&ServiceCd=320&Type=search", "url2": "https://www.seseragi-isa.com/" }, "geometry": { "type": "Point", "coordinates": [ 130.663262593997985, 32.019498511200517 ] } },
{ "type": "Feature", "properties": { "内容": "グループホームはやひと【認知症対応型共同生活介護】鹿児島県伊佐市大口青木3023番地14", "url": "https://www.kaigokensaku.mhlw.go.jp/46/index.php?action_kouhyou_detail_004_kani=true&JigyosyoCd=4670900135-00&ServiceCd=320&Type=search", "url2": "http://www.hayahito.com/" }, "geometry": { "type": "Point", "coordinates": [ 130.633281300000021, 32.0575841 ] } },
{ "type": "Feature", "properties": { "内容": "グループホーム西姶良ほほえみ【認知症対応型共同生活介護】鹿児島県姶良市西姶良１丁目３９番３２号", "url": "https://www.kaigokensaku.mhlw.go.jp/46/index.php?action_kouhyou_detail_004_kani=true&JigyosyoCd=4694500028-00&ServiceCd=320&Type=search", "url2": "http://kenshofukushikai.com/" }, "geometry": { "type": "Point", "coordinates": [ 130.605112807409682, 31.727007747593508 ] } },
{ "type": "Feature", "properties": { "内容": "グループホームこころ【認知症対応型共同生活介護】鹿児島県姶良市加治木町木田2764番地1", "url": "https://www.kaigokensaku.mhlw.go.jp/46/index.php?action_kouhyou_detail_004_kani=true&JigyosyoCd=4675200226-00&ServiceCd=320&Type=search", "url2": "https://carenet-group.jp" }, "geometry": { "type": "Point", "coordinates": [ 130.656671400000079, 31.7592803 ] } },
{ "type": "Feature", "properties": { "内容": "ろうけん大楠グループホームたんぽぽ【認知症対応型共同生活介護】鹿児島県姶良市蒲生町下久徳１２５１番地", "url": "https://www.kaigokensaku.mhlw.go.jp/46/index.php?action_kouhyou_detail_004_kani=true&JigyosyoCd=4675400115-00&ServiceCd=320&Type=search", "url2": null }, "geometry": { "type": "Point", "coordinates": [ 130.595290400000067, 31.7511395 ] } },
{ "type": "Feature", "properties": { "内容": "グループホーム　みんなの家【認知症対応型共同生活介護】鹿児島県姶良市西餅田139番地4", "url": "https://www.kaigokensaku.mhlw.go.jp/46/index.php?action_kouhyou_detail_004_kani=true&JigyosyoCd=4694500051-00&ServiceCd=320&Type=search", "url2": null }, "geometry": { "type": "Point", "coordinates": [ 130.6290821, 31.735586 ] } },
{ "type": "Feature", "properties": { "内容": "つどいの家【認知症対応型共同生活介護】鹿児島県姶良市鍋倉224-1", "url": "https://www.kaigokensaku.mhlw.go.jp/46/index.php?action_kouhyou_detail_004_kani=true&JigyosyoCd=4675300141-00&ServiceCd=320&Type=search", "url2": null }, "geometry": { "type": "Point", "coordinates": [ 130.634853799999973, 31.7416992 ] } },
{ "type": "Feature", "properties": { "内容": "グループホームやすらぎの里【認知症対応型共同生活介護】姶良市下名2992", "url": "https://www.kaigokensaku.mhlw.go.jp/46/index.php?action_kouhyou_detail_004_kani=true&JigyosyoCd=4694500267-00&ServiceCd=320&Type=search", "url2": "https://www.aira-yasuragi.com/service/group-home/" }, "geometry": { "type": "Point", "coordinates": [ 130.6190958, 31.7676758 ] } },
{ "type": "Feature", "properties": { "内容": "さくらのお家【認知症対応型共同生活介護】姶良市蒲生町上久徳2511-2", "url": "https://www.kaigokensaku.mhlw.go.jp/46/index.php?action_kouhyou_detail_004_kani=true&JigyosyoCd=4675400073-00&ServiceCd=320&Type=search", "url2": "http://www.ichioukai.or.jp/" }, "geometry": { "type": "Point", "coordinates": [ 130.5737004, 31.7620301 ] } },
{ "type": "Feature", "properties": { "内容": "グループホームにしきえ【認知症対応型共同生活介護】鹿児島県姶良市加治木町木田１１３３番地", "url": "https://www.kaigokensaku.mhlw.go.jp/46/index.php?action_kouhyou_detail_004_kani=true&JigyosyoCd=4675200168-00&ServiceCd=320&Type=search", "url2": "http://carenet-aira.com" }, "geometry": { "type": "Point", "coordinates": [ 130.650994800000035, 31.7310608 ] } },
{ "type": "Feature", "properties": { "内容": "グループホーム　なでしこ【認知症対応型共同生活介護】鹿児島県姶良市東餅田４２８番地1", "url": "https://www.kaigokensaku.mhlw.go.jp/46/index.php?action_kouhyou_detail_004_kani=true&JigyosyoCd=4675300240-00&ServiceCd=320&Type=search", "url2": "ｙａｍａｓｈｉｔａ＠ｅｅ-ｈｏｓｐｉｔａｌ．ｎｅｔ" }, "geometry": { "type": "Point", "coordinates": [ 130.633534700000041, 31.7337416 ] } },
{ "type": "Feature", "properties": { "内容": "グループホームコスモス【認知症対応型共同生活介護】鹿児島県姶良市大山字小坂元69番", "url": "https://www.kaigokensaku.mhlw.go.jp/46/index.php?action_kouhyou_detail_004_kani=true&JigyosyoCd=4675300182-00&ServiceCd=320&Type=search", "url2": "https:/./caresrv-lab.jimdofree.com/." }, "geometry": { "type": "Point", "coordinates": [ 130.627611800000068, 31.7656 ] } },
{ "type": "Feature", "properties": { "内容": "グループホームなぎさの家【認知症対応型共同生活介護】鹿児島県姶良市脇元148-1", "url": "https://www.kaigokensaku.mhlw.go.jp/46/index.php?action_kouhyou_detail_004_kani=true&JigyosyoCd=4694500077-00&ServiceCd=320&Type=search", "url2": "https://caresrv-lab.jimdofree.com/" }, "geometry": { "type": "Point", "coordinates": [ 130.61262638266453, 31.704574152632791 ] } },
{ "type": "Feature", "properties": { "内容": "グループホームこころ【認知症対応型共同生活介護】鹿児島県姶良市加治木町木田2764番地1", "url": "https://www.kaigokensaku.mhlw.go.jp/46/index.php?action_kouhyou_detail_004_kani=true&JigyosyoCd=4694500291-00&ServiceCd=320&Type=search", "url2": "https://carenet-group.jp/" }, "geometry": { "type": "Point", "coordinates": [ 130.6517088, 31.7406968 ] } },
{ "type": "Feature", "properties": { "内容": "グループホーム小山田の里【認知症対応型共同生活介護】鹿児島県姶良市加治木町小山田1419番地1グループホーム小山田の里", "url": "https://www.kaigokensaku.mhlw.go.jp/46/index.php?action_kouhyou_detail_004_kani=true&JigyosyoCd=4675200192-00&ServiceCd=320&Type=search", "url2": null }, "geometry": { "type": "Point", "coordinates": [ 130.673806199999945, 31.7604752 ] } },
{ "type": "Feature", "properties": { "内容": "重富の里【認知症対応型共同生活介護】平松5320番地", "url": "https://www.kaigokensaku.mhlw.go.jp/46/index.php?action_kouhyou_detail_004_kani=true&JigyosyoCd=4694500010-00&ServiceCd=320&Type=search", "url2": null }, "geometry": { "type": "Point", "coordinates": [ 130.603247, 31.7078076 ] } },
{ "type": "Feature", "properties": { "内容": "グループホームつる【認知症対応型共同生活介護】鹿児島県薩摩郡さつま町鶴田２６９１番地１グループホームつる", "url": "https://www.kaigokensaku.mhlw.go.jp/46/index.php?action_kouhyou_detail_004_kani=true&JigyosyoCd=4674000130-00&ServiceCd=320&Type=search", "url2": "https://ajisaien-kagoshima.com" }, "geometry": { "type": "Point", "coordinates": [ 130.484304656275185, 31.949600202969965 ] } },
{ "type": "Feature", "properties": { "内容": "アルテンハイム鶴宮園グループホームうらら【認知症対応型共同生活介護】鹿児島県薩摩郡さつま町紫尾4088-1", "url": "https://www.kaigokensaku.mhlw.go.jp/46/index.php?action_kouhyou_detail_004_kani=true&JigyosyoCd=4674000148-00&ServiceCd=320&Type=search", "url2": "http://tsurumiyaen.jp/" }, "geometry": { "type": "Point", "coordinates": [ 130.435605900000041, 31.9508318 ] } },
{ "type": "Feature", "properties": { "内容": "みのり園【認知症対応型共同生活介護】鹿児島県　薩摩郡さつま町宮之城屋地１３５８番地２鹿児島県薩摩郡さつま町宮之城屋地1358-2", "url": "https://www.kaigokensaku.mhlw.go.jp/46/index.php?action_kouhyou_detail_004_kani=true&JigyosyoCd=4673900108-00&ServiceCd=320&Type=search", "url2": "minorienn@iake.ocn,ne,lp" }, "geometry": { "type": "Point", "coordinates": [ 130.454124, 31.8975047 ] } },
{ "type": "Feature", "properties": { "内容": "ＪＡ北さつまグループホーム【認知症対応型共同生活介護】鹿児島県薩摩郡さつま町田原１８９－１", "url": "https://www.kaigokensaku.mhlw.go.jp/46/index.php?action_kouhyou_detail_004_kani=true&JigyosyoCd=4693900062-00&ServiceCd=320&Type=search", "url2": null }, "geometry": { "type": "Point", "coordinates": [ 130.477091200000018, 31.9014182 ] } },
{ "type": "Feature", "properties": { "内容": "グループホーム　よかよかん【認知症対応型共同生活介護】虎居1553番地2", "url": "https://www.kaigokensaku.mhlw.go.jp/46/index.php?action_kouhyou_detail_004_kani=true&JigyosyoCd=4693900039-00&ServiceCd=320&Type=search", "url2": "https://yokayokan.jp/" }, "geometry": { "type": "Point", "coordinates": [ 130.445062900000039, 31.9080173 ] } },
{ "type": "Feature", "properties": { "内容": "グループホーム　アリエ【認知症対応型共同生活介護】薩摩郡さつま町船木2311番地8", "url": "https://www.kaigokensaku.mhlw.go.jp/46/index.php?action_kouhyou_detail_004_kani=true&JigyosyoCd=4673900082-00&ServiceCd=320&Type=search", "url2": "https://www.qoler.jp/arie/" }, "geometry": { "type": "Point", "coordinates": [ 130.440254099999947, 31.8730211 ] } },
{ "type": "Feature", "properties": { "内容": "グループホームあかつき【認知症対応型共同生活介護】鹿児島県薩摩郡さつま町紫尾４３７４－１", "url": "https://www.kaigokensaku.mhlw.go.jp/46/index.php?action_kouhyou_detail_004_kani=true&JigyosyoCd=4693900021-00&ServiceCd=320&Type=search", "url2": null }, "geometry": { "type": "Point", "coordinates": [ 130.426068820764499, 31.942129993403015 ] } },
{ "type": "Feature", "properties": { "内容": "グループホーム　スマイル園【認知症対応型共同生活介護】出水郡長島町鷹巣3681番地5", "url": "https://www.kaigokensaku.mhlw.go.jp/46/index.php?action_kouhyou_detail_004_kani=true&JigyosyoCd=4674900164-00&ServiceCd=320&Type=search", "url2": null }, "geometry": { "type": "Point", "coordinates": [ 130.181688, 32.1978165 ] } },
{ "type": "Feature", "properties": { "内容": "第二スマイル園【認知症対応型共同生活介護】鹿児島県出水郡長島町鷹巣２０９３－１", "url": "https://www.kaigokensaku.mhlw.go.jp/46/index.php?action_kouhyou_detail_004_kani=true&JigyosyoCd=4674900198-00&ServiceCd=320&Type=search", "url2": null }, "geometry": { "type": "Point", "coordinates": [ 130.172482800000012, 32.2039018 ] } },
{ "type": "Feature", "properties": { "内容": "グループホーム　くりの【認知症対応型共同生活介護】鹿児島県姶良郡湧水町米永181-1", "url": "https://www.kaigokensaku.mhlw.go.jp/46/index.php?action_kouhyou_detail_004_kani=true&JigyosyoCd=4675700100-00&ServiceCd=320&Type=search", "url2": "www5.synapse.ne.jp/emi-kikaku/index.htm" }, "geometry": { "type": "Point", "coordinates": [ 130.71061409999993, 31.9466799 ] } },
{ "type": "Feature", "properties": { "内容": "グループホーム　愛の里【認知症対応型共同生活介護】鹿児島県姶良郡湧水町米永2371番地", "url": "https://www.kaigokensaku.mhlw.go.jp/46/index.php?action_kouhyou_detail_004_kani=true&JigyosyoCd=4675700027-00&ServiceCd=320&Type=search", "url2": "http://airaisa-gh.jp" }, "geometry": { "type": "Point", "coordinates": [ 130.720100300000013, 31.9256489 ] } },
{ "type": "Feature", "properties": { "内容": "グループホーム芳明庵【認知症対応型共同生活介護】鹿児島県姶良郡湧水町般若寺３５８番地", "url": "https://www.kaigokensaku.mhlw.go.jp/46/index.php?action_kouhyou_detail_004_kani=true&JigyosyoCd=4675800090-00&ServiceCd=320&Type=search", "url2": null }, "geometry": { "type": "Point", "coordinates": [ 130.74432980000006, 32.0394372 ] } },
{ "type": "Feature", "properties": { "内容": "グループホームるーぴんのさと〈すまいる〉【認知症対応型共同生活介護】鹿児島県曽於郡大崎町永吉8355番地2", "url": "https://www.kaigokensaku.mhlw.go.jp/46/index.php?action_kouhyou_detail_004_kani=true&JigyosyoCd=4697000042-00&ServiceCd=320&Type=search", "url2": "あり" }, "geometry": { "type": "Point", "coordinates": [ 130.9799922, 31.4046472 ] } },
{ "type": "Feature", "properties": { "内容": "グループホーム回生園【認知症対応型共同生活介護】鹿児島県曽於郡大崎町菱田家戸原3063番地", "url": "https://www.kaigokensaku.mhlw.go.jp/46/index.php?action_kouhyou_detail_004_kani=true&JigyosyoCd=4677000129-00&ServiceCd=320&Type=search", "url2": "http://www.kaiseien-sanpokai.jp/" }, "geometry": { "type": "Point", "coordinates": [ 131.041652200000044, 31.4443079 ] } },
{ "type": "Feature", "properties": { "内容": "グループホームるーぴんのさと〈大崎〉【認知症対応型共同生活介護】曽於郡大崎町永吉６０３３番地", "url": "https://www.kaigokensaku.mhlw.go.jp/46/index.php?action_kouhyou_detail_004_kani=true&JigyosyoCd=4677000111-00&ServiceCd=320&Type=search", "url2": "http://www.ru-pin.jp" }, "geometry": { "type": "Point", "coordinates": [ 130.992091799800164, 31.417216436465981 ] } },
{ "type": "Feature", "properties": { "内容": "グループホームるーぴんのさと〈東串良〉【認知症対応型共同生活介護】肝付郡東串良町池之原２０８７番地２", "url": "https://www.kaigokensaku.mhlw.go.jp/46/index.php?action_kouhyou_detail_004_kani=true&JigyosyoCd=4677200117-00&ServiceCd=320&Type=search", "url2": "http://www.ru-pin.jp" }, "geometry": { "type": "Point", "coordinates": [ 130.978049700000042, 31.3938415 ] } },
{ "type": "Feature", "properties": { "内容": "グループホーム　南の太陽【認知症対応型共同生活介護】鹿児島県肝属郡東串良町新川西1356", "url": "https://www.kaigokensaku.mhlw.go.jp/46/index.php?action_kouhyou_detail_004_kani=true&JigyosyoCd=4697200022-00&ServiceCd=320&Type=search", "url2": "www.minaminotaiyo.co.jp" }, "geometry": { "type": "Point", "coordinates": [ 130.987203, 31.3604829 ] } },
{ "type": "Feature", "properties": { "内容": "グループホーム　あじさい【認知症対応型共同生活介護】池之原1998番地1", "url": "https://www.kaigokensaku.mhlw.go.jp/46/index.php?action_kouhyou_detail_004_kani=true&JigyosyoCd=4697200014-00&ServiceCd=320&Type=search", "url2": "www５．syaｐｓe.ne.jp/ajisai/" }, "geometry": { "type": "Point", "coordinates": [ 130.974039, 31.3911471 ] } },
{ "type": "Feature", "properties": { "内容": "グループホーム南松園【認知症対応型共同生活介護】肝属郡錦江町田代川原430番地1", "url": "https://www.kaigokensaku.mhlw.go.jp/46/index.php?action_kouhyou_detail_004_kani=true&JigyosyoCd=4677600126-00&ServiceCd=320&Type=search", "url2": "http://nansyouen.ne.jp" }, "geometry": { "type": "Point", "coordinates": [ 130.8349627, 31.1897713 ] } },
{ "type": "Feature", "properties": { "内容": "グループホーム　共生【認知症対応型共同生活介護】鹿児島県肝属郡南大隅町佐多郡896-2グループホーム　共生", "url": "https://www.kaigokensaku.mhlw.go.jp/46/index.php?action_kouhyou_detail_004_kani=true&JigyosyoCd=4677900070-00&ServiceCd=320&Type=search", "url2": null }, "geometry": { "type": "Point", "coordinates": [ 130.730879800000025, 31.0525817 ] } },
{ "type": "Feature", "properties": { "内容": "グループホーム蒼水園【認知症対応型共同生活介護】鹿児島県肝属郡南大隅町根占山本1250番地1", "url": "https://www.kaigokensaku.mhlw.go.jp/46/index.php?action_kouhyou_detail_004_kani=true&JigyosyoCd=4677700108-00&ServiceCd=320&Type=search", "url2": "https://sousuien.org" }, "geometry": { "type": "Point", "coordinates": [ 130.774892099999988, 31.203528 ] } },
{ "type": "Feature", "properties": { "内容": "有限会社　三木【認知症対応型共同生活介護】鹿児島県肝属郡南大隅町根占山本４１０８－１", "url": "https://www.kaigokensaku.mhlw.go.jp/46/index.php?action_kouhyou_detail_004_kani=true&JigyosyoCd=4677700173-00&ServiceCd=320&Type=search", "url2": null }, "geometry": { "type": "Point", "coordinates": [ 130.770250900000065, 31.196437 ] } },
{ "type": "Feature", "properties": { "内容": "グループホーム優芽【認知症対応型共同生活介護】鹿児島県肝属郡肝付町後田５５６７番地１", "url": "https://www.kaigokensaku.mhlw.go.jp/46/index.php?action_kouhyou_detail_004_kani=true&JigyosyoCd=4697300046-00&ServiceCd=320&Type=search", "url2": null }, "geometry": { "type": "Point", "coordinates": [ 130.9238193150222, 31.312819717036675 ] } },
{ "type": "Feature", "properties": { "内容": "グループホーム銀河の里【認知症対応型共同生活介護】鹿児島県肝属郡肝付町北方576番地", "url": "https://www.kaigokensaku.mhlw.go.jp/46/index.php?action_kouhyou_detail_004_kani=true&JigyosyoCd=4677300065-00&ServiceCd=320&Type=search", "url2": "https://utinourakai.com" }, "geometry": { "type": "Point", "coordinates": [ 130.881264, 33.8473828 ] } },
{ "type": "Feature", "properties": { "内容": "ぐるーぷほーむかしんそうひまわり【認知症対応型共同生活介護】鹿児島県肝属郡肝付町後田2543-1", "url": "https://www.kaigokensaku.mhlw.go.jp/46/index.php?action_kouhyou_detail_004_kani=true&JigyosyoCd=4697300020-00&ServiceCd=320&Type=search", "url2": null }, "geometry": { "type": "Point", "coordinates": [ 130.948983799999951, 31.2818332 ] } },
{ "type": "Feature", "properties": { "内容": "グループホーム花神荘【認知症対応型共同生活介護】肝属郡肝付町後田2542-1番地", "url": "https://www.kaigokensaku.mhlw.go.jp/46/index.php?action_kouhyou_detail_004_kani=true&JigyosyoCd=4677400139-00&ServiceCd=320&Type=search", "url2": null }, "geometry": { "type": "Point", "coordinates": [ 130.9216808, 31.3401227 ] } },
{ "type": "Feature", "properties": { "内容": "グループホーム春光苑【認知症対応型共同生活介護】鹿児島県肝属郡肝付町新富５３６－２", "url": "https://www.kaigokensaku.mhlw.go.jp/46/index.php?action_kouhyou_detail_004_kani=true&JigyosyoCd=4677400147-00&ServiceCd=320&Type=search", "url2": "https://shunyoukai-central-hospital.jp/rf/group-home.html" }, "geometry": { "type": "Point", "coordinates": [ 130.945861700000023, 31.3468892 ] } },
{ "type": "Feature", "properties": { "内容": "グループホーム春華苑【認知症対応型共同生活介護】鹿児島県肝属郡肝付町新富563-1", "url": "https://www.kaigokensaku.mhlw.go.jp/46/index.php?action_kouhyou_detail_004_kani=true&JigyosyoCd=4677400121-00&ServiceCd=320&Type=search", "url2": "https://shunyoukai-central-hospital.jp/" }, "geometry": { "type": "Point", "coordinates": [ 130.946542, 31.3539857 ] } },
{ "type": "Feature", "properties": { "内容": "医療法人南泉会　グループホームありがとう【認知症対応型共同生活介護】前田994番地5", "url": "https://www.kaigokensaku.mhlw.go.jp/46/index.php?action_kouhyou_detail_004_kani=true&JigyosyoCd=4697300038-00&ServiceCd=320&Type=search", "url2": null }, "geometry": { "type": "Point", "coordinates": [ 130.943149324745178, 31.351195285260442 ] } },
{ "type": "Feature", "properties": { "内容": "グループホーム寿の家【認知症対応型共同生活介護】鹿児島県熊毛郡中種子町牧川字栗ノ園1680番地1", "url": "https://www.kaigokensaku.mhlw.go.jp/46/index.php?action_kouhyou_detail_004_kani=true&JigyosyoCd=4678000193-00&ServiceCd=320&Type=search", "url2": null }, "geometry": { "type": "Point", "coordinates": [ 130.952848447885117, 30.619921568313877 ] } },
{ "type": "Feature", "properties": { "内容": "株式会社　グループホーム　きぼう【認知症対応型共同生活介護】鹿児島県熊毛郡南種子町中之下1836-41", "url": "https://www.kaigokensaku.mhlw.go.jp/46/index.php?action_kouhyou_detail_004_kani=true&JigyosyoCd=4698100023-00&ServiceCd=320&Type=search", "url2": null }, "geometry": { "type": "Point", "coordinates": [ 130.893463500000053, 30.4130431 ] } },
{ "type": "Feature", "properties": { "内容": "グループホームあじさい【認知症対応型共同生活介護】鹿児島県熊毛郡南種子町中之上１７０２－４", "url": "https://www.kaigokensaku.mhlw.go.jp/46/index.php?action_kouhyou_detail_004_kani=true&JigyosyoCd=4678100084-00&ServiceCd=320&Type=search", "url2": "kofu-fuyo@oregano.ocn.ne.jp" }, "geometry": { "type": "Point", "coordinates": [ 130.913335299999972, 30.4361034 ] } },
{ "type": "Feature", "properties": { "内容": "グループホームやくしま【認知症対応型共同生活介護】鹿児島県熊毛郡屋久島町原914番地23", "url": "https://www.kaigokensaku.mhlw.go.jp/46/index.php?action_kouhyou_detail_004_kani=true&JigyosyoCd=4678300106-00&ServiceCd=320&Type=search", "url2": null }, "geometry": { "type": "Point", "coordinates": [ 130.584536800000024, 30.247999 ] } },
{ "type": "Feature", "properties": { "内容": "グループホーム鶴と亀【認知症対応型共同生活介護】小瀬田849-32", "url": "https://www.kaigokensaku.mhlw.go.jp/46/index.php?action_kouhyou_detail_004_kani=true&JigyosyoCd=4678200108-00&ServiceCd=320&Type=search", "url2": null }, "geometry": { "type": "Point", "coordinates": [ 130.652193099999977, 30.3897806 ] } },
{ "type": "Feature", "properties": { "内容": "グループホームこもれびの杜【認知症対応型共同生活介護】鹿児島県熊毛郡屋久島町安房２３５４番地１５", "url": "https://www.kaigokensaku.mhlw.go.jp/46/index.php?action_kouhyou_detail_004_kani=true&JigyosyoCd=4698200039-00&ServiceCd=320&Type=search", "url2": null }, "geometry": { "type": "Point", "coordinates": [ 130.655356200000028, 30.3138792 ] } },
{ "type": "Feature", "properties": { "内容": "グループホームあぎなの郷【認知症対応型共同生活介護】鹿児島県大島郡瀬戸内町阿木名字湊2152-2", "url": "https://www.kaigokensaku.mhlw.go.jp/46/index.php?action_kouhyou_detail_004_kani=true&JigyosyoCd=4698600014-00&ServiceCd=320&Type=search", "url2": null }, "geometry": { "type": "Point", "coordinates": [ 129.31490180000003, 28.1464019 ] } },
{ "type": "Feature", "properties": { "内容": "グループホームひまわり【認知症対応型共同生活介護】鹿児島県大島郡瀬戸内町古仁屋瀬久井西８番地３", "url": "https://www.kaigokensaku.mhlw.go.jp/46/index.php?action_kouhyou_detail_004_kani=true&JigyosyoCd=4678600125-00&ServiceCd=320&Type=search", "url2": "himawari1@po5.synapse.ne.jp" }, "geometry": { "type": "Point", "coordinates": [ 129.320388, 28.1446384 ] } },
{ "type": "Feature", "properties": { "内容": "グループホームゆらい【認知症対応型共同生活介護】鹿児島県大島郡龍郷町瀬留297-1番地", "url": "https://www.kaigokensaku.mhlw.go.jp/46/index.php?action_kouhyou_detail_004_kani=true&JigyosyoCd=4698800036-00&ServiceCd=320&Type=search", "url2": null }, "geometry": { "type": "Point", "coordinates": [ 129.5888802, 28.4154786 ] } },
{ "type": "Feature", "properties": { "内容": "喜界町社会福祉協議会グループホームがじゅまる【認知症対応型共同生活介護】鹿児島県大島郡喜界町大字志戸桶４５４５番地１", "url": "https://www.kaigokensaku.mhlw.go.jp/46/index.php?action_kouhyou_detail_004_kani=true&JigyosyoCd=4699000024-00&ServiceCd=320&Type=search", "url2": null }, "geometry": { "type": "Point", "coordinates": [ 130.028234598672498, 28.360462842524363 ] } },
{ "type": "Feature", "properties": { "内容": "グループホーム　たんぽぽの家【認知症対応型共同生活介護】大島郡徳之島町亀津122番地2", "url": "https://www.kaigokensaku.mhlw.go.jp/46/index.php?action_kouhyou_detail_004_kani=true&JigyosyoCd=4679100190-00&ServiceCd=320&Type=search", "url2": "https://tanpoponoie-tokunoshima.com/event/" }, "geometry": { "type": "Point", "coordinates": [ 129.0200929, 27.7375358 ] } },
{ "type": "Feature", "properties": { "内容": "グループホーム港ヶ丘【認知症対応型共同生活介護】鹿児島県大島群徳之島町亀徳2239番地グループホーム港ヶ丘", "url": "https://www.kaigokensaku.mhlw.go.jp/46/index.php?action_kouhyou_detail_004_kani=true&JigyosyoCd=4679100166-00&ServiceCd=320&Type=search", "url2": null }, "geometry": { "type": "Point", "coordinates": [ 129.026872799999978, 27.744741 ] } },
{ "type": "Feature", "properties": { "内容": "株式会社　グループホーム天望台【認知症対応型共同生活介護】瀬滝６７７－１", "url": "https://www.kaigokensaku.mhlw.go.jp/46/index.php?action_kouhyou_detail_004_kani=true&JigyosyoCd=4699200012-00&ServiceCd=320&Type=search", "url2": "setakitenboudai@yahoo.co.jp" }, "geometry": { "type": "Point", "coordinates": [ 128.911396299999979, 27.7788341 ] } },
{ "type": "Feature", "properties": { "内容": "グループホーム　ゆいの家【認知症対応型共同生活介護】大字岡前1380-2番地グループホーム　ゆいの家", "url": "https://www.kaigokensaku.mhlw.go.jp/46/index.php?action_kouhyou_detail_004_kani=true&JigyosyoCd=4699200020-00&ServiceCd=320&Type=search", "url2": null }, "geometry": { "type": "Point", "coordinates": [ 128.887857, 27.840157099999981 ] } },
{ "type": "Feature", "properties": { "内容": "グループホームみさき【認知症対応型共同生活介護】犬田布４７５番地1", "url": "https://www.kaigokensaku.mhlw.go.jp/46/index.php?action_kouhyou_detail_004_kani=true&JigyosyoCd=4699300010-00&ServiceCd=320&Type=search", "url2": null }, "geometry": { "type": "Point", "coordinates": [ 128.903406200000063, 27.7107589 ] } },
{ "type": "Feature", "properties": { "内容": "グループホームひだまり【認知症対応型共同生活介護】鹿児島県大島郡和泊町国頭2959-1", "url": "https://www.kaigokensaku.mhlw.go.jp/46/index.php?action_kouhyou_detail_004_kani=true&JigyosyoCd=4699400091-00&ServiceCd=320&Type=search", "url2": "https//foryou-kaigo.jp" }, "geometry": { "type": "Point", "coordinates": [ 128.6861941, 27.4268832 ] } },
{ "type": "Feature", "properties": { "内容": "グループホーム　故郷【認知症対応型共同生活介護】鹿児島県大島郡和泊町手々知名775-1", "url": "https://www.kaigokensaku.mhlw.go.jp/46/index.php?action_kouhyou_detail_004_kani=true&JigyosyoCd=4699400109-00&ServiceCd=320&Type=search", "url2": null }, "geometry": { "type": "Point", "coordinates": [ 128.655305092590339, 27.401388442970884 ] } },
{ "type": "Feature", "properties": { "内容": "グループホームゆりの郷【認知症対応型共同生活介護】鹿児島県大島郡和泊町大字和泊62番-1", "url": "https://www.kaigokensaku.mhlw.go.jp/46/index.php?action_kouhyou_detail_004_kani=true&JigyosyoCd=4699400067-00&ServiceCd=320&Type=search", "url2": null }, "geometry": { "type": "Point", "coordinates": [ 128.652964099999963, 27.3910955 ] } },
{ "type": "Feature", "properties": { "内容": "さくら園グループホーム【認知症対応型共同生活介護】大島郡知名町知名アギナ1949", "url": "https://www.kaigokensaku.mhlw.go.jp/46/index.php?action_kouhyou_detail_004_kani=true&JigyosyoCd=4679500092-00&ServiceCd=320&Type=search", "url2": null }, "geometry": { "type": "Point", "coordinates": [ 128.5751884, 27.3329784 ] } },
{ "type": "Feature", "properties": { "内容": "グループホーム　岬【認知症対応型共同生活介護】鹿児島県大島郡知名町大字田皆2242番地", "url": "https://www.kaigokensaku.mhlw.go.jp/46/index.php?action_kouhyou_detail_004_kani=true&JigyosyoCd=4699500064-00&ServiceCd=320&Type=search", "url2": "misaki@world.ocn.ne.jp" }, "geometry": { "type": "Point", "coordinates": [ 128.53967369999998, 27.3863949 ] } },
{ "type": "Feature", "properties": { "内容": "グループホームあおば【認知症対応型共同生活介護】鹿児島県大島郡知名町余多７２２－２", "url": "https://www.kaigokensaku.mhlw.go.jp/46/index.php?action_kouhyou_detail_004_kani=true&JigyosyoCd=4699500080-00&ServiceCd=320&Type=search", "url2": "ikoinomori-erabu" }, "geometry": { "type": "Point", "coordinates": [ 128.606976535304256, 27.36104070767901 ] } },
{ "type": "Feature", "properties": { "内容": "グルーホーム　ゆんぬ【認知症対応型共同生活介護】鹿児島大島郡与論町茶花302ー５", "url": "https://www.kaigokensaku.mhlw.go.jp/46/index.php?action_kouhyou_detail_004_kani=true&JigyosyoCd=4679600082-00&ServiceCd=320&Type=search", "url2": "http://yorontokushukai.jp/wp-login.php/" }, "geometry": { "type": "Point", "coordinates": [ 128.418915199999986, 27.0456215 ] } }
]
}
