{
"type": "FeatureCollection",
"name": "geo_46_2",
"crs": { "type": "name", "properties": { "name": "urn:ogc:def:crs:OGC:1.3:CRS84" } },
"features": [
{ "type": "Feature", "properties": { "ID": 46220006, "正式名称": "有馬・藤島内科クリニック", "機関区分": 2, "都道府県コード": 46, "市区町村コード": 201, "所在地": "鹿児島県鹿児島市与次郎１－３－１２", "緯度": 31.568072, "経度": 130.559794, "url": "https://www.iryou.teikyouseido.mhlw.go.jp/znk-web/juminkanja/S2430/initialize?prefCd=46&kikanCd=20006&kikanKbn=2", "url2": "https://www.koufuu-kai.jp/", "内容": "有馬・藤島内科クリニック【2:診療所】【診療科目:内科_消化器内科_腫瘍内科_リハビリテーション科】鹿児島県鹿児島市与次郎１－３－１２" }, "geometry": { "type": "Point", "coordinates": [ 130.559794, 31.568072 ] } },
{ "type": "Feature", "properties": { "ID": 46220007, "正式名称": "有馬新一クリニック", "機関区分": 2, "都道府県コード": 46, "市区町村コード": 201, "所在地": "鹿児島県鹿児島市下荒田２丁目１番１号", "緯度": 31.575631, "経度": 130.553772, "url": "https://www.iryou.teikyouseido.mhlw.go.jp/znk-web/juminkanja/S2430/initialize?prefCd=46&kikanCd=20007&kikanKbn=2", "url2": "https://arima-shinichi-clinic.com/", "内容": "有馬新一クリニック【2:診療所】【診療科目:内科_循環器内科】鹿児島県鹿児島市下荒田２丁目１番１号" }, "geometry": { "type": "Point", "coordinates": [ 130.553772, 31.575631 ] } },
{ "type": "Feature", "properties": { "ID": 46220009, "正式名称": "いこまクリニック", "機関区分": 2, "都道府県コード": 46, "市区町村コード": 201, "所在地": "鹿児島県鹿児島市武１丁目２７番１１号", "緯度": 31.579657, "経度": 130.538999, "url": "https://www.iryou.teikyouseido.mhlw.go.jp/znk-web/juminkanja/S2430/initialize?prefCd=46&kikanCd=20009&kikanKbn=2", "url2": null, "内容": "いこまクリニック【2:診療所】【診療科目:精神科_心療内科】鹿児島県鹿児島市武１丁目２７番１１号" }, "geometry": { "type": "Point", "coordinates": [ 130.538999, 31.579657 ] } },
{ "type": "Feature", "properties": { "ID": 46220016, "正式名称": "医療法人　上ノ町・加治屋クリニック", "機関区分": 2, "都道府県コード": 46, "市区町村コード": 201, "所在地": "鹿児島県鹿児島市宇宿３丁目３５－１", "緯度": 31.54322, "経度": 130.535741, "url": "https://www.iryou.teikyouseido.mhlw.go.jp/znk-web/juminkanja/S2430/initialize?prefCd=46&kikanCd=20016&kikanKbn=2", "url2": null, "内容": "医療法人　上ノ町・加治屋クリニック【2:診療所】【診療科目:内科】鹿児島県鹿児島市宇宿３丁目３５－１" }, "geometry": { "type": "Point", "coordinates": [ 130.535741, 31.54322 ] } },
{ "type": "Feature", "properties": { "ID": 46220017, "正式名称": "うえの耳鼻咽喉科クリニック", "機関区分": 2, "都道府県コード": 46, "市区町村コード": 201, "所在地": "鹿児島県鹿児島市紫原３－３３－２", "緯度": 31.55333, "経度": 130.536085, "url": "https://www.iryou.teikyouseido.mhlw.go.jp/znk-web/juminkanja/S2430/initialize?prefCd=46&kikanCd=20017&kikanKbn=2", "url2": "http://www.ueno-ent.com/", "内容": "うえの耳鼻咽喉科クリニック【2:診療所】【診療科目:小児耳鼻いんこう科_耳鼻いんこう科_気管食道・耳鼻いんこう科_頭頸部・耳鼻いんこう科_アレルギー科】鹿児島県鹿児島市紫原３－３３－２" }, "geometry": { "type": "Point", "coordinates": [ 130.536085, 31.55333 ] } },
{ "type": "Feature", "properties": { "ID": 46220019, "正式名称": "うえやま腎クリニック", "機関区分": 2, "都道府県コード": 46, "市区町村コード": 201, "所在地": "鹿児島県鹿児島市宇宿３丁目２２番１０号", "緯度": 31.544473, "経度": 130.535991, "url": "https://www.iryou.teikyouseido.mhlw.go.jp/znk-web/juminkanja/S2430/initialize?prefCd=46&kikanCd=20019&kikanKbn=2", "url2": "http://www.jin-ai-kai.or.jp/", "内容": "うえやま腎クリニック【2:診療所】【診療科目:内科_人工透析内科】鹿児島県鹿児島市宇宿３丁目２２番１０号" }, "geometry": { "type": "Point", "coordinates": [ 130.535991, 31.544473 ] } },
{ "type": "Feature", "properties": { "ID": 46220021, "正式名称": "医療法人うすきクリニック", "機関区分": 2, "都道府県コード": 46, "市区町村コード": 201, "所在地": "鹿児島県鹿児島市宇宿４ー３０－１３", "緯度": 31.547922, "経度": 130.53333, "url": "https://www.iryou.teikyouseido.mhlw.go.jp/znk-web/juminkanja/S2430/initialize?prefCd=46&kikanCd=20021&kikanKbn=2", "url2": "http://www.11hospital.com/usuki/", "内容": "医療法人うすきクリニック【2:診療所】【診療科目:内科_消化器内科_外科】鹿児島県鹿児島市宇宿４ー３０－１３" }, "geometry": { "type": "Point", "coordinates": [ 130.53333, 31.547922 ] } },
{ "type": "Feature", "properties": { "ID": 46220023, "正式名称": "医療法人裕聖会うるた内科", "機関区分": 2, "都道府県コード": 46, "市区町村コード": 201, "所在地": "鹿児島県鹿児島市下荒田２丁目１０番１０号", "緯度": 31.573476, "経度": 130.555406, "url": "https://www.iryou.teikyouseido.mhlw.go.jp/znk-web/juminkanja/S2430/initialize?prefCd=46&kikanCd=20023&kikanKbn=2", "url2": "http://www.uruta.com/", "内容": "医療法人裕聖会うるた内科【2:診療所】【診療科目:内科_腎臓内科_人工透析内科】鹿児島県鹿児島市下荒田２丁目１０番１０号" }, "geometry": { "type": "Point", "coordinates": [ 130.555406, 31.573476 ] } },
{ "type": "Feature", "properties": { "ID": 46220027, "正式名称": "大坪こどもクリニック", "機関区分": 2, "都道府県コード": 46, "市区町村コード": 201, "所在地": "鹿児島県鹿児島市田上", "緯度": 31.574336, "経度": 130.534998, "url": "https://www.iryou.teikyouseido.mhlw.go.jp/znk-web/juminkanja/S2430/initialize?prefCd=46&kikanCd=20027&kikanKbn=2", "url2": "https://www.otsubo.org", "内容": "大坪こどもクリニック【2:診療所】【診療科目:内科_神経内科_小児科_アレルギー科】鹿児島県鹿児島市田上" }, "geometry": { "type": "Point", "coordinates": [ 130.534998, 31.574336 ] } },
{ "type": "Feature", "properties": { "ID": 46220028, "正式名称": "医療法人　秀緑会　大塚クリニック", "機関区分": 2, "都道府県コード": 46, "市区町村コード": 201, "所在地": "鹿児島県鹿児島市荒田２丁目４３－５", "緯度": 31.570798, "経度": 130.551267, "url": "https://www.iryou.teikyouseido.mhlw.go.jp/znk-web/juminkanja/S2430/initialize?prefCd=46&kikanCd=20028&kikanKbn=2", "url2": "http://www.otsuka-clinic-kagoshima.com", "内容": "医療法人　秀緑会　大塚クリニック【2:診療所】【診療科目:内科_腎臓内科_人工透析内科】鹿児島県鹿児島市荒田２丁目４３－５" }, "geometry": { "type": "Point", "coordinates": [ 130.551267, 31.570798 ] } },
{ "type": "Feature", "properties": { "ID": 46220029, "正式名称": "医療法人智誠会大山眼科医院", "機関区分": 2, "都道府県コード": 46, "市区町村コード": 201, "所在地": "鹿児島県鹿児島市宇宿１－３１－６", "緯度": 31.547306, "経度": 130.541666, "url": "https://www.iryou.teikyouseido.mhlw.go.jp/znk-web/juminkanja/S2430/initialize?prefCd=46&kikanCd=20029&kikanKbn=2", "url2": null, "内容": "医療法人智誠会大山眼科医院【2:診療所】【診療科目:眼科】鹿児島県鹿児島市宇宿１－３１－６" }, "geometry": { "type": "Point", "coordinates": [ 130.541666, 31.547306 ] } },
{ "type": "Feature", "properties": { "ID": 46220031, "正式名称": "医療法人偕行会大山クリニック", "機関区分": 2, "都道府県コード": 46, "市区町村コード": 201, "所在地": "鹿児島県鹿児島市中央町２５－９", "緯度": 31.580958, "経度": 130.542898, "url": "https://www.iryou.teikyouseido.mhlw.go.jp/znk-web/juminkanja/S2430/initialize?prefCd=46&kikanCd=20031&kikanKbn=2", "url2": "ooyamaclinic.com", "内容": "医療法人偕行会大山クリニック【2:診療所】【診療科目:内科_外科_胃腸外科_乳腺外科】鹿児島県鹿児島市中央町２５－９" }, "geometry": { "type": "Point", "coordinates": [ 130.542898, 31.580958 ] } },
{ "type": "Feature", "properties": { "ID": 46220037, "正式名称": "鹿児島市夜間急病センター", "機関区分": 2, "都道府県コード": 46, "市区町村コード": 201, "所在地": "鹿児島県鹿児島市鴨池２丁目２２－１８", "緯度": 31.563857, "経度": 130.551135, "url": "https://www.iryou.teikyouseido.mhlw.go.jp/znk-web/juminkanja/S2430/initialize?prefCd=46&kikanCd=20037&kikanKbn=2", "url2": "http://www.city.kagoshima.lg.jp/wwwkago.nsf/vw", "内容": "鹿児島市夜間急病センター【2:診療所】【診療科目:内科_外科_小児科_産婦人科_眼科_耳鼻いんこう科】鹿児島県鹿児島市鴨池２丁目２２－１８" }, "geometry": { "type": "Point", "coordinates": [ 130.551135, 31.563857 ] } },
{ "type": "Feature", "properties": { "ID": 46220041, "正式名称": "片平整形外科", "機関区分": 2, "都道府県コード": 46, "市区町村コード": 201, "所在地": "鹿児島県鹿児島市鴨池１丁目１０番７号４階", "緯度": 31.568501, "経度": 130.550648, "url": "https://www.iryou.teikyouseido.mhlw.go.jp/znk-web/juminkanja/S2430/initialize?prefCd=46&kikanCd=20041&kikanKbn=2", "url2": "https://mmhk55.wixsite.com/katahiraseikeigeka", "内容": "片平整形外科【2:診療所】【診療科目:整形外科】鹿児島県鹿児島市鴨池１丁目１０番７号４階" }, "geometry": { "type": "Point", "coordinates": [ 130.550648, 31.568501 ] } },
{ "type": "Feature", "properties": { "ID": 46220042, "正式名称": "かねこクリニック", "機関区分": 2, "都道府県コード": 46, "市区町村コード": 201, "所在地": "鹿児島県鹿児島市上荒田町", "緯度": 31.577493, "経度": 130.545881, "url": "https://www.iryou.teikyouseido.mhlw.go.jp/znk-web/juminkanja/S2430/initialize?prefCd=46&kikanCd=20042&kikanKbn=2", "url2": "http://www.kaneko-clinic.or.jp", "内容": "かねこクリニック【2:診療所】【診療科目:外科_乳腺外科_乳腺・内分泌外科_形成外科_婦人科_放射線科_麻酔科】鹿児島県鹿児島市上荒田町" }, "geometry": { "type": "Point", "coordinates": [ 130.545881, 31.577493 ] } },
{ "type": "Feature", "properties": { "ID": 46220046, "正式名称": "鴨池生協クリニック", "機関区分": 2, "都道府県コード": 46, "市区町村コード": 201, "所在地": "鹿児島県鹿児島市鴨池新町", "緯度": 31.554885, "経度": 130.557238, "url": "https://www.iryou.teikyouseido.mhlw.go.jp/znk-web/juminkanja/S2430/initialize?prefCd=46&kikanCd=20046&kikanKbn=2", "url2": "kamoike-seikyo.jp", "内容": "鴨池生協クリニック【2:診療所】【診療科目:内科_呼吸器内科_循環器内科_消化器内科_小児科】鹿児島県鹿児島市鴨池新町" }, "geometry": { "type": "Point", "coordinates": [ 130.557238, 31.554885 ] } },
{ "type": "Feature", "properties": { "ID": 46220047, "正式名称": "鴨池ハイムクリニック", "機関区分": 2, "都道府県コード": 46, "市区町村コード": 201, "所在地": "鹿児島県鹿児島市鴨池新町２８－１－１０６", "緯度": 31.551455, "経度": 130.557682, "url": "https://www.iryou.teikyouseido.mhlw.go.jp/znk-web/juminkanja/S2430/initialize?prefCd=46&kikanCd=20047&kikanKbn=2", "url2": null, "内容": "鴨池ハイムクリニック【2:診療所】【診療科目:内科_外科】鹿児島県鹿児島市鴨池新町２８－１－１０６" }, "geometry": { "type": "Point", "coordinates": [ 130.557682, 31.551455 ] } },
{ "type": "Feature", "properties": { "ID": 46220052, "正式名称": "貴島整形外科", "機関区分": 2, "都道府県コード": 46, "市区町村コード": 201, "所在地": "鹿児島県鹿児島市田上３丁目１２－１３", "緯度": 31.575064, "経度": 130.528182, "url": "https://www.iryou.teikyouseido.mhlw.go.jp/znk-web/juminkanja/S2430/initialize?prefCd=46&kikanCd=20052&kikanKbn=2", "url2": "http://kijimaseikei.com/", "内容": "貴島整形外科【2:診療所】【診療科目:整形外科_リウマチ科_リハビリテーション科_麻酔科】鹿児島県鹿児島市田上３丁目１２－１３" }, "geometry": { "type": "Point", "coordinates": [ 130.528182, 31.575064 ] } },
{ "type": "Feature", "properties": { "ID": 46220055, "正式名称": "黒木耳鼻咽喉科", "機関区分": 2, "都道府県コード": 46, "市区町村コード": 201, "所在地": "鹿児島県鹿児島市真砂町６８－１", "緯度": 31.560074, "経度": 130.551403, "url": "https://www.iryou.teikyouseido.mhlw.go.jp/znk-web/juminkanja/S2430/initialize?prefCd=46&kikanCd=20055&kikanKbn=2", "url2": "www.kuroki-jibiinkouka.com", "内容": "黒木耳鼻咽喉科【2:診療所】【診療科目:耳鼻いんこう科】鹿児島県鹿児島市真砂町６８－１" }, "geometry": { "type": "Point", "coordinates": [ 130.551403, 31.560074 ] } },
{ "type": "Feature", "properties": { "ID": 46220056, "正式名称": "桑原眼科", "機関区分": 2, "都道府県コード": 46, "市区町村コード": 201, "所在地": "鹿児島県鹿児島市紫原５－８－２２", "緯度": 31.561711, "経度": 130.529763, "url": "https://www.iryou.teikyouseido.mhlw.go.jp/znk-web/juminkanja/S2430/initialize?prefCd=46&kikanCd=20056&kikanKbn=2", "url2": null, "内容": "桑原眼科【2:診療所】【診療科目:眼科】鹿児島県鹿児島市紫原５－８－２２" }, "geometry": { "type": "Point", "coordinates": [ 130.529763, 31.561711 ] } },
{ "type": "Feature", "properties": { "ID": 46220058, "正式名称": "内科甲南クリニック", "機関区分": 2, "都道府県コード": 46, "市区町村コード": 201, "所在地": "鹿児島県鹿児島市上之園町２９－１４", "緯度": 31.579961, "経度": 130.544892, "url": "https://www.iryou.teikyouseido.mhlw.go.jp/znk-web/juminkanja/S2430/initialize?prefCd=46&kikanCd=20058&kikanKbn=2", "url2": null, "内容": "内科甲南クリニック【2:診療所】【診療科目:内科_循環器内科_消化器内科_腎臓内科_人工透析内科】鹿児島県鹿児島市上之園町２９－１４" }, "geometry": { "type": "Point", "coordinates": [ 130.544892, 31.579961 ] } },
{ "type": "Feature", "properties": { "ID": 46220062, "正式名称": "坂元眼科", "機関区分": 2, "都道府県コード": 46, "市区町村コード": 201, "所在地": "鹿児島県鹿児島市下荒田１丁目２－２６", "緯度": 31.577995, "経度": 130.554111, "url": "https://www.iryou.teikyouseido.mhlw.go.jp/znk-web/juminkanja/S2430/initialize?prefCd=46&kikanCd=20062&kikanKbn=2", "url2": "http://www.sakamoto-ganka.com/", "内容": "坂元眼科【2:診療所】【診療科目:眼科】鹿児島県鹿児島市下荒田１丁目２－２６" }, "geometry": { "type": "Point", "coordinates": [ 130.554111, 31.577995 ] } },
{ "type": "Feature", "properties": { "ID": 46220064, "正式名称": "迫田晃郎クリニック", "機関区分": 2, "都道府県コード": 46, "市区町村コード": 201, "所在地": "鹿児島県鹿児島市荒田２－４１－５", "緯度": 31.5701, "経度": 130.551677, "url": "https://www.iryou.teikyouseido.mhlw.go.jp/znk-web/juminkanja/S2430/initialize?prefCd=46&kikanCd=20064&kikanKbn=2", "url2": "http://www.sakoda-koro-clinic.com/", "内容": "迫田晃郎クリニック【2:診療所】【診療科目:内科_消化器内科_外科_消化器外科_小児泌尿器科_腎臓・泌尿器科】鹿児島県鹿児島市荒田２－４１－５" }, "geometry": { "type": "Point", "coordinates": [ 130.551677, 31.5701 ] } },
{ "type": "Feature", "properties": { "ID": 46220066, "正式名称": "三愛クリニック", "機関区分": 2, "都道府県コード": 46, "市区町村コード": 201, "所在地": "鹿児島県鹿児島市郡元３丁目３番７号", "緯度": 31.560282, "経度": 130.549415, "url": "https://www.iryou.teikyouseido.mhlw.go.jp/znk-web/juminkanja/S2430/initialize?prefCd=46&kikanCd=20066&kikanKbn=2", "url2": "http://www.sanaikai.or.jp/", "内容": "三愛クリニック【2:診療所】【診療科目:内科_循環器内科_整形外科_リウマチ科_リハビリテーション科】鹿児島県鹿児島市郡元３丁目３番７号" }, "geometry": { "type": "Point", "coordinates": [ 130.549415, 31.560282 ] } },
{ "type": "Feature", "properties": { "ID": 46220067, "正式名称": "医療法人　三成会　三成会クリニック", "機関区分": 2, "都道府県コード": 46, "市区町村コード": 201, "所在地": "鹿児島県鹿児島市田上８丁目１番１７号", "緯度": 31.587006, "経度": 130.515006, "url": "https://www.iryou.teikyouseido.mhlw.go.jp/znk-web/juminkanja/S2430/initialize?prefCd=46&kikanCd=20067&kikanKbn=2", "url2": null, "内容": "医療法人　三成会　三成会クリニック【2:診療所】【診療科目:内科_循環器内科_整形外科】鹿児島県鹿児島市田上８丁目１番１７号" }, "geometry": { "type": "Point", "coordinates": [ 130.515006, 31.587006 ] } },
{ "type": "Feature", "properties": { "ID": 46220068, "正式名称": "七波クリニック", "機関区分": 2, "都道府県コード": 46, "市区町村コード": 201, "所在地": "鹿児島県鹿児島市真砂本町５１番１号ニシムタスカイマーケット鴨池内テナント", "緯度": 31.556248, "経度": 130.554013, "url": "https://www.iryou.teikyouseido.mhlw.go.jp/znk-web/juminkanja/S2430/initialize?prefCd=46&kikanCd=20068&kikanKbn=2", "url2": "https://www.jiaikai.or.jp/nanami/", "内容": "七波クリニック【2:診療所】【診療科目:内科】鹿児島県鹿児島市真砂本町５１番１号ニシムタスカイマーケット鴨池内テナント" }, "geometry": { "type": "Point", "coordinates": [ 130.554013, 31.556248 ] } },
{ "type": "Feature", "properties": { "ID": 46220073, "正式名称": "島田ひふ科", "機関区分": 2, "都道府県コード": 46, "市区町村コード": 201, "所在地": "鹿児島県鹿児島市宇宿２丁目１８−２７", "緯度": 31.541595, "経度": 130.540107, "url": "https://www.iryou.teikyouseido.mhlw.go.jp/znk-web/juminkanja/S2430/initialize?prefCd=46&kikanCd=20073&kikanKbn=2", "url2": "http://www.minc.ne.jp/shimaderma/", "内容": "島田ひふ科【2:診療所】【診療科目:皮膚科_ケミカルピーリング】鹿児島県鹿児島市宇宿２丁目１８−２７" }, "geometry": { "type": "Point", "coordinates": [ 130.540107, 31.541595 ] } },
{ "type": "Feature", "properties": { "ID": 46220075, "正式名称": "霜出義輝内科クリニック", "機関区分": 2, "都道府県コード": 46, "市区町村コード": 201, "所在地": "鹿児島県鹿児島市下荒田", "緯度": 31.571259, "経度": 130.55591, "url": "https://www.iryou.teikyouseido.mhlw.go.jp/znk-web/juminkanja/S2430/initialize?prefCd=46&kikanCd=20075&kikanKbn=2", "url2": null, "内容": "霜出義輝内科クリニック【2:診療所】【診療科目:内科_消化器内科_リハビリテーション科】鹿児島県鹿児島市下荒田" }, "geometry": { "type": "Point", "coordinates": [ 130.55591, 31.571259 ] } },
{ "type": "Feature", "properties": { "ID": 46220077, "正式名称": "しんがみ内科クリニック", "機関区分": 2, "都道府県コード": 46, "市区町村コード": 201, "所在地": "鹿児島県鹿児島市下荒田１－３０－１５", "緯度": 31.576328, "経度": 130.556455, "url": "https://www.iryou.teikyouseido.mhlw.go.jp/znk-web/juminkanja/S2430/initialize?prefCd=46&kikanCd=20077&kikanKbn=2", "url2": "http://www.myclinic.ne.jp/shingami/", "内容": "しんがみ内科クリニック【2:診療所】【診療科目:内科_消化器内科_肝臓内科】鹿児島県鹿児島市下荒田１－３０－１５" }, "geometry": { "type": "Point", "coordinates": [ 130.556455, 31.576328 ] } },
{ "type": "Feature", "properties": { "ID": 46220081, "正式名称": "西陵クリニック", "機関区分": 2, "都道府県コード": 46, "市区町村コード": 201, "所在地": "鹿児島県鹿児島市西陵５丁目１２－５－２", "緯度": 31.582296, "経度": 130.504751, "url": "https://www.iryou.teikyouseido.mhlw.go.jp/znk-web/juminkanja/S2430/initialize?prefCd=46&kikanCd=20081&kikanKbn=2", "url2": null, "内容": "西陵クリニック【2:診療所】【診療科目:内科_呼吸器内科_消化器内科_外科】鹿児島県鹿児島市西陵５丁目１２－５－２" }, "geometry": { "type": "Point", "coordinates": [ 130.504751, 31.582296 ] } },
{ "type": "Feature", "properties": { "ID": 46220084, "正式名称": "高木耳鼻咽喉科", "機関区分": 2, "都道府県コード": 46, "市区町村コード": 201, "所在地": "鹿児島県鹿児島市荒田２丁目１１－２", "緯度": 31.572377, "経度": 130.55224, "url": "https://www.iryou.teikyouseido.mhlw.go.jp/znk-web/juminkanja/S2430/initialize?prefCd=46&kikanCd=20084&kikanKbn=2", "url2": null, "内容": "高木耳鼻咽喉科【2:診療所】【診療科目:耳鼻いんこう科】鹿児島県鹿児島市荒田２丁目１１－２" }, "geometry": { "type": "Point", "coordinates": [ 130.55224, 31.572377 ] } },
{ "type": "Feature", "properties": { "ID": 46220087, "正式名称": "医療法人和心会武井内科クリニック", "機関区分": 2, "都道府県コード": 46, "市区町村コード": 201, "所在地": "鹿児島県鹿児島市上之園町３４－２０ＡＹＡビル２階", "緯度": 31.578679, "経度": 130.543534, "url": "https://www.iryou.teikyouseido.mhlw.go.jp/znk-web/juminkanja/S2430/initialize?prefCd=46&kikanCd=20087&kikanKbn=2", "url2": "https://washinkai-med.or.jp/", "内容": "医療法人和心会武井内科クリニック【2:診療所】【診療科目:内科_脳神経内科_循環器内科_神経内科_アレルギー疾患内科_小児科_児童精神科_小児膠原病_精神科_心療内科_老年心療内科_アレルギー科】鹿児島県鹿児島市上之園町３４－２０ＡＹＡビル２階" }, "geometry": { "type": "Point", "coordinates": [ 130.543534, 31.578679 ] } },
{ "type": "Feature", "properties": { "ID": 46220094, "正式名称": "田村クリニック", "機関区分": 2, "都道府県コード": 46, "市区町村コード": 201, "所在地": "鹿児島県鹿児島市宇宿３丁目２９番１０号", "緯度": 31.543106, "経度": 130.537139, "url": "https://www.iryou.teikyouseido.mhlw.go.jp/znk-web/juminkanja/S2430/initialize?prefCd=46&kikanCd=20094&kikanKbn=2", "url2": null, "内容": "田村クリニック【2:診療所】【診療科目:内科_消化器内科_胃腸内科_内視鏡内科_外科_肛門外科】鹿児島県鹿児島市宇宿３丁目２９番１０号" }, "geometry": { "type": "Point", "coordinates": [ 130.537139, 31.543106 ] } },
{ "type": "Feature", "properties": { "ID": 46220096, "正式名称": "つるどめクリニック", "機関区分": 2, "都道府県コード": 46, "市区町村コード": 201, "所在地": "鹿児島県鹿児島市田上台２－３５－８", "緯度": 31.570742, "経度": 130.52289, "url": "https://www.iryou.teikyouseido.mhlw.go.jp/znk-web/juminkanja/S2430/initialize?prefCd=46&kikanCd=20096&kikanKbn=2", "url2": null, "内容": "つるどめクリニック【2:診療所】【診療科目:内科_消化器内科_内視鏡内科】鹿児島県鹿児島市田上台２－３５－８" }, "geometry": { "type": "Point", "coordinates": [ 130.52289, 31.570742 ] } },
{ "type": "Feature", "properties": { "ID": 46220097, "正式名称": "医療法人幸陽会寺口クリニック", "機関区分": 2, "都道府県コード": 46, "市区町村コード": 201, "所在地": "鹿児島県鹿児島市中央町５－２０", "緯度": 31.58412, "経度": 130.546766, "url": "https://www.iryou.teikyouseido.mhlw.go.jp/znk-web/juminkanja/S2430/initialize?prefCd=46&kikanCd=20097&kikanKbn=2", "url2": null, "内容": "医療法人幸陽会寺口クリニック【2:診療所】【診療科目:内科_循環器内科_消化器内科】鹿児島県鹿児島市中央町５－２０" }, "geometry": { "type": "Point", "coordinates": [ 130.546766, 31.58412 ] } },
{ "type": "Feature", "properties": { "ID": 46220101, "正式名称": "堂園メディカルハウス", "機関区分": 2, "都道府県コード": 46, "市区町村コード": 201, "所在地": "鹿児島県鹿児島市上之園町３－１", "緯度": 31.583276, "経度": 130.546578, "url": "https://www.iryou.teikyouseido.mhlw.go.jp/znk-web/juminkanja/S2430/initialize?prefCd=46&kikanCd=20101&kikanKbn=2", "url2": "http://www.dozono.co.jp/", "内容": "堂園メディカルハウス【2:診療所】【診療科目:内科_小児科_婦人科_皮膚科_精神科】鹿児島県鹿児島市上之園町３－１" }, "geometry": { "type": "Point", "coordinates": [ 130.546578, 31.583276 ] } },
{ "type": "Feature", "properties": { "ID": 46220104, "正式名称": "医療法人博昭会とよやまクリニック", "機関区分": 2, "都道府県コード": 46, "市区町村コード": 201, "所在地": "鹿児島県鹿児島市紫原７丁目１４－３", "緯度": 31.565989, "経度": 130.524951, "url": "https://www.iryou.teikyouseido.mhlw.go.jp/znk-web/juminkanja/S2430/initialize?prefCd=46&kikanCd=20104&kikanKbn=2", "url2": null, "内容": "医療法人博昭会とよやまクリニック【2:診療所】【診療科目:内科_胃腸内科_外科】鹿児島県鹿児島市紫原７丁目１４－３" }, "geometry": { "type": "Point", "coordinates": [ 130.524951, 31.565989 ] } },
{ "type": "Feature", "properties": { "ID": 46220109, "正式名称": "医療法人　永山医院", "機関区分": 2, "都道府県コード": 46, "市区町村コード": 201, "所在地": "鹿児島県鹿児島市武岡２－２８－３", "緯度": 31.592275, "経度": 130.515422, "url": "https://www.iryou.teikyouseido.mhlw.go.jp/znk-web/juminkanja/S2430/initialize?prefCd=46&kikanCd=20109&kikanKbn=2", "url2": null, "内容": "医療法人　永山医院【2:診療所】【診療科目:耳鼻いんこう科】鹿児島県鹿児島市武岡２－２８－３" }, "geometry": { "type": "Point", "coordinates": [ 130.515422, 31.592275 ] } },
{ "type": "Feature", "properties": { "ID": 46220111, "正式名称": "医療法人鹿甲会　なかのクリニック", "機関区分": 2, "都道府県コード": 46, "市区町村コード": 201, "所在地": "鹿児島県鹿児島市上荒田町２６－２９－１０１", "緯度": 31.575628, "経度": 130.54311, "url": "https://www.iryou.teikyouseido.mhlw.go.jp/znk-web/juminkanja/S2430/initialize?prefCd=46&kikanCd=20111&kikanKbn=2", "url2": "http://www3.synapse.ne.jp/nakanoclinic/", "内容": "医療法人鹿甲会　なかのクリニック【2:診療所】【診療科目:内科_内分泌内科_呼吸器内科_消化器内科_胃腸内科_内視鏡内科_外科_消化器外科_乳腺・内分泌外科_肛門外科_頭頸部外科_内視鏡外科】鹿児島県鹿児島市上荒田町２６－２９－１０１" }, "geometry": { "type": "Point", "coordinates": [ 130.54311, 31.575628 ] } },
{ "type": "Feature", "properties": { "ID": 46220117, "正式名称": "医療法人寿信会野口内科", "機関区分": 2, "都道府県コード": 46, "市区町村コード": 201, "所在地": "鹿児島県鹿児島市武岡２丁目２８番地４", "緯度": 31.592417, "経度": 130.515469, "url": "https://www.iryou.teikyouseido.mhlw.go.jp/znk-web/juminkanja/S2430/initialize?prefCd=46&kikanCd=20117&kikanKbn=2", "url2": "http://jushinkai.doorblog.jp", "内容": "医療法人寿信会野口内科【2:診療所】【診療科目:内科_消化器内科_放射線科】鹿児島県鹿児島市武岡２丁目２８番地４" }, "geometry": { "type": "Point", "coordinates": [ 130.515469, 31.592417 ] } },
{ "type": "Feature", "properties": { "ID": 46220118, "正式名称": "野口クリニック", "機関区分": 2, "都道府県コード": 46, "市区町村コード": 201, "所在地": "鹿児島県鹿児島市中央町３６－１２", "緯度": 31.578826, "経度": 130.543204, "url": "https://www.iryou.teikyouseido.mhlw.go.jp/znk-web/juminkanja/S2430/initialize?prefCd=46&kikanCd=20118&kikanKbn=2", "url2": null, "内容": "野口クリニック【2:診療所】【診療科目:内科_消化器内科_胃腸内科】鹿児島県鹿児島市中央町３６－１２" }, "geometry": { "type": "Point", "coordinates": [ 130.543204, 31.578826 ] } },
{ "type": "Feature", "properties": { "ID": 46220119, "正式名称": "医療法人瑛寿会濵島泌尿器科クリニック", "機関区分": 2, "都道府県コード": 46, "市区町村コード": 201, "所在地": "鹿児島県鹿児島市上之園町１７－１５第一マキビル１階", "緯度": 31.580891, "経度": 130.547597, "url": "https://www.iryou.teikyouseido.mhlw.go.jp/znk-web/juminkanja/S2430/initialize?prefCd=46&kikanCd=20119&kikanKbn=2", "url2": "https://www.hamashima.org/", "内容": "医療法人瑛寿会濵島泌尿器科クリニック【2:診療所】【診療科目:泌尿器科】鹿児島県鹿児島市上之園町１７－１５第一マキビル１階" }, "geometry": { "type": "Point", "coordinates": [ 130.547597, 31.580891 ] } },
{ "type": "Feature", "properties": { "ID": 46220126, "正式名称": "平川外科内科医院", "機関区分": 2, "都道府県コード": 46, "市区町村コード": 201, "所在地": "鹿児島県鹿児島市真砂本町３－７８", "緯度": 31.557727, "経度": 130.549837, "url": "https://www.iryou.teikyouseido.mhlw.go.jp/znk-web/juminkanja/S2430/initialize?prefCd=46&kikanCd=20126&kikanKbn=2", "url2": null, "内容": "平川外科内科医院【2:診療所】【診療科目:内科_呼吸器内科_循環器内科_消化器内科_胃腸内科_外科_肛門外科_整形外科_麻酔科】鹿児島県鹿児島市真砂本町３－７８" }, "geometry": { "type": "Point", "coordinates": [ 130.549837, 31.557727 ] } },
{ "type": "Feature", "properties": { "ID": 46220127, "正式名称": "医療法人　平野エンゼルクリニック", "機関区分": 2, "都道府県コード": 46, "市区町村コード": 201, "所在地": "鹿児島県鹿児島市上荒田町", "緯度": 31.574585, "経度": 130.546269, "url": "https://www.iryou.teikyouseido.mhlw.go.jp/znk-web/juminkanja/S2430/initialize?prefCd=46&kikanCd=20127&kikanKbn=2", "url2": "http://www.hirano-angel.com/", "内容": "医療法人　平野エンゼルクリニック【2:診療所】【診療科目:産婦人科_産科_婦人科】鹿児島県鹿児島市上荒田町" }, "geometry": { "type": "Point", "coordinates": [ 130.546269, 31.574585 ] } },
{ "type": "Feature", "properties": { "ID": 46220128, "正式名称": "整形外科福村クリニック", "機関区分": 2, "都道府県コード": 46, "市区町村コード": 201, "所在地": "鹿児島県鹿児島市武岡１丁目１１６番２４号", "緯度": 31.586876, "経度": 130.525399, "url": "https://www.iryou.teikyouseido.mhlw.go.jp/znk-web/juminkanja/S2430/initialize?prefCd=46&kikanCd=20128&kikanKbn=2", "url2": "fukumuraclinic.sakura.ne.jp", "内容": "整形外科福村クリニック【2:診療所】【診療科目:整形外科_リハビリテーション科】鹿児島県鹿児島市武岡１丁目１１６番２４号" }, "geometry": { "type": "Point", "coordinates": [ 130.525399, 31.586876 ] } },
{ "type": "Feature", "properties": { "ID": 46220140, "正式名称": "紫原生協クリニック", "機関区分": 2, "都道府県コード": 46, "市区町村コード": 201, "所在地": "鹿児島県鹿児島市紫原４丁目２０－４", "緯度": 31.558196, "経度": 130.532808, "url": "https://www.iryou.teikyouseido.mhlw.go.jp/znk-web/juminkanja/S2430/initialize?prefCd=46&kikanCd=20140&kikanKbn=2", "url2": "http://www.murasakibaru-seikyo.jp/", "内容": "紫原生協クリニック【2:診療所】【診療科目:内科_小児科】鹿児島県鹿児島市紫原４丁目２０－４" }, "geometry": { "type": "Point", "coordinates": [ 130.532808, 31.558196 ] } },
{ "type": "Feature", "properties": { "ID": 46220142, "正式名称": "紫原たはら医院", "機関区分": 2, "都道府県コード": 46, "市区町村コード": 201, "所在地": "鹿児島県鹿児島市紫原４丁目２７ー１９", "緯度": 31.558456, "経度": 130.531411, "url": "https://www.iryou.teikyouseido.mhlw.go.jp/znk-web/juminkanja/S2430/initialize?prefCd=46&kikanCd=20142&kikanKbn=2", "url2": "http://tahara-iin.com/", "内容": "紫原たはら医院【2:診療所】【診療科目:内科_小児科】鹿児島県鹿児島市紫原４丁目２７ー１９" }, "geometry": { "type": "Point", "coordinates": [ 130.531411, 31.558456 ] } },
{ "type": "Feature", "properties": { "ID": 46220146, "正式名称": "内科・山口アーバンクリニック", "機関区分": 2, "都道府県コード": 46, "市区町村コード": 201, "所在地": "鹿児島県鹿児島市鴨池２丁目４番１号", "緯度": 31.567723, "経度": 130.552791, "url": "https://www.iryou.teikyouseido.mhlw.go.jp/znk-web/juminkanja/S2430/initialize?prefCd=46&kikanCd=20146&kikanKbn=2", "url2": null, "内容": "内科・山口アーバンクリニック【2:診療所】【診療科目:内科_消化器内科】鹿児島県鹿児島市鴨池２丁目４番１号" }, "geometry": { "type": "Point", "coordinates": [ 130.552791, 31.567723 ] } },
{ "type": "Feature", "properties": { "ID": 46220151, "正式名称": "医療法人忠恕会わたなべ医院", "機関区分": 2, "都道府県コード": 46, "市区町村コード": 201, "所在地": "鹿児島県鹿児島市紫原２丁目３番３号", "緯度": 31.561925, "経度": 130.535283, "url": "https://www.iryou.teikyouseido.mhlw.go.jp/znk-web/juminkanja/S2430/initialize?prefCd=46&kikanCd=20151&kikanKbn=2", "url2": null, "内容": "医療法人忠恕会わたなべ医院【2:診療所】【診療科目:内科_外科_呼吸器外科】鹿児島県鹿児島市紫原２丁目３番３号" }, "geometry": { "type": "Point", "coordinates": [ 130.535283, 31.561925 ] } },
{ "type": "Feature", "properties": { "ID": 46220152, "正式名称": "ヲサメ内科クリニック", "機関区分": 2, "都道府県コード": 46, "市区町村コード": 201, "所在地": "鹿児島県鹿児島市中央町", "緯度": 31.58433, "経度": 130.544898, "url": "https://www.iryou.teikyouseido.mhlw.go.jp/znk-web/juminkanja/S2430/initialize?prefCd=46&kikanCd=20152&kikanKbn=2", "url2": null, "内容": "ヲサメ内科クリニック【2:診療所】【診療科目:内科_糖尿病内科_循環器内科_消化器内科】鹿児島県鹿児島市中央町" }, "geometry": { "type": "Point", "coordinates": [ 130.544898, 31.58433 ] } },
{ "type": "Feature", "properties": { "ID": 46220159, "正式名称": "竹ファミリー内科クリニック", "機関区分": 2, "都道府県コード": 46, "市区町村コード": 201, "所在地": "鹿児島県鹿児島市西千石町３番２１号", "緯度": 31.588371, "経度": 130.547006, "url": "https://www.iryou.teikyouseido.mhlw.go.jp/znk-web/juminkanja/S2430/initialize?prefCd=46&kikanCd=20159&kikanKbn=2", "url2": "https://take-family-naika.jp", "内容": "竹ファミリー内科クリニック【2:診療所】【診療科目:内科_循環器内科_消化器内科_小児科】鹿児島県鹿児島市西千石町３番２１号" }, "geometry": { "type": "Point", "coordinates": [ 130.547006, 31.588371 ] } },
{ "type": "Feature", "properties": { "ID": 46220161, "正式名称": "有村眼科", "機関区分": 2, "都道府県コード": 46, "市区町村コード": 201, "所在地": "鹿児島県鹿児島市中町１０－５", "緯度": 31.592996, "経度": 130.556311, "url": "https://www.iryou.teikyouseido.mhlw.go.jp/znk-web/juminkanja/S2430/initialize?prefCd=46&kikanCd=20161&kikanKbn=2", "url2": "www.arimura-eye.co.jp", "内容": "有村眼科【2:診療所】【診療科目:眼科】鹿児島県鹿児島市中町１０－５" }, "geometry": { "type": "Point", "coordinates": [ 130.556311, 31.592996 ] } },
{ "type": "Feature", "properties": { "ID": 46220162, "正式名称": "池之上クリニック", "機関区分": 2, "都道府県コード": 46, "市区町村コード": 201, "所在地": "鹿児島県鹿児島市池之上町１０番７号", "緯度": 31.609139, "経度": 130.564054, "url": "https://www.iryou.teikyouseido.mhlw.go.jp/znk-web/juminkanja/S2430/initialize?prefCd=46&kikanCd=20162&kikanKbn=2", "url2": "http://www3.synapse.ne.jp/ikenoue-hp/synapse-auto-page/", "内容": "池之上クリニック【2:診療所】【診療科目:内科_循環器内科_消化器内科】鹿児島県鹿児島市池之上町１０番７号" }, "geometry": { "type": "Point", "coordinates": [ 130.564054, 31.609139 ] } },
{ "type": "Feature", "properties": { "ID": 46220163, "正式名称": "医療法人陽山会井後眼科", "機関区分": 2, "都道府県コード": 46, "市区町村コード": 201, "所在地": "鹿児島県鹿児島市山下町７－１０", "緯度": 31.595424, "経度": 130.555828, "url": "https://www.iryou.teikyouseido.mhlw.go.jp/znk-web/juminkanja/S2430/initialize?prefCd=46&kikanCd=20163&kikanKbn=2", "url2": "www.igoganka.or.jp", "内容": "医療法人陽山会井後眼科【2:診療所】【診療科目:内科_眼科】鹿児島県鹿児島市山下町７－１０" }, "geometry": { "type": "Point", "coordinates": [ 130.555828, 31.595424 ] } },
{ "type": "Feature", "properties": { "ID": 46220165, "正式名称": "医療法人石塚レディースクリニック", "機関区分": 2, "都道府県コード": 46, "市区町村コード": 201, "所在地": "鹿児島県鹿児島市新屋敷町４－１０", "緯度": 31.581319, "経度": 130.555253, "url": "https://www.iryou.teikyouseido.mhlw.go.jp/znk-web/juminkanja/S2430/initialize?prefCd=46&kikanCd=20165&kikanKbn=2", "url2": null, "内容": "医療法人石塚レディースクリニック【2:診療所】【診療科目:産婦人科】鹿児島県鹿児島市新屋敷町４－１０" }, "geometry": { "type": "Point", "coordinates": [ 130.555253, 31.581319 ] } },
{ "type": "Feature", "properties": { "ID": 46220166, "正式名称": "石原山下整形外科内科医院", "機関区分": 2, "都道府県コード": 46, "市区町村コード": 201, "所在地": "鹿児島県鹿児島市皷川町４－１６", "緯度": 31.611133, "経度": 130.563967, "url": "https://www.iryou.teikyouseido.mhlw.go.jp/znk-web/juminkanja/S2430/initialize?prefCd=46&kikanCd=20166&kikanKbn=2", "url2": "http://www.ishihara-y.com/", "内容": "石原山下整形外科内科医院【2:診療所】【診療科目:内科_整形外科_リハビリテーション科】鹿児島県鹿児島市皷川町４－１６" }, "geometry": { "type": "Point", "coordinates": [ 130.563967, 31.611133 ] } },
{ "type": "Feature", "properties": { "ID": 46220167, "正式名称": "いぢちこどもクリニック", "機関区分": 2, "都道府県コード": 46, "市区町村コード": 201, "所在地": "鹿児島県鹿児島市吉野一丁目４３－１４", "緯度": 31.65254, "経度": 130.567332, "url": "https://www.iryou.teikyouseido.mhlw.go.jp/znk-web/juminkanja/S2430/initialize?prefCd=46&kikanCd=20167&kikanKbn=2", "url2": "http://www.myclinic.ne.jp/ijichi/", "内容": "いぢちこどもクリニック【2:診療所】【診療科目:小児科】鹿児島県鹿児島市吉野一丁目４３－１４" }, "geometry": { "type": "Point", "coordinates": [ 130.567332, 31.65254 ] } },
{ "type": "Feature", "properties": { "ID": 46220169, "正式名称": "今村クリニック", "機関区分": 2, "都道府県コード": 46, "市区町村コード": 201, "所在地": "鹿児島県鹿児島市易居町１－１３", "緯度": 31.597523, "経度": 130.558672, "url": "https://www.iryou.teikyouseido.mhlw.go.jp/znk-web/juminkanja/S2430/initialize?prefCd=46&kikanCd=20169&kikanKbn=2", "url2": null, "内容": "今村クリニック【2:診療所】【診療科目:内科_外科_リハビリテーション科】鹿児島県鹿児島市易居町１－１３" }, "geometry": { "type": "Point", "coordinates": [ 130.558672, 31.597523 ] } },
{ "type": "Feature", "properties": { "ID": 46220172, "正式名称": "上山クリニック", "機関区分": 2, "都道府県コード": 46, "市区町村コード": 201, "所在地": "鹿児島県鹿児島市吉野町７１９番地１号", "緯度": 31.636616, "経度": 130.559689, "url": "https://www.iryou.teikyouseido.mhlw.go.jp/znk-web/juminkanja/S2430/initialize?prefCd=46&kikanCd=20172&kikanKbn=2", "url2": "http://www.ueyama-clinic.com", "内容": "上山クリニック【2:診療所】【診療科目:内科_消化器内科_リハビリテーション科】鹿児島県鹿児島市吉野町７１９番地１号" }, "geometry": { "type": "Point", "coordinates": [ 130.559689, 31.636616 ] } },
{ "type": "Feature", "properties": { "ID": 46220175, "正式名称": "明輝会クリニック", "機関区分": 2, "都道府県コード": 46, "市区町村コード": 201, "所在地": "鹿児島県鹿児島市吉野三丁目２番５号", "緯度": 31.654626, "経度": 130.568738, "url": "https://www.iryou.teikyouseido.mhlw.go.jp/znk-web/juminkanja/S2430/initialize?prefCd=46&kikanCd=20175&kikanKbn=2", "url2": "https://www.meikikai.com", "内容": "明輝会クリニック【2:診療所】【診療科目:内科_糖尿病・代謝内科_呼吸器内科_循環器内科_消化器内科_肝臓内科_放射線科】鹿児島県鹿児島市吉野三丁目２番５号" }, "geometry": { "type": "Point", "coordinates": [ 130.568738, 31.654626 ] } },
{ "type": "Feature", "properties": { "ID": 46220176, "正式名称": "たついクリニック", "機関区分": 2, "都道府県コード": 46, "市区町村コード": 201, "所在地": "鹿児島県鹿児島市玉里団地３－２６－１２", "緯度": 31.620001, "経度": 130.54624, "url": "https://www.iryou.teikyouseido.mhlw.go.jp/znk-web/juminkanja/S2430/initialize?prefCd=46&kikanCd=20176&kikanKbn=2", "url2": "https://tatsui.clinic/", "内容": "たついクリニック【2:診療所】【診療科目:内科_脳神経内科_耳鼻いんこう科】鹿児島県鹿児島市玉里団地３－２６－１２" }, "geometry": { "type": "Point", "coordinates": [ 130.54624, 31.620001 ] } },
{ "type": "Feature", "properties": { "ID": 46220177, "正式名称": "梅津整形外科医院", "機関区分": 2, "都道府県コード": 46, "市区町村コード": 201, "所在地": "鹿児島県鹿児島市吉野二丁目１４番１５号", "緯度": 31.656673, "経度": 130.567315, "url": "https://www.iryou.teikyouseido.mhlw.go.jp/znk-web/juminkanja/S2430/initialize?prefCd=46&kikanCd=20177&kikanKbn=2", "url2": "http://umezuseikei.com", "内容": "梅津整形外科医院【2:診療所】【診療科目:整形外科_リウマチ科_リハビリテーション科】鹿児島県鹿児島市吉野二丁目１４番１５号" }, "geometry": { "type": "Point", "coordinates": [ 130.567315, 31.656673 ] } },
{ "type": "Feature", "properties": { "ID": 46220179, "正式名称": "江川内科消化器科", "機関区分": 2, "都道府県コード": 46, "市区町村コード": 201, "所在地": "鹿児島県鹿児島市小川町２番２号", "緯度": 31.599559, "経度": 130.559746, "url": "https://www.iryou.teikyouseido.mhlw.go.jp/znk-web/juminkanja/S2430/initialize?prefCd=46&kikanCd=20179&kikanKbn=2", "url2": null, "内容": "江川内科消化器科【2:診療所】【診療科目:内科_消化器内科】鹿児島県鹿児島市小川町２番２号" }, "geometry": { "type": "Point", "coordinates": [ 130.559746, 31.599559 ] } },
{ "type": "Feature", "properties": { "ID": 46220185, "正式名称": "折田胃腸科外科", "機関区分": 2, "都道府県コード": 46, "市区町村コード": 201, "所在地": "鹿児島県鹿児島市吉野町９０６６－２", "緯度": 31.631651, "経度": 130.571482, "url": "https://www.iryou.teikyouseido.mhlw.go.jp/znk-web/juminkanja/S2430/initialize?prefCd=46&kikanCd=20185&kikanKbn=2", "url2": null, "内容": "折田胃腸科外科【2:診療所】【診療科目:内科_消化器内科_胃腸内科_内視鏡内科_外科】鹿児島県鹿児島市吉野町９０６６－２" }, "geometry": { "type": "Point", "coordinates": [ 130.571482, 31.631651 ] } },
{ "type": "Feature", "properties": { "ID": 46220186, "正式名称": "鹿児島三井中央クリニック", "機関区分": 2, "都道府県コード": 46, "市区町村コード": 201, "所在地": "鹿児島県鹿児島市山下町９番１号　チャイムズビル６Ｆ", "緯度": 31.595087, "経度": 130.556943, "url": "https://www.iryou.teikyouseido.mhlw.go.jp/znk-web/juminkanja/S2430/initialize?prefCd=46&kikanCd=20186&kikanKbn=2", "url2": "http://www.chuoh-clinic-kagoshima.com/", "内容": "鹿児島三井中央クリニック【2:診療所】【診療科目:形成外科_美容外科_皮膚科_美容皮膚科_泌尿器科】鹿児島県鹿児島市山下町９番１号　チャイムズビル６Ｆ" }, "geometry": { "type": "Point", "coordinates": [ 130.556943, 31.595087 ] } },
{ "type": "Feature", "properties": { "ID": 46220193, "正式名称": "ひだまりこどもクリニック", "機関区分": 2, "都道府県コード": 46, "市区町村コード": 201, "所在地": "鹿児島県鹿児島市大明丘２－２２－２６", "緯度": 31.630702, "経度": 130.569513, "url": "https://www.iryou.teikyouseido.mhlw.go.jp/znk-web/juminkanja/S2430/initialize?prefCd=46&kikanCd=20193&kikanKbn=2", "url2": null, "内容": "ひだまりこどもクリニック【2:診療所】【診療科目:小児科】鹿児島県鹿児島市大明丘２－２２－２６" }, "geometry": { "type": "Point", "coordinates": [ 130.569513, 31.630702 ] } },
{ "type": "Feature", "properties": { "ID": 46220195, "正式名称": "医療法人一心会神田医院", "機関区分": 2, "都道府県コード": 46, "市区町村コード": 201, "所在地": "鹿児島県鹿児島市坂元町１３２７番地", "緯度": 31.625784, "経度": 130.558514, "url": "https://www.iryou.teikyouseido.mhlw.go.jp/znk-web/juminkanja/S2430/initialize?prefCd=46&kikanCd=20195&kikanKbn=2", "url2": null, "内容": "医療法人一心会神田医院【2:診療所】【診療科目:内科_小児科_放射線科】鹿児島県鹿児島市坂元町１３２７番地" }, "geometry": { "type": "Point", "coordinates": [ 130.558514, 31.625784 ] } },
{ "type": "Feature", "properties": { "ID": 46220201, "正式名称": "久保皮膚科", "機関区分": 2, "都道府県コード": 46, "市区町村コード": 201, "所在地": "鹿児島県鹿児島市上竜尾町５番１９号", "緯度": 31.607327, "経度": 130.560723, "url": "https://www.iryou.teikyouseido.mhlw.go.jp/znk-web/juminkanja/S2430/initialize?prefCd=46&kikanCd=20201&kikanKbn=2", "url2": "http://kubo-hifuka.com/", "内容": "久保皮膚科【2:診療所】【診療科目:皮膚科_アレルギー科】鹿児島県鹿児島市上竜尾町５番１９号" }, "geometry": { "type": "Point", "coordinates": [ 130.560723, 31.607327 ] } },
{ "type": "Feature", "properties": { "ID": 46220205, "正式名称": "健三郎クリニック", "機関区分": 2, "都道府県コード": 46, "市区町村コード": 201, "所在地": "鹿児島県鹿児島市山下町９－１チャイムズビル３階", "緯度": 31.595037, "経度": 130.556977, "url": "https://www.iryou.teikyouseido.mhlw.go.jp/znk-web/juminkanja/S2430/initialize?prefCd=46&kikanCd=20205&kikanKbn=2", "url2": null, "内容": "健三郎クリニック【2:診療所】【診療科目:内科_消化器内科】鹿児島県鹿児島市山下町９－１チャイムズビル３階" }, "geometry": { "type": "Point", "coordinates": [ 130.556977, 31.595037 ] } },
{ "type": "Feature", "properties": { "ID": 46220214, "正式名称": "さがらパース通りクリニック", "機関区分": 2, "都道府県コード": 46, "市区町村コード": 201, "所在地": "鹿児島県鹿児島市新屋敷町２６番１３号", "緯度": 31.584805, "経度": 130.556644, "url": "https://www.iryou.teikyouseido.mhlw.go.jp/znk-web/juminkanja/S2430/initialize?prefCd=46&kikanCd=20214&kikanKbn=2", "url2": "http://www.sagara.or.jp", "内容": "さがらパース通りクリニック【2:診療所】【診療科目:放射線診断科_放射線治療科】鹿児島県鹿児島市新屋敷町２６番１３号" }, "geometry": { "type": "Point", "coordinates": [ 130.556644, 31.584805 ] } },
{ "type": "Feature", "properties": { "ID": 46220218, "正式名称": "医療法人育成会さめしま小児科", "機関区分": 2, "都道府県コード": 46, "市区町村コード": 201, "所在地": "鹿児島県鹿児島市山之口町", "緯度": 31.586563, "経度": 130.5528, "url": "https://www.iryou.teikyouseido.mhlw.go.jp/znk-web/juminkanja/S2430/initialize?prefCd=46&kikanCd=20218&kikanKbn=2", "url2": "http://sameshima-kodomo.com/", "内容": "医療法人育成会さめしま小児科【2:診療所】【診療科目:内科_小児科】鹿児島県鹿児島市山之口町" }, "geometry": { "type": "Point", "coordinates": [ 130.5528, 31.586563 ] } },
{ "type": "Feature", "properties": { "ID": 46220221, "正式名称": "三月田クリニック", "機関区分": 2, "都道府県コード": 46, "市区町村コード": 201, "所在地": "鹿児島県鹿児島市西千石町１２‐１１", "緯度": 31.589372, "経度": 130.549686, "url": "https://www.iryou.teikyouseido.mhlw.go.jp/znk-web/juminkanja/S2430/initialize?prefCd=46&kikanCd=20221&kikanKbn=2", "url2": null, "内容": "三月田クリニック【2:診療所】【診療科目:精神科_心療内科】鹿児島県鹿児島市西千石町１２‐１１" }, "geometry": { "type": "Point", "coordinates": [ 130.549686, 31.589372 ] } },
{ "type": "Feature", "properties": { "ID": 46220222, "正式名称": "さんクリニック竹ノ下", "機関区分": 2, "都道府県コード": 46, "市区町村コード": 201, "所在地": "鹿児島県鹿児島市松原町１４番１号", "緯度": 31.588056, "経度": 130.560247, "url": "https://www.iryou.teikyouseido.mhlw.go.jp/znk-web/juminkanja/S2430/initialize?prefCd=46&kikanCd=20222&kikanKbn=2", "url2": null, "内容": "さんクリニック竹ノ下【2:診療所】【診療科目:呼吸器内科_胃腸内科_外科_食道外科_血管外科_消化器外科_大腸外科_肝臓外科_膵臓外科_胆のう外科_肛門外科_胸部外科_腹部外科_内視鏡外科】鹿児島県鹿児島市松原町１４番１号" }, "geometry": { "type": "Point", "coordinates": [ 130.560247, 31.588056 ] } },
{ "type": "Feature", "properties": { "ID": 46220223, "正式名称": "慈愛会クリニック", "機関区分": 2, "都道府県コード": 46, "市区町村コード": 201, "所在地": "鹿児島県鹿児島市泉町１番１５号", "緯度": 31.592401, "経度": 130.558932, "url": "https://www.iryou.teikyouseido.mhlw.go.jp/znk-web/juminkanja/S2430/initialize?prefCd=46&kikanCd=20223&kikanKbn=2", "url2": "http://www.jiaikai.or.jp", "内容": "慈愛会クリニック【2:診療所】【診療科目:内科_糖尿病内科】鹿児島県鹿児島市泉町１番１５号" }, "geometry": { "type": "Point", "coordinates": [ 130.558932, 31.592401 ] } },
{ "type": "Feature", "properties": { "ID": 46220224, "正式名称": "下川クリニック", "機関区分": 2, "都道府県コード": 46, "市区町村コード": 201, "所在地": "鹿児島県鹿児島市吉野町２２８８－２", "緯度": 31.639643, "経度": 130.567559, "url": "https://www.iryou.teikyouseido.mhlw.go.jp/znk-web/juminkanja/S2430/initialize?prefCd=46&kikanCd=20224&kikanKbn=2", "url2": "https://shimokawa-clinic.jp/", "内容": "下川クリニック【2:診療所】【診療科目:呼吸器内科_循環器内科_外科_心臓血管外科_皮膚科_アレルギー科】鹿児島県鹿児島市吉野町２２８８－２" }, "geometry": { "type": "Point", "coordinates": [ 130.567559, 31.639643 ] } },
{ "type": "Feature", "properties": { "ID": 46220226, "正式名称": "シモノクリニック", "機関区分": 2, "都道府県コード": 46, "市区町村コード": 201, "所在地": "鹿児島県鹿児島市易居町６番４号", "緯度": 31.596289, "経度": 130.559656, "url": "https://www.iryou.teikyouseido.mhlw.go.jp/znk-web/juminkanja/S2430/initialize?prefCd=46&kikanCd=20226&kikanKbn=2", "url2": null, "内容": "シモノクリニック【2:診療所】【診療科目:内科_消化器内科】鹿児島県鹿児島市易居町６番４号" }, "geometry": { "type": "Point", "coordinates": [ 130.559656, 31.596289 ] } },
{ "type": "Feature", "properties": { "ID": 46220231, "正式名称": "医療法人新牧医院", "機関区分": 2, "都道府県コード": 46, "市区町村コード": 201, "所在地": "鹿児島県鹿児島市吉野町３０７３番地１４７", "緯度": 31.561083, "経度": 130.557728, "url": "https://www.iryou.teikyouseido.mhlw.go.jp/znk-web/juminkanja/S2430/initialize?prefCd=46&kikanCd=20231&kikanKbn=2", "url2": null, "内容": "医療法人新牧医院【2:診療所】【診療科目:内科_放射線科】鹿児島県鹿児島市吉野町３０７３番地１４７" }, "geometry": { "type": "Point", "coordinates": [ 130.557728, 31.561083 ] } },
{ "type": "Feature", "properties": { "ID": 46220233, "正式名称": "大黒クリニック", "機関区分": 2, "都道府県コード": 46, "市区町村コード": 201, "所在地": "鹿児島県鹿児島市大黒町", "緯度": 31.591189, "経度": 130.557774, "url": "https://www.iryou.teikyouseido.mhlw.go.jp/znk-web/juminkanja/S2430/initialize?prefCd=46&kikanCd=20233&kikanKbn=2", "url2": "http://www17.ocn.ne.jp/~daikokcl/", "内容": "大黒クリニック【2:診療所】【診療科目:内科_整形外科】鹿児島県鹿児島市大黒町" }, "geometry": { "type": "Point", "coordinates": [ 130.557774, 31.591189 ] } },
{ "type": "Feature", "properties": { "ID": 46220234, "正式名称": "高見馬場Ｊｕｎクリニック", "機関区分": 2, "都道府県コード": 46, "市区町村コード": 201, "所在地": "鹿児島県鹿児島市加治屋町１３番３号", "緯度": 31.588088, "経度": 130.550217, "url": "https://www.iryou.teikyouseido.mhlw.go.jp/znk-web/juminkanja/S2430/initialize?prefCd=46&kikanCd=20234&kikanKbn=2", "url2": "http://www.junclinic.jp/", "内容": "高見馬場Ｊｕｎクリニック【2:診療所】【診療科目:内科_糖尿病・内分泌内科】鹿児島県鹿児島市加治屋町１３番３号" }, "geometry": { "type": "Point", "coordinates": [ 130.550217, 31.588088 ] } },
{ "type": "Feature", "properties": { "ID": 46220235, "正式名称": "医療法人高見馬場山口クリニック", "機関区分": 2, "都道府県コード": 46, "市区町村コード": 201, "所在地": "鹿児島県鹿児島市西千石町１６番１６号", "緯度": 31.589776, "経度": 130.550939, "url": "https://www.iryou.teikyouseido.mhlw.go.jp/znk-web/juminkanja/S2430/initialize?prefCd=46&kikanCd=20235&kikanKbn=2", "url2": "http://www.t-yama-cl.com", "内容": "医療法人高見馬場山口クリニック【2:診療所】【診療科目:内科_循環器内科_消化器内科】鹿児島県鹿児島市西千石町１６番１６号" }, "geometry": { "type": "Point", "coordinates": [ 130.550939, 31.589776 ] } },
{ "type": "Feature", "properties": { "ID": 46220238, "正式名称": "たけクリニック", "機関区分": 2, "都道府県コード": 46, "市区町村コード": 201, "所在地": "鹿児島県鹿児島市川上町", "緯度": 31.662589, "経度": 130.569384, "url": "https://www.iryou.teikyouseido.mhlw.go.jp/znk-web/juminkanja/S2430/initialize?prefCd=46&kikanCd=20238&kikanKbn=2", "url2": "http://www.myclinic.ne.jp/gracre/", "内容": "たけクリニック【2:診療所】【診療科目:内科_泌尿器科】鹿児島県鹿児島市川上町" }, "geometry": { "type": "Point", "coordinates": [ 130.569384, 31.662589 ] } },
{ "type": "Feature", "properties": { "ID": 46220242, "正式名称": "天文館クリニック", "機関区分": 2, "都道府県コード": 46, "市区町村コード": 201, "所在地": "鹿児島県鹿児島市東千石町２－１８カゴシマ旭ビル３階", "緯度": 31.591006, "経度": 130.555072, "url": "https://www.iryou.teikyouseido.mhlw.go.jp/znk-web/juminkanja/S2430/initialize?prefCd=46&kikanCd=20242&kikanKbn=2", "url2": null, "内容": "天文館クリニック【2:診療所】【診療科目:内科_リウマチ科】鹿児島県鹿児島市東千石町２－１８カゴシマ旭ビル３階" }, "geometry": { "type": "Point", "coordinates": [ 130.555072, 31.591006 ] } },
{ "type": "Feature", "properties": { "ID": 46220243, "正式名称": "天陽会中央クリニック", "機関区分": 2, "都道府県コード": 46, "市区町村コード": 201, "所在地": "鹿児島県鹿児島市泉町１６－１", "緯度": 31.594005, "経度": 130.560245, "url": "https://www.iryou.teikyouseido.mhlw.go.jp/znk-web/juminkanja/S2430/initialize?prefCd=46&kikanCd=20243&kikanKbn=2", "url2": "http://www.tenyoukai.org/", "内容": "天陽会中央クリニック【2:診療所】【診療科目:内科_呼吸器内科_循環器内科_消化器内科_肝臓内科_外科_心臓血管外科_肛門外科_整形外科_眼科_リハビリテーション科_放射線科_麻酔科】鹿児島県鹿児島市泉町１６－１" }, "geometry": { "type": "Point", "coordinates": [ 130.560245, 31.594005 ] } },
{ "type": "Feature", "properties": { "ID": 46220244, "正式名称": "唐仁原医院", "機関区分": 2, "都道府県コード": 46, "市区町村コード": 201, "所在地": "鹿児島県鹿児島市錦江町１番５８号", "緯度": 31.577799, "経度": 130.562897, "url": "https://www.iryou.teikyouseido.mhlw.go.jp/znk-web/juminkanja/S2430/initialize?prefCd=46&kikanCd=20244&kikanKbn=2", "url2": null, "内容": "唐仁原医院【2:診療所】【診療科目:外科】鹿児島県鹿児島市錦江町１番５８号" }, "geometry": { "type": "Point", "coordinates": [ 130.562897, 31.577799 ] } },
{ "type": "Feature", "properties": { "ID": 46220248, "正式名称": "中村（哲）産婦人科・内科", "機関区分": 2, "都道府県コード": 46, "市区町村コード": 201, "所在地": "鹿児島県鹿児島市樋之口町３－７", "緯度": 31.586228, "経度": 130.554353, "url": "https://www.iryou.teikyouseido.mhlw.go.jp/znk-web/juminkanja/S2430/initialize?prefCd=46&kikanCd=20248&kikanKbn=2", "url2": "http://www.minc.ne.jp/~i-hakuyuu/index.htm", "内容": "中村（哲）産婦人科・内科【2:診療所】【診療科目:内科_産婦人科】鹿児島県鹿児島市樋之口町３－７" }, "geometry": { "type": "Point", "coordinates": [ 130.554353, 31.586228 ] } },
{ "type": "Feature", "properties": { "ID": 46220254, "正式名称": "医療法人野間口クリニック", "機関区分": 2, "都道府県コード": 46, "市区町村コード": 201, "所在地": "鹿児島県鹿児島市小川町２２ー６プランドール小川町３階", "緯度": 31.599904, "経度": 130.561746, "url": "https://www.iryou.teikyouseido.mhlw.go.jp/znk-web/juminkanja/S2430/initialize?prefCd=46&kikanCd=20254&kikanKbn=2", "url2": null, "内容": "医療法人野間口クリニック【2:診療所】【診療科目:精神科_心療内科】鹿児島県鹿児島市小川町２２ー６プランドール小川町３階" }, "geometry": { "type": "Point", "coordinates": [ 130.561746, 31.599904 ] } },
{ "type": "Feature", "properties": { "ID": 46220256, "正式名称": "はしぐち内科ひふ科クリニック", "機関区分": 2, "都道府県コード": 46, "市区町村コード": 201, "所在地": "鹿児島県鹿児島市大黒町", "緯度": 31.590701, "経度": 130.557619, "url": "https://www.iryou.teikyouseido.mhlw.go.jp/znk-web/juminkanja/S2430/initialize?prefCd=46&kikanCd=20256&kikanKbn=2", "url2": "http://www1.ocn.ne.jp/~hashi478/", "内容": "はしぐち内科ひふ科クリニック【2:診療所】【診療科目:内科_皮膚科】鹿児島県鹿児島市大黒町" }, "geometry": { "type": "Point", "coordinates": [ 130.557619, 31.590701 ] } },
{ "type": "Feature", "properties": { "ID": 46220267, "正式名称": "医療法人友心会福元クリニック", "機関区分": 2, "都道府県コード": 46, "市区町村コード": 201, "所在地": "鹿児島県鹿児島市山下町１２－８", "緯度": 31.597416, "経度": 130.55717, "url": "https://www.iryou.teikyouseido.mhlw.go.jp/znk-web/juminkanja/S2430/initialize?prefCd=46&kikanCd=20267&kikanKbn=2", "url2": "http://fukumoto-clinic.jp/", "内容": "医療法人友心会福元クリニック【2:診療所】【診療科目:内科_性感染症内科_泌尿器科】鹿児島県鹿児島市山下町１２－８" }, "geometry": { "type": "Point", "coordinates": [ 130.55717, 31.597416 ] } },
{ "type": "Feature", "properties": { "ID": 46220268, "正式名称": "プリムラクリニック", "機関区分": 2, "都道府県コード": 46, "市区町村コード": 201, "所在地": "鹿児島県鹿児島市東千石町１－１　第八川北ビル６Ｆ", "緯度": 31.589588, "経度": 130.552155, "url": "https://www.iryou.teikyouseido.mhlw.go.jp/znk-web/juminkanja/S2430/initialize?prefCd=46&kikanCd=20268&kikanKbn=2", "url2": null, "内容": "プリムラクリニック【2:診療所】【診療科目:内科】鹿児島県鹿児島市東千石町１－１　第八川北ビル６Ｆ" }, "geometry": { "type": "Point", "coordinates": [ 130.552155, 31.589588 ] } },
{ "type": "Feature", "properties": { "ID": 46220271, "正式名称": "医療法人仁胤会前田内科クリニック", "機関区分": 2, "都道府県コード": 46, "市区町村コード": 201, "所在地": "鹿児島県鹿児島市小川町３－４", "緯度": 31.600684, "経度": 130.56129, "url": "https://www.iryou.teikyouseido.mhlw.go.jp/znk-web/juminkanja/S2430/initialize?prefCd=46&kikanCd=20271&kikanKbn=2", "url2": "http://www3.synapse.ne.jp/maeda/", "内容": "医療法人仁胤会前田内科クリニック【2:診療所】【診療科目:内科_循環器内科_消化器内科_人工透析内科_リハビリテーション科】鹿児島県鹿児島市小川町３－４" }, "geometry": { "type": "Point", "coordinates": [ 130.56129, 31.600684 ] } },
{ "type": "Feature", "properties": { "ID": 46220272, "正式名称": "前田内科消化器科", "機関区分": 2, "都道府県コード": 46, "市区町村コード": 201, "所在地": "鹿児島県鹿児島市山下町１２－２７", "緯度": 31.597548, "経度": 130.557874, "url": "https://www.iryou.teikyouseido.mhlw.go.jp/znk-web/juminkanja/S2430/initialize?prefCd=46&kikanCd=20272&kikanKbn=2", "url2": null, "内容": "前田内科消化器科【2:診療所】【診療科目:内科_消化器内科_胃腸内科_肝臓内科_内視鏡内科】鹿児島県鹿児島市山下町１２－２７" }, "geometry": { "type": "Point", "coordinates": [ 130.557874, 31.597548 ] } },
{ "type": "Feature", "properties": { "ID": 46220279, "正式名称": "緑ケ丘クリニック", "機関区分": 2, "都道府県コード": 46, "市区町村コード": 201, "所在地": "鹿児島県鹿児島市緑ケ丘町６－１１", "緯度": 31.656564, "経度": 130.546717, "url": "https://www.iryou.teikyouseido.mhlw.go.jp/znk-web/juminkanja/S2430/initialize?prefCd=46&kikanCd=20279&kikanKbn=2", "url2": "midorigaoka-cl.jp", "内容": "緑ケ丘クリニック【2:診療所】【診療科目:内科_整形外科_小児科】鹿児島県鹿児島市緑ケ丘町６－１１" }, "geometry": { "type": "Point", "coordinates": [ 130.546717, 31.656564 ] } },
{ "type": "Feature", "properties": { "ID": 46220281, "正式名称": "宮田内科消化器科", "機関区分": 2, "都道府県コード": 46, "市区町村コード": 201, "所在地": "鹿児島県鹿児島市吉野１丁目９番１２号", "緯度": 31.647288, "経度": 130.568785, "url": "https://www.iryou.teikyouseido.mhlw.go.jp/znk-web/juminkanja/S2430/initialize?prefCd=46&kikanCd=20281&kikanKbn=2", "url2": null, "内容": "宮田内科消化器科【2:診療所】【診療科目:内科_消化器内科_胃腸内科_内視鏡内科】鹿児島県鹿児島市吉野１丁目９番１２号" }, "geometry": { "type": "Point", "coordinates": [ 130.568785, 31.647288 ] } },
{ "type": "Feature", "properties": { "ID": 46220285, "正式名称": "メンタルヘルスかごしま中央クリニック", "機関区分": 2, "都道府県コード": 46, "市区町村コード": 201, "所在地": "鹿児島県鹿児島市東千石町１３－１９", "緯度": 31.590712, "経度": 130.554698, "url": "https://www.iryou.teikyouseido.mhlw.go.jp/znk-web/juminkanja/S2430/initialize?prefCd=46&kikanCd=20285&kikanKbn=2", "url2": "http://www.mental-health21.jp/", "内容": "メンタルヘルスかごしま中央クリニック【2:診療所】【診療科目:精神科_心療内科】鹿児島県鹿児島市東千石町１３－１９" }, "geometry": { "type": "Point", "coordinates": [ 130.554698, 31.590712 ] } },
{ "type": "Feature", "properties": { "ID": 46220287, "正式名称": "盛満医院", "機関区分": 2, "都道府県コード": 46, "市区町村コード": 201, "所在地": "鹿児島県鹿児島市川上町３４４４－１", "緯度": 31.651229, "経度": 130.552672, "url": "https://www.iryou.teikyouseido.mhlw.go.jp/znk-web/juminkanja/S2430/initialize?prefCd=46&kikanCd=20287&kikanKbn=2", "url2": null, "内容": "盛満医院【2:診療所】【診療科目:内科_消化器内科_胃腸内科_神経内科_内視鏡内科_緩和ケア内科_小児科】鹿児島県鹿児島市川上町３４４４－１" }, "geometry": { "type": "Point", "coordinates": [ 130.552672, 31.651229 ] } },
{ "type": "Feature", "properties": { "ID": 46220290, "正式名称": "循環器科クリニック・山角", "機関区分": 2, "都道府県コード": 46, "市区町村コード": 201, "所在地": "鹿児島県鹿児島市東千石町３番４１号", "緯度": 31.590724, "経度": 130.551739, "url": "https://www.iryou.teikyouseido.mhlw.go.jp/znk-web/juminkanja/S2430/initialize?prefCd=46&kikanCd=20290&kikanKbn=2", "url2": null, "内容": "循環器科クリニック・山角【2:診療所】【診療科目:内科_循環器内科_外科_血管外科】鹿児島県鹿児島市東千石町３番４１号" }, "geometry": { "type": "Point", "coordinates": [ 130.551739, 31.590724 ] } },
{ "type": "Feature", "properties": { "ID": 46220296, "正式名称": "鹿児島医療生活協同組合吉野生協クリニック", "機関区分": 2, "都道府県コード": 46, "市区町村コード": 201, "所在地": "鹿児島県鹿児島市吉野町２３８１－５２", "緯度": 31.643585, "経度": 130.56993, "url": "https://www.iryou.teikyouseido.mhlw.go.jp/znk-web/juminkanja/S2430/initialize?prefCd=46&kikanCd=20296&kikanKbn=2", "url2": "http://www.yoshino-seikyo.jp/", "内容": "鹿児島医療生活協同組合吉野生協クリニック【2:診療所】【診療科目:内科_呼吸器内科_循環器内科_小児科】鹿児島県鹿児島市吉野町２３８１－５２" }, "geometry": { "type": "Point", "coordinates": [ 130.56993, 31.643585 ] } },
{ "type": "Feature", "properties": { "ID": 46220297, "正式名称": "整形外科吉野台クリニック", "機関区分": 2, "都道府県コード": 46, "市区町村コード": 201, "所在地": "鹿児島県鹿児島市吉野町１４８６－１", "緯度": 31.629184, "経度": 130.571488, "url": "https://www.iryou.teikyouseido.mhlw.go.jp/znk-web/juminkanja/S2430/initialize?prefCd=46&kikanCd=20297&kikanKbn=2", "url2": "https://syunwakai.jp/", "内容": "整形外科吉野台クリニック【2:診療所】【診療科目:整形外科_リウマチ科_リハビリテーション科】鹿児島県鹿児島市吉野町１４８６－１" }, "geometry": { "type": "Point", "coordinates": [ 130.571488, 31.629184 ] } },
{ "type": "Feature", "properties": { "ID": 46220299, "正式名称": "吉満鈴木耳鼻咽喉科", "機関区分": 2, "都道府県コード": 46, "市区町村コード": 201, "所在地": "鹿児島県鹿児島市小川町１番４号", "緯度": 31.599342, "経度": 130.559304, "url": "https://www.iryou.teikyouseido.mhlw.go.jp/znk-web/juminkanja/S2430/initialize?prefCd=46&kikanCd=20299&kikanKbn=2", "url2": null, "内容": "吉満鈴木耳鼻咽喉科【2:診療所】【診療科目:耳鼻いんこう科】鹿児島県鹿児島市小川町１番４号" }, "geometry": { "type": "Point", "coordinates": [ 130.559304, 31.599342 ] } },
{ "type": "Feature", "properties": { "ID": 46220300, "正式名称": "四枝内科", "機関区分": 2, "都道府県コード": 46, "市区町村コード": 201, "所在地": "鹿児島県鹿児島市吉野町", "緯度": 31.639317, "経度": 130.56638, "url": "https://www.iryou.teikyouseido.mhlw.go.jp/znk-web/juminkanja/S2430/initialize?prefCd=46&kikanCd=20300&kikanKbn=2", "url2": null, "内容": "四枝内科【2:診療所】【診療科目:内科_循環器内科_消化器内科】鹿児島県鹿児島市吉野町" }, "geometry": { "type": "Point", "coordinates": [ 130.56638, 31.639317 ] } },
{ "type": "Feature", "properties": { "ID": 46220310, "正式名称": "医療法人幸英会　稲森内科消化器科", "機関区分": 2, "都道府県コード": 46, "市区町村コード": 201, "所在地": "鹿児島県鹿児島市上福元町５７２３－３", "緯度": 31.529852, "経度": 130.506773, "url": "https://www.iryou.teikyouseido.mhlw.go.jp/znk-web/juminkanja/S2430/initialize?prefCd=46&kikanCd=20310&kikanKbn=2", "url2": "https://inamori-clinic.com/", "内容": "医療法人幸英会　稲森内科消化器科【2:診療所】【診療科目:内科_消化器内科】鹿児島県鹿児島市上福元町５７２３－３" }, "geometry": { "type": "Point", "coordinates": [ 130.506773, 31.529852 ] } },
{ "type": "Feature", "properties": { "ID": 46220311, "正式名称": "井上小児科医院", "機関区分": 2, "都道府県コード": 46, "市区町村コード": 201, "所在地": "鹿児島県鹿児島市坂之上７丁目３－４０", "緯度": 31.49178, "経度": 130.502726, "url": "https://www.iryou.teikyouseido.mhlw.go.jp/znk-web/juminkanja/S2430/initialize?prefCd=46&kikanCd=20311&kikanKbn=2", "url2": null, "内容": "井上小児科医院【2:診療所】【診療科目:小児科】鹿児島県鹿児島市坂之上７丁目３－４０" }, "geometry": { "type": "Point", "coordinates": [ 130.502726, 31.49178 ] } },
{ "type": "Feature", "properties": { "ID": 46220312, "正式名称": "いまきいれ耳鼻咽喉科", "機関区分": 2, "都道府県コード": 46, "市区町村コード": 201, "所在地": "鹿児島県鹿児島市中山１－１４－１７", "緯度": 31.547759, "経度": 130.510887, "url": "https://www.iryou.teikyouseido.mhlw.go.jp/znk-web/juminkanja/S2430/initialize?prefCd=46&kikanCd=20312&kikanKbn=2", "url2": "https://imakiire.net", "内容": "いまきいれ耳鼻咽喉科【2:診療所】【診療科目:耳鼻いんこう科】鹿児島県鹿児島市中山１－１４－１７" }, "geometry": { "type": "Point", "coordinates": [ 130.510887, 31.547759 ] } },
{ "type": "Feature", "properties": { "ID": 46220313, "正式名称": "入来クリニック", "機関区分": 2, "都道府県コード": 46, "市区町村コード": 201, "所在地": "鹿児島県鹿児島市中山２－３－１２", "緯度": 31.544701, "経度": 130.512141, "url": "https://www.iryou.teikyouseido.mhlw.go.jp/znk-web/juminkanja/S2430/initialize?prefCd=46&kikanCd=20313&kikanKbn=2", "url2": null, "内容": "入来クリニック【2:診療所】【診療科目:内科_呼吸器内科_消化器内科_外科_麻酔科】鹿児島県鹿児島市中山２－３－１２" }, "geometry": { "type": "Point", "coordinates": [ 130.512141, 31.544701 ] } },
{ "type": "Feature", "properties": { "ID": 46220319, "正式名称": "岡田・石堂クリニック", "機関区分": 2, "都道府県コード": 46, "市区町村コード": 201, "所在地": "鹿児島県鹿児島市上福元町３６０３－１", "緯度": 31.531927, "経度": 130.505373, "url": "https://www.iryou.teikyouseido.mhlw.go.jp/znk-web/juminkanja/S2430/initialize?prefCd=46&kikanCd=20319&kikanKbn=2", "url2": "http://okada-ishido-clinic.com", "内容": "岡田・石堂クリニック【2:診療所】【診療科目:内科_脳神経内科_脳神経外科_整形外科_リハビリテーション科_麻酔科】鹿児島県鹿児島市上福元町３６０３－１" }, "geometry": { "type": "Point", "coordinates": [ 130.505373, 31.531927 ] } },
{ "type": "Feature", "properties": { "ID": 46220321, "正式名称": "医療法人尾辻クリニック　尾辻クリニック内科胃腸科", "機関区分": 2, "都道府県コード": 46, "市区町村コード": 201, "所在地": "鹿児島県鹿児島市皇徳寺台１丁目２８番１５号", "緯度": 31.558663, "経度": 130.495464, "url": "https://www.iryou.teikyouseido.mhlw.go.jp/znk-web/juminkanja/S2430/initialize?prefCd=46&kikanCd=20321&kikanKbn=2", "url2": "http://otuji-clinic.sakura.ne.jp/", "内容": "医療法人尾辻クリニック　尾辻クリニック内科胃腸科【2:診療所】【診療科目:内科_消化器内科_胃腸内科】鹿児島県鹿児島市皇徳寺台１丁目２８番１５号" }, "geometry": { "type": "Point", "coordinates": [ 130.495464, 31.558663 ] } },
{ "type": "Feature", "properties": { "ID": 46220323, "正式名称": "光輪会鹿児島クリニック", "機関区分": 2, "都道府県コード": 46, "市区町村コード": 201, "所在地": "鹿児島県鹿児島市東開町５－２８", "緯度": 31.536296, "経度": 130.535472, "url": "https://www.iryou.teikyouseido.mhlw.go.jp/znk-web/juminkanja/S2430/initialize?prefCd=46&kikanCd=20323&kikanKbn=2", "url2": "https://kagoshimaclinic.com/", "内容": "光輪会鹿児島クリニック【2:診療所】【診療科目:内科_外科_産婦人科】鹿児島県鹿児島市東開町５－２８" }, "geometry": { "type": "Point", "coordinates": [ 130.535472, 31.536296 ] } },
{ "type": "Feature", "properties": { "ID": 46220325, "正式名称": "かめざわ整形外科", "機関区分": 2, "都道府県コード": 46, "市区町村コード": 201, "所在地": "鹿児島県鹿児島市中山町１２２５－１", "緯度": 31.549666, "経度": 130.50247, "url": "https://www.iryou.teikyouseido.mhlw.go.jp/znk-web/juminkanja/S2430/initialize?prefCd=46&kikanCd=20325&kikanKbn=2", "url2": null, "内容": "かめざわ整形外科【2:診療所】【診療科目:整形外科_リウマチ科_リハビリテーション科】鹿児島県鹿児島市中山町１２２５－１" }, "geometry": { "type": "Point", "coordinates": [ 130.50247, 31.549666 ] } },
{ "type": "Feature", "properties": { "ID": 46220326, "正式名称": "河井脳神経外科", "機関区分": 2, "都道府県コード": 46, "市区町村コード": 201, "所在地": "鹿児島県鹿児島市小松原２丁目１０番１９号", "緯度": 31.5288, "経度": 130.52702, "url": "https://www.iryou.teikyouseido.mhlw.go.jp/znk-web/juminkanja/S2430/initialize?prefCd=46&kikanCd=20326&kikanKbn=2", "url2": "http://www.kawai-ns-hp.or.jp", "内容": "河井脳神経外科【2:診療所】【診療科目:神経内科_脳神経外科_リハビリテーション科_放射線科_麻酔科】鹿児島県鹿児島市小松原２丁目１０番１９号" }, "geometry": { "type": "Point", "coordinates": [ 130.52702, 31.5288 ] } },
{ "type": "Feature", "properties": { "ID": 46220327, "正式名称": "かわはら脳神経外科クリニック", "機関区分": 2, "都道府県コード": 46, "市区町村コード": 201, "所在地": "鹿児島県鹿児島市和田１丁目１７番", "緯度": 31.511645, "経度": 130.512967, "url": "https://www.iryou.teikyouseido.mhlw.go.jp/znk-web/juminkanja/S2430/initialize?prefCd=46&kikanCd=20327&kikanKbn=2", "url2": "https://www.kawaharans.com/", "内容": "かわはら脳神経外科クリニック【2:診療所】【診療科目:神経内科_脳神経外科_リハビリテーション科】鹿児島県鹿児島市和田１丁目１７番" }, "geometry": { "type": "Point", "coordinates": [ 130.512967, 31.511645 ] } },
{ "type": "Feature", "properties": { "ID": 46220330, "正式名称": "じげんじ久保クリニック", "機関区分": 2, "都道府県コード": 46, "市区町村コード": 201, "所在地": "鹿児島県鹿児島市谷山中央六丁目１７番３０号", "緯度": 31.516142, "経度": 130.507006, "url": "https://www.iryou.teikyouseido.mhlw.go.jp/znk-web/juminkanja/S2430/initialize?prefCd=46&kikanCd=20330&kikanKbn=2", "url2": "http://www.ee-hospital.net/kubo/", "内容": "じげんじ久保クリニック【2:診療所】【診療科目:内科_泌尿器科】鹿児島県鹿児島市谷山中央六丁目１７番３０号" }, "geometry": { "type": "Point", "coordinates": [ 130.507006, 31.516142 ] } },
{ "type": "Feature", "properties": { "ID": 46220334, "正式名称": "児玉整形外科クリニック", "機関区分": 2, "都道府県コード": 46, "市区町村コード": 201, "所在地": "鹿児島県鹿児島市谷山中央１丁目５００２番地", "緯度": 31.523297, "経度": 130.51585, "url": "https://www.iryou.teikyouseido.mhlw.go.jp/znk-web/juminkanja/S2430/initialize?prefCd=46&kikanCd=20334&kikanKbn=2", "url2": "http://www.kodamaseikeigekaclinic.com", "内容": "児玉整形外科クリニック【2:診療所】【診療科目:ペインクリニック内科_整形外科_リウマチ科_リハビリテーション科_麻酔科】鹿児島県鹿児島市谷山中央１丁目５００２番地" }, "geometry": { "type": "Point", "coordinates": [ 130.51585, 31.523297 ] } },
{ "type": "Feature", "properties": { "ID": 46220335, "正式名称": "医療法人明倫会最勝寺内科", "機関区分": 2, "都道府県コード": 46, "市区町村コード": 201, "所在地": "鹿児島県鹿児島市星ケ峯２丁目２６番１号", "緯度": 31.577122, "経度": 130.495072, "url": "https://www.iryou.teikyouseido.mhlw.go.jp/znk-web/juminkanja/S2430/initialize?prefCd=46&kikanCd=20335&kikanKbn=2", "url2": null, "内容": "医療法人明倫会最勝寺内科【2:診療所】【診療科目:内科_呼吸器内科_循環器内科_胃腸内科】鹿児島県鹿児島市星ケ峯２丁目２６番１号" }, "geometry": { "type": "Point", "coordinates": [ 130.495072, 31.577122 ] } },
{ "type": "Feature", "properties": { "ID": 46220337, "正式名称": "桜ケ丘内科胃腸科", "機関区分": 2, "都道府県コード": 46, "市区町村コード": 201, "所在地": "鹿児島県鹿児島市桜ケ丘４丁目１番地９", "緯度": 31.550469, "経度": 130.517637, "url": "https://www.iryou.teikyouseido.mhlw.go.jp/znk-web/juminkanja/S2430/initialize?prefCd=46&kikanCd=20337&kikanKbn=2", "url2": "http://sakuragaoka.webmedipr.jp/", "内容": "桜ケ丘内科胃腸科【2:診療所】【診療科目:内科_呼吸器内科_循環器内科_消化器内科_胃腸内科_小児科】鹿児島県鹿児島市桜ケ丘４丁目１番地９" }, "geometry": { "type": "Point", "coordinates": [ 130.517637, 31.550469 ] } },
{ "type": "Feature", "properties": { "ID": 46220340, "正式名称": "鮫島クリニック", "機関区分": 2, "都道府県コード": 46, "市区町村コード": 201, "所在地": "鹿児島県鹿児島市和田１丁目３０番１４号", "緯度": 31.512773, "経度": 130.510631, "url": "https://www.iryou.teikyouseido.mhlw.go.jp/znk-web/juminkanja/S2430/initialize?prefCd=46&kikanCd=20340&kikanKbn=2", "url2": null, "内容": "鮫島クリニック【2:診療所】【診療科目:内科_小児科_耳鼻いんこう科】鹿児島県鹿児島市和田１丁目３０番１４号" }, "geometry": { "type": "Point", "coordinates": [ 130.510631, 31.512773 ] } },
{ "type": "Feature", "properties": { "ID": 46220349, "正式名称": "医療法人奏和会菅田眼科クリニック", "機関区分": 2, "都道府県コード": 46, "市区町村コード": 201, "所在地": "鹿児島県鹿児島市清和４丁目５番３３号", "緯度": 31.530686, "経度": 130.514256, "url": "https://www.iryou.teikyouseido.mhlw.go.jp/znk-web/juminkanja/S2430/initialize?prefCd=46&kikanCd=20349&kikanKbn=2", "url2": "http://sugata-eye.com", "内容": "医療法人奏和会菅田眼科クリニック【2:診療所】【診療科目:眼科】鹿児島県鹿児島市清和４丁目５番３３号" }, "geometry": { "type": "Point", "coordinates": [ 130.514256, 31.530686 ] } },
{ "type": "Feature", "properties": { "ID": 46220354, "正式名称": "竹之内内科クリニック", "機関区分": 2, "都道府県コード": 46, "市区町村コード": 201, "所在地": "鹿児島県鹿児島市星ケ峯１丁目２９番５号", "緯度": 31.572071, "経度": 130.503241, "url": "https://www.iryou.teikyouseido.mhlw.go.jp/znk-web/juminkanja/S2430/initialize?prefCd=46&kikanCd=20354&kikanKbn=2", "url2": "http://www.hospitown.net/takenouchi/", "内容": "竹之内内科クリニック【2:診療所】【診療科目:内科_呼吸器内科_循環器内科_消化器内科_小児科】鹿児島県鹿児島市星ケ峯１丁目２９番５号" }, "geometry": { "type": "Point", "coordinates": [ 130.503241, 31.572071 ] } },
{ "type": "Feature", "properties": { "ID": 46220356, "正式名称": "谷山生協クリニック", "機関区分": 2, "都道府県コード": 46, "市区町村コード": 201, "所在地": "鹿児島県鹿児島市谷山中央５丁目２１－２２", "緯度": 31.517339, "経度": 130.513444, "url": "https://www.iryou.teikyouseido.mhlw.go.jp/znk-web/juminkanja/S2430/initialize?prefCd=46&kikanCd=20356&kikanKbn=2", "url2": "http://taniyama-seikyo.jp/", "内容": "谷山生協クリニック【2:診療所】【診療科目:内科_呼吸器内科_循環器内科_消化器内科_外科_肛門外科_小児科_歯科_小児歯科】鹿児島県鹿児島市谷山中央５丁目２１－２２" }, "geometry": { "type": "Point", "coordinates": [ 130.513444, 31.517339 ] } },
{ "type": "Feature", "properties": { "ID": 46220358, "正式名称": "放射線科田之畑クリニック", "機関区分": 2, "都道府県コード": 46, "市区町村コード": 201, "所在地": "鹿児島県鹿児島市東開町４－５８", "緯度": 31.532802, "経度": 130.532048, "url": "https://www.iryou.teikyouseido.mhlw.go.jp/znk-web/juminkanja/S2430/initialize?prefCd=46&kikanCd=20358&kikanKbn=2", "url2": "https://tanohata.jp/", "内容": "放射線科田之畑クリニック【2:診療所】【診療科目:呼吸器内科_消化器内科_放射線科】鹿児島県鹿児島市東開町４－５８" }, "geometry": { "type": "Point", "coordinates": [ 130.532048, 31.532802 ] } },
{ "type": "Feature", "properties": { "ID": 46220360, "正式名称": "中山生協クリニック", "機関区分": 2, "都道府県コード": 46, "市区町村コード": 201, "所在地": "鹿児島県鹿児島市山田町", "緯度": 31.557514, "経度": 130.50358, "url": "https://www.iryou.teikyouseido.mhlw.go.jp/znk-web/juminkanja/S2430/initialize?prefCd=46&kikanCd=20360&kikanKbn=2", "url2": "http://www.chuzan-seikyo.jp/", "内容": "中山生協クリニック【2:診療所】【診療科目:内科_小児科】鹿児島県鹿児島市山田町" }, "geometry": { "type": "Point", "coordinates": [ 130.50358, 31.557514 ] } },
{ "type": "Feature", "properties": { "ID": 46220361, "正式名称": "医療法人中山整形外科　ちゅうざん整形外科・内科・胃腸内科", "機関区分": 2, "都道府県コード": 46, "市区町村コード": 201, "所在地": "鹿児島県鹿児島市中山町", "緯度": 31.536822, "経度": 130.499671, "url": "https://www.iryou.teikyouseido.mhlw.go.jp/znk-web/juminkanja/S2430/initialize?prefCd=46&kikanCd=20361&kikanKbn=2", "url2": "https://chuzan-hp.jp/", "内容": "医療法人中山整形外科　ちゅうざん整形外科・内科・胃腸内科【2:診療所】【診療科目:内科_胃腸内科_整形外科_リウマチ科_リハビリテーション科_麻酔科】鹿児島県鹿児島市中山町" }, "geometry": { "type": "Point", "coordinates": [ 130.499671, 31.536822 ] } },
{ "type": "Feature", "properties": { "ID": 46220364, "正式名称": "医療法人徳洲会中山クリニック", "機関区分": 2, "都道府県コード": 46, "市区町村コード": 201, "所在地": "鹿児島県鹿児島市中山町２２６４", "緯度": 31.544912, "経度": 130.503395, "url": "https://www.iryou.teikyouseido.mhlw.go.jp/znk-web/juminkanja/S2430/initialize?prefCd=46&kikanCd=20364&kikanKbn=2", "url2": null, "内容": "医療法人徳洲会中山クリニック【2:診療所】【診療科目:内科_外科_泌尿器科_リハビリテーション科_放射線科】鹿児島県鹿児島市中山町２２６４" }, "geometry": { "type": "Point", "coordinates": [ 130.503395, 31.544912 ] } },
{ "type": "Feature", "properties": { "ID": 46220365, "正式名称": "つみのり内科クリニック", "機関区分": 2, "都道府県コード": 46, "市区町村コード": 201, "所在地": "鹿児島県鹿児島市中山町５１５７番地", "緯度": 31.53721, "経度": 130.500346, "url": "https://www.iryou.teikyouseido.mhlw.go.jp/znk-web/juminkanja/S2430/initialize?prefCd=46&kikanCd=20365&kikanKbn=2", "url2": "http://www.tsuminori.jp/", "内容": "つみのり内科クリニック【2:診療所】【診療科目:内科_循環器内科】鹿児島県鹿児島市中山町５１５７番地" }, "geometry": { "type": "Point", "coordinates": [ 130.500346, 31.53721 ] } },
{ "type": "Feature", "properties": { "ID": 46220371, "正式名称": "中尾内科胃腸内科", "機関区分": 2, "都道府県コード": 46, "市区町村コード": 201, "所在地": "鹿児島県鹿児島市皇徳寺台", "緯度": 31.564166, "経度": 130.489192, "url": "https://www.iryou.teikyouseido.mhlw.go.jp/znk-web/juminkanja/S2430/initialize?prefCd=46&kikanCd=20371&kikanKbn=2", "url2": "nakao-hp.com", "内容": "中尾内科胃腸内科【2:診療所】【診療科目:内科_呼吸器内科_循環器内科_消化器内科_胃腸内科_小児科】鹿児島県鹿児島市皇徳寺台" }, "geometry": { "type": "Point", "coordinates": [ 130.489192, 31.564166 ] } },
{ "type": "Feature", "properties": { "ID": 46220373, "正式名称": "中野脳神経外科", "機関区分": 2, "都道府県コード": 46, "市区町村コード": 201, "所在地": "鹿児島県鹿児島市東開町３番地１６３", "緯度": 31.530638, "経度": 130.531965, "url": "https://www.iryou.teikyouseido.mhlw.go.jp/znk-web/juminkanja/S2430/initialize?prefCd=46&kikanCd=20373&kikanKbn=2", "url2": "http://www.nakano.ecnet.jp/access/", "内容": "中野脳神経外科【2:診療所】【診療科目:脳神経外科_リハビリテーション科】鹿児島県鹿児島市東開町３番地１６３" }, "geometry": { "type": "Point", "coordinates": [ 130.531965, 31.530638 ] } },
{ "type": "Feature", "properties": { "ID": 46220377, "正式名称": "にのみや小児科・ひふ科", "機関区分": 2, "都道府県コード": 46, "市区町村コード": 201, "所在地": "鹿児島県鹿児島市中山１－１３－２１", "緯度": 31.547556, "経度": 130.5111, "url": "https://www.iryou.teikyouseido.mhlw.go.jp/znk-web/juminkanja/S2430/initialize?prefCd=46&kikanCd=20377&kikanKbn=2", "url2": "http://2-38.net/index.html", "内容": "にのみや小児科・ひふ科【2:診療所】【診療科目:小児科_皮膚科】鹿児島県鹿児島市中山１－１３－２１" }, "geometry": { "type": "Point", "coordinates": [ 130.5111, 31.547556 ] } },
{ "type": "Feature", "properties": { "ID": 46220380, "正式名称": "橋口整形外科", "機関区分": 2, "都道府県コード": 46, "市区町村コード": 201, "所在地": "鹿児島県鹿児島市小松原１丁目４１番３号", "緯度": 31.534315, "経度": 130.531484, "url": "https://www.iryou.teikyouseido.mhlw.go.jp/znk-web/juminkanja/S2430/initialize?prefCd=46&kikanCd=20380&kikanKbn=2", "url2": "https://hashi-seikei.jp", "内容": "橋口整形外科【2:診療所】【診療科目:整形外科_リウマチ科_リハビリテーション科】鹿児島県鹿児島市小松原１丁目４１番３号" }, "geometry": { "type": "Point", "coordinates": [ 130.531484, 31.534315 ] } },
{ "type": "Feature", "properties": { "ID": 46220384, "正式名称": "服部内科クリニック", "機関区分": 2, "都道府県コード": 46, "市区町村コード": 201, "所在地": "鹿児島県鹿児島市東谷山５ー２６ー１０", "緯度": 31.530651, "経度": 130.517011, "url": "https://www.iryou.teikyouseido.mhlw.go.jp/znk-web/juminkanja/S2430/initialize?prefCd=46&kikanCd=20384&kikanKbn=2", "url2": null, "内容": "服部内科クリニック【2:診療所】【診療科目:内科_呼吸器内科_胃腸内科】鹿児島県鹿児島市東谷山５ー２６ー１０" }, "geometry": { "type": "Point", "coordinates": [ 130.517011, 31.530651 ] } },
{ "type": "Feature", "properties": { "ID": 46220386, "正式名称": "はっぴー・クリニック", "機関区分": 2, "都道府県コード": 46, "市区町村コード": 201, "所在地": "鹿児島県鹿児島市坂之上４－５－３", "緯度": 31.501212, "経度": 130.505015, "url": "https://www.iryou.teikyouseido.mhlw.go.jp/znk-web/juminkanja/S2430/initialize?prefCd=46&kikanCd=20386&kikanKbn=2", "url2": "http://makotokai-happy.com/", "内容": "はっぴー・クリニック【2:診療所】【診療科目:内科_小児科】鹿児島県鹿児島市坂之上４－５－３" }, "geometry": { "type": "Point", "coordinates": [ 130.505015, 31.501212 ] } },
{ "type": "Feature", "properties": { "ID": 46220392, "正式名称": "古川・石原クリニック", "機関区分": 2, "都道府県コード": 46, "市区町村コード": 201, "所在地": "鹿児島県鹿児島市光山１丁目６－２３", "緯度": 31.493766, "経度": 130.506318, "url": "https://www.iryou.teikyouseido.mhlw.go.jp/znk-web/juminkanja/S2430/initialize?prefCd=46&kikanCd=20392&kikanKbn=2", "url2": null, "内容": "古川・石原クリニック【2:診療所】【診療科目:内科_泌尿器科_リハビリテーション科】鹿児島県鹿児島市光山１丁目６－２３" }, "geometry": { "type": "Point", "coordinates": [ 130.506318, 31.493766 ] } },
{ "type": "Feature", "properties": { "ID": 46220393, "正式名称": "ほかぞのクリニック", "機関区分": 2, "都道府県コード": 46, "市区町村コード": 201, "所在地": "鹿児島県鹿児島市小松原２丁目３５番５号", "緯度": 31.528716, "経度": 130.522649, "url": "https://www.iryou.teikyouseido.mhlw.go.jp/znk-web/juminkanja/S2430/initialize?prefCd=46&kikanCd=20393&kikanKbn=2", "url2": null, "内容": "ほかぞのクリニック【2:診療所】【診療科目:精神科_心療内科】鹿児島県鹿児島市小松原２丁目３５番５号" }, "geometry": { "type": "Point", "coordinates": [ 130.522649, 31.528716 ] } },
{ "type": "Feature", "properties": { "ID": 46220395, "正式名称": "ほりのうち内科", "機関区分": 2, "都道府県コード": 46, "市区町村コード": 201, "所在地": "鹿児島県鹿児島市中山町１３７０番地", "緯度": 31.546342, "経度": 130.50147, "url": "https://www.iryou.teikyouseido.mhlw.go.jp/znk-web/juminkanja/S2430/initialize?prefCd=46&kikanCd=20395&kikanKbn=2", "url2": null, "内容": "ほりのうち内科【2:診療所】【診療科目:内科_循環器内科】鹿児島県鹿児島市中山町１３７０番地" }, "geometry": { "type": "Point", "coordinates": [ 130.50147, 31.546342 ] } },
{ "type": "Feature", "properties": { "ID": 46220401, "正式名称": "溝口内科医院", "機関区分": 2, "都道府県コード": 46, "市区町村コード": 201, "所在地": "鹿児島県鹿児島市山田町", "緯度": 31.55408, "経度": 130.504386, "url": "https://www.iryou.teikyouseido.mhlw.go.jp/znk-web/juminkanja/S2430/initialize?prefCd=46&kikanCd=20401&kikanKbn=2", "url2": "http://mizoguchi-naika.org/", "内容": "溝口内科医院【2:診療所】【診療科目:内科_循環器内科】鹿児島県鹿児島市山田町" }, "geometry": { "type": "Point", "coordinates": [ 130.504386, 31.55408 ] } },
{ "type": "Feature", "properties": { "ID": 46220406, "正式名称": "森園整形外科クリニック", "機関区分": 2, "都道府県コード": 46, "市区町村コード": 201, "所在地": "鹿児島県鹿児島市山田町３３２３－３", "緯度": 31.570494, "経度": 130.495831, "url": "https://www.iryou.teikyouseido.mhlw.go.jp/znk-web/juminkanja/S2430/initialize?prefCd=46&kikanCd=20406&kikanKbn=2", "url2": null, "内容": "森園整形外科クリニック【2:診療所】【診療科目:整形外科】鹿児島県鹿児島市山田町３３２３－３" }, "geometry": { "type": "Point", "coordinates": [ 130.495831, 31.570494 ] } },
{ "type": "Feature", "properties": { "ID": 46220407, "正式名称": "八木クリニック", "機関区分": 2, "都道府県コード": 46, "市区町村コード": 201, "所在地": "鹿児島県鹿児島市中山町２１２８番地１", "緯度": 31.542989, "経度": 130.505071, "url": "https://www.iryou.teikyouseido.mhlw.go.jp/znk-web/juminkanja/S2430/initialize?prefCd=46&kikanCd=20407&kikanKbn=2", "url2": null, "内容": "八木クリニック【2:診療所】【診療科目:内科_性感染症内科_腎臓内科_人工透析内科_血管外科_小児泌尿器科_泌尿器科_男性泌尿器科_神経泌尿器科_腎臓・泌尿器科_泌尿器科，内科】鹿児島県鹿児島市中山町２１２８番地１" }, "geometry": { "type": "Point", "coordinates": [ 130.505071, 31.542989 ] } },
{ "type": "Feature", "properties": { "ID": 46220410, "正式名称": "油木田整形外科クリニック", "機関区分": 2, "都道府県コード": 46, "市区町村コード": 201, "所在地": "鹿児島県鹿児島市東谷山六丁目４３番２５号", "緯度": 31.534803, "経度": 130.520486, "url": "https://www.iryou.teikyouseido.mhlw.go.jp/znk-web/juminkanja/S2430/initialize?prefCd=46&kikanCd=20410&kikanKbn=2", "url2": null, "内容": "油木田整形外科クリニック【2:診療所】【診療科目:整形外科_リウマチ科_リハビリテーション科】鹿児島県鹿児島市東谷山六丁目４３番２５号" }, "geometry": { "type": "Point", "coordinates": [ 130.520486, 31.534803 ] } },
{ "type": "Feature", "properties": { "ID": 46220412, "正式名称": "四本クリニック", "機関区分": 2, "都道府県コード": 46, "市区町村コード": 201, "所在地": "鹿児島県鹿児島市坂之上６丁目６番６号", "緯度": 31.49433, "経度": 130.50326, "url": "https://www.iryou.teikyouseido.mhlw.go.jp/znk-web/juminkanja/S2430/initialize?prefCd=46&kikanCd=20412&kikanKbn=2", "url2": null, "内容": "四本クリニック【2:診療所】【診療科目:内科_消化器内科_外科】鹿児島県鹿児島市坂之上６丁目６番６号" }, "geometry": { "type": "Point", "coordinates": [ 130.50326, 31.49433 ] } },
{ "type": "Feature", "properties": { "ID": 46220414, "正式名称": "レディースクリニックあいいく", "機関区分": 2, "都道府県コード": 46, "市区町村コード": 201, "所在地": "鹿児島県鹿児島市小松原１丁目４０番２号", "緯度": 31.534035, "経度": 130.531239, "url": "https://www.iryou.teikyouseido.mhlw.go.jp/znk-web/juminkanja/S2430/initialize?prefCd=46&kikanCd=20414&kikanKbn=2", "url2": "https://aiiku-clinic.jp", "内容": "レディースクリニックあいいく【2:診療所】【診療科目:婦人科】鹿児島県鹿児島市小松原１丁目４０番２号" }, "geometry": { "type": "Point", "coordinates": [ 130.531239, 31.534035 ] } },
{ "type": "Feature", "properties": { "ID": 46220415, "正式名称": "わきだ整形外科", "機関区分": 2, "都道府県コード": 46, "市区町村コード": 201, "所在地": "鹿児島県鹿児島市東谷山３−３３−７", "緯度": 31.529646, "経度": 130.51711, "url": "https://www.iryou.teikyouseido.mhlw.go.jp/znk-web/juminkanja/S2430/initialize?prefCd=46&kikanCd=20415&kikanKbn=2", "url2": "http://wakida.org", "内容": "わきだ整形外科【2:診療所】【診療科目:整形外科_リウマチ科_リハビリテーション科】鹿児島県鹿児島市東谷山３−３３−７" }, "geometry": { "type": "Point", "coordinates": [ 130.51711, 31.529646 ] } },
{ "type": "Feature", "properties": { "ID": 46220417, "正式名称": "アリーナサイド牧医院", "機関区分": 2, "都道府県コード": 46, "市区町村コード": 201, "所在地": "鹿児島県鹿児島市永吉２丁目１１番１号", "緯度": 31.602722, "経度": 130.536059, "url": "https://www.iryou.teikyouseido.mhlw.go.jp/znk-web/juminkanja/S2430/initialize?prefCd=46&kikanCd=20417&kikanKbn=2", "url2": null, "内容": "アリーナサイド牧医院【2:診療所】【診療科目:内科_糖尿病・内分泌内科_呼吸器内科_循環器内科_消化器内科_外科】鹿児島県鹿児島市永吉２丁目１１番１号" }, "geometry": { "type": "Point", "coordinates": [ 130.536059, 31.602722 ] } },
{ "type": "Feature", "properties": { "ID": 46220419, "正式名称": "いいだクリニック", "機関区分": 2, "都道府県コード": 46, "市区町村コード": 201, "所在地": "鹿児島県鹿児島市草牟田２丁目１７番３号", "緯度": 31.602913, "経度": 130.538595, "url": "https://www.iryou.teikyouseido.mhlw.go.jp/znk-web/juminkanja/S2430/initialize?prefCd=46&kikanCd=20419&kikanKbn=2", "url2": "https://www.iida-cl.com/gaiyo.html", "内容": "いいだクリニック【2:診療所】【診療科目:内科_呼吸器内科_消化器内科_胃腸内科_リハビリテーション科_放射線科】鹿児島県鹿児島市草牟田２丁目１７番３号" }, "geometry": { "type": "Point", "coordinates": [ 130.538595, 31.602913 ] } },
{ "type": "Feature", "properties": { "ID": 46220421, "正式名称": "伊敷台内科", "機関区分": 2, "都道府県コード": 46, "市区町村コード": 201, "所在地": "鹿児島県鹿児島市伊敷台４丁目７番１７号", "緯度": 31.628703, "経度": 130.53641, "url": "https://www.iryou.teikyouseido.mhlw.go.jp/znk-web/juminkanja/S2430/initialize?prefCd=46&kikanCd=20421&kikanKbn=2", "url2": null, "内容": "伊敷台内科【2:診療所】【診療科目:内科_腎臓内科_小児科】鹿児島県鹿児島市伊敷台４丁目７番１７号" }, "geometry": { "type": "Point", "coordinates": [ 130.53641, 31.628703 ] } },
{ "type": "Feature", "properties": { "ID": 46220426, "正式名称": "岩下クリニック", "機関区分": 2, "都道府県コード": 46, "市区町村コード": 201, "所在地": "鹿児島県鹿児島市城西三丁目５番５号", "緯度": 31.596322, "経度": 130.535314, "url": "https://www.iryou.teikyouseido.mhlw.go.jp/znk-web/juminkanja/S2430/initialize?prefCd=46&kikanCd=20426&kikanKbn=2", "url2": null, "内容": "岩下クリニック【2:診療所】【診療科目:内科】鹿児島県鹿児島市城西三丁目５番５号" }, "geometry": { "type": "Point", "coordinates": [ 130.535314, 31.596322 ] } },
{ "type": "Feature", "properties": { "ID": 46220428, "正式名称": "うのき眼科", "機関区分": 2, "都道府県コード": 46, "市区町村コード": 201, "所在地": "鹿児島県鹿児島市原良一丁目７番１５号", "緯度": 31.597828, "経度": 130.53652, "url": "https://www.iryou.teikyouseido.mhlw.go.jp/znk-web/juminkanja/S2430/initialize?prefCd=46&kikanCd=20428&kikanKbn=2", "url2": null, "内容": "うのき眼科【2:診療所】【診療科目:眼科】鹿児島県鹿児島市原良一丁目７番１５号" }, "geometry": { "type": "Point", "coordinates": [ 130.53652, 31.597828 ] } },
{ "type": "Feature", "properties": { "ID": 46220430, "正式名称": "小田代内科", "機関区分": 2, "都道府県コード": 46, "市区町村コード": 201, "所在地": "鹿児島県鹿児島市明和１－３０－１", "緯度": 31.603403, "経度": 130.527356, "url": "https://www.iryou.teikyouseido.mhlw.go.jp/znk-web/juminkanja/S2430/initialize?prefCd=46&kikanCd=20430&kikanKbn=2", "url2": null, "内容": "小田代内科【2:診療所】【診療科目:内科_消化器内科_小児科】鹿児島県鹿児島市明和１－３０－１" }, "geometry": { "type": "Point", "coordinates": [ 130.527356, 31.603403 ] } },
{ "type": "Feature", "properties": { "ID": 46220432, "正式名称": "海江田外科", "機関区分": 2, "都道府県コード": 46, "市区町村コード": 201, "所在地": "鹿児島県鹿児島市伊敷５丁目１８番２号", "緯度": 31.627061, "経度": 130.526519, "url": "https://www.iryou.teikyouseido.mhlw.go.jp/znk-web/juminkanja/S2430/initialize?prefCd=46&kikanCd=20432&kikanKbn=2", "url2": null, "内容": "海江田外科【2:診療所】【診療科目:胃腸内科_外科_消化器外科】鹿児島県鹿児島市伊敷５丁目１８番２号" }, "geometry": { "type": "Point", "coordinates": [ 130.526519, 31.627061 ] } },
{ "type": "Feature", "properties": { "ID": 46220434, "正式名称": "上片平産婦人科・内科", "機関区分": 2, "都道府県コード": 46, "市区町村コード": 201, "所在地": "鹿児島県鹿児島市伊敷７ー８ー１５", "緯度": 31.627943, "経度": 130.523715, "url": "https://www.iryou.teikyouseido.mhlw.go.jp/znk-web/juminkanja/S2430/initialize?prefCd=46&kikanCd=20434&kikanKbn=2", "url2": "http://kamikatahira-lc.webmedipr.jp/", "内容": "上片平産婦人科・内科【2:診療所】【診療科目:内科_産婦人科】鹿児島県鹿児島市伊敷７ー８ー１５" }, "geometry": { "type": "Point", "coordinates": [ 130.523715, 31.627943 ] } },
{ "type": "Feature", "properties": { "ID": 46220435, "正式名称": "医療法人苳苳の会　亀井メンタルクリニック", "機関区分": 2, "都道府県コード": 46, "市区町村コード": 201, "所在地": "鹿児島県鹿児島市西田２丁目２８番１３号ノーサイドヒルズ２階", "緯度": 31.585632, "経度": 130.541717, "url": "https://www.iryou.teikyouseido.mhlw.go.jp/znk-web/juminkanja/S2430/initialize?prefCd=46&kikanCd=20435&kikanKbn=2", "url2": "http://www.myclinic.ne.jp/kamei_clinic/", "内容": "医療法人苳苳の会　亀井メンタルクリニック【2:診療所】【診療科目:精神科_心療内科_老年精神科】鹿児島県鹿児島市西田２丁目２８番１３号ノーサイドヒルズ２階" }, "geometry": { "type": "Point", "coordinates": [ 130.541717, 31.585632 ] } },
{ "type": "Feature", "properties": { "ID": 46220437, "正式名称": "きくうら小児科", "機関区分": 2, "都道府県コード": 46, "市区町村コード": 201, "所在地": "鹿児島県鹿児島市原良", "緯度": 31.5948, "経度": 130.534133, "url": "https://www.iryou.teikyouseido.mhlw.go.jp/znk-web/juminkanja/S2430/initialize?prefCd=46&kikanCd=20437&kikanKbn=2", "url2": null, "内容": "きくうら小児科【2:診療所】【診療科目:小児科】鹿児島県鹿児島市原良" }, "geometry": { "type": "Point", "coordinates": [ 130.534133, 31.5948 ] } },
{ "type": "Feature", "properties": { "ID": 46220439, "正式名称": "医療法人　栄光会　久米田内科循環器内科", "機関区分": 2, "都道府県コード": 46, "市区町村コード": 201, "所在地": "鹿児島県鹿児島市草牟田２丁目２４－１", "緯度": 31.604966, "経度": 130.53936, "url": "https://www.iryou.teikyouseido.mhlw.go.jp/znk-web/juminkanja/S2430/initialize?prefCd=46&kikanCd=20439&kikanKbn=2", "url2": null, "内容": "医療法人　栄光会　久米田内科循環器内科【2:診療所】【診療科目:内科_循環器内科】鹿児島県鹿児島市草牟田２丁目２４－１" }, "geometry": { "type": "Point", "coordinates": [ 130.53936, 31.604966 ] } },
{ "type": "Feature", "properties": { "ID": 46220440, "正式名称": "医療法人甲清会桑畑整形外科クリニック", "機関区分": 2, "都道府県コード": 46, "市区町村コード": 201, "所在地": "鹿児島県鹿児島市伊敷", "緯度": 31.625925, "経度": 130.524689, "url": "https://www.iryou.teikyouseido.mhlw.go.jp/znk-web/juminkanja/S2430/initialize?prefCd=46&kikanCd=20440&kikanKbn=2", "url2": null, "内容": "医療法人甲清会桑畑整形外科クリニック【2:診療所】【診療科目:整形外科_眼科_泌尿器科_リウマチ科_リハビリテーション科】鹿児島県鹿児島市伊敷" }, "geometry": { "type": "Point", "coordinates": [ 130.524689, 31.625925 ] } },
{ "type": "Feature", "properties": { "ID": 46220444, "正式名称": "こしのクリニック", "機関区分": 2, "都道府県コード": 46, "市区町村コード": 201, "所在地": "鹿児島県鹿児島市城西", "緯度": 31.593709, "経度": 130.542182, "url": "https://www.iryou.teikyouseido.mhlw.go.jp/znk-web/juminkanja/S2430/initialize?prefCd=46&kikanCd=20444&kikanKbn=2", "url2": "http://www.taihoukai.jp/koshino/index.html", "内容": "こしのクリニック【2:診療所】【診療科目:内科_消化器内科_外科_肛門外科】鹿児島県鹿児島市城西" }, "geometry": { "type": "Point", "coordinates": [ 130.542182, 31.593709 ] } },
{ "type": "Feature", "properties": { "ID": 46220447, "正式名称": "医療法人　キ・リ・ン会　坂下内科くリニック", "機関区分": 2, "都道府県コード": 46, "市区町村コード": 201, "所在地": "鹿児島県鹿児島市西伊敷３丁目２０番１５号", "緯度": 31.642096, "経度": 130.529704, "url": "https://www.iryou.teikyouseido.mhlw.go.jp/znk-web/juminkanja/S2430/initialize?prefCd=46&kikanCd=20447&kikanKbn=2", "url2": null, "内容": "医療法人　キ・リ・ン会　坂下内科くリニック【2:診療所】【診療科目:内科_消化器内科】鹿児島県鹿児島市西伊敷３丁目２０番１５号" }, "geometry": { "type": "Point", "coordinates": [ 130.529704, 31.642096 ] } },
{ "type": "Feature", "properties": { "ID": 46220456, "正式名称": "医療法人悠美会　竹元クリニック", "機関区分": 2, "都道府県コード": 46, "市区町村コード": 201, "所在地": "鹿児島県鹿児島市伊敷台２丁目１７番２０号", "緯度": 31.625806, "経度": 130.535498, "url": "https://www.iryou.teikyouseido.mhlw.go.jp/znk-web/juminkanja/S2430/initialize?prefCd=46&kikanCd=20456&kikanKbn=2", "url2": "www.takemoto-clinic.com", "内容": "医療法人悠美会　竹元クリニック【2:診療所】【診療科目:皮膚科_泌尿器科】鹿児島県鹿児島市伊敷台２丁目１７番２０号" }, "geometry": { "type": "Point", "coordinates": [ 130.535498, 31.625806 ] } },
{ "type": "Feature", "properties": { "ID": 46220459, "正式名称": "堂園クリニック", "機関区分": 2, "都道府県コード": 46, "市区町村コード": 201, "所在地": "鹿児島県鹿児島市下伊敷一丁目７番６号", "緯度": 31.609049, "経度": 130.535206, "url": "https://www.iryou.teikyouseido.mhlw.go.jp/znk-web/juminkanja/S2430/initialize?prefCd=46&kikanCd=20459&kikanKbn=2", "url2": "https://www.facebook.com/dozonoclinic/", "内容": "堂園クリニック【2:診療所】【診療科目:産婦人科_麻酔科】鹿児島県鹿児島市下伊敷一丁目７番６号" }, "geometry": { "type": "Point", "coordinates": [ 130.535206, 31.609049 ] } },
{ "type": "Feature", "properties": { "ID": 46220461, "正式名称": "医療法人青雪会冨永内科", "機関区分": 2, "都道府県コード": 46, "市区町村コード": 201, "所在地": "鹿児島県鹿児島市西伊敷４－７－４", "緯度": 31.640477, "経度": 130.532605, "url": "https://www.iryou.teikyouseido.mhlw.go.jp/znk-web/juminkanja/S2430/initialize?prefCd=46&kikanCd=20461&kikanKbn=2", "url2": null, "内容": "医療法人青雪会冨永内科【2:診療所】【診療科目:内科_循環器内科_胃腸内科_神経内科_小児科】鹿児島県鹿児島市西伊敷４－７－４" }, "geometry": { "type": "Point", "coordinates": [ 130.532605, 31.640477 ] } },
{ "type": "Feature", "properties": { "ID": 46220463, "正式名称": "医療法人愛樹会外山内科クリニック", "機関区分": 2, "都道府県コード": 46, "市区町村コード": 201, "所在地": "鹿児島県鹿児島市伊敷５丁目１９－２５", "緯度": 31.626342, "経度": 130.527106, "url": "https://www.iryou.teikyouseido.mhlw.go.jp/znk-web/juminkanja/S2430/initialize?prefCd=46&kikanCd=20463&kikanKbn=2", "url2": "http://www.kagoshima-med.jp/toyama/", "内容": "医療法人愛樹会外山内科クリニック【2:診療所】【診療科目:内科_循環器内科_腎臓内科_人工透析内科_麻酔科】鹿児島県鹿児島市伊敷５丁目１９－２５" }, "geometry": { "type": "Point", "coordinates": [ 130.527106, 31.626342 ] } },
{ "type": "Feature", "properties": { "ID": 46220477, "正式名称": "藤田眼科", "機関区分": 2, "都道府県コード": 46, "市区町村コード": 201, "所在地": "鹿児島県鹿児島市小野２―１―１", "緯度": 31.613279, "経度": 130.528292, "url": "https://www.iryou.teikyouseido.mhlw.go.jp/znk-web/juminkanja/S2430/initialize?prefCd=46&kikanCd=20477&kikanKbn=2", "url2": "www.fujitaganka.com/", "内容": "藤田眼科【2:診療所】【診療科目:眼科】鹿児島県鹿児島市小野２―１―１" }, "geometry": { "type": "Point", "coordinates": [ 130.528292, 31.613279 ] } },
{ "type": "Feature", "properties": { "ID": 46220479, "正式名称": "ますみクリニック", "機関区分": 2, "都道府県コード": 46, "市区町村コード": 201, "所在地": "鹿児島県鹿児島市明和一丁目２６番７号", "緯度": 31.602717, "経度": 130.522149, "url": "https://www.iryou.teikyouseido.mhlw.go.jp/znk-web/juminkanja/S2430/initialize?prefCd=46&kikanCd=20479&kikanKbn=2", "url2": "https://masumi-cl.or.jp/", "内容": "ますみクリニック【2:診療所】【診療科目:内科】鹿児島県鹿児島市明和一丁目２６番７号" }, "geometry": { "type": "Point", "coordinates": [ 130.522149, 31.602717 ] } },
{ "type": "Feature", "properties": { "ID": 46220480, "正式名称": "まつなが耳鼻咽喉科", "機関区分": 2, "都道府県コード": 46, "市区町村コード": 201, "所在地": "鹿児島県鹿児島市伊敷６－１７－２０", "緯度": 31.623037, "経度": 130.523653, "url": "https://www.iryou.teikyouseido.mhlw.go.jp/znk-web/juminkanja/S2430/initialize?prefCd=46&kikanCd=20480&kikanKbn=2", "url2": "http://web.clinicn.jp/matujibi", "内容": "まつなが耳鼻咽喉科【2:診療所】【診療科目:耳鼻いんこう科_アレルギー科】鹿児島県鹿児島市伊敷６－１７－２０" }, "geometry": { "type": "Point", "coordinates": [ 130.523653, 31.623037 ] } },
{ "type": "Feature", "properties": { "ID": 46220487, "正式名称": "耳鼻咽喉科村野クリニック", "機関区分": 2, "都道府県コード": 46, "市区町村コード": 201, "所在地": "鹿児島県鹿児島市伊敷３丁目５番１６号", "緯度": 31.622597, "経度": 130.528442, "url": "https://www.iryou.teikyouseido.mhlw.go.jp/znk-web/juminkanja/S2430/initialize?prefCd=46&kikanCd=20487&kikanKbn=2", "url2": null, "内容": "耳鼻咽喉科村野クリニック【2:診療所】【診療科目:小児科_耳鼻いんこう科_アレルギー科】鹿児島県鹿児島市伊敷３丁目５番１６号" }, "geometry": { "type": "Point", "coordinates": [ 130.528442, 31.622597 ] } },
{ "type": "Feature", "properties": { "ID": 46220488, "正式名称": "村山内科循環器科", "機関区分": 2, "都道府県コード": 46, "市区町村コード": 201, "所在地": "鹿児島県鹿児島市城西２丁目６番７号", "緯度": 31.594684, "経度": 130.537973, "url": "https://www.iryou.teikyouseido.mhlw.go.jp/znk-web/juminkanja/S2430/initialize?prefCd=46&kikanCd=20488&kikanKbn=2", "url2": null, "内容": "村山内科循環器科【2:診療所】【診療科目:内科_循環器内科】鹿児島県鹿児島市城西２丁目６番７号" }, "geometry": { "type": "Point", "coordinates": [ 130.537973, 31.594684 ] } },
{ "type": "Feature", "properties": { "ID": 46220494, "正式名称": "うえはらクリニック", "機関区分": 2, "都道府県コード": 46, "市区町村コード": 201, "所在地": "鹿児島県鹿児島市本名町１０７１－１", "緯度": 31.68264, "経度": 130.555629, "url": "https://www.iryou.teikyouseido.mhlw.go.jp/znk-web/juminkanja/S2430/initialize?prefCd=46&kikanCd=20494&kikanKbn=2", "url2": null, "内容": "うえはらクリニック【2:診療所】【診療科目:内科_循環器内科_外科_消化器外科_肛門外科】鹿児島県鹿児島市本名町１０７１－１" }, "geometry": { "type": "Point", "coordinates": [ 130.555629, 31.68264 ] } },
{ "type": "Feature", "properties": { "ID": 46220500, "正式名称": "川田内科クリニック", "機関区分": 2, "都道府県コード": 46, "市区町村コード": 201, "所在地": "鹿児島県鹿児島市上谷口町１００３ー１", "緯度": 31.605449, "経度": 130.436955, "url": "https://www.iryou.teikyouseido.mhlw.go.jp/znk-web/juminkanja/S2430/initialize?prefCd=46&kikanCd=20500&kikanKbn=2", "url2": null, "内容": "川田内科クリニック【2:診療所】【診療科目:内科_消化器内科_小児科】鹿児島県鹿児島市上谷口町１００３ー１" }, "geometry": { "type": "Point", "coordinates": [ 130.436955, 31.605449 ] } },
{ "type": "Feature", "properties": { "ID": 46220504, "正式名称": "整形外科中川クリニック", "機関区分": 2, "都道府県コード": 46, "市区町村コード": 201, "所在地": "鹿児島県鹿児島市石谷町１９２１番地６", "緯度": 31.594547, "経度": 130.465778, "url": "https://www.iryou.teikyouseido.mhlw.go.jp/znk-web/juminkanja/S2430/initialize?prefCd=46&kikanCd=20504&kikanKbn=2", "url2": null, "内容": "整形外科中川クリニック【2:診療所】【診療科目:整形外科_リウマチ科_リハビリテーション科】鹿児島県鹿児島市石谷町１９２１番地６" }, "geometry": { "type": "Point", "coordinates": [ 130.465778, 31.594547 ] } },
{ "type": "Feature", "properties": { "ID": 46220507, "正式名称": "渡辺ファミリークリニック", "機関区分": 2, "都道府県コード": 46, "市区町村コード": 201, "所在地": "鹿児島県鹿児島市松陽台町４３－１", "緯度": 31.581926, "経度": 130.517787, "url": "https://www.iryou.teikyouseido.mhlw.go.jp/znk-web/juminkanja/S2430/initialize?prefCd=46&kikanCd=20507&kikanKbn=2", "url2": "http://www.watafami.net/", "内容": "渡辺ファミリークリニック【2:診療所】【診療科目:内科_外科_小児科】鹿児島県鹿児島市松陽台町４３－１" }, "geometry": { "type": "Point", "coordinates": [ 130.517787, 31.581926 ] } },
{ "type": "Feature", "properties": { "ID": 46220511, "正式名称": "丸山整形外科", "機関区分": 2, "都道府県コード": 46, "市区町村コード": 201, "所在地": "鹿児島県鹿児島市郡山町５０５番地３", "緯度": 31.671031, "経度": 130.475793, "url": "https://www.iryou.teikyouseido.mhlw.go.jp/znk-web/juminkanja/S2430/initialize?prefCd=46&kikanCd=20511&kikanKbn=2", "url2": "https://maruyamaseikeigeka.jp", "内容": "丸山整形外科【2:診療所】【診療科目:整形外科_リウマチ科_リハビリテーション科】鹿児島県鹿児島市郡山町５０５番地３" }, "geometry": { "type": "Point", "coordinates": [ 130.475793, 31.671031 ] } },
{ "type": "Feature", "properties": { "ID": 46220513, "正式名称": "医療法人前畠医院", "機関区分": 2, "都道府県コード": 46, "市区町村コード": 201, "所在地": "鹿児島県鹿児島市郡山町１３０８", "緯度": 31.675866, "経度": 130.475313, "url": "https://www.iryou.teikyouseido.mhlw.go.jp/znk-web/juminkanja/S2430/initialize?prefCd=46&kikanCd=20513&kikanKbn=2", "url2": "https://www.maehata-iin.jp/", "内容": "医療法人前畠医院【2:診療所】【診療科目:内科_消化器内科】鹿児島県鹿児島市郡山町１３０８" }, "geometry": { "type": "Point", "coordinates": [ 130.475313, 31.675866 ] } },
{ "type": "Feature", "properties": { "ID": 46220516, "正式名称": "喜入クリニック", "機関区分": 2, "都道府県コード": 46, "市区町村コード": 201, "所在地": "鹿児島県鹿児島市喜入町６０１６", "緯度": 31.383008, "経度": 130.541778, "url": "https://www.iryou.teikyouseido.mhlw.go.jp/znk-web/juminkanja/S2430/initialize?prefCd=46&kikanCd=20516&kikanKbn=2", "url2": "http://www3.synapse.ne.jp/kiireclinic", "内容": "喜入クリニック【2:診療所】【診療科目:内科_呼吸器内科_循環器内科_消化器内科】鹿児島県鹿児島市喜入町６０１６" }, "geometry": { "type": "Point", "coordinates": [ 130.541778, 31.383008 ] } },
{ "type": "Feature", "properties": { "ID": 46220520, "正式名称": "医療法人徳洲会　生見クリニック", "機関区分": 2, "都道府県コード": 46, "市区町村コード": 201, "所在地": "鹿児島県鹿児島市喜入生見町", "緯度": 31.316983, "経度": 130.567837, "url": "https://www.iryou.teikyouseido.mhlw.go.jp/znk-web/juminkanja/S2430/initialize?prefCd=46&kikanCd=20520&kikanKbn=2", "url2": "http://www.tokushukai.or.jp/hsp/c_nukumi/index.html", "内容": "医療法人徳洲会　生見クリニック【2:診療所】【診療科目:内科_循環器内科_整形外科_リハビリテーション科】鹿児島県鹿児島市喜入生見町" }, "geometry": { "type": "Point", "coordinates": [ 130.567837, 31.316983 ] } },
{ "type": "Feature", "properties": { "ID": 46220521, "正式名称": "きいれ浜田クリニック", "機関区分": 2, "都道府県コード": 46, "市区町村コード": 201, "所在地": "鹿児島県鹿児島市喜入町６９８８－１", "緯度": 31.373849, "経度": 130.540875, "url": "https://www.iryou.teikyouseido.mhlw.go.jp/znk-web/juminkanja/S2430/initialize?prefCd=46&kikanCd=20521&kikanKbn=2", "url2": "https://hamada-gr.jp", "内容": "きいれ浜田クリニック【2:診療所】【診療科目:内科_呼吸器内科_循環器内科_小児科_リハビリテーション科】鹿児島県鹿児島市喜入町６９８８－１" }, "geometry": { "type": "Point", "coordinates": [ 130.540875, 31.373849 ] } },
{ "type": "Feature", "properties": { "ID": 46220522, "正式名称": "福元医院", "機関区分": 2, "都道府県コード": 46, "市区町村コード": 201, "所在地": "鹿児島県鹿児島市喜入瀬々串町", "緯度": 31.420319, "経度": 130.522044, "url": "https://www.iryou.teikyouseido.mhlw.go.jp/znk-web/juminkanja/S2430/initialize?prefCd=46&kikanCd=20522&kikanKbn=2", "url2": null, "内容": "福元医院【2:診療所】【診療科目:内科_外科_小児科_麻酔科】鹿児島県鹿児島市喜入瀬々串町" }, "geometry": { "type": "Point", "coordinates": [ 130.522044, 31.420319 ] } },
{ "type": "Feature", "properties": { "ID": 46220527, "正式名称": "くぼた内科クリニック", "機関区分": 2, "都道府県コード": 46, "市区町村コード": 201, "所在地": "鹿児島県鹿児島市吉野町５３７３番地１８", "緯度": 31.646096, "経度": 130.578363, "url": "https://www.iryou.teikyouseido.mhlw.go.jp/znk-web/juminkanja/S2430/initialize?prefCd=46&kikanCd=20527&kikanKbn=2", "url2": "http://www.kubota-naika.com", "内容": "くぼた内科クリニック【2:診療所】【診療科目:内科_循環器内科】鹿児島県鹿児島市吉野町５３７３番地１８" }, "geometry": { "type": "Point", "coordinates": [ 130.578363, 31.646096 ] } },
{ "type": "Feature", "properties": { "ID": 46220532, "正式名称": "内科・循環器内科きはらハートクリニック", "機関区分": 2, "都道府県コード": 46, "市区町村コード": 201, "所在地": "鹿児島県鹿児島市紫原１－４７－７", "緯度": 31.560035, "経度": 130.539801, "url": "https://www.iryou.teikyouseido.mhlw.go.jp/znk-web/juminkanja/S2430/initialize?prefCd=46&kikanCd=20532&kikanKbn=2", "url2": "http://kihara-heart.net/", "内容": "内科・循環器内科きはらハートクリニック【2:診療所】【診療科目:内科_循環器内科】鹿児島県鹿児島市紫原１－４７－７" }, "geometry": { "type": "Point", "coordinates": [ 130.539801, 31.560035 ] } },
{ "type": "Feature", "properties": { "ID": 46220534, "正式名称": "八重倉医院", "機関区分": 2, "都道府県コード": 46, "市区町村コード": 201, "所在地": "鹿児島県鹿児島市東谷山", "緯度": 31.534258, "経度": 130.528034, "url": "https://www.iryou.teikyouseido.mhlw.go.jp/znk-web/juminkanja/S2430/initialize?prefCd=46&kikanCd=20534&kikanKbn=2", "url2": "https://yaekura.jp", "内容": "八重倉医院【2:診療所】【診療科目:内科_糖尿病・内分泌内科_糖尿病・代謝内科】鹿児島県鹿児島市東谷山" }, "geometry": { "type": "Point", "coordinates": [ 130.528034, 31.534258 ] } },
{ "type": "Feature", "properties": { "ID": 46221001, "正式名称": "青木医院", "機関区分": 2, "都道府県コード": 46, "市区町村コード": 223, "所在地": "鹿児島県南九州市頴娃町別府３１７番地", "緯度": 31.254523, "経度": 130.445727, "url": "https://www.iryou.teikyouseido.mhlw.go.jp/znk-web/juminkanja/S2430/initialize?prefCd=46&kikanCd=21001&kikanKbn=2", "url2": null, "内容": "青木医院【2:診療所】【診療科目:内科】鹿児島県南九州市頴娃町別府３１７番地" }, "geometry": { "type": "Point", "coordinates": [ 130.445727, 31.254523 ] } },
{ "type": "Feature", "properties": { "ID": 46221002, "正式名称": "池田診療所", "機関区分": 2, "都道府県コード": 46, "市区町村コード": 210, "所在地": "鹿児島県指宿市池田", "緯度": 31.265068, "経度": 130.562689, "url": "https://www.iryou.teikyouseido.mhlw.go.jp/znk-web/juminkanja/S2430/initialize?prefCd=46&kikanCd=21002&kikanKbn=2", "url2": null, "内容": "池田診療所【2:診療所】【診療科目:内科_外科_小児科】鹿児島県指宿市池田" }, "geometry": { "type": "Point", "coordinates": [ 130.562689, 31.265068 ] } },
{ "type": "Feature", "properties": { "ID": 46221003, "正式名称": "生駒外科医院", "機関区分": 2, "都道府県コード": 46, "市区町村コード": 210, "所在地": "鹿児島県指宿市湊２丁目２３－２０", "緯度": 31.241004, "経度": 130.645855, "url": "https://www.iryou.teikyouseido.mhlw.go.jp/znk-web/juminkanja/S2430/initialize?prefCd=46&kikanCd=21003&kikanKbn=2", "url2": "https://ikoma-geka.jp/", "内容": "生駒外科医院【2:診療所】【診療科目:内科_消化器内科_外科_乳腺外科_肛門外科_整形外科_小児外科_皮膚科】鹿児島県指宿市湊２丁目２３－２０" }, "geometry": { "type": "Point", "coordinates": [ 130.645855, 31.241004 ] } },
{ "type": "Feature", "properties": { "ID": 46221005, "正式名称": "いぶすき内科", "機関区分": 2, "都道府県コード": 46, "市区町村コード": 210, "所在地": "鹿児島県指宿市十町２３２１－１", "緯度": 31.249001, "経度": 130.635045, "url": "https://www.iryou.teikyouseido.mhlw.go.jp/znk-web/juminkanja/S2430/initialize?prefCd=46&kikanCd=21005&kikanKbn=2", "url2": null, "内容": "いぶすき内科【2:診療所】【診療科目:内科_循環器内科_消化器内科】鹿児島県指宿市十町２３２１－１" }, "geometry": { "type": "Point", "coordinates": [ 130.635045, 31.249001 ] } },
{ "type": "Feature", "properties": { "ID": 46221006, "正式名称": "指宿脳神経外科", "機関区分": 2, "都道府県コード": 46, "市区町村コード": 210, "所在地": "鹿児島県指宿市東方８７１４－２１", "緯度": 31.256226, "経度": 130.643981, "url": "https://www.iryou.teikyouseido.mhlw.go.jp/znk-web/juminkanja/S2430/initialize?prefCd=46&kikanCd=21006&kikanKbn=2", "url2": "https://ibusuki-noushinkeigeka.com/", "内容": "指宿脳神経外科【2:診療所】【診療科目:脳神経外科_リハビリテーション科_放射線科】鹿児島県指宿市東方８７１４－２１" }, "geometry": { "type": "Point", "coordinates": [ 130.643981, 31.256226 ] } },
{ "type": "Feature", "properties": { "ID": 46221010, "正式名称": "いわもと耳鼻咽喉科クリニック", "機関区分": 2, "都道府県コード": 46, "市区町村コード": 210, "所在地": "鹿児島県指宿市東方８７１４ー２３", "緯度": 31.256114, "経度": 130.643544, "url": "https://www.iryou.teikyouseido.mhlw.go.jp/znk-web/juminkanja/S2430/initialize?prefCd=46&kikanCd=21010&kikanKbn=2", "url2": null, "内容": "いわもと耳鼻咽喉科クリニック【2:診療所】【診療科目:耳鼻いんこう科】鹿児島県指宿市東方８７１４ー２３" }, "geometry": { "type": "Point", "coordinates": [ 130.643544, 31.256114 ] } },
{ "type": "Feature", "properties": { "ID": 46221011, "正式名称": "医療法人　愛徳会　上村内科クリニック", "機関区分": 2, "都道府県コード": 46, "市区町村コード": 210, "所在地": "鹿児島県指宿市十二町５０３番地６", "緯度": 31.238857, "経度": 130.637398, "url": "https://www.iryou.teikyouseido.mhlw.go.jp/znk-web/juminkanja/S2430/initialize?prefCd=46&kikanCd=21011&kikanKbn=2", "url2": "https://www.uemura-clinic.or.jp/", "内容": "医療法人　愛徳会　上村内科クリニック【2:診療所】【診療科目:内科】鹿児島県指宿市十二町５０３番地６" }, "geometry": { "type": "Point", "coordinates": [ 130.637398, 31.238857 ] } },
{ "type": "Feature", "properties": { "ID": 46221012, "正式名称": "宇宿ひふ科クリニック", "機関区分": 2, "都道府県コード": 46, "市区町村コード": 210, "所在地": "鹿児島県指宿市十町９１２‐１", "緯度": 31.249235, "経度": 130.635342, "url": "https://www.iryou.teikyouseido.mhlw.go.jp/znk-web/juminkanja/S2430/initialize?prefCd=46&kikanCd=21012&kikanKbn=2", "url2": "https://usuki-clinic.jimdofree.com/", "内容": "宇宿ひふ科クリニック【2:診療所】【診療科目:皮膚科】鹿児島県指宿市十町９１２‐１" }, "geometry": { "type": "Point", "coordinates": [ 130.635342, 31.249235 ] } },
{ "type": "Feature", "properties": { "ID": 46221013, "正式名称": "養護老人ホームえい秀峰園診療所", "機関区分": 2, "都道府県コード": 46, "市区町村コード": 223, "所在地": "鹿児島県南九州市頴娃町別府２７９６－１", "緯度": 31.255722, "経度": 130.441778, "url": "https://www.iryou.teikyouseido.mhlw.go.jp/znk-web/juminkanja/S2430/initialize?prefCd=46&kikanCd=21013&kikanKbn=2", "url2": null, "内容": "養護老人ホームえい秀峰園診療所【2:診療所】【診療科目:内科】鹿児島県南九州市頴娃町別府２７９６－１" }, "geometry": { "type": "Point", "coordinates": [ 130.441778, 31.255722 ] } },
{ "type": "Feature", "properties": { "ID": 46221014, "正式名称": "障害者支援施設榎山学園診療所", "機関区分": 2, "都道府県コード": 46, "市区町村コード": 223, "所在地": "鹿児島県南九州市頴娃町別府４７１０－６", "緯度": 31.259581, "経度": 130.428103, "url": "https://www.iryou.teikyouseido.mhlw.go.jp/znk-web/juminkanja/S2430/initialize?prefCd=46&kikanCd=21014&kikanKbn=2", "url2": null, "内容": "障害者支援施設榎山学園診療所【2:診療所】【診療科目:内科】鹿児島県南九州市頴娃町別府４７１０－６" }, "geometry": { "type": "Point", "coordinates": [ 130.428103, 31.259581 ] } },
{ "type": "Feature", "properties": { "ID": 46221015, "正式名称": "大重内科", "機関区分": 2, "都道府県コード": 46, "市区町村コード": 210, "所在地": "鹿児島県指宿市山川金生町４３", "緯度": 31.20465, "経度": 130.635736, "url": "https://www.iryou.teikyouseido.mhlw.go.jp/znk-web/juminkanja/S2430/initialize?prefCd=46&kikanCd=21015&kikanKbn=2", "url2": null, "内容": "大重内科【2:診療所】【診療科目:内科】鹿児島県指宿市山川金生町４３" }, "geometry": { "type": "Point", "coordinates": [ 130.635736, 31.20465 ] } },
{ "type": "Feature", "properties": { "ID": 46221017, "正式名称": "川平内科", "機関区分": 2, "都道府県コード": 46, "市区町村コード": 223, "所在地": "鹿児島県南九州市頴娃町別府", "緯度": 31.273968, "経度": 130.42595, "url": "https://www.iryou.teikyouseido.mhlw.go.jp/znk-web/juminkanja/S2430/initialize?prefCd=46&kikanCd=21017&kikanKbn=2", "url2": null, "内容": "川平内科【2:診療所】【診療科目:内科_循環器内科】鹿児島県南九州市頴娃町別府" }, "geometry": { "type": "Point", "coordinates": [ 130.42595, 31.273968 ] } },
{ "type": "Feature", "properties": { "ID": 46221019, "正式名称": "北薗産婦人科クリニック", "機関区分": 2, "都道府県コード": 46, "市区町村コード": 210, "所在地": "鹿児島県指宿市大牟礼", "緯度": 31.242123, "経度": 130.6413, "url": "https://www.iryou.teikyouseido.mhlw.go.jp/znk-web/juminkanja/S2430/initialize?prefCd=46&kikanCd=21019&kikanKbn=2", "url2": "http://kitazono-hp.jp", "内容": "北薗産婦人科クリニック【2:診療所】【診療科目:産婦人科】鹿児島県指宿市大牟礼" }, "geometry": { "type": "Point", "coordinates": [ 130.6413, 31.242123 ] } },
{ "type": "Feature", "properties": { "ID": 46221020, "正式名称": "医療法人きぼう　木之下クリニック", "機関区分": 2, "都道府県コード": 46, "市区町村コード": 210, "所在地": "鹿児島県指宿市湊一丁目１２‐６３", "緯度": 31.239239, "経度": 130.643164, "url": "https://www.iryou.teikyouseido.mhlw.go.jp/znk-web/juminkanja/S2430/initialize?prefCd=46&kikanCd=21020&kikanKbn=2", "url2": null, "内容": "医療法人きぼう　木之下クリニック【2:診療所】【診療科目:内科_胃腸内科_外科_肛門外科_皮膚科】鹿児島県指宿市湊一丁目１２‐６３" }, "geometry": { "type": "Point", "coordinates": [ 130.643164, 31.239239 ] } },
{ "type": "Feature", "properties": { "ID": 46221022, "正式名称": "こどもの森小児科クリニック", "機関区分": 2, "都道府県コード": 46, "市区町村コード": 210, "所在地": "鹿児島県指宿市東方８３２０の４", "緯度": 31.25795, "経度": 130.637434, "url": "https://www.iryou.teikyouseido.mhlw.go.jp/znk-web/juminkanja/S2430/initialize?prefCd=46&kikanCd=21022&kikanKbn=2", "url2": "http://junban.com/kodomori/", "内容": "こどもの森小児科クリニック【2:診療所】【診療科目:小児科】鹿児島県指宿市東方８３２０の４" }, "geometry": { "type": "Point", "coordinates": [ 130.637434, 31.25795 ] } },
{ "type": "Feature", "properties": { "ID": 46221023, "正式名称": "小吉胃腸科クリニック", "機関区分": 2, "都道府県コード": 46, "市区町村コード": 210, "所在地": "鹿児島県指宿市湊１－４－１５", "緯度": 31.237586, "経度": 130.64455, "url": "https://www.iryou.teikyouseido.mhlw.go.jp/znk-web/juminkanja/S2430/initialize?prefCd=46&kikanCd=21023&kikanKbn=2", "url2": "https://www.koyoshi-clinic.com", "内容": "小吉胃腸科クリニック【2:診療所】【診療科目:内科_胃腸内科】鹿児島県指宿市湊１－４－１５" }, "geometry": { "type": "Point", "coordinates": [ 130.64455, 31.237586 ] } },
{ "type": "Feature", "properties": { "ID": 46221024, "正式名称": "メディポリス国際陽子線治療センター", "機関区分": 2, "都道府県コード": 46, "市区町村コード": 210, "所在地": "鹿児島県指宿市東方４４２３番地", "緯度": 31.23538, "経度": 130.610849, "url": "https://www.iryou.teikyouseido.mhlw.go.jp/znk-web/juminkanja/S2430/initialize?prefCd=46&kikanCd=21024&kikanKbn=2", "url2": "http://www.medipolis-ptrc.org", "内容": "メディポリス国際陽子線治療センター【2:診療所】【診療科目:放射線科】鹿児島県指宿市東方４４２３番地" }, "geometry": { "type": "Point", "coordinates": [ 130.610849, 31.23538 ] } },
{ "type": "Feature", "properties": { "ID": 46221029, "正式名称": "高橋眼科医院", "機関区分": 2, "都道府県コード": 46, "市区町村コード": 210, "所在地": "鹿児島県指宿市湊", "緯度": 31.239334, "経度": 130.643792, "url": "https://www.iryou.teikyouseido.mhlw.go.jp/znk-web/juminkanja/S2430/initialize?prefCd=46&kikanCd=21029&kikanKbn=2", "url2": null, "内容": "高橋眼科医院【2:診療所】【診療科目:眼科】鹿児島県指宿市湊" }, "geometry": { "type": "Point", "coordinates": [ 130.643792, 31.239334 ] } },
{ "type": "Feature", "properties": { "ID": 46221030, "正式名称": "障害者支援施設竹山苑診療所", "機関区分": 2, "都道府県コード": 46, "市区町村コード": 210, "所在地": "鹿児島県指宿市山川福元４８５６番地１", "緯度": 31.197255, "経度": 130.619701, "url": "https://www.iryou.teikyouseido.mhlw.go.jp/znk-web/juminkanja/S2430/initialize?prefCd=46&kikanCd=21030&kikanKbn=2", "url2": null, "内容": "障害者支援施設竹山苑診療所【2:診療所】【診療科目:内科】鹿児島県指宿市山川福元４８５６番地１" }, "geometry": { "type": "Point", "coordinates": [ 130.619701, 31.197255 ] } },
{ "type": "Feature", "properties": { "ID": 46221034, "正式名称": "永田耳鼻咽喉科医院", "機関区分": 2, "都道府県コード": 46, "市区町村コード": 210, "所在地": "鹿児島県指宿市大牟礼１－１－１５", "緯度": 31.239006, "経度": 130.642181, "url": "https://www.iryou.teikyouseido.mhlw.go.jp/znk-web/juminkanja/S2430/initialize?prefCd=46&kikanCd=21034&kikanKbn=2", "url2": null, "内容": "永田耳鼻咽喉科医院【2:診療所】【診療科目:耳鼻いんこう科】鹿児島県指宿市大牟礼１－１－１５" }, "geometry": { "type": "Point", "coordinates": [ 130.642181, 31.239006 ] } },
{ "type": "Feature", "properties": { "ID": 46221035, "正式名称": "長野整形外科クリニック", "機関区分": 2, "都道府県コード": 46, "市区町村コード": 210, "所在地": "鹿児島県指宿市十二町３６２６－６", "緯度": 31.224743, "経度": 130.647451, "url": "https://www.iryou.teikyouseido.mhlw.go.jp/znk-web/juminkanja/S2430/initialize?prefCd=46&kikanCd=21035&kikanKbn=2", "url2": null, "内容": "長野整形外科クリニック【2:診療所】【診療科目:整形外科_リウマチ科_リハビリテーション科】鹿児島県指宿市十二町３６２６－６" }, "geometry": { "type": "Point", "coordinates": [ 130.647451, 31.224743 ] } },
{ "type": "Feature", "properties": { "ID": 46221038, "正式名称": "医療法人徳洲会　開聞クリニック", "機関区分": 2, "都道府県コード": 46, "市区町村コード": 210, "所在地": "鹿児島県指宿市開聞十町１２９４－２", "緯度": 31.205918, "経度": 130.539195, "url": "https://www.iryou.teikyouseido.mhlw.go.jp/znk-web/juminkanja/S2430/initialize?prefCd=46&kikanCd=21038&kikanKbn=2", "url2": "http://www.tokushukai.or.jp/hsp/c_kaimon/index.html", "内容": "医療法人徳洲会　開聞クリニック【2:診療所】【診療科目:内科_呼吸器内科_循環器内科_消化器内科_外科_整形外科_小児科_眼科_耳鼻いんこう科_皮膚科_リハビリテーション科】鹿児島県指宿市開聞十町１２９４－２" }, "geometry": { "type": "Point", "coordinates": [ 130.539195, 31.205918 ] } },
{ "type": "Feature", "properties": { "ID": 46221039, "正式名称": "橋口医院", "機関区分": 2, "都道府県コード": 46, "市区町村コード": 210, "所在地": "鹿児島県指宿市山川岡児ケ水３５７", "緯度": 31.178587, "経度": 130.587031, "url": "https://www.iryou.teikyouseido.mhlw.go.jp/znk-web/juminkanja/S2430/initialize?prefCd=46&kikanCd=21039&kikanKbn=2", "url2": "rehaniwa.com", "内容": "橋口医院【2:診療所】【診療科目:内科_消化器内科_小児科_放射線科】鹿児島県指宿市山川岡児ケ水３５７" }, "geometry": { "type": "Point", "coordinates": [ 130.587031, 31.178587 ] } },
{ "type": "Feature", "properties": { "ID": 46221040, "正式名称": "濵田洋一郎医院", "機関区分": 2, "都道府県コード": 46, "市区町村コード": 210, "所在地": "鹿児島県指宿市開聞川尻４９２０ー５", "緯度": 31.183928, "経度": 130.558747, "url": "https://www.iryou.teikyouseido.mhlw.go.jp/znk-web/juminkanja/S2430/initialize?prefCd=46&kikanCd=21040&kikanKbn=2", "url2": null, "内容": "濵田洋一郎医院【2:診療所】【診療科目:内科_外科_整形外科_小児科_皮膚泌尿器科】鹿児島県指宿市開聞川尻４９２０ー５" }, "geometry": { "type": "Point", "coordinates": [ 130.558747, 31.183928 ] } },
{ "type": "Feature", "properties": { "ID": 46221044, "正式名称": "福元医院", "機関区分": 2, "都道府県コード": 46, "市区町村コード": 210, "所在地": "鹿児島県指宿市大牟礼一丁目３２番２４号", "緯度": 31.243045, "経度": 130.643041, "url": "https://www.iryou.teikyouseido.mhlw.go.jp/znk-web/juminkanja/S2430/initialize?prefCd=46&kikanCd=21044&kikanKbn=2", "url2": null, "内容": "福元医院【2:診療所】【診療科目:内科_内分泌内科_糖尿病・内分泌内科_代謝・内分泌内科_整形外科】鹿児島県指宿市大牟礼一丁目３２番２４号" }, "geometry": { "type": "Point", "coordinates": [ 130.643041, 31.243045 ] } },
{ "type": "Feature", "properties": { "ID": 46221049, "正式名称": "医療法人七福会　笹川医院", "機関区分": 2, "都道府県コード": 46, "市区町村コード": 223, "所在地": "鹿児島県南九州市頴娃町別府１１７００－２", "緯度": 31.289203, "経度": 130.433513, "url": "https://www.iryou.teikyouseido.mhlw.go.jp/znk-web/juminkanja/S2430/initialize?prefCd=46&kikanCd=21049&kikanKbn=2", "url2": null, "内容": "医療法人七福会　笹川医院【2:診療所】【診療科目:内科_内視鏡内科_外科_小児科_リハビリテーション科】鹿児島県南九州市頴娃町別府１１７００－２" }, "geometry": { "type": "Point", "coordinates": [ 130.433513, 31.289203 ] } },
{ "type": "Feature", "properties": { "ID": 46221050, "正式名称": "南記念クリニック", "機関区分": 2, "都道府県コード": 46, "市区町村コード": 210, "所在地": "鹿児島県指宿市大牟礼３丁目２４番１５号", "緯度": 31.246757, "経度": 130.644611, "url": "https://www.iryou.teikyouseido.mhlw.go.jp/znk-web/juminkanja/S2430/initialize?prefCd=46&kikanCd=21050&kikanKbn=2", "url2": "https://minamikinen-clinic.com/", "内容": "南記念クリニック【2:診療所】【診療科目:内科_循環器内科_整形外科_眼科_放射線科_麻酔科】鹿児島県指宿市大牟礼３丁目２４番１５号" }, "geometry": { "type": "Point", "coordinates": [ 130.644611, 31.246757 ] } },
{ "type": "Feature", "properties": { "ID": 46221057, "正式名称": "有山内科", "機関区分": 2, "都道府県コード": 46, "市区町村コード": 204, "所在地": "鹿児島県枕崎市鹿篭麓町３３", "緯度": 31.287405, "経度": 130.291653, "url": "https://www.iryou.teikyouseido.mhlw.go.jp/znk-web/juminkanja/S2430/initialize?prefCd=46&kikanCd=21057&kikanKbn=2", "url2": null, "内容": "有山内科【2:診療所】【診療科目:内科】鹿児島県枕崎市鹿篭麓町３３" }, "geometry": { "type": "Point", "coordinates": [ 130.291653, 31.287405 ] } },
{ "type": "Feature", "properties": { "ID": 46221063, "正式名称": "南九州サザン・クリニック", "機関区分": 2, "都道府県コード": 46, "市区町村コード": 223, "所在地": "鹿児島県南九州市知覧町郡", "緯度": 31.360375, "経度": 130.432491, "url": "https://www.iryou.teikyouseido.mhlw.go.jp/znk-web/juminkanja/S2430/initialize?prefCd=46&kikanCd=21063&kikanKbn=2", "url2": null, "内容": "南九州サザン・クリニック【2:診療所】【診療科目:内科_糖尿病・内分泌内科_循環器内科_消化器内科_リハビリテーション科_放射線科】鹿児島県南九州市知覧町郡" }, "geometry": { "type": "Point", "coordinates": [ 130.432491, 31.360375 ] } },
{ "type": "Feature", "properties": { "ID": 46221071, "正式名称": "金子医院", "機関区分": 2, "都道府県コード": 46, "市区町村コード": 220, "所在地": "鹿児島県南さつま市加世田唐仁原６０２５", "緯度": 31.42693, "経度": 130.294981, "url": "https://www.iryou.teikyouseido.mhlw.go.jp/znk-web/juminkanja/S2430/initialize?prefCd=46&kikanCd=21071&kikanKbn=2", "url2": "https://kaneko-hp.jp/", "内容": "金子医院【2:診療所】【診療科目:内科_呼吸器内科_循環器内科_消化器内科_放射線科】鹿児島県南さつま市加世田唐仁原６０２５" }, "geometry": { "type": "Point", "coordinates": [ 130.294981, 31.42693 ] } },
{ "type": "Feature", "properties": { "ID": 46221072, "正式名称": "神園ひふ科クリニック", "機関区分": 2, "都道府県コード": 46, "市区町村コード": 204, "所在地": "鹿児島県枕崎市千代田町２２", "緯度": 31.273093, "経度": 130.297379, "url": "https://www.iryou.teikyouseido.mhlw.go.jp/znk-web/juminkanja/S2430/initialize?prefCd=46&kikanCd=21072&kikanKbn=2", "url2": null, "内容": "神園ひふ科クリニック【2:診療所】【診療科目:皮膚科】鹿児島県枕崎市千代田町２２" }, "geometry": { "type": "Point", "coordinates": [ 130.297379, 31.273093 ] } },
{ "type": "Feature", "properties": { "ID": 46221073, "正式名称": "茅野内科医院", "機関区分": 2, "都道府県コード": 46, "市区町村コード": 204, "所在地": "鹿児島県枕崎市住吉町４１", "緯度": 31.272311, "経度": 130.297763, "url": "https://www.iryou.teikyouseido.mhlw.go.jp/znk-web/juminkanja/S2430/initialize?prefCd=46&kikanCd=21073&kikanKbn=2", "url2": null, "内容": "茅野内科医院【2:診療所】【診療科目:内科_循環器内科_胃腸内科】鹿児島県枕崎市住吉町４１" }, "geometry": { "type": "Point", "coordinates": [ 130.297763, 31.272311 ] } },
{ "type": "Feature", "properties": { "ID": 46221075, "正式名称": "かわなべ共立内科", "機関区分": 2, "都道府県コード": 46, "市区町村コード": 223, "所在地": "鹿児島県南九州市川辺町田部田３９７１", "緯度": 31.394894, "経度": 130.38765, "url": "https://www.iryou.teikyouseido.mhlw.go.jp/znk-web/juminkanja/S2430/initialize?prefCd=46&kikanCd=21075&kikanKbn=2", "url2": null, "内容": "かわなべ共立内科【2:診療所】【診療科目:内科】鹿児島県南九州市川辺町田部田３９７１" }, "geometry": { "type": "Point", "coordinates": [ 130.38765, 31.394894 ] } },
{ "type": "Feature", "properties": { "ID": 46221079, "正式名称": "きわきクリニック", "機関区分": 2, "都道府県コード": 46, "市区町村コード": 223, "所在地": "鹿児島県南九州市知覧町郡５３９９ー３", "緯度": 31.376386, "経度": 130.442713, "url": "https://www.iryou.teikyouseido.mhlw.go.jp/znk-web/juminkanja/S2430/initialize?prefCd=46&kikanCd=21079&kikanKbn=2", "url2": null, "内容": "きわきクリニック【2:診療所】【診療科目:内科_神経内科_リハビリテーション科】鹿児島県南九州市知覧町郡５３９９ー３" }, "geometry": { "type": "Point", "coordinates": [ 130.442713, 31.376386 ] } },
{ "type": "Feature", "properties": { "ID": 46221081, "正式名称": "国見内科医院", "機関区分": 2, "都道府県コード": 46, "市区町村コード": 204, "所在地": "鹿児島県枕崎市折口町５３番地", "緯度": 31.268359, "経度": 130.29758, "url": "https://www.iryou.teikyouseido.mhlw.go.jp/znk-web/juminkanja/S2430/initialize?prefCd=46&kikanCd=21081&kikanKbn=2", "url2": null, "内容": "国見内科医院【2:診療所】【診療科目:内科_循環器内科】鹿児島県枕崎市折口町５３番地" }, "geometry": { "type": "Point", "coordinates": [ 130.29758, 31.268359 ] } },
{ "type": "Feature", "properties": { "ID": 46221085, "正式名称": "小山クリニック", "機関区分": 2, "都道府県コード": 46, "市区町村コード": 220, "所在地": "鹿児島県南さつま市金峰町尾下３５４", "緯度": 31.459256, "経度": 130.345087, "url": "https://www.iryou.teikyouseido.mhlw.go.jp/znk-web/juminkanja/S2430/initialize?prefCd=46&kikanCd=21085&kikanKbn=2", "url2": null, "内容": "小山クリニック【2:診療所】【診療科目:内科_呼吸器内科_消化器内科_放射線科】鹿児島県南さつま市金峰町尾下３５４" }, "geometry": { "type": "Point", "coordinates": [ 130.345087, 31.459256 ] } },
{ "type": "Feature", "properties": { "ID": 46221091, "正式名称": "真愛クリニック", "機関区分": 2, "都道府県コード": 46, "市区町村コード": 220, "所在地": "鹿児島県南さつま市加世田東本町７番地４", "緯度": 31.419748, "経度": 130.325227, "url": "https://www.iryou.teikyouseido.mhlw.go.jp/znk-web/juminkanja/S2430/initialize?prefCd=46&kikanCd=21091&kikanKbn=2", "url2": null, "内容": "真愛クリニック【2:診療所】【診療科目:整形外科_リハビリテーション科】鹿児島県南さつま市加世田東本町７番地４" }, "geometry": { "type": "Point", "coordinates": [ 130.325227, 31.419748 ] } },
{ "type": "Feature", "properties": { "ID": 46221096, "正式名称": "田中ヘルスケア診療所", "機関区分": 2, "都道府県コード": 46, "市区町村コード": 223, "所在地": "鹿児島県南九州市知覧町塩屋１４６３２ー７", "緯度": 31.292223, "経度": 130.399406, "url": "https://www.iryou.teikyouseido.mhlw.go.jp/znk-web/juminkanja/S2430/initialize?prefCd=46&kikanCd=21096&kikanKbn=2", "url2": "https://www.instagram.com/tanaka.healthcare?igsh=MWF3ZjMzbGMxYTVzNA==", "内容": "田中ヘルスケア診療所【2:診療所】【診療科目:内科_脳神経外科】鹿児島県南九州市知覧町塩屋１４６３２ー７" }, "geometry": { "type": "Point", "coordinates": [ 130.399406, 31.292223 ] } },
{ "type": "Feature", "properties": { "ID": 46221098, "正式名称": "唐仁原内科クリニック", "機関区分": 2, "都道府県コード": 46, "市区町村コード": 220, "所在地": "鹿児島県南さつま市加世田東本町", "緯度": 31.418084, "経度": 130.32783, "url": "https://www.iryou.teikyouseido.mhlw.go.jp/znk-web/juminkanja/S2430/initialize?prefCd=46&kikanCd=21098&kikanKbn=2", "url2": null, "内容": "唐仁原内科クリニック【2:診療所】【診療科目:内科_糖尿病内科_循環器内科_消化器内科_リハビリテーション科_放射線科】鹿児島県南さつま市加世田東本町" }, "geometry": { "type": "Point", "coordinates": [ 130.32783, 31.418084 ] } },
{ "type": "Feature", "properties": { "ID": 46221100, "正式名称": "徳久整形外科", "機関区分": 2, "都道府県コード": 46, "市区町村コード": 220, "所在地": "鹿児島県南さつま市加世田白亀", "緯度": 31.418778, "経度": 130.313798, "url": "https://www.iryou.teikyouseido.mhlw.go.jp/znk-web/juminkanja/S2430/initialize?prefCd=46&kikanCd=21100&kikanKbn=2", "url2": null, "内容": "徳久整形外科【2:診療所】【診療科目:整形外科_リウマチ科_リハビリテーション科】鹿児島県南さつま市加世田白亀" }, "geometry": { "type": "Point", "coordinates": [ 130.313798, 31.418778 ] } },
{ "type": "Feature", "properties": { "ID": 46221102, "正式名称": "友松内科クリニック", "機関区分": 2, "都道府県コード": 46, "市区町村コード": 220, "所在地": "鹿児島県南さつま市加世田村原", "緯度": 31.421478, "経度": 130.326004, "url": "https://www.iryou.teikyouseido.mhlw.go.jp/znk-web/juminkanja/S2430/initialize?prefCd=46&kikanCd=21102&kikanKbn=2", "url2": null, "内容": "友松内科クリニック【2:診療所】【診療科目:内科_循環器内科_放射線科】鹿児島県南さつま市加世田村原" }, "geometry": { "type": "Point", "coordinates": [ 130.326004, 31.421478 ] } },
{ "type": "Feature", "properties": { "ID": 46221103, "正式名称": "医療法人裕愛会なかやま脳神経外科", "機関区分": 2, "都道府県コード": 46, "市区町村コード": 220, "所在地": "鹿児島県南さつま市加世田東本町１２－４", "緯度": 31.418279, "経度": 130.327135, "url": "https://www.iryou.teikyouseido.mhlw.go.jp/znk-web/juminkanja/S2430/initialize?prefCd=46&kikanCd=21103&kikanKbn=2", "url2": null, "内容": "医療法人裕愛会なかやま脳神経外科【2:診療所】【診療科目:神経内科_脳神経外科】鹿児島県南さつま市加世田東本町１２－４" }, "geometry": { "type": "Point", "coordinates": [ 130.327135, 31.418279 ] } },
{ "type": "Feature", "properties": { "ID": 46221108, "正式名称": "医療法人翔南会はしぐちクリニック", "機関区分": 2, "都道府県コード": 46, "市区町村コード": 220, "所在地": "鹿児島県南さつま市加世田東本町", "緯度": 31.418739, "経度": 130.325317, "url": "https://www.iryou.teikyouseido.mhlw.go.jp/znk-web/juminkanja/S2430/initialize?prefCd=46&kikanCd=21108&kikanKbn=2", "url2": "http://www.hashiguchi-clinic.jp/", "内容": "医療法人翔南会はしぐちクリニック【2:診療所】【診療科目:内科_糖尿病・内分泌内科_消化器内科_胃腸内科】鹿児島県南さつま市加世田東本町" }, "geometry": { "type": "Point", "coordinates": [ 130.325317, 31.418739 ] } },
{ "type": "Feature", "properties": { "ID": 46221110, "正式名称": "羽牟クリニック", "機関区分": 2, "都道府県コード": 46, "市区町村コード": 220, "所在地": "鹿児島県南さつま市加世田本町２１－４", "緯度": 31.418531, "経度": 130.320169, "url": "https://www.iryou.teikyouseido.mhlw.go.jp/znk-web/juminkanja/S2430/initialize?prefCd=46&kikanCd=21110&kikanKbn=2", "url2": null, "内容": "羽牟クリニック【2:診療所】【診療科目:内科_整形外科_リハビリテーション科】鹿児島県南さつま市加世田本町２１－４" }, "geometry": { "type": "Point", "coordinates": [ 130.320169, 31.418531 ] } },
{ "type": "Feature", "properties": { "ID": 46221119, "正式名称": "枕崎こどもクリニック", "機関区分": 2, "都道府県コード": 46, "市区町村コード": 204, "所在地": "鹿児島県枕崎市松之尾町１５", "緯度": 31.271589, "経度": 130.287841, "url": "https://www.iryou.teikyouseido.mhlw.go.jp/znk-web/juminkanja/S2430/initialize?prefCd=46&kikanCd=21119&kikanKbn=2", "url2": "http://paa.jp/t/105101", "内容": "枕崎こどもクリニック【2:診療所】【診療科目:小児科_アレルギー科】鹿児島県枕崎市松之尾町１５" }, "geometry": { "type": "Point", "coordinates": [ 130.287841, 31.271589 ] } },
{ "type": "Feature", "properties": { "ID": 46221120, "正式名称": "松岡医院", "機関区分": 2, "都道府県コード": 46, "市区町村コード": 220, "所在地": "鹿児島県南さつま市加世田唐仁原６０２７", "緯度": 31.426889, "経度": 130.295507, "url": "https://www.iryou.teikyouseido.mhlw.go.jp/znk-web/juminkanja/S2430/initialize?prefCd=46&kikanCd=21120&kikanKbn=2", "url2": null, "内容": "松岡医院【2:診療所】【診療科目:内科_気管食道内科_耳鼻いんこう科_気管食道・耳鼻いんこう科_頭頸部・耳鼻いんこう科】鹿児島県南さつま市加世田唐仁原６０２７" }, "geometry": { "type": "Point", "coordinates": [ 130.295507, 31.426889 ] } },
{ "type": "Feature", "properties": { "ID": 46221123, "正式名称": "松山医院", "機関区分": 2, "都道府県コード": 46, "市区町村コード": 204, "所在地": "鹿児島県枕崎市住吉町１１９", "緯度": 31.27245, "経度": 130.295522, "url": "https://www.iryou.teikyouseido.mhlw.go.jp/znk-web/juminkanja/S2430/initialize?prefCd=46&kikanCd=21123&kikanKbn=2", "url2": null, "内容": "松山医院【2:診療所】【診療科目:耳鼻いんこう科_気管食道・耳鼻いんこう科_アレルギー科】鹿児島県枕崎市住吉町１１９" }, "geometry": { "type": "Point", "coordinates": [ 130.295522, 31.27245 ] } },
{ "type": "Feature", "properties": { "ID": 46221126, "正式名称": "みなとクリニック", "機関区分": 2, "都道府県コード": 46, "市区町村コード": 204, "所在地": "鹿児島県枕崎市港町１０９", "緯度": 31.267905, "経度": 130.29838, "url": "https://www.iryou.teikyouseido.mhlw.go.jp/znk-web/juminkanja/S2430/initialize?prefCd=46&kikanCd=21126&kikanKbn=2", "url2": "https://kukita.jp/minatoclinic/", "内容": "みなとクリニック【2:診療所】【診療科目:整形外科_リウマチ科_リハビリテーション科】鹿児島県枕崎市港町１０９" }, "geometry": { "type": "Point", "coordinates": [ 130.29838, 31.267905 ] } },
{ "type": "Feature", "properties": { "ID": 46221128, "正式名称": "宮内クリニック", "機関区分": 2, "都道府県コード": 46, "市区町村コード": 220, "所在地": "鹿児島県南さつま市金峰町池辺２８３４", "緯度": 31.468783, "経度": 130.34478, "url": "https://www.iryou.teikyouseido.mhlw.go.jp/znk-web/juminkanja/S2430/initialize?prefCd=46&kikanCd=21128&kikanKbn=2", "url2": null, "内容": "宮内クリニック【2:診療所】【診療科目:内科_循環器内科_人工透析内科_小児科_泌尿器科】鹿児島県南さつま市金峰町池辺２８３４" }, "geometry": { "type": "Point", "coordinates": [ 130.34478, 31.468783 ] } },
{ "type": "Feature", "properties": { "ID": 46221131, "正式名称": "持冨皮ふ科", "機関区分": 2, "都道府県コード": 46, "市区町村コード": 220, "所在地": "鹿児島県南さつま市加世田村原１丁目３ー１２", "緯度": 31.42089, "経度": 130.326948, "url": "https://www.iryou.teikyouseido.mhlw.go.jp/znk-web/juminkanja/S2430/initialize?prefCd=46&kikanCd=21131&kikanKbn=2", "url2": "mochitomi-hihuka.com", "内容": "持冨皮ふ科【2:診療所】【診療科目:皮膚科】鹿児島県南さつま市加世田村原１丁目３ー１２" }, "geometry": { "type": "Point", "coordinates": [ 130.326948, 31.42089 ] } },
{ "type": "Feature", "properties": { "ID": 46221501, "正式名称": "産科・婦人科　久米クリニック", "機関区分": 2, "都道府県コード": 46, "市区町村コード": 219, "所在地": "鹿児島県いちき串木野市曙町", "緯度": 31.561083, "経度": 130.557728, "url": "https://www.iryou.teikyouseido.mhlw.go.jp/znk-web/juminkanja/S2430/initialize?prefCd=46&kikanCd=21501&kikanKbn=2", "url2": null, "内容": "産科・婦人科　久米クリニック【2:診療所】【診療科目:産科_婦人科】鹿児島県いちき串木野市曙町" }, "geometry": { "type": "Point", "coordinates": [ 130.557728, 31.561083 ] } },
{ "type": "Feature", "properties": { "ID": 46221506, "正式名称": "えんでん内科クリニック", "機関区分": 2, "都道府県コード": 46, "市区町村コード": 219, "所在地": "鹿児島県いちき串木野市東塩田町３５", "緯度": 31.72466, "経度": 130.272106, "url": "https://www.iryou.teikyouseido.mhlw.go.jp/znk-web/juminkanja/S2430/initialize?prefCd=46&kikanCd=21506&kikanKbn=2", "url2": null, "内容": "えんでん内科クリニック【2:診療所】【診療科目:内科_呼吸器内科_循環器内科_消化器内科_胃腸内科_小児科_アレルギー科_リハビリテーション科_放射線科】鹿児島県いちき串木野市東塩田町３５" }, "geometry": { "type": "Point", "coordinates": [ 130.272106, 31.72466 ] } },
{ "type": "Feature", "properties": { "ID": 46221507, "正式名称": "串木野内科・循環器科", "機関区分": 2, "都道府県コード": 46, "市区町村コード": 219, "所在地": "鹿児島県いちき串木野市中尾町７２番地", "緯度": 31.716459, "経度": 130.268256, "url": "https://www.iryou.teikyouseido.mhlw.go.jp/znk-web/juminkanja/S2430/initialize?prefCd=46&kikanCd=21507&kikanKbn=2", "url2": "http://kushikinonaika.or.jp/", "内容": "串木野内科・循環器科【2:診療所】【診療科目:内科_呼吸器内科_循環器内科】鹿児島県いちき串木野市中尾町７２番地" }, "geometry": { "type": "Point", "coordinates": [ 130.268256, 31.716459 ] } },
{ "type": "Feature", "properties": { "ID": 46221510, "正式名称": "まきのせ泌尿器科", "機関区分": 2, "都道府県コード": 46, "市区町村コード": 219, "所在地": "鹿児島県いちき串木野市照島６０５０", "緯度": 31.707259, "経度": 130.277379, "url": "https://www.iryou.teikyouseido.mhlw.go.jp/znk-web/juminkanja/S2430/initialize?prefCd=46&kikanCd=21510&kikanKbn=2", "url2": "http://www.makinose.or.jp/", "内容": "まきのせ泌尿器科【2:診療所】【診療科目:腎臓内科_泌尿器科】鹿児島県いちき串木野市照島６０５０" }, "geometry": { "type": "Point", "coordinates": [ 130.277379, 31.707259 ] } },
{ "type": "Feature", "properties": { "ID": 46221512, "正式名称": "市来内科・ひふ科", "機関区分": 2, "都道府県コード": 46, "市区町村コード": 219, "所在地": "鹿児島県いちき串木野市大里３８６９－６", "緯度": 31.686984, "経度": 130.298574, "url": "https://www.iryou.teikyouseido.mhlw.go.jp/znk-web/juminkanja/S2430/initialize?prefCd=46&kikanCd=21512&kikanKbn=2", "url2": "https://ichiki-naikahifuka.com/", "内容": "市来内科・ひふ科【2:診療所】【診療科目:内科_糖尿病・内分泌内科_脳神経内科_呼吸器内科_循環器内科_消化器内科_神経内科_老年内科_皮膚科】鹿児島県いちき串木野市大里３８６９－６" }, "geometry": { "type": "Point", "coordinates": [ 130.298574, 31.686984 ] } },
{ "type": "Feature", "properties": { "ID": 46221514, "正式名称": "医療法人照正会　京町内科・脳神経クリニック", "機関区分": 2, "都道府県コード": 46, "市区町村コード": 219, "所在地": "鹿児島県いちき串木野市京町４３番地", "緯度": 31.721402, "経度": 130.266146, "url": "https://www.iryou.teikyouseido.mhlw.go.jp/znk-web/juminkanja/S2430/initialize?prefCd=46&kikanCd=21514&kikanKbn=2", "url2": "http://www.kyomachiclinic.jp/", "内容": "医療法人照正会　京町内科・脳神経クリニック【2:診療所】【診療科目:内科_神経内科】鹿児島県いちき串木野市京町４３番地" }, "geometry": { "type": "Point", "coordinates": [ 130.266146, 31.721402 ] } },
{ "type": "Feature", "properties": { "ID": 46221516, "正式名称": "野辺ひふ科クリニック", "機関区分": 2, "都道府県コード": 46, "市区町村コード": 219, "所在地": "鹿児島県いちき串木野市昭和通", "緯度": 31.714567, "経度": 130.269453, "url": "https://www.iryou.teikyouseido.mhlw.go.jp/znk-web/juminkanja/S2430/initialize?prefCd=46&kikanCd=21516&kikanKbn=2", "url2": "http://www.citydo.com/sp/0996-33-0250", "内容": "野辺ひふ科クリニック【2:診療所】【診療科目:皮膚科】鹿児島県いちき串木野市昭和通" }, "geometry": { "type": "Point", "coordinates": [ 130.269453, 31.714567 ] } },
{ "type": "Feature", "properties": { "ID": 46221527, "正式名称": "大石医院", "機関区分": 2, "都道府県コード": 46, "市区町村コード": 216, "所在地": "鹿児島県日置市東市来町湯田２１５３", "緯度": 31.670784, "経度": 130.337413, "url": "https://www.iryou.teikyouseido.mhlw.go.jp/znk-web/juminkanja/S2430/initialize?prefCd=46&kikanCd=21527&kikanKbn=2", "url2": null, "内容": "大石医院【2:診療所】【診療科目:内科_消化器内科】鹿児島県日置市東市来町湯田２１５３" }, "geometry": { "type": "Point", "coordinates": [ 130.337413, 31.670784 ] } },
{ "type": "Feature", "properties": { "ID": 46221529, "正式名称": "じんごあん整形外科内科クリニック", "機関区分": 2, "都道府県コード": 46, "市区町村コード": 216, "所在地": "鹿児島県日置市伊集院町下谷口２１２２", "緯度": 31.62607, "経度": 130.40029, "url": "https://www.iryou.teikyouseido.mhlw.go.jp/znk-web/juminkanja/S2430/initialize?prefCd=46&kikanCd=21529&kikanKbn=2", "url2": "http://jingoan-cl.com", "内容": "じんごあん整形外科内科クリニック【2:診療所】【診療科目:内科_整形外科_形成外科_リハビリテーション科】鹿児島県日置市伊集院町下谷口２１２２" }, "geometry": { "type": "Point", "coordinates": [ 130.40029, 31.62607 ] } },
{ "type": "Feature", "properties": { "ID": 46221530, "正式名称": "黒岩整形外科内科", "機関区分": 2, "都道府県コード": 46, "市区町村コード": 216, "所在地": "鹿児島県日置市伊集院町郡", "緯度": 31.634271, "経度": 130.399765, "url": "https://www.iryou.teikyouseido.mhlw.go.jp/znk-web/juminkanja/S2430/initialize?prefCd=46&kikanCd=21530&kikanKbn=2", "url2": "https://kuroiwa-clinic.jp/", "内容": "黒岩整形外科内科【2:診療所】【診療科目:内科_循環器内科_整形外科_皮膚科_リハビリテーション科】鹿児島県日置市伊集院町郡" }, "geometry": { "type": "Point", "coordinates": [ 130.399765, 31.634271 ] } },
{ "type": "Feature", "properties": { "ID": 46221531, "正式名称": "医療法人隆盛会　いじゅういん脳神経外科", "機関区分": 2, "都道府県コード": 46, "市区町村コード": 216, "所在地": "鹿児島県日置市伊集院町徳重１丁目１２－２", "緯度": 31.631628, "経度": 130.402508, "url": "https://www.iryou.teikyouseido.mhlw.go.jp/znk-web/juminkanja/S2430/initialize?prefCd=46&kikanCd=21531&kikanKbn=2", "url2": "http://ijyuin-ns.jp/", "内容": "医療法人隆盛会　いじゅういん脳神経外科【2:診療所】【診療科目:内科_神経内科_脳神経外科_リハビリテーション科】鹿児島県日置市伊集院町徳重１丁目１２－２" }, "geometry": { "type": "Point", "coordinates": [ 130.402508, 31.631628 ] } },
{ "type": "Feature", "properties": { "ID": 46221532, "正式名称": "医療法人めぐみ会久保内科", "機関区分": 2, "都道府県コード": 46, "市区町村コード": 216, "所在地": "鹿児島県日置市伊集院町猪鹿倉９６－５", "緯度": 31.624909, "経度": 130.402131, "url": "https://www.iryou.teikyouseido.mhlw.go.jp/znk-web/juminkanja/S2430/initialize?prefCd=46&kikanCd=21532&kikanKbn=2", "url2": "https://naikakubo.jimdofree.com/", "内容": "医療法人めぐみ会久保内科【2:診療所】【診療科目:内科_呼吸器内科_循環器内科_消化器内科】鹿児島県日置市伊集院町猪鹿倉９６－５" }, "geometry": { "type": "Point", "coordinates": [ 130.402131, 31.624909 ] } },
{ "type": "Feature", "properties": { "ID": 46221534, "正式名称": "しいの内科クリニック", "機関区分": 2, "都道府県コード": 46, "市区町村コード": 216, "所在地": "鹿児島県日置市吹上町永吉１４２４５－１", "緯度": 31.559834, "経度": 130.354043, "url": "https://www.iryou.teikyouseido.mhlw.go.jp/znk-web/juminkanja/S2430/initialize?prefCd=46&kikanCd=21534&kikanKbn=2", "url2": "http://www.shiino-naika.com/", "内容": "しいの内科クリニック【2:診療所】【診療科目:内科_消化器内科_小児科】鹿児島県日置市吹上町永吉１４２４５－１" }, "geometry": { "type": "Point", "coordinates": [ 130.354043, 31.559834 ] } },
{ "type": "Feature", "properties": { "ID": 46221535, "正式名称": "吹上クリニック", "機関区分": 2, "都道府県コード": 46, "市区町村コード": 216, "所在地": "鹿児島県日置市吹上町中原", "緯度": 31.508458, "経度": 130.347793, "url": "https://www.iryou.teikyouseido.mhlw.go.jp/znk-web/juminkanja/S2430/initialize?prefCd=46&kikanCd=21535&kikanKbn=2", "url2": null, "内容": "吹上クリニック【2:診療所】【診療科目:内科_消化器内科】鹿児島県日置市吹上町中原" }, "geometry": { "type": "Point", "coordinates": [ 130.347793, 31.508458 ] } },
{ "type": "Feature", "properties": { "ID": 46221537, "正式名称": "うちやま眼科クリニック", "機関区分": 2, "都道府県コード": 46, "市区町村コード": 216, "所在地": "鹿児島県日置市伊集院町徳重三丁目１番地６", "緯度": 31.632099, "経度": 130.399478, "url": "https://www.iryou.teikyouseido.mhlw.go.jp/znk-web/juminkanja/S2430/initialize?prefCd=46&kikanCd=21537&kikanKbn=2", "url2": null, "内容": "うちやま眼科クリニック【2:診療所】【診療科目:眼科】鹿児島県日置市伊集院町徳重三丁目１番地６" }, "geometry": { "type": "Point", "coordinates": [ 130.399478, 31.632099 ] } },
{ "type": "Feature", "properties": { "ID": 46221540, "正式名称": "浅谷小児科医院", "機関区分": 2, "都道府県コード": 46, "市区町村コード": 216, "所在地": "鹿児島県日置市東市来町長里２５２", "緯度": 31.658602, "経度": 130.345436, "url": "https://www.iryou.teikyouseido.mhlw.go.jp/znk-web/juminkanja/S2430/initialize?prefCd=46&kikanCd=21540&kikanKbn=2", "url2": null, "内容": "浅谷小児科医院【2:診療所】【診療科目:小児科】鹿児島県日置市東市来町長里２５２" }, "geometry": { "type": "Point", "coordinates": [ 130.345436, 31.658602 ] } },
{ "type": "Feature", "properties": { "ID": 46221542, "正式名称": "新山皮膚泌尿器科", "機関区分": 2, "都道府県コード": 46, "市区町村コード": 216, "所在地": "鹿児島県日置市東市来町長里１４－１", "緯度": 31.657518, "経度": 130.345804, "url": "https://www.iryou.teikyouseido.mhlw.go.jp/znk-web/juminkanja/S2430/initialize?prefCd=46&kikanCd=21542&kikanKbn=2", "url2": null, "内容": "新山皮膚泌尿器科【2:診療所】【診療科目:皮膚泌尿器科】鹿児島県日置市東市来町長里１４－１" }, "geometry": { "type": "Point", "coordinates": [ 130.345804, 31.657518 ] } },
{ "type": "Feature", "properties": { "ID": 46221547, "正式名称": "康生クリニック", "機関区分": 2, "都道府県コード": 46, "市区町村コード": 216, "所在地": "鹿児島県日置市伊集院町徳重３－１－３", "緯度": 31.630558, "経度": 130.398675, "url": "https://www.iryou.teikyouseido.mhlw.go.jp/znk-web/juminkanja/S2430/initialize?prefCd=46&kikanCd=21547&kikanKbn=2", "url2": null, "内容": "康生クリニック【2:診療所】【診療科目:内科_呼吸器内科_消化器内科】鹿児島県日置市伊集院町徳重３－１－３" }, "geometry": { "type": "Point", "coordinates": [ 130.398675, 31.630558 ] } },
{ "type": "Feature", "properties": { "ID": 46221552, "正式名称": "黒岩眼科", "機関区分": 2, "都道府県コード": 46, "市区町村コード": 216, "所在地": "鹿児島県日置市伊集院町郡２－４７", "緯度": 31.634308, "経度": 130.400776, "url": "https://www.iryou.teikyouseido.mhlw.go.jp/znk-web/juminkanja/S2430/initialize?prefCd=46&kikanCd=21552&kikanKbn=2", "url2": "http://www.kuroiwa-ganka.jp/", "内容": "黒岩眼科【2:診療所】【診療科目:眼科】鹿児島県日置市伊集院町郡２－４７" }, "geometry": { "type": "Point", "coordinates": [ 130.400776, 31.634308 ] } },
{ "type": "Feature", "properties": { "ID": 46221555, "正式名称": "清田耳鼻咽喉科", "機関区分": 2, "都道府県コード": 46, "市区町村コード": 216, "所在地": "鹿児島県日置市伊集院町清藤２００６－８", "緯度": 31.623777, "経度": 130.409549, "url": "https://www.iryou.teikyouseido.mhlw.go.jp/znk-web/juminkanja/S2430/initialize?prefCd=46&kikanCd=21555&kikanKbn=2", "url2": "http://www.synapse.ne.jp/r33/", "内容": "清田耳鼻咽喉科【2:診療所】【診療科目:耳鼻いんこう科】鹿児島県日置市伊集院町清藤２００６－８" }, "geometry": { "type": "Point", "coordinates": [ 130.409549, 31.623777 ] } },
{ "type": "Feature", "properties": { "ID": 46221561, "正式名称": "みゆきクリニック", "機関区分": 2, "都道府県コード": 46, "市区町村コード": 216, "所在地": "鹿児島県日置市日吉町日置３９０－１", "緯度": 31.590652, "経度": 130.346359, "url": "https://www.iryou.teikyouseido.mhlw.go.jp/znk-web/juminkanja/S2430/initialize?prefCd=46&kikanCd=21561&kikanKbn=2", "url2": "http://www.miyuki-clinic.net/", "内容": "みゆきクリニック【2:診療所】【診療科目:内科_消化器内科_リハビリテーション科_麻酔科】鹿児島県日置市日吉町日置３９０－１" }, "geometry": { "type": "Point", "coordinates": [ 130.346359, 31.590652 ] } },
{ "type": "Feature", "properties": { "ID": 46221565, "正式名称": "山之内クリニック", "機関区分": 2, "都道府県コード": 46, "市区町村コード": 216, "所在地": "鹿児島県日置市吹上町中原", "緯度": 31.509749, "経度": 130.346067, "url": "https://www.iryou.teikyouseido.mhlw.go.jp/znk-web/juminkanja/S2430/initialize?prefCd=46&kikanCd=21565&kikanKbn=2", "url2": null, "内容": "山之内クリニック【2:診療所】【診療科目:内科_皮膚科_リハビリテーション科_放射線科】鹿児島県日置市吹上町中原" }, "geometry": { "type": "Point", "coordinates": [ 130.346067, 31.509749 ] } },
{ "type": "Feature", "properties": { "ID": 46222002, "正式名称": "医療法人　圭陽会　北国医院", "機関区分": 2, "都道府県コード": 46, "市区町村コード": 206, "所在地": "鹿児島県阿久根市本町１８４", "緯度": 32.019275, "経度": 130.194479, "url": "https://www.iryou.teikyouseido.mhlw.go.jp/znk-web/juminkanja/S2430/initialize?prefCd=46&kikanCd=22002&kikanKbn=2", "url2": null, "内容": "医療法人　圭陽会　北国医院【2:診療所】【診療科目:胃腸内科_外科_整形外科_リハビリテーション科】鹿児島県阿久根市本町１８４" }, "geometry": { "type": "Point", "coordinates": [ 130.194479, 32.019275 ] } },
{ "type": "Feature", "properties": { "ID": 46222003, "正式名称": "林胃腸科外科", "機関区分": 2, "都道府県コード": 46, "市区町村コード": 206, "所在地": "鹿児島県阿久根市大丸町８６番地", "緯度": 32.015558, "経度": 130.195729, "url": "https://www.iryou.teikyouseido.mhlw.go.jp/znk-web/juminkanja/S2430/initialize?prefCd=46&kikanCd=22003&kikanKbn=2", "url2": "http://www6.ocn.ne.jp/izumi-ma/hospital/hayashi.htm/", "内容": "林胃腸科外科【2:診療所】【診療科目:内科_消化器内科_胃腸内科_外科_肛門外科_リハビリテーション科】鹿児島県阿久根市大丸町８６番地" }, "geometry": { "type": "Point", "coordinates": [ 130.195729, 32.015558 ] } },
{ "type": "Feature", "properties": { "ID": 46222005, "正式名称": "黒木医院", "機関区分": 2, "都道府県コード": 46, "市区町村コード": 206, "所在地": "鹿児島県阿久根市脇本７４０３－１", "緯度": 32.078287, "経度": 130.201, "url": "https://www.iryou.teikyouseido.mhlw.go.jp/znk-web/juminkanja/S2430/initialize?prefCd=46&kikanCd=22005&kikanKbn=2", "url2": null, "内容": "黒木医院【2:診療所】【診療科目:内科_胃腸内科_外科】鹿児島県阿久根市脇本７４０３－１" }, "geometry": { "type": "Point", "coordinates": [ 130.201, 32.078287 ] } },
{ "type": "Feature", "properties": { "ID": 46222006, "正式名称": "阿久根眼科", "機関区分": 2, "都道府県コード": 46, "市区町村コード": 206, "所在地": "鹿児島県阿久根市本町１２７", "緯度": 32.017675, "経度": 130.196587, "url": "https://www.iryou.teikyouseido.mhlw.go.jp/znk-web/juminkanja/S2430/initialize?prefCd=46&kikanCd=22006&kikanKbn=2", "url2": "http://akuneganka-kagoshima.webmedipr.jp", "内容": "阿久根眼科【2:診療所】【診療科目:眼科】鹿児島県阿久根市本町１２７" }, "geometry": { "type": "Point", "coordinates": [ 130.196587, 32.017675 ] } },
{ "type": "Feature", "properties": { "ID": 46222009, "正式名称": "阿久根市国民健康保険大川診療所", "機関区分": 2, "都道府県コード": 46, "市区町村コード": 206, "所在地": "鹿児島県阿久根市大川８２２４", "緯度": 31.951474, "経度": 130.220749, "url": "https://www.iryou.teikyouseido.mhlw.go.jp/znk-web/juminkanja/S2430/initialize?prefCd=46&kikanCd=22009&kikanKbn=2", "url2": null, "内容": "阿久根市国民健康保険大川診療所【2:診療所】【診療科目:内科】鹿児島県阿久根市大川８２２４" }, "geometry": { "type": "Point", "coordinates": [ 130.220749, 31.951474 ] } },
{ "type": "Feature", "properties": { "ID": 46222014, "正式名称": "山田クリニック", "機関区分": 2, "都道府県コード": 46, "市区町村コード": 206, "所在地": "鹿児島県阿久根市本町６３", "緯度": 32.018014, "経度": 130.194084, "url": "https://www.iryou.teikyouseido.mhlw.go.jp/znk-web/juminkanja/S2430/initialize?prefCd=46&kikanCd=22014&kikanKbn=2", "url2": "https://www.yamada-clinic-akune.com/", "内容": "山田クリニック【2:診療所】【診療科目:内科_消化器内科_外科_救急科】鹿児島県阿久根市本町６３" }, "geometry": { "type": "Point", "coordinates": [ 130.194084, 32.018014 ] } },
{ "type": "Feature", "properties": { "ID": 46222017, "正式名称": "しみずこども医院", "機関区分": 2, "都道府県コード": 46, "市区町村コード": 206, "所在地": "鹿児島県阿久根市赤瀬川３８８０－３", "緯度": 32.032059, "経度": 130.203411, "url": "https://www.iryou.teikyouseido.mhlw.go.jp/znk-web/juminkanja/S2430/initialize?prefCd=46&kikanCd=22017&kikanKbn=2", "url2": null, "内容": "しみずこども医院【2:診療所】【診療科目:小児科】鹿児島県阿久根市赤瀬川３８８０－３" }, "geometry": { "type": "Point", "coordinates": [ 130.203411, 32.032059 ] } },
{ "type": "Feature", "properties": { "ID": 46222018, "正式名称": "医療法人優翔会いまむらクリニック", "機関区分": 2, "都道府県コード": 46, "市区町村コード": 206, "所在地": "鹿児島県阿久根市塩鶴町２丁目１２３番", "緯度": 32.008875, "経度": 130.193597, "url": "https://www.iryou.teikyouseido.mhlw.go.jp/znk-web/juminkanja/S2430/initialize?prefCd=46&kikanCd=22018&kikanKbn=2", "url2": null, "内容": "医療法人優翔会いまむらクリニック【2:診療所】【診療科目:内科_人工透析内科_泌尿器科】鹿児島県阿久根市塩鶴町２丁目１２３番" }, "geometry": { "type": "Point", "coordinates": [ 130.193597, 32.008875 ] } },
{ "type": "Feature", "properties": { "ID": 46222019, "正式名称": "にのみやこどもクリニック", "機関区分": 2, "都道府県コード": 46, "市区町村コード": 208, "所在地": "鹿児島県出水市本町４－４５", "緯度": 32.080774, "経度": 130.358506, "url": "https://www.iryou.teikyouseido.mhlw.go.jp/znk-web/juminkanja/S2430/initialize?prefCd=46&kikanCd=22019&kikanKbn=2", "url2": "https://www.ninomiya-clinic.com/", "内容": "にのみやこどもクリニック【2:診療所】【診療科目:内科_小児科_アレルギー科】鹿児島県出水市本町４－４５" }, "geometry": { "type": "Point", "coordinates": [ 130.358506, 32.080774 ] } },
{ "type": "Feature", "properties": { "ID": 46222021, "正式名称": "境田医院", "機関区分": 2, "都道府県コード": 46, "市区町村コード": 208, "所在地": "鹿児島県出水市米ノ津町", "緯度": 32.121954, "経度": 130.339876, "url": "https://www.iryou.teikyouseido.mhlw.go.jp/znk-web/juminkanja/S2430/initialize?prefCd=46&kikanCd=22021&kikanKbn=2", "url2": null, "内容": "境田医院【2:診療所】【診療科目:内科_外科_産婦人科】鹿児島県出水市米ノ津町" }, "geometry": { "type": "Point", "coordinates": [ 130.339876, 32.121954 ] } },
{ "type": "Feature", "properties": { "ID": 46222022, "正式名称": "医療法人孝徳会楠元内科医院", "機関区分": 2, "都道府県コード": 46, "市区町村コード": 208, "所在地": "鹿児島県出水市平和町２２４", "緯度": 32.083375, "経度": 130.331804, "url": "https://www.iryou.teikyouseido.mhlw.go.jp/znk-web/juminkanja/S2430/initialize?prefCd=46&kikanCd=22022&kikanKbn=2", "url2": "http://www.kusumoto-naika.com", "内容": "医療法人孝徳会楠元内科医院【2:診療所】【診療科目:内科_循環器内科_胃腸内科_歯科_矯正歯科_歯科口腔外科_小児歯科】鹿児島県出水市平和町２２４" }, "geometry": { "type": "Point", "coordinates": [ 130.331804, 32.083375 ] } },
{ "type": "Feature", "properties": { "ID": 46222024, "正式名称": "医療法人三徳会　東医院", "機関区分": 2, "都道府県コード": 46, "市区町村コード": 208, "所在地": "鹿児島県出水市六月田町３６０", "緯度": 32.107265, "経度": 130.344645, "url": "https://www.iryou.teikyouseido.mhlw.go.jp/znk-web/juminkanja/S2430/initialize?prefCd=46&kikanCd=22024&kikanKbn=2", "url2": "3norikai.jp", "内容": "医療法人三徳会　東医院【2:診療所】【診療科目:内科_胃腸内科_外科_肛門外科_整形外科_リウマチ科_リハビリテーション科】鹿児島県出水市六月田町３６０" }, "geometry": { "type": "Point", "coordinates": [ 130.344645, 32.107265 ] } },
{ "type": "Feature", "properties": { "ID": 46222025, "正式名称": "医療法人広瀬産婦人科医院", "機関区分": 2, "都道府県コード": 46, "市区町村コード": 208, "所在地": "鹿児島県出水市昭和町１５番２０号", "緯度": 32.087722, "経度": 130.353906, "url": "https://www.iryou.teikyouseido.mhlw.go.jp/znk-web/juminkanja/S2430/initialize?prefCd=46&kikanCd=22025&kikanKbn=2", "url2": "http://www.mediqube.com/hirose/", "内容": "医療法人広瀬産婦人科医院【2:診療所】【診療科目:内科_産婦人科】鹿児島県出水市昭和町１５番２０号" }, "geometry": { "type": "Point", "coordinates": [ 130.353906, 32.087722 ] } },
{ "type": "Feature", "properties": { "ID": 46222026, "正式名称": "かじわら内科クリニック", "機関区分": 2, "都道府県コード": 46, "市区町村コード": 208, "所在地": "鹿児島県出水市五万石町８０２", "緯度": 32.072978, "経度": 130.345132, "url": "https://www.iryou.teikyouseido.mhlw.go.jp/znk-web/juminkanja/S2430/initialize?prefCd=46&kikanCd=22026&kikanKbn=2", "url2": null, "内容": "かじわら内科クリニック【2:診療所】【診療科目:内科_糖尿病内科_循環器内科】鹿児島県出水市五万石町８０２" }, "geometry": { "type": "Point", "coordinates": [ 130.345132, 32.072978 ] } },
{ "type": "Feature", "properties": { "ID": 46222032, "正式名称": "医療法人豊腎会林泌尿器科クリニック", "機関区分": 2, "都道府県コード": 46, "市区町村コード": 208, "所在地": "鹿児島県出水市明神町２３５５", "緯度": 32.117191, "経度": 130.333495, "url": "https://www.iryou.teikyouseido.mhlw.go.jp/znk-web/juminkanja/S2430/initialize?prefCd=46&kikanCd=22032&kikanKbn=2", "url2": null, "内容": "医療法人豊腎会林泌尿器科クリニック【2:診療所】【診療科目:内科_性感染症内科_泌尿器科】鹿児島県出水市明神町２３５５" }, "geometry": { "type": "Point", "coordinates": [ 130.333495, 32.117191 ] } },
{ "type": "Feature", "properties": { "ID": 46222033, "正式名称": "吉田耳鼻咽喉科医院", "機関区分": 2, "都道府県コード": 46, "市区町村コード": 208, "所在地": "鹿児島県出水市本町３－５", "緯度": 32.082135, "経度": 130.359409, "url": "https://www.iryou.teikyouseido.mhlw.go.jp/znk-web/juminkanja/S2430/initialize?prefCd=46&kikanCd=22033&kikanKbn=2", "url2": "http://www.synapse.ne.jp/s-yoshida/yoshidajibika/", "内容": "吉田耳鼻咽喉科医院【2:診療所】【診療科目:小児耳鼻いんこう科_耳鼻いんこう科】鹿児島県出水市本町３－５" }, "geometry": { "type": "Point", "coordinates": [ 130.359409, 32.082135 ] } },
{ "type": "Feature", "properties": { "ID": 46222037, "正式名称": "医療法人英風会クリニック．なかむら", "機関区分": 2, "都道府県コード": 46, "市区町村コード": 208, "所在地": "鹿児島県出水市向江町２－１５", "緯度": 32.080461, "経度": 130.3554, "url": "https://www.iryou.teikyouseido.mhlw.go.jp/znk-web/juminkanja/S2430/initialize?prefCd=46&kikanCd=22037&kikanKbn=2", "url2": "eifu-kai.com", "内容": "医療法人英風会クリニック．なかむら【2:診療所】【診療科目:内科_呼吸器内科_消化器内科_外科】鹿児島県出水市向江町２－１５" }, "geometry": { "type": "Point", "coordinates": [ 130.3554, 32.080461 ] } },
{ "type": "Feature", "properties": { "ID": 46222038, "正式名称": "医療法人　市川医院", "機関区分": 2, "都道府県コード": 46, "市区町村コード": 208, "所在地": "鹿児島県出水市緑町４３－４１", "緯度": 32.094805, "経度": 130.34934, "url": "https://www.iryou.teikyouseido.mhlw.go.jp/znk-web/juminkanja/S2430/initialize?prefCd=46&kikanCd=22038&kikanKbn=2", "url2": "https://ichikawa-orl-clinic.com/", "内容": "医療法人　市川医院【2:診療所】【診療科目:耳鼻いんこう科_アレルギー科】鹿児島県出水市緑町４３－４１" }, "geometry": { "type": "Point", "coordinates": [ 130.34934, 32.094805 ] } },
{ "type": "Feature", "properties": { "ID": 46222043, "正式名称": "福永内科循環器科", "機関区分": 2, "都道府県コード": 46, "市区町村コード": 208, "所在地": "鹿児島県出水市向江町", "緯度": 32.076679, "経度": 130.351838, "url": "https://www.iryou.teikyouseido.mhlw.go.jp/znk-web/juminkanja/S2430/initialize?prefCd=46&kikanCd=22043&kikanKbn=2", "url2": null, "内容": "福永内科循環器科【2:診療所】【診療科目:内科_循環器内科】鹿児島県出水市向江町" }, "geometry": { "type": "Point", "coordinates": [ 130.351838, 32.076679 ] } },
{ "type": "Feature", "properties": { "ID": 46222047, "正式名称": "よう皮ふ科医院", "機関区分": 2, "都道府県コード": 46, "市区町村コード": 208, "所在地": "鹿児島県出水市平和町１３３ー１", "緯度": 32.086536, "経度": 130.331729, "url": "https://www.iryou.teikyouseido.mhlw.go.jp/znk-web/juminkanja/S2430/initialize?prefCd=46&kikanCd=22047&kikanKbn=2", "url2": null, "内容": "よう皮ふ科医院【2:診療所】【診療科目:皮膚科】鹿児島県出水市平和町１３３ー１" }, "geometry": { "type": "Point", "coordinates": [ 130.331729, 32.086536 ] } },
{ "type": "Feature", "properties": { "ID": 46222049, "正式名称": "つかさとクリニック", "機関区分": 2, "都道府県コード": 46, "市区町村コード": 208, "所在地": "鹿児島県出水市下知識町", "緯度": 32.109042, "経度": 130.325438, "url": "https://www.iryou.teikyouseido.mhlw.go.jp/znk-web/juminkanja/S2430/initialize?prefCd=46&kikanCd=22049&kikanKbn=2", "url2": null, "内容": "つかさとクリニック【2:診療所】【診療科目:内科_呼吸器内科_消化器内科_神経内科】鹿児島県出水市下知識町" }, "geometry": { "type": "Point", "coordinates": [ 130.325438, 32.109042 ] } },
{ "type": "Feature", "properties": { "ID": 46222050, "正式名称": "西出水眼科", "機関区分": 2, "都道府県コード": 46, "市区町村コード": 208, "所在地": "鹿児島県出水市上知識町８１５", "緯度": 32.081551, "経度": 130.341473, "url": "https://www.iryou.teikyouseido.mhlw.go.jp/znk-web/juminkanja/S2430/initialize?prefCd=46&kikanCd=22050&kikanKbn=2", "url2": null, "内容": "西出水眼科【2:診療所】【診療科目:眼科】鹿児島県出水市上知識町８１５" }, "geometry": { "type": "Point", "coordinates": [ 130.341473, 32.081551 ] } },
{ "type": "Feature", "properties": { "ID": 46222051, "正式名称": "整形外科ばばぐちクリニック", "機関区分": 2, "都道府県コード": 46, "市区町村コード": 208, "所在地": "鹿児島県出水市六月田町７１１", "緯度": 32.104636, "経度": 130.340988, "url": "https://www.iryou.teikyouseido.mhlw.go.jp/znk-web/juminkanja/S2430/initialize?prefCd=46&kikanCd=22051&kikanKbn=2", "url2": null, "内容": "整形外科ばばぐちクリニック【2:診療所】【診療科目:整形外科_リハビリテーション科】鹿児島県出水市六月田町７１１" }, "geometry": { "type": "Point", "coordinates": [ 130.340988, 32.104636 ] } },
{ "type": "Feature", "properties": { "ID": 46222052, "正式名称": "せき耳鼻咽喉科クリニック", "機関区分": 2, "都道府県コード": 46, "市区町村コード": 208, "所在地": "鹿児島県出水市大野原町７１番地", "緯度": 32.081806, "経度": 130.326891, "url": "https://www.iryou.teikyouseido.mhlw.go.jp/znk-web/juminkanja/S2430/initialize?prefCd=46&kikanCd=22052&kikanKbn=2", "url2": "https://sekijibika.com/", "内容": "せき耳鼻咽喉科クリニック【2:診療所】【診療科目:気管食道内科_耳鼻いんこう科_気管食道・耳鼻いんこう科_アレルギー科】鹿児島県出水市大野原町７１番地" }, "geometry": { "type": "Point", "coordinates": [ 130.326891, 32.081806 ] } },
{ "type": "Feature", "properties": { "ID": 46222054, "正式名称": "出水眼科", "機関区分": 2, "都道府県コード": 46, "市区町村コード": 208, "所在地": "鹿児島県出水市昭和町２６－６", "緯度": 32.087006, "経度": 130.354779, "url": "https://www.iryou.teikyouseido.mhlw.go.jp/znk-web/juminkanja/S2430/initialize?prefCd=46&kikanCd=22054&kikanKbn=2", "url2": "https://izumi-eye.jp/", "内容": "出水眼科【2:診療所】【診療科目:眼科】鹿児島県出水市昭和町２６－６" }, "geometry": { "type": "Point", "coordinates": [ 130.354779, 32.087006 ] } },
{ "type": "Feature", "properties": { "ID": 46222056, "正式名称": "医療法人　恒心　恒吉医院", "機関区分": 2, "都道府県コード": 46, "市区町村コード": 208, "所在地": "鹿児島県出水市高尾野町柴引１５１６－２", "緯度": 32.062081, "経度": 130.298856, "url": "https://www.iryou.teikyouseido.mhlw.go.jp/znk-web/juminkanja/S2430/initialize?prefCd=46&kikanCd=22056&kikanKbn=2", "url2": null, "内容": "医療法人　恒心　恒吉医院【2:診療所】【診療科目:内科_呼吸器内科_消化器内科】鹿児島県出水市高尾野町柴引１５１６－２" }, "geometry": { "type": "Point", "coordinates": [ 130.298856, 32.062081 ] } },
{ "type": "Feature", "properties": { "ID": 46222059, "正式名称": "三慶医院", "機関区分": 2, "都道府県コード": 46, "市区町村コード": 208, "所在地": "鹿児島県出水市上鯖渕１９６６", "緯度": 31.560144, "経度": 130.557986, "url": "https://www.iryou.teikyouseido.mhlw.go.jp/znk-web/juminkanja/S2430/initialize?prefCd=46&kikanCd=22059&kikanKbn=2", "url2": "http://ochahoku.com", "内容": "三慶医院【2:診療所】【診療科目:内科_循環器内科_漢方内科】鹿児島県出水市上鯖渕１９６６" }, "geometry": { "type": "Point", "coordinates": [ 130.557986, 31.560144 ] } },
{ "type": "Feature", "properties": { "ID": 46222060, "正式名称": "友愛クリニック", "機関区分": 2, "都道府県コード": 46, "市区町村コード": 208, "所在地": "鹿児島県出水市高尾野町大久保２０１２－１", "緯度": 31.560144, "経度": 130.557986, "url": "https://www.iryou.teikyouseido.mhlw.go.jp/znk-web/juminkanja/S2430/initialize?prefCd=46&kikanCd=22060&kikanKbn=2", "url2": "https://yuuaiclinic.com", "内容": "友愛クリニック【2:診療所】【診療科目:内科_消化器内科_内科（疾患内科）】鹿児島県出水市高尾野町大久保２０１２－１" }, "geometry": { "type": "Point", "coordinates": [ 130.557986, 31.560144 ] } },
{ "type": "Feature", "properties": { "ID": 46222061, "正式名称": "さくら通りクリニック", "機関区分": 2, "都道府県コード": 46, "市区町村コード": 208, "所在地": "鹿児島県出水市平和町２２８", "緯度": 32.082192, "経度": 130.331788, "url": "https://www.iryou.teikyouseido.mhlw.go.jp/znk-web/juminkanja/S2430/initialize?prefCd=46&kikanCd=22061&kikanKbn=2", "url2": "http://www5.synapse.ne.jp/sakuradoori/", "内容": "さくら通りクリニック【2:診療所】【診療科目:神経内科_脳神経外科_リハビリテーション科】鹿児島県出水市平和町２２８" }, "geometry": { "type": "Point", "coordinates": [ 130.331788, 32.082192 ] } },
{ "type": "Feature", "properties": { "ID": 46222062, "正式名称": "出水保健所", "機関区分": 2, "都道府県コード": 46, "市区町村コード": 208, "所在地": "鹿児島県出水市昭和町１８－１８", "緯度": 32.088332, "経度": 130.351868, "url": "https://www.iryou.teikyouseido.mhlw.go.jp/znk-web/juminkanja/S2430/initialize?prefCd=46&kikanCd=22062&kikanKbn=2", "url2": null, "内容": "出水保健所【2:診療所】【診療科目:内科】鹿児島県出水市昭和町１８－１８" }, "geometry": { "type": "Point", "coordinates": [ 130.351868, 32.088332 ] } },
{ "type": "Feature", "properties": { "ID": 46222063, "正式名称": "出水総合医療センター野田診療所", "機関区分": 2, "都道府県コード": 46, "市区町村コード": 208, "所在地": "鹿児島県出水市野田町上名６１０３番地", "緯度": 32.058483, "経度": 130.266117, "url": "https://www.iryou.teikyouseido.mhlw.go.jp/znk-web/juminkanja/S2430/initialize?prefCd=46&kikanCd=22063&kikanKbn=2", "url2": null, "内容": "出水総合医療センター野田診療所【2:診療所】【診療科目:内科】鹿児島県出水市野田町上名６１０３番地" }, "geometry": { "type": "Point", "coordinates": [ 130.266117, 32.058483 ] } },
{ "type": "Feature", "properties": { "ID": 46222065, "正式名称": "愛甲医院", "機関区分": 2, "都道府県コード": 46, "市区町村コード": 215, "所在地": "鹿児島県薩摩川内市大小路町２４－２", "緯度": 31.823133, "経度": 130.302733, "url": "https://www.iryou.teikyouseido.mhlw.go.jp/znk-web/juminkanja/S2430/initialize?prefCd=46&kikanCd=22065&kikanKbn=2", "url2": null, "内容": "愛甲医院【2:診療所】【診療科目:内科_循環器内科】鹿児島県薩摩川内市大小路町２４－２" }, "geometry": { "type": "Point", "coordinates": [ 130.302733, 31.823133 ] } },
{ "type": "Feature", "properties": { "ID": 46222069, "正式名称": "医療法人　興隆会　有村医院", "機関区分": 2, "都道府県コード": 46, "市区町村コード": 215, "所在地": "鹿児島県薩摩川内市隈之城町１４７６", "緯度": 31.794786, "経度": 130.309278, "url": "https://www.iryou.teikyouseido.mhlw.go.jp/znk-web/juminkanja/S2430/initialize?prefCd=46&kikanCd=22069&kikanKbn=2", "url2": null, "内容": "医療法人　興隆会　有村医院【2:診療所】【診療科目:内科_消化器内科】鹿児島県薩摩川内市隈之城町１４７６" }, "geometry": { "type": "Point", "coordinates": [ 130.309278, 31.794786 ] } },
{ "type": "Feature", "properties": { "ID": 46222071, "正式名称": "市比野温泉医院", "機関区分": 2, "都道府県コード": 46, "市区町村コード": 215, "所在地": "鹿児島県薩摩川内市樋脇町市比野２６１６", "緯度": 31.788383, "経度": 130.405135, "url": "https://www.iryou.teikyouseido.mhlw.go.jp/znk-web/juminkanja/S2430/initialize?prefCd=46&kikanCd=22071&kikanKbn=2", "url2": null, "内容": "市比野温泉医院【2:診療所】【診療科目:内科_消化器内科_整形外科_リハビリテーション科】鹿児島県薩摩川内市樋脇町市比野２６１６" }, "geometry": { "type": "Point", "coordinates": [ 130.405135, 31.788383 ] } },
{ "type": "Feature", "properties": { "ID": 46222072, "正式名称": "今村クリニック", "機関区分": 2, "都道府県コード": 46, "市区町村コード": 215, "所在地": "鹿児島県薩摩川内市宮内町２６４１", "緯度": 31.830794, "経度": 130.292081, "url": "https://www.iryou.teikyouseido.mhlw.go.jp/znk-web/juminkanja/S2430/initialize?prefCd=46&kikanCd=22072&kikanKbn=2", "url2": "http://enokai.jp", "内容": "今村クリニック【2:診療所】【診療科目:内科_整形外科_リウマチ科_リハビリテーション科】鹿児島県薩摩川内市宮内町２６４１" }, "geometry": { "type": "Point", "coordinates": [ 130.292081, 31.830794 ] } },
{ "type": "Feature", "properties": { "ID": 46222077, "正式名称": "おやまクリニック", "機関区分": 2, "都道府県コード": 46, "市区町村コード": 215, "所在地": "鹿児島県薩摩川内市上川内町", "緯度": 31.832409, "経度": 130.283249, "url": "https://www.iryou.teikyouseido.mhlw.go.jp/znk-web/juminkanja/S2430/initialize?prefCd=46&kikanCd=22077&kikanKbn=2", "url2": null, "内容": "おやまクリニック【2:診療所】【診療科目:内科_胃腸内科_外科_肛門外科_整形外科_麻酔科】鹿児島県薩摩川内市上川内町" }, "geometry": { "type": "Point", "coordinates": [ 130.283249, 31.832409 ] } },
{ "type": "Feature", "properties": { "ID": 46222083, "正式名称": "上小鶴外科胃腸科", "機関区分": 2, "都道府県コード": 46, "市区町村コード": 215, "所在地": "鹿児島県薩摩川内市御陵下町１４－１２", "緯度": 31.830424, "経度": 130.296567, "url": "https://www.iryou.teikyouseido.mhlw.go.jp/znk-web/juminkanja/S2430/initialize?prefCd=46&kikanCd=22083&kikanKbn=2", "url2": "kamikozuru.jp", "内容": "上小鶴外科胃腸科【2:診療所】【診療科目:内科_消化器内科_胃腸内科_肝臓内科_外科_肛門外科_リハビリテーション科】鹿児島県薩摩川内市御陵下町１４－１２" }, "geometry": { "type": "Point", "coordinates": [ 130.296567, 31.830424 ] } },
{ "type": "Feature", "properties": { "ID": 46222088, "正式名称": "川路クリニック", "機関区分": 2, "都道府県コード": 46, "市区町村コード": 215, "所在地": "鹿児島県薩摩川内市平佐町１６９３－３１", "緯度": 31.810107, "経度": 130.321729, "url": "https://www.iryou.teikyouseido.mhlw.go.jp/znk-web/juminkanja/S2430/initialize?prefCd=46&kikanCd=22088&kikanKbn=2", "url2": null, "内容": "川路クリニック【2:診療所】【診療科目:内科_肛門内科_外科】鹿児島県薩摩川内市平佐町１６９３－３１" }, "geometry": { "type": "Point", "coordinates": [ 130.321729, 31.810107 ] } },
{ "type": "Feature", "properties": { "ID": 46222089, "正式名称": "川島医院", "機関区分": 2, "都道府県コード": 46, "市区町村コード": 215, "所在地": "鹿児島県薩摩川内市樋脇町塔之原１１８４", "緯度": 31.820494, "経度": 130.386216, "url": "https://www.iryou.teikyouseido.mhlw.go.jp/znk-web/juminkanja/S2430/initialize?prefCd=46&kikanCd=22089&kikanKbn=2", "url2": null, "内容": "川島医院【2:診療所】【診療科目:内科_放射線科】鹿児島県薩摩川内市樋脇町塔之原１１８４" }, "geometry": { "type": "Point", "coordinates": [ 130.386216, 31.820494 ] } },
{ "type": "Feature", "properties": { "ID": 46222091, "正式名称": "川野眼科", "機関区分": 2, "都道府県コード": 46, "市区町村コード": 215, "所在地": "鹿児島県薩摩川内市横馬場町６ー３", "緯度": 31.816439, "経度": 130.309228, "url": "https://www.iryou.teikyouseido.mhlw.go.jp/znk-web/juminkanja/S2430/initialize?prefCd=46&kikanCd=22091&kikanKbn=2", "url2": "http://www.kawano-eye.jp/", "内容": "川野眼科【2:診療所】【診療科目:眼科】鹿児島県薩摩川内市横馬場町６ー３" }, "geometry": { "type": "Point", "coordinates": [ 130.309228, 31.816439 ] } },
{ "type": "Feature", "properties": { "ID": 46222095, "正式名称": "河村医院産婦人科内科", "機関区分": 2, "都道府県コード": 46, "市区町村コード": 215, "所在地": "鹿児島県薩摩川内市東開聞町１４－３", "緯度": 31.818553, "経度": 130.303564, "url": "https://www.iryou.teikyouseido.mhlw.go.jp/znk-web/juminkanja/S2430/initialize?prefCd=46&kikanCd=22095&kikanKbn=2", "url2": null, "内容": "河村医院産婦人科内科【2:診療所】【診療科目:産婦人科_産科_婦人科】鹿児島県薩摩川内市東開聞町１４－３" }, "geometry": { "type": "Point", "coordinates": [ 130.303564, 31.818553 ] } },
{ "type": "Feature", "properties": { "ID": 46222102, "正式名称": "クリニックのぞみ", "機関区分": 2, "都道府県コード": 46, "市区町村コード": 215, "所在地": "鹿児島県薩摩川内市祁答院町藺牟田２１０３番地６", "緯度": 31.80851, "経度": 130.485964, "url": "https://www.iryou.teikyouseido.mhlw.go.jp/znk-web/juminkanja/S2430/initialize?prefCd=46&kikanCd=22102&kikanKbn=2", "url2": null, "内容": "クリニックのぞみ【2:診療所】【診療科目:内科_外科_リハビリテーション科】鹿児島県薩摩川内市祁答院町藺牟田２１０３番地６" }, "geometry": { "type": "Point", "coordinates": [ 130.485964, 31.80851 ] } },
{ "type": "Feature", "properties": { "ID": 46222103, "正式名称": "医療法人社団真澄会　Ｋメンタルクリニック", "機関区分": 2, "都道府県コード": 46, "市区町村コード": 215, "所在地": "鹿児島県薩摩川内市田崎町１０７１番地８", "緯度": 31.811988, "経度": 130.328147, "url": "https://www.iryou.teikyouseido.mhlw.go.jp/znk-web/juminkanja/S2430/initialize?prefCd=46&kikanCd=22103&kikanKbn=2", "url2": null, "内容": "医療法人社団真澄会　Ｋメンタルクリニック【2:診療所】【診療科目:精神科_神経科_心療内科】鹿児島県薩摩川内市田崎町１０７１番地８" }, "geometry": { "type": "Point", "coordinates": [ 130.328147, 31.811988 ] } },
{ "type": "Feature", "properties": { "ID": 46222104, "正式名称": "祁答院診療所", "機関区分": 2, "都道府県コード": 46, "市区町村コード": 215, "所在地": "鹿児島県薩摩川内市祁答院町下手５７－１", "緯度": 31.86898, "経度": 130.494116, "url": "https://www.iryou.teikyouseido.mhlw.go.jp/znk-web/juminkanja/S2430/initialize?prefCd=46&kikanCd=22104&kikanKbn=2", "url2": null, "内容": "祁答院診療所【2:診療所】【診療科目:内科_整形外科_麻酔科】鹿児島県薩摩川内市祁答院町下手５７－１" }, "geometry": { "type": "Point", "coordinates": [ 130.494116, 31.86898 ] } },
{ "type": "Feature", "properties": { "ID": 46222106, "正式名称": "整形外科こざくらクリニック", "機関区分": 2, "都道府県コード": 46, "市区町村コード": 215, "所在地": "鹿児島県薩摩川内市勝目町４１１０－２", "緯度": 31.788753, "経度": 130.31445, "url": "https://www.iryou.teikyouseido.mhlw.go.jp/znk-web/juminkanja/S2430/initialize?prefCd=46&kikanCd=22106&kikanKbn=2", "url2": null, "内容": "整形外科こざくらクリニック【2:診療所】【診療科目:整形外科_リウマチ科_リハビリテーション科】鹿児島県薩摩川内市勝目町４１１０－２" }, "geometry": { "type": "Point", "coordinates": [ 130.31445, 31.788753 ] } },
{ "type": "Feature", "properties": { "ID": 46222109, "正式名称": "薩摩川内市鹿島診療所", "機関区分": 2, "都道府県コード": 46, "市区町村コード": 215, "所在地": "鹿児島県薩摩川内市鹿島町藺牟田", "緯度": 31.775761, "経度": 129.791014, "url": "https://www.iryou.teikyouseido.mhlw.go.jp/znk-web/juminkanja/S2430/initialize?prefCd=46&kikanCd=22109&kikanKbn=2", "url2": null, "内容": "薩摩川内市鹿島診療所【2:診療所】【診療科目:内科_歯科】鹿児島県薩摩川内市鹿島町藺牟田" }, "geometry": { "type": "Point", "coordinates": [ 129.791014, 31.775761 ] } },
{ "type": "Feature", "properties": { "ID": 46222111, "正式名称": "薩摩川内市上甑診療所", "機関区分": 2, "都道府県コード": 46, "市区町村コード": 215, "所在地": "鹿児島県薩摩川内市上甑町中甑４９０番地１", "緯度": 31.835772, "経度": 129.867743, "url": "https://www.iryou.teikyouseido.mhlw.go.jp/znk-web/juminkanja/S2430/initialize?prefCd=46&kikanCd=22111&kikanKbn=2", "url2": null, "内容": "薩摩川内市上甑診療所【2:診療所】【診療科目:内科_眼科_歯科】鹿児島県薩摩川内市上甑町中甑４９０番地１" }, "geometry": { "type": "Point", "coordinates": [ 129.867743, 31.835772 ] } },
{ "type": "Feature", "properties": { "ID": 46222120, "正式名称": "薩摩川内市下甑手打診療所", "機関区分": 2, "都道府県コード": 46, "市区町村コード": 215, "所在地": "鹿児島県薩摩川内市下甑町手打９５６", "緯度": 31.639994, "経度": 129.706818, "url": "https://www.iryou.teikyouseido.mhlw.go.jp/znk-web/juminkanja/S2430/initialize?prefCd=46&kikanCd=22120&kikanKbn=2", "url2": null, "内容": "薩摩川内市下甑手打診療所【2:診療所】【診療科目:内科_外科_小児科】鹿児島県薩摩川内市下甑町手打９５６" }, "geometry": { "type": "Point", "coordinates": [ 129.706818, 31.639994 ] } },
{ "type": "Feature", "properties": { "ID": 46222121, "正式名称": "薩摩川内市下甑長浜診療所", "機関区分": 2, "都道府県コード": 46, "市区町村コード": 215, "所在地": "鹿児島県薩摩川内市下甑町長浜８番地３", "緯度": 31.699066, "経度": 129.737967, "url": "https://www.iryou.teikyouseido.mhlw.go.jp/znk-web/juminkanja/S2430/initialize?prefCd=46&kikanCd=22121&kikanKbn=2", "url2": null, "内容": "薩摩川内市下甑長浜診療所【2:診療所】【診療科目:内科_外科】鹿児島県薩摩川内市下甑町長浜８番地３" }, "geometry": { "type": "Point", "coordinates": [ 129.737967, 31.699066 ] } },
{ "type": "Feature", "properties": { "ID": 46222131, "正式名称": "新門整形外科", "機関区分": 2, "都道府県コード": 46, "市区町村コード": 215, "所在地": "鹿児島県薩摩川内市中郷一丁目８番１６号", "緯度": 31.831422, "経度": 130.310274, "url": "https://www.iryou.teikyouseido.mhlw.go.jp/znk-web/juminkanja/S2430/initialize?prefCd=46&kikanCd=22131&kikanKbn=2", "url2": "https://kusunokikai.or.jp", "内容": "新門整形外科【2:診療所】【診療科目:整形外科_リウマチ科_リハビリテーション科_麻酔科】鹿児島県薩摩川内市中郷一丁目８番１６号" }, "geometry": { "type": "Point", "coordinates": [ 130.310274, 31.831422 ] } },
{ "type": "Feature", "properties": { "ID": 46222132, "正式名称": "新門リハビリテーションクリニック", "機関区分": 2, "都道府県コード": 46, "市区町村コード": 215, "所在地": "鹿児島県薩摩川内市中郷１丁目７番６号", "緯度": 31.831084, "経度": 130.309439, "url": "https://www.iryou.teikyouseido.mhlw.go.jp/znk-web/juminkanja/S2430/initialize?prefCd=46&kikanCd=22132&kikanKbn=2", "url2": "https://kusunokikai.or.jp", "内容": "新門リハビリテーションクリニック【2:診療所】【診療科目:内科_神経内科_整形外科_リハビリテーション科】鹿児島県薩摩川内市中郷１丁目７番６号" }, "geometry": { "type": "Point", "coordinates": [ 130.309439, 31.831084 ] } },
{ "type": "Feature", "properties": { "ID": 46222134, "正式名称": "医療法人九十九会関小児科医院", "機関区分": 2, "都道府県コード": 46, "市区町村コード": 215, "所在地": "鹿児島県薩摩川内市東開聞町８－３", "緯度": 31.8174, "経度": 130.303797, "url": "https://www.iryou.teikyouseido.mhlw.go.jp/znk-web/juminkanja/S2430/initialize?prefCd=46&kikanCd=22134&kikanKbn=2", "url2": null, "内容": "医療法人九十九会関小児科医院【2:診療所】【診療科目:小児科】鹿児島県薩摩川内市東開聞町８－３" }, "geometry": { "type": "Point", "coordinates": [ 130.303797, 31.8174 ] } },
{ "type": "Feature", "properties": { "ID": 46222135, "正式名称": "川薩保健所", "機関区分": 2, "都道府県コード": 46, "市区町村コード": 215, "所在地": "鹿児島県薩摩川内市隈之城町２２８番地１", "緯度": 31.800282, "経度": 130.30715, "url": "https://www.iryou.teikyouseido.mhlw.go.jp/znk-web/juminkanja/S2430/initialize?prefCd=46&kikanCd=22135&kikanKbn=2", "url2": null, "内容": "川薩保健所【2:診療所】【診療科目:内科】鹿児島県薩摩川内市隈之城町２２８番地１" }, "geometry": { "type": "Point", "coordinates": [ 130.30715, 31.800282 ] } },
{ "type": "Feature", "properties": { "ID": 46222136, "正式名称": "せんだい耳鼻咽喉科", "機関区分": 2, "都道府県コード": 46, "市区町村コード": 215, "所在地": "鹿児島県薩摩川内市高城町", "緯度": 31.846808, "経度": 130.2899, "url": "https://www.iryou.teikyouseido.mhlw.go.jp/znk-web/juminkanja/S2430/initialize?prefCd=46&kikanCd=22136&kikanKbn=2", "url2": "http://www.sendai-ent.jp", "内容": "せんだい耳鼻咽喉科【2:診療所】【診療科目:耳鼻いんこう科_アレルギー科】鹿児島県薩摩川内市高城町" }, "geometry": { "type": "Point", "coordinates": [ 130.2899, 31.846808 ] } },
{ "type": "Feature", "properties": { "ID": 46222137, "正式名称": "川内こどもクリニック", "機関区分": 2, "都道府県コード": 46, "市区町村コード": 215, "所在地": "鹿児島県薩摩川内市原田町３０－２６", "緯度": 31.830815, "経度": 130.309411, "url": "https://www.iryou.teikyouseido.mhlw.go.jp/znk-web/juminkanja/S2430/initialize?prefCd=46&kikanCd=22137&kikanKbn=2", "url2": null, "内容": "川内こどもクリニック【2:診療所】【診療科目:小児科】鹿児島県薩摩川内市原田町３０－２６" }, "geometry": { "type": "Point", "coordinates": [ 130.309411, 31.830815 ] } },
{ "type": "Feature", "properties": { "ID": 46222139, "正式名称": "川内脳神経外科", "機関区分": 2, "都道府県コード": 46, "市区町村コード": 215, "所在地": "鹿児島県薩摩川内市五代町３２１０－１", "緯度": 31.831984, "経度": 130.287681, "url": "https://www.iryou.teikyouseido.mhlw.go.jp/znk-web/juminkanja/S2430/initialize?prefCd=46&kikanCd=22139&kikanKbn=2", "url2": null, "内容": "川内脳神経外科【2:診療所】【診療科目:内科_神経内科_脳神経外科】鹿児島県薩摩川内市五代町３２１０－１" }, "geometry": { "type": "Point", "coordinates": [ 130.287681, 31.831984 ] } },
{ "type": "Feature", "properties": { "ID": 46222140, "正式名称": "副田クリニック", "機関区分": 2, "都道府県コード": 46, "市区町村コード": 215, "所在地": "鹿児島県薩摩川内市入来町副田５６２７－３５", "緯度": 31.82561, "経度": 130.435746, "url": "https://www.iryou.teikyouseido.mhlw.go.jp/znk-web/juminkanja/S2430/initialize?prefCd=46&kikanCd=22140&kikanKbn=2", "url2": null, "内容": "副田クリニック【2:診療所】【診療科目:内科_外科_整形外科_リハビリテーション科】鹿児島県薩摩川内市入来町副田５６２７－３５" }, "geometry": { "type": "Point", "coordinates": [ 130.435746, 31.82561 ] } },
{ "type": "Feature", "properties": { "ID": 46222141, "正式名称": "大海クリニック", "機関区分": 2, "都道府県コード": 46, "市区町村コード": 215, "所在地": "鹿児島県薩摩川内市中郷三丁目６５番地", "緯度": 31.835725, "経度": 130.312904, "url": "https://www.iryou.teikyouseido.mhlw.go.jp/znk-web/juminkanja/S2430/initialize?prefCd=46&kikanCd=22141&kikanKbn=2", "url2": "https://taikaiclinic.or.jp", "内容": "大海クリニック【2:診療所】【診療科目:内科_呼吸器内科_循環器内科_消化器内科_放射線科】鹿児島県薩摩川内市中郷三丁目６５番地" }, "geometry": { "type": "Point", "coordinates": [ 130.312904, 31.835725 ] } },
{ "type": "Feature", "properties": { "ID": 46222142, "正式名称": "大海整形外科", "機関区分": 2, "都道府県コード": 46, "市区町村コード": 215, "所在地": "鹿児島県薩摩川内市中郷１丁目３９－２７", "緯度": 31.835308, "経度": 130.312498, "url": "https://www.iryou.teikyouseido.mhlw.go.jp/znk-web/juminkanja/S2430/initialize?prefCd=46&kikanCd=22142&kikanKbn=2", "url2": "https://taikai-seikei.com/", "内容": "大海整形外科【2:診療所】【診療科目:整形外科_リウマチ科_リハビリテーション科】鹿児島県薩摩川内市中郷１丁目３９－２７" }, "geometry": { "type": "Point", "coordinates": [ 130.312498, 31.835308 ] } },
{ "type": "Feature", "properties": { "ID": 46222143, "正式名称": "田島産婦人科", "機関区分": 2, "都道府県コード": 46, "市区町村コード": 215, "所在地": "鹿児島県薩摩川内市平佐町", "緯度": 31.811552, "経度": 130.31946, "url": "https://www.iryou.teikyouseido.mhlw.go.jp/znk-web/juminkanja/S2430/initialize?prefCd=46&kikanCd=22143&kikanKbn=2", "url2": "https://tajimahospital.com/", "内容": "田島産婦人科【2:診療所】【診療科目:産婦人科_産科_婦人科_麻酔科】鹿児島県薩摩川内市平佐町" }, "geometry": { "type": "Point", "coordinates": [ 130.31946, 31.811552 ] } },
{ "type": "Feature", "properties": { "ID": 46222145, "正式名称": "手塚医院", "機関区分": 2, "都道府県コード": 46, "市区町村コード": 215, "所在地": "鹿児島県薩摩川内市大小路町", "緯度": 31.824234, "経度": 130.303338, "url": "https://www.iryou.teikyouseido.mhlw.go.jp/znk-web/juminkanja/S2430/initialize?prefCd=46&kikanCd=22145&kikanKbn=2", "url2": null, "内容": "手塚医院【2:診療所】【診療科目:内科_循環器内科_リハビリテーション科】鹿児島県薩摩川内市大小路町" }, "geometry": { "type": "Point", "coordinates": [ 130.303338, 31.824234 ] } },
{ "type": "Feature", "properties": { "ID": 46222149, "正式名称": "中山クリニック", "機関区分": 2, "都道府県コード": 46, "市区町村コード": 215, "所在地": "鹿児島県薩摩川内市高城町", "緯度": 31.846531, "経度": 130.288867, "url": "https://www.iryou.teikyouseido.mhlw.go.jp/znk-web/juminkanja/S2430/initialize?prefCd=46&kikanCd=22149&kikanKbn=2", "url2": null, "内容": "中山クリニック【2:診療所】【診療科目:内科_胃腸内科_外科】鹿児島県薩摩川内市高城町" }, "geometry": { "type": "Point", "coordinates": [ 130.288867, 31.846531 ] } },
{ "type": "Feature", "properties": { "ID": 46222155, "正式名称": "浜田医院", "機関区分": 2, "都道府県コード": 46, "市区町村コード": 215, "所在地": "鹿児島県薩摩川内市水引町７６１５－８", "緯度": 31.854445, "経度": 130.234905, "url": "https://www.iryou.teikyouseido.mhlw.go.jp/znk-web/juminkanja/S2430/initialize?prefCd=46&kikanCd=22155&kikanKbn=2", "url2": null, "内容": "浜田医院【2:診療所】【診療科目:内科_循環器内科_外科_血管外科_麻酔科】鹿児島県薩摩川内市水引町７６１５－８" }, "geometry": { "type": "Point", "coordinates": [ 130.234905, 31.854445 ] } },
{ "type": "Feature", "properties": { "ID": 46222156, "正式名称": "ひがしクリニック", "機関区分": 2, "都道府県コード": 46, "市区町村コード": 215, "所在地": "鹿児島県薩摩川内市勝目町４１１０－１６", "緯度": 31.789084, "経度": 130.314533, "url": "https://www.iryou.teikyouseido.mhlw.go.jp/znk-web/juminkanja/S2430/initialize?prefCd=46&kikanCd=22156&kikanKbn=2", "url2": "https://www.higashi-clinic.net", "内容": "ひがしクリニック【2:診療所】【診療科目:内科_呼吸器内科_循環器内科_消化器内科】鹿児島県薩摩川内市勝目町４１１０－１６" }, "geometry": { "type": "Point", "coordinates": [ 130.314533, 31.789084 ] } },
{ "type": "Feature", "properties": { "ID": 46222158, "正式名称": "医療法人厚徳会　日高内科・内視鏡クリニック", "機関区分": 2, "都道府県コード": 46, "市区町村コード": 215, "所在地": "鹿児島県薩摩川内市勝目町５８４２－５", "緯度": 31.785376, "経度": 130.318466, "url": "https://www.iryou.teikyouseido.mhlw.go.jp/znk-web/juminkanja/S2430/initialize?prefCd=46&kikanCd=22158&kikanKbn=2", "url2": null, "内容": "医療法人厚徳会　日高内科・内視鏡クリニック【2:診療所】【診療科目:内科_循環器内科_消化器内科_肛門外科】鹿児島県薩摩川内市勝目町５８４２－５" }, "geometry": { "type": "Point", "coordinates": [ 130.318466, 31.785376 ] } },
{ "type": "Feature", "properties": { "ID": 46222159, "正式名称": "ひらさ内科", "機関区分": 2, "都道府県コード": 46, "市区町村コード": 215, "所在地": "鹿児島県薩摩川内市平佐町３７３３", "緯度": 31.820709, "経度": 130.320508, "url": "https://www.iryou.teikyouseido.mhlw.go.jp/znk-web/juminkanja/S2430/initialize?prefCd=46&kikanCd=22159&kikanKbn=2", "url2": "https://hirasanaika.com/", "内容": "ひらさ内科【2:診療所】【診療科目:呼吸器内科_循環器内科_消化器内科_リウマチ科】鹿児島県薩摩川内市平佐町３７３３" }, "geometry": { "type": "Point", "coordinates": [ 130.320508, 31.820709 ] } },
{ "type": "Feature", "properties": { "ID": 46222161, "正式名称": "福山内科", "機関区分": 2, "都道府県コード": 46, "市区町村コード": 215, "所在地": "鹿児島県薩摩川内市西向田町５ー１９", "緯度": 31.812795, "経度": 130.306528, "url": "https://www.iryou.teikyouseido.mhlw.go.jp/znk-web/juminkanja/S2430/initialize?prefCd=46&kikanCd=22161&kikanKbn=2", "url2": "https://https://fukuyamanaika.com", "内容": "福山内科【2:診療所】【診療科目:内科_感染症内科_呼吸器内科_消化器内科_胃腸内科】鹿児島県薩摩川内市西向田町５ー１９" }, "geometry": { "type": "Point", "coordinates": [ 130.306528, 31.812795 ] } },
{ "type": "Feature", "properties": { "ID": 46222166, "正式名称": "宮崎小児科", "機関区分": 2, "都道府県コード": 46, "市区町村コード": 215, "所在地": "鹿児島県薩摩川内市平佐町１６９３－８", "緯度": 31.810004, "経度": 130.321879, "url": "https://www.iryou.teikyouseido.mhlw.go.jp/znk-web/juminkanja/S2430/initialize?prefCd=46&kikanCd=22166&kikanKbn=2", "url2": "https://miyazakisyonika.jp/", "内容": "宮崎小児科【2:診療所】【診療科目:小児科】鹿児島県薩摩川内市平佐町１６９３－８" }, "geometry": { "type": "Point", "coordinates": [ 130.321879, 31.810004 ] } },
{ "type": "Feature", "properties": { "ID": 46222168, "正式名称": "森田内科医院", "機関区分": 2, "都道府県コード": 46, "市区町村コード": 215, "所在地": "鹿児島県薩摩川内市大小路町", "緯度": 31.825657, "経度": 130.303369, "url": "https://www.iryou.teikyouseido.mhlw.go.jp/znk-web/juminkanja/S2430/initialize?prefCd=46&kikanCd=22168&kikanKbn=2", "url2": null, "内容": "森田内科医院【2:診療所】【診療科目:内科_消化器内科_人工透析内科】鹿児島県薩摩川内市大小路町" }, "geometry": { "type": "Point", "coordinates": [ 130.303369, 31.825657 ] } },
{ "type": "Feature", "properties": { "ID": 46222171, "正式名称": "医療法人山下医院", "機関区分": 2, "都道府県コード": 46, "市区町村コード": 215, "所在地": "鹿児島県薩摩川内市向田町９９５－１", "緯度": 31.810529, "経度": 130.311749, "url": "https://www.iryou.teikyouseido.mhlw.go.jp/znk-web/juminkanja/S2430/initialize?prefCd=46&kikanCd=22171&kikanKbn=2", "url2": null, "内容": "医療法人山下医院【2:診療所】【診療科目:内科_糖尿病内科_循環器内科_消化器内科_胃腸内科_外科_整形外科_美容皮膚科】鹿児島県薩摩川内市向田町９９５－１" }, "geometry": { "type": "Point", "coordinates": [ 130.311749, 31.810529 ] } },
{ "type": "Feature", "properties": { "ID": 46222172, "正式名称": "山本耳鼻咽喉科", "機関区分": 2, "都道府県コード": 46, "市区町村コード": 215, "所在地": "鹿児島県薩摩川内市東開聞町７－１３", "緯度": 31.817075, "経度": 130.303906, "url": "https://www.iryou.teikyouseido.mhlw.go.jp/znk-web/juminkanja/S2430/initialize?prefCd=46&kikanCd=22172&kikanKbn=2", "url2": "https://www.yamakende.com", "内容": "山本耳鼻咽喉科【2:診療所】【診療科目:耳鼻いんこう科_気管食道・耳鼻いんこう科】鹿児島県薩摩川内市東開聞町７－１３" }, "geometry": { "type": "Point", "coordinates": [ 130.303906, 31.817075 ] } },
{ "type": "Feature", "properties": { "ID": 46222175, "正式名称": "わかばクリニック", "機関区分": 2, "都道府県コード": 46, "市区町村コード": 215, "所在地": "鹿児島県薩摩川内市祁答院町下手９７７", "緯度": 31.872122, "経度": 130.494344, "url": "https://www.iryou.teikyouseido.mhlw.go.jp/znk-web/juminkanja/S2430/initialize?prefCd=46&kikanCd=22175&kikanKbn=2", "url2": null, "内容": "わかばクリニック【2:診療所】【診療科目:内科_循環器内科】鹿児島県薩摩川内市祁答院町下手９７７" }, "geometry": { "type": "Point", "coordinates": [ 130.494344, 31.872122 ] } },
{ "type": "Feature", "properties": { "ID": 46222176, "正式名称": "虹クリニック", "機関区分": 2, "都道府県コード": 46, "市区町村コード": 215, "所在地": "鹿児島県薩摩川内市田崎町２１４－１", "緯度": 31.811317, "経度": 130.332903, "url": "https://www.iryou.teikyouseido.mhlw.go.jp/znk-web/juminkanja/S2430/initialize?prefCd=46&kikanCd=22176&kikanKbn=2", "url2": "https://www.rainbow242222.com/", "内容": "虹クリニック【2:診療所】【診療科目:内科_疼痛緩和内科_皮膚科】鹿児島県薩摩川内市田崎町２１４－１" }, "geometry": { "type": "Point", "coordinates": [ 130.332903, 31.811317 ] } },
{ "type": "Feature", "properties": { "ID": 46222178, "正式名称": "医療法人　晴光会　あかり眼科クリニック", "機関区分": 2, "都道府県コード": 46, "市区町村コード": 392, "所在地": "鹿児島県薩摩郡さつま町虎居７６７－１", "緯度": 31.914186, "経度": 130.455615, "url": "https://www.iryou.teikyouseido.mhlw.go.jp/znk-web/juminkanja/S2430/initialize?prefCd=46&kikanCd=22178&kikanKbn=2", "url2": null, "内容": "医療法人　晴光会　あかり眼科クリニック【2:診療所】【診療科目:眼科】鹿児島県薩摩郡さつま町虎居７６７－１" }, "geometry": { "type": "Point", "coordinates": [ 130.455615, 31.914186 ] } },
{ "type": "Feature", "properties": { "ID": 46222179, "正式名称": "医療法人　海江田医院", "機関区分": 2, "都道府県コード": 46, "市区町村コード": 392, "所在地": "鹿児島県薩摩郡さつま町宮之城屋地１４６１", "緯度": 31.902372, "経度": 130.453972, "url": "https://www.iryou.teikyouseido.mhlw.go.jp/znk-web/juminkanja/S2430/initialize?prefCd=46&kikanCd=22179&kikanKbn=2", "url2": "http://www.11hospital.com/kaieda/", "内容": "医療法人　海江田医院【2:診療所】【診療科目:整形外科_リウマチ科_リハビリテーション科】鹿児島県薩摩郡さつま町宮之城屋地１４６１" }, "geometry": { "type": "Point", "coordinates": [ 130.453972, 31.902372 ] } },
{ "type": "Feature", "properties": { "ID": 46222182, "正式名称": "相良医院", "機関区分": 2, "都道府県コード": 46, "市区町村コード": 392, "所在地": "鹿児島県薩摩郡さつま町宮之城屋地１５３１ー３", "緯度": 31.905112, "経度": 130.453493, "url": "https://www.iryou.teikyouseido.mhlw.go.jp/znk-web/juminkanja/S2430/initialize?prefCd=46&kikanCd=22182&kikanKbn=2", "url2": null, "内容": "相良医院【2:診療所】【診療科目:内科_小児科】鹿児島県薩摩郡さつま町宮之城屋地１５３１ー３" }, "geometry": { "type": "Point", "coordinates": [ 130.453493, 31.905112 ] } },
{ "type": "Feature", "properties": { "ID": 46222187, "正式名称": "すずき耳鼻咽喉科", "機関区分": 2, "都道府県コード": 46, "市区町村コード": 392, "所在地": "鹿児島県薩摩郡さつま町轟町１８－１０", "緯度": 31.912989, "経度": 130.458242, "url": "https://www.iryou.teikyouseido.mhlw.go.jp/znk-web/juminkanja/S2430/initialize?prefCd=46&kikanCd=22187&kikanKbn=2", "url2": null, "内容": "すずき耳鼻咽喉科【2:診療所】【診療科目:耳鼻いんこう科】鹿児島県薩摩郡さつま町轟町１８－１０" }, "geometry": { "type": "Point", "coordinates": [ 130.458242, 31.912989 ] } },
{ "type": "Feature", "properties": { "ID": 46222188, "正式名称": "てらだ内科クリニック", "機関区分": 2, "都道府県コード": 46, "市区町村コード": 392, "所在地": "鹿児島県薩摩郡さつま町田原１４７ー３", "緯度": 31.919533, "経度": 130.483286, "url": "https://www.iryou.teikyouseido.mhlw.go.jp/znk-web/juminkanja/S2430/initialize?prefCd=46&kikanCd=22188&kikanKbn=2", "url2": "https://terada-naika.jp", "内容": "てらだ内科クリニック【2:診療所】【診療科目:内科_消化器内科】鹿児島県薩摩郡さつま町田原１４７ー３" }, "geometry": { "type": "Point", "coordinates": [ 130.483286, 31.919533 ] } },
{ "type": "Feature", "properties": { "ID": 46222190, "正式名称": "医療法人　林田内科", "機関区分": 2, "都道府県コード": 46, "市区町村コード": 392, "所在地": "鹿児島県薩摩郡さつま町宮之城屋地１５４８", "緯度": 31.906351, "経度": 130.45415, "url": "https://www.iryou.teikyouseido.mhlw.go.jp/znk-web/juminkanja/S2430/initialize?prefCd=46&kikanCd=22190&kikanKbn=2", "url2": null, "内容": "医療法人　林田内科【2:診療所】【診療科目:内科_呼吸器内科_放射線科】鹿児島県薩摩郡さつま町宮之城屋地１５４８" }, "geometry": { "type": "Point", "coordinates": [ 130.45415, 31.906351 ] } },
{ "type": "Feature", "properties": { "ID": 46222193, "正式名称": "ますざき医院", "機関区分": 2, "都道府県コード": 46, "市区町村コード": 392, "所在地": "鹿児島県薩摩郡さつま町広瀬６７３", "緯度": 31.920323, "経度": 130.486336, "url": "https://www.iryou.teikyouseido.mhlw.go.jp/znk-web/juminkanja/S2430/initialize?prefCd=46&kikanCd=22193&kikanKbn=2", "url2": "https://www.masuzaki-clinic.com/", "内容": "ますざき医院【2:診療所】【診療科目:内科_外科_小児科_救急科】鹿児島県薩摩郡さつま町広瀬６７３" }, "geometry": { "type": "Point", "coordinates": [ 130.486336, 31.920323 ] } },
{ "type": "Feature", "properties": { "ID": 46222197, "正式名称": "長島町国民健康保険鷹巣診療所", "機関区分": 2, "都道府県コード": 46, "市区町村コード": 404, "所在地": "鹿児島県出水郡長島町鷹巣１８４１番地６", "緯度": 32.198593, "経度": 130.177538, "url": "https://www.iryou.teikyouseido.mhlw.go.jp/znk-web/juminkanja/S2430/initialize?prefCd=46&kikanCd=22197&kikanKbn=2", "url2": null, "内容": "長島町国民健康保険鷹巣診療所【2:診療所】【診療科目:内科_外科】鹿児島県出水郡長島町鷹巣１８４１番地６" }, "geometry": { "type": "Point", "coordinates": [ 130.177538, 32.198593 ] } },
{ "type": "Feature", "properties": { "ID": 46222198, "正式名称": "高野医院", "機関区分": 2, "都道府県コード": 46, "市区町村コード": 404, "所在地": "鹿児島県出水郡長島町鷹巣３６８１番地２", "緯度": 32.198207, "経度": 130.181666, "url": "https://www.iryou.teikyouseido.mhlw.go.jp/znk-web/juminkanja/S2430/initialize?prefCd=46&kikanCd=22198&kikanKbn=2", "url2": null, "内容": "高野医院【2:診療所】【診療科目:内科_小児科】鹿児島県出水郡長島町鷹巣３６８１番地２" }, "geometry": { "type": "Point", "coordinates": [ 130.181666, 32.198207 ] } },
{ "type": "Feature", "properties": { "ID": 46222199, "正式名称": "長島クリニック", "機関区分": 2, "都道府県コード": 46, "市区町村コード": 404, "所在地": "鹿児島県出水郡長島町指江", "緯度": 32.156571, "経度": 130.116083, "url": "https://www.iryou.teikyouseido.mhlw.go.jp/znk-web/juminkanja/S2430/initialize?prefCd=46&kikanCd=22199&kikanKbn=2", "url2": null, "内容": "長島クリニック【2:診療所】【診療科目:内科_神経内科_外科】鹿児島県出水郡長島町指江" }, "geometry": { "type": "Point", "coordinates": [ 130.116083, 32.156571 ] } },
{ "type": "Feature", "properties": { "ID": 46222503, "正式名称": "古川医院", "機関区分": 2, "都道府県コード": 46, "市区町村コード": 224, "所在地": "鹿児島県伊佐市大口曽木１２６３", "緯度": 32.00971, "経度": 130.60184, "url": "https://www.iryou.teikyouseido.mhlw.go.jp/znk-web/juminkanja/S2430/initialize?prefCd=46&kikanCd=22503&kikanKbn=2", "url2": null, "内容": "古川医院【2:診療所】【診療科目:内科_小児科】鹿児島県伊佐市大口曽木１２６３" }, "geometry": { "type": "Point", "coordinates": [ 130.60184, 32.00971 ] } },
{ "type": "Feature", "properties": { "ID": 46222506, "正式名称": "大保・川添クリニック", "機関区分": 2, "都道府県コード": 46, "市区町村コード": 224, "所在地": "鹿児島県伊佐市大口里３５４番地１", "緯度": 32.062955, "経度": 130.603637, "url": "https://www.iryou.teikyouseido.mhlw.go.jp/znk-web/juminkanja/S2430/initialize?prefCd=46&kikanCd=22506&kikanKbn=2", "url2": null, "内容": "大保・川添クリニック【2:診療所】【診療科目:内科_循環器内科_小児科_皮膚科】鹿児島県伊佐市大口里３５４番地１" }, "geometry": { "type": "Point", "coordinates": [ 130.603637, 32.062955 ] } },
{ "type": "Feature", "properties": { "ID": 46222509, "正式名称": "有村クリニック", "機関区分": 2, "都道府県コード": 46, "市区町村コード": 224, "所在地": "鹿児島県伊佐市大口里１８８９－２", "緯度": 32.057767, "経度": 130.612738, "url": "https://www.iryou.teikyouseido.mhlw.go.jp/znk-web/juminkanja/S2430/initialize?prefCd=46&kikanCd=22509&kikanKbn=2", "url2": null, "内容": "有村クリニック【2:診療所】【診療科目:内科_循環器内科_消化器内科_胃腸内科_小児科】鹿児島県伊佐市大口里１８８９－２" }, "geometry": { "type": "Point", "coordinates": [ 130.612738, 32.057767 ] } },
{ "type": "Feature", "properties": { "ID": 46222510, "正式名称": "むらたクリニック", "機関区分": 2, "都道府県コード": 46, "市区町村コード": 224, "所在地": "鹿児島県伊佐市大口大田１７６４－１", "緯度": 32.079811, "経度": 130.599804, "url": "https://www.iryou.teikyouseido.mhlw.go.jp/znk-web/juminkanja/S2430/initialize?prefCd=46&kikanCd=22510&kikanKbn=2", "url2": "https://renkei.kufm.kagoshima-u.ac.jp/segodon/medical-list/detail/?oc=c014000312", "内容": "むらたクリニック【2:診療所】【診療科目:内科_外科】鹿児島県伊佐市大口大田１７６４－１" }, "geometry": { "type": "Point", "coordinates": [ 130.599804, 32.079811 ] } },
{ "type": "Feature", "properties": { "ID": 46222513, "正式名称": "寺師医院", "機関区分": 2, "都道府県コード": 46, "市区町村コード": 224, "所在地": "鹿児島県伊佐市大口上町十二番地六", "緯度": 32.058782, "経度": 130.606145, "url": "https://www.iryou.teikyouseido.mhlw.go.jp/znk-web/juminkanja/S2430/initialize?prefCd=46&kikanCd=22513&kikanKbn=2", "url2": null, "内容": "寺師医院【2:診療所】【診療科目:内科_消化器内科_放射線科】鹿児島県伊佐市大口上町十二番地六" }, "geometry": { "type": "Point", "coordinates": [ 130.606145, 32.058782 ] } },
{ "type": "Feature", "properties": { "ID": 46222515, "正式名称": "医療法人照仁会日高内科", "機関区分": 2, "都道府県コード": 46, "市区町村コード": 224, "所在地": "鹿児島県伊佐市大口上町", "緯度": 32.061103, "経度": 130.607866, "url": "https://www.iryou.teikyouseido.mhlw.go.jp/znk-web/juminkanja/S2430/initialize?prefCd=46&kikanCd=22515&kikanKbn=2", "url2": null, "内容": "医療法人照仁会日高内科【2:診療所】【診療科目:内科_循環器内科_小児科_放射線科】鹿児島県伊佐市大口上町" }, "geometry": { "type": "Point", "coordinates": [ 130.607866, 32.061103 ] } },
{ "type": "Feature", "properties": { "ID": 46222516, "正式名称": "大口保健所", "機関区分": 2, "都道府県コード": 46, "市区町村コード": 224, "所在地": "鹿児島県伊佐市大口里５３－１", "緯度": 32.064427, "経度": 130.605935, "url": "https://www.iryou.teikyouseido.mhlw.go.jp/znk-web/juminkanja/S2430/initialize?prefCd=46&kikanCd=22516&kikanKbn=2", "url2": null, "内容": "大口保健所【2:診療所】【診療科目:内科】鹿児島県伊佐市大口里５３－１" }, "geometry": { "type": "Point", "coordinates": [ 130.605935, 32.064427 ] } },
{ "type": "Feature", "properties": { "ID": 46222519, "正式名称": "なかむら産婦人科", "機関区分": 2, "都道府県コード": 46, "市区町村コード": 224, "所在地": "鹿児島県伊佐市大口上町４６－１２", "緯度": 32.063584, "経度": 130.607165, "url": "https://www.iryou.teikyouseido.mhlw.go.jp/znk-web/juminkanja/S2430/initialize?prefCd=46&kikanCd=22519&kikanKbn=2", "url2": "http://www.nakamura-ladies-clinic.com/", "内容": "なかむら産婦人科【2:診療所】【診療科目:小児科_産婦人科】鹿児島県伊佐市大口上町４６－１２" }, "geometry": { "type": "Point", "coordinates": [ 130.607165, 32.063584 ] } },
{ "type": "Feature", "properties": { "ID": 46222520, "正式名称": "松元クリニック", "機関区分": 2, "都道府県コード": 46, "市区町村コード": 224, "所在地": "鹿児島県伊佐市大４９４－２", "緯度": 32.061307, "経度": 130.603391, "url": "https://www.iryou.teikyouseido.mhlw.go.jp/znk-web/juminkanja/S2430/initialize?prefCd=46&kikanCd=22520&kikanKbn=2", "url2": "http://www.matsumoto-hp.net/", "内容": "松元クリニック【2:診療所】【診療科目:整形外科_リウマチ科_リハビリテーション科】鹿児島県伊佐市大４９４－２" }, "geometry": { "type": "Point", "coordinates": [ 130.603391, 32.061307 ] } },
{ "type": "Feature", "properties": { "ID": 46222523, "正式名称": "坂元内科", "機関区分": 2, "都道府県コード": 46, "市区町村コード": 224, "所在地": "鹿児島県伊佐市菱刈重留１３５３", "緯度": 32.038555, "経度": 130.635148, "url": "https://www.iryou.teikyouseido.mhlw.go.jp/znk-web/juminkanja/S2430/initialize?prefCd=46&kikanCd=22523&kikanKbn=2", "url2": null, "内容": "坂元内科【2:診療所】【診療科目:内科_循環器内科_消化器内科_小児科_皮膚科_リハビリテーション科_放射線科】鹿児島県伊佐市菱刈重留１３５３" }, "geometry": { "type": "Point", "coordinates": [ 130.635148, 32.038555 ] } },
{ "type": "Feature", "properties": { "ID": 46222524, "正式名称": "医療法人心晴　菱刈中央医院", "機関区分": 2, "都道府県コード": 46, "市区町村コード": 224, "所在地": "鹿児島県伊佐市菱刈前目７９０－１", "緯度": 32.01427, "経度": 130.637907, "url": "https://www.iryou.teikyouseido.mhlw.go.jp/znk-web/juminkanja/S2430/initialize?prefCd=46&kikanCd=22524&kikanKbn=2", "url2": null, "内容": "医療法人心晴　菱刈中央医院【2:診療所】【診療科目:内科_消化器内科_外科_整形外科_小児科_皮膚科_リハビリテーション科】鹿児島県伊佐市菱刈前目７９０－１" }, "geometry": { "type": "Point", "coordinates": [ 130.637907, 32.01427 ] } },
{ "type": "Feature", "properties": { "ID": 46222526, "正式名称": "つよしクリニック", "機関区分": 2, "都道府県コード": 46, "市区町村コード": 224, "所在地": "鹿児島県伊佐市菱刈重留", "緯度": 32.036089, "経度": 130.633271, "url": "https://www.iryou.teikyouseido.mhlw.go.jp/znk-web/juminkanja/S2430/initialize?prefCd=46&kikanCd=22526&kikanKbn=2", "url2": "http://tsuyoshi-cl.com", "内容": "つよしクリニック【2:診療所】【診療科目:内科_消化器内科】鹿児島県伊佐市菱刈重留" }, "geometry": { "type": "Point", "coordinates": [ 130.633271, 32.036089 ] } },
{ "type": "Feature", "properties": { "ID": 46222527, "正式名称": "内倉医院", "機関区分": 2, "都道府県コード": 46, "市区町村コード": 225, "所在地": "鹿児島県姶良市東餠田２３６２", "緯度": 31.725555, "経度": 130.627706, "url": "https://www.iryou.teikyouseido.mhlw.go.jp/znk-web/juminkanja/S2430/initialize?prefCd=46&kikanCd=22527&kikanKbn=2", "url2": "https://www.uchikurageka.com/", "内容": "内倉医院【2:診療所】【診療科目:内科_消化器内科_外科_整形外科】鹿児島県姶良市東餠田２３６２" }, "geometry": { "type": "Point", "coordinates": [ 130.627706, 31.725555 ] } },
{ "type": "Feature", "properties": { "ID": 46222531, "正式名称": "久永医院", "機関区分": 2, "都道府県コード": 46, "市区町村コード": 225, "所在地": "鹿児島県姶良市下名１１１７", "緯度": 31.773149, "経度": 130.616579, "url": "https://www.iryou.teikyouseido.mhlw.go.jp/znk-web/juminkanja/S2430/initialize?prefCd=46&kikanCd=22531&kikanKbn=2", "url2": null, "内容": "久永医院【2:診療所】【診療科目:内科】鹿児島県姶良市下名１１１７" }, "geometry": { "type": "Point", "coordinates": [ 130.616579, 31.773149 ] } },
{ "type": "Feature", "properties": { "ID": 46222532, "正式名称": "田中眼科", "機関区分": 2, "都道府県コード": 46, "市区町村コード": 225, "所在地": "鹿児島県姶良市宮島町２０－４", "緯度": 31.728255, "経度": 130.628869, "url": "https://www.iryou.teikyouseido.mhlw.go.jp/znk-web/juminkanja/S2430/initialize?prefCd=46&kikanCd=22532&kikanKbn=2", "url2": "www.tanakaeye.com", "内容": "田中眼科【2:診療所】【診療科目:眼科】鹿児島県姶良市宮島町２０－４" }, "geometry": { "type": "Point", "coordinates": [ 130.628869, 31.728255 ] } },
{ "type": "Feature", "properties": { "ID": 46222538, "正式名称": "医療法人尾田内科胃腸科", "機関区分": 2, "都道府県コード": 46, "市区町村コード": 225, "所在地": "鹿児島県姶良市平松４７３０", "緯度": 31.712438, "経度": 130.603244, "url": "https://www.iryou.teikyouseido.mhlw.go.jp/znk-web/juminkanja/S2430/initialize?prefCd=46&kikanCd=22538&kikanKbn=2", "url2": "https://odanaika-ityouka.com/", "内容": "医療法人尾田内科胃腸科【2:診療所】【診療科目:内科_消化器内科_腎臓内科_人工透析内科】鹿児島県姶良市平松４７３０" }, "geometry": { "type": "Point", "coordinates": [ 130.603244, 31.712438 ] } },
{ "type": "Feature", "properties": { "ID": 46222540, "正式名称": "野元内科医院", "機関区分": 2, "都道府県コード": 46, "市区町村コード": 225, "所在地": "鹿児島県姶良市東餅田２４１２", "緯度": 31.727903, "経度": 130.63011, "url": "https://www.iryou.teikyouseido.mhlw.go.jp/znk-web/juminkanja/S2430/initialize?prefCd=46&kikanCd=22540&kikanKbn=2", "url2": null, "内容": "野元内科医院【2:診療所】【診療科目:内科】鹿児島県姶良市東餅田２４１２" }, "geometry": { "type": "Point", "coordinates": [ 130.63011, 31.727903 ] } },
{ "type": "Feature", "properties": { "ID": 46222545, "正式名称": "山下わたる内科", "機関区分": 2, "都道府県コード": 46, "市区町村コード": 225, "所在地": "鹿児島県姶良市東餅田４２４－１", "緯度": 31.734213, "経度": 130.63362, "url": "https://www.iryou.teikyouseido.mhlw.go.jp/znk-web/juminkanja/S2430/initialize?prefCd=46&kikanCd=22545&kikanKbn=2", "url2": "http://www.ee-hospital.net/yamashita/", "内容": "山下わたる内科【2:診療所】【診療科目:内科_糖尿病内科_呼吸器内科_循環器内科_消化器内科_腎臓内科_人工透析内科】鹿児島県姶良市東餅田４２４－１" }, "geometry": { "type": "Point", "coordinates": [ 130.63362, 31.734213 ] } },
{ "type": "Feature", "properties": { "ID": 46222546, "正式名称": "たけうちクリニック", "機関区分": 2, "都道府県コード": 46, "市区町村コード": 225, "所在地": "鹿児島県姶良市西餠田１４０", "緯度": 31.735683, "経度": 130.628904, "url": "https://www.iryou.teikyouseido.mhlw.go.jp/znk-web/juminkanja/S2430/initialize?prefCd=46&kikanCd=22546&kikanKbn=2", "url2": "http://www.takeuchi-clinic.info", "内容": "たけうちクリニック【2:診療所】【診療科目:内科_胃腸内科_外科】鹿児島県姶良市西餠田１４０" }, "geometry": { "type": "Point", "coordinates": [ 130.628904, 31.735683 ] } },
{ "type": "Feature", "properties": { "ID": 46222547, "正式名称": "川原泌尿器科クリニック", "機関区分": 2, "都道府県コード": 46, "市区町村コード": 225, "所在地": "鹿児島県姶良市西餠田７３－３", "緯度": 31.734059, "経度": 130.623177, "url": "https://www.iryou.teikyouseido.mhlw.go.jp/znk-web/juminkanja/S2430/initialize?prefCd=46&kikanCd=22547&kikanKbn=2", "url2": "http://www.kawahara.or.jp", "内容": "川原泌尿器科クリニック【2:診療所】【診療科目:小児泌尿器科_泌尿器科_男性泌尿器科_神経泌尿器科】鹿児島県姶良市西餠田７３－３" }, "geometry": { "type": "Point", "coordinates": [ 130.623177, 31.734059 ] } },
{ "type": "Feature", "properties": { "ID": 46222549, "正式名称": "ひふ科形成外科西クリニック", "機関区分": 2, "都道府県コード": 46, "市区町村コード": 225, "所在地": "鹿児島県姶良市西餠田１１７ー１", "緯度": 31.73645, "経度": 130.629495, "url": "https://www.iryou.teikyouseido.mhlw.go.jp/znk-web/juminkanja/S2430/initialize?prefCd=46&kikanCd=22549&kikanKbn=2", "url2": "http://www.nishi-clinic.com", "内容": "ひふ科形成外科西クリニック【2:診療所】【診療科目:形成外科_皮膚科_美容皮膚科_アレルギー科】鹿児島県姶良市西餠田１１７ー１" }, "geometry": { "type": "Point", "coordinates": [ 130.629495, 31.73645 ] } },
{ "type": "Feature", "properties": { "ID": 46222550, "正式名称": "竹内レディースクリニック", "機関区分": 2, "都道府県コード": 46, "市区町村コード": 225, "所在地": "鹿児島県姶良市東餠田５０２－２", "緯度": 31.731938, "経度": 130.632016, "url": "https://www.iryou.teikyouseido.mhlw.go.jp/znk-web/juminkanja/S2430/initialize?prefCd=46&kikanCd=22550&kikanKbn=2", "url2": "http://www.takeuchi-ladies.jp", "内容": "竹内レディースクリニック【2:診療所】【診療科目:産科_婦人科_産婦人科（生殖医療）】鹿児島県姶良市東餠田５０２－２" }, "geometry": { "type": "Point", "coordinates": [ 130.632016, 31.731938 ] } },
{ "type": "Feature", "properties": { "ID": 46222553, "正式名称": "医療法人やなせ整形外科", "機関区分": 2, "都道府県コード": 46, "市区町村コード": 225, "所在地": "鹿児島県姶良市平松２９５５番地３", "緯度": 31.71871, "経度": 130.607829, "url": "https://www.iryou.teikyouseido.mhlw.go.jp/znk-web/juminkanja/S2430/initialize?prefCd=46&kikanCd=22553&kikanKbn=2", "url2": "https://www.yanase-clinic.jp", "内容": "医療法人やなせ整形外科【2:診療所】【診療科目:整形外科_リウマチ科_リハビリテーション科】鹿児島県姶良市平松２９５５番地３" }, "geometry": { "type": "Point", "coordinates": [ 130.607829, 31.71871 ] } },
{ "type": "Feature", "properties": { "ID": 46222554, "正式名称": "こまき内科循環器科クリニック", "機関区分": 2, "都道府県コード": 46, "市区町村コード": 225, "所在地": "鹿児島県姶良市宮島町５５－１０", "緯度": 31.725029, "経度": 130.624722, "url": "https://www.iryou.teikyouseido.mhlw.go.jp/znk-web/juminkanja/S2430/initialize?prefCd=46&kikanCd=22554&kikanKbn=2", "url2": "http://www.komaki-cl.or.jp", "内容": "こまき内科循環器科クリニック【2:診療所】【診療科目:内科_糖尿病内科_呼吸器内科_循環器内科_消化器内科_リハビリテーション科】鹿児島県姶良市宮島町５５－１０" }, "geometry": { "type": "Point", "coordinates": [ 130.624722, 31.725029 ] } },
{ "type": "Feature", "properties": { "ID": 46222555, "正式名称": "中馬クリニック", "機関区分": 2, "都道府県コード": 46, "市区町村コード": 225, "所在地": "鹿児島県姶良市平松５８０１", "緯度": 31.70667, "経度": 130.607944, "url": "https://www.iryou.teikyouseido.mhlw.go.jp/znk-web/juminkanja/S2430/initialize?prefCd=46&kikanCd=22555&kikanKbn=2", "url2": "http://www.chuman-cl.com/", "内容": "中馬クリニック【2:診療所】【診療科目:内科_消化器内科】鹿児島県姶良市平松５８０１" }, "geometry": { "type": "Point", "coordinates": [ 130.607944, 31.70667 ] } },
{ "type": "Feature", "properties": { "ID": 46222556, "正式名称": "錦江クリニック", "機関区分": 2, "都道府県コード": 46, "市区町村コード": 225, "所在地": "鹿児島県姶良市脇元９６１－２", "緯度": 31.714121, "経度": 130.619454, "url": "https://www.iryou.teikyouseido.mhlw.go.jp/znk-web/juminkanja/S2430/initialize?prefCd=46&kikanCd=22556&kikanKbn=2", "url2": null, "内容": "錦江クリニック【2:診療所】【診療科目:内科_循環器内科_消化器内科_外科_リハビリテーション科】鹿児島県姶良市脇元９６１－２" }, "geometry": { "type": "Point", "coordinates": [ 130.619454, 31.714121 ] } },
{ "type": "Feature", "properties": { "ID": 46222557, "正式名称": "よしだ内科クリニック", "機関区分": 2, "都道府県コード": 46, "市区町村コード": 225, "所在地": "鹿児島県姶良市西餠田３５５９番地６", "緯度": 31.714844, "経度": 130.622659, "url": "https://www.iryou.teikyouseido.mhlw.go.jp/znk-web/juminkanja/S2430/initialize?prefCd=46&kikanCd=22557&kikanKbn=2", "url2": "/www.citydo.com/prf/kagoshima/guide/sg/t000313998-top.html?c=0401002", "内容": "よしだ内科クリニック【2:診療所】【診療科目:内科_循環器内科_消化器内科_肝臓内科】鹿児島県姶良市西餠田３５５９番地６" }, "geometry": { "type": "Point", "coordinates": [ 130.622659, 31.714844 ] } },
{ "type": "Feature", "properties": { "ID": 46222560, "正式名称": "いわつぼ耳鼻咽喉科・めまいクリニック", "機関区分": 2, "都道府県コード": 46, "市区町村コード": 225, "所在地": "鹿児島県姶良市西餠田", "緯度": 31.736603, "経度": 130.63047, "url": "https://www.iryou.teikyouseido.mhlw.go.jp/znk-web/juminkanja/S2430/initialize?prefCd=46&kikanCd=22560&kikanKbn=2", "url2": "https://iwatsubo-jibika.com", "内容": "いわつぼ耳鼻咽喉科・めまいクリニック【2:診療所】【診療科目:耳鼻いんこう科】鹿児島県姶良市西餠田" }, "geometry": { "type": "Point", "coordinates": [ 130.63047, 31.736603 ] } },
{ "type": "Feature", "properties": { "ID": 46222562, "正式名称": "河俣内科", "機関区分": 2, "都道府県コード": 46, "市区町村コード": 225, "所在地": "鹿児島県姶良市東餅田３１２番地２", "緯度": 31.734167, "経度": 130.62909, "url": "https://www.iryou.teikyouseido.mhlw.go.jp/znk-web/juminkanja/S2430/initialize?prefCd=46&kikanCd=22562&kikanKbn=2", "url2": null, "内容": "河俣内科【2:診療所】【診療科目:内科_呼吸器内科_循環器内科_アレルギー科_リウマチ科】鹿児島県姶良市東餅田３１２番地２" }, "geometry": { "type": "Point", "coordinates": [ 130.62909, 31.734167 ] } },
{ "type": "Feature", "properties": { "ID": 46222563, "正式名称": "医療法人エバーグリーン　でぐち耳鼻咽喉科", "機関区分": 2, "都道府県コード": 46, "市区町村コード": 225, "所在地": "鹿児島県姶良市平松２８７８―１５", "緯度": 31.720144, "経度": 130.609793, "url": "https://www.iryou.teikyouseido.mhlw.go.jp/znk-web/juminkanja/S2430/initialize?prefCd=46&kikanCd=22563&kikanKbn=2", "url2": null, "内容": "医療法人エバーグリーン　でぐち耳鼻咽喉科【2:診療所】【診療科目:耳鼻いんこう科】鹿児島県姶良市平松２８７８―１５" }, "geometry": { "type": "Point", "coordinates": [ 130.609793, 31.720144 ] } },
{ "type": "Feature", "properties": { "ID": 46222564, "正式名称": "マモリエあいら診療所", "機関区分": 2, "都道府県コード": 46, "市区町村コード": 225, "所在地": "鹿児島県姶良市平松３３６０番地", "緯度": 31.719669, "経度": 130.594771, "url": "https://www.iryou.teikyouseido.mhlw.go.jp/znk-web/juminkanja/S2430/initialize?prefCd=46&kikanCd=22564&kikanKbn=2", "url2": null, "内容": "マモリエあいら診療所【2:診療所】【診療科目:内科】鹿児島県姶良市平松３３６０番地" }, "geometry": { "type": "Point", "coordinates": [ 130.594771, 31.719669 ] } },
{ "type": "Feature", "properties": { "ID": 46222565, "正式名称": "ながた脳神経外科", "機関区分": 2, "都道府県コード": 46, "市区町村コード": 225, "所在地": "鹿児島県姶良市東餠田４３３－１４", "緯度": 31.732704, "経度": 130.633146, "url": "https://www.iryou.teikyouseido.mhlw.go.jp/znk-web/juminkanja/S2430/initialize?prefCd=46&kikanCd=22565&kikanKbn=2", "url2": "http://www.clinic-nagata.com/", "内容": "ながた脳神経外科【2:診療所】【診療科目:神経内科_脳外科】鹿児島県姶良市東餠田４３３－１４" }, "geometry": { "type": "Point", "coordinates": [ 130.633146, 31.732704 ] } },
{ "type": "Feature", "properties": { "ID": 46222567, "正式名称": "徳重クリニック", "機関区分": 2, "都道府県コード": 46, "市区町村コード": 225, "所在地": "鹿児島県姶良市加治木町新富町１１０", "緯度": 31.742542, "経度": 130.668243, "url": "https://www.iryou.teikyouseido.mhlw.go.jp/znk-web/juminkanja/S2430/initialize?prefCd=46&kikanCd=22567&kikanKbn=2", "url2": null, "内容": "徳重クリニック【2:診療所】【診療科目:内科_消化器内科】鹿児島県姶良市加治木町新富町１１０" }, "geometry": { "type": "Point", "coordinates": [ 130.668243, 31.742542 ] } },
{ "type": "Feature", "properties": { "ID": 46222570, "正式名称": "医療法人　西眼科医院", "機関区分": 2, "都道府県コード": 46, "市区町村コード": 225, "所在地": "鹿児島県姶良市加治木町本町２２３－２", "緯度": 31.737419, "経度": 130.663639, "url": "https://www.iryou.teikyouseido.mhlw.go.jp/znk-web/juminkanja/S2430/initialize?prefCd=46&kikanCd=22570&kikanKbn=2", "url2": null, "内容": "医療法人　西眼科医院【2:診療所】【診療科目:眼科】鹿児島県姶良市加治木町本町２２３－２" }, "geometry": { "type": "Point", "coordinates": [ 130.663639, 31.737419 ] } },
{ "type": "Feature", "properties": { "ID": 46222572, "正式名称": "医療法人川畑内科医院", "機関区分": 2, "都道府県コード": 46, "市区町村コード": 225, "所在地": "鹿児島県姶良市加治木町錦江町２３４", "緯度": 31.560144, "経度": 130.557986, "url": "https://www.iryou.teikyouseido.mhlw.go.jp/znk-web/juminkanja/S2430/initialize?prefCd=46&kikanCd=22572&kikanKbn=2", "url2": null, "内容": "医療法人川畑内科医院【2:診療所】【診療科目:内科_循環器内科_消化器内科_胃腸内科】鹿児島県姶良市加治木町錦江町２３４" }, "geometry": { "type": "Point", "coordinates": [ 130.557986, 31.560144 ] } },
{ "type": "Feature", "properties": { "ID": 46222574, "正式名称": "松下亮治内科", "機関区分": 2, "都道府県コード": 46, "市区町村コード": 225, "所在地": "鹿児島県姶良市加治木町新生町１３０－１", "緯度": 31.741218, "経度": 130.657061, "url": "https://www.iryou.teikyouseido.mhlw.go.jp/znk-web/juminkanja/S2430/initialize?prefCd=46&kikanCd=22574&kikanKbn=2", "url2": null, "内容": "松下亮治内科【2:診療所】【診療科目:内科_糖尿病・内分泌内科_呼吸器内科_循環器内科_胃腸内科】鹿児島県姶良市加治木町新生町１３０－１" }, "geometry": { "type": "Point", "coordinates": [ 130.657061, 31.741218 ] } },
{ "type": "Feature", "properties": { "ID": 46222575, "正式名称": "西園耳鼻咽喉科クリニック", "機関区分": 2, "都道府県コード": 46, "市区町村コード": 225, "所在地": "鹿児島県姶良市加治木町本町", "緯度": 31.738036, "経度": 130.662701, "url": "https://www.iryou.teikyouseido.mhlw.go.jp/znk-web/juminkanja/S2430/initialize?prefCd=46&kikanCd=22575&kikanKbn=2", "url2": null, "内容": "西園耳鼻咽喉科クリニック【2:診療所】【診療科目:気管食道内科_耳鼻いんこう科_アレルギー科】鹿児島県姶良市加治木町本町" }, "geometry": { "type": "Point", "coordinates": [ 130.662701, 31.738036 ] } },
{ "type": "Feature", "properties": { "ID": 46222576, "正式名称": "医療法人雪光会　浜崎クリニック", "機関区分": 2, "都道府県コード": 46, "市区町村コード": 225, "所在地": "鹿児島県姶良市加治木町反土２６２８", "緯度": 31.740625, "経度": 130.662071, "url": "https://www.iryou.teikyouseido.mhlw.go.jp/znk-web/juminkanja/S2430/initialize?prefCd=46&kikanCd=22576&kikanKbn=2", "url2": null, "内容": "医療法人雪光会　浜崎クリニック【2:診療所】【診療科目:内科_消化器内科_外科_歯科_歯科口腔外科】鹿児島県姶良市加治木町反土２６２８" }, "geometry": { "type": "Point", "coordinates": [ 130.662071, 31.740625 ] } },
{ "type": "Feature", "properties": { "ID": 46222581, "正式名称": "医療法人　王寿会　さんのう内科", "機関区分": 2, "都道府県コード": 46, "市区町村コード": 225, "所在地": "鹿児島県姶良市加治木町諏訪町１８８", "緯度": 31.738952, "経度": 130.667766, "url": "https://www.iryou.teikyouseido.mhlw.go.jp/znk-web/juminkanja/S2430/initialize?prefCd=46&kikanCd=22581&kikanKbn=2", "url2": null, "内容": "医療法人　王寿会　さんのう内科【2:診療所】【診療科目:内科_循環器内科_消化器内科】鹿児島県姶良市加治木町諏訪町１８８" }, "geometry": { "type": "Point", "coordinates": [ 130.667766, 31.738952 ] } },
{ "type": "Feature", "properties": { "ID": 46222584, "正式名称": "加治木中央クリニック", "機関区分": 2, "都道府県コード": 46, "市区町村コード": 225, "所在地": "鹿児島県姶良市加治木町木田４１０番地１", "緯度": 31.735024, "経度": 130.657992, "url": "https://www.iryou.teikyouseido.mhlw.go.jp/znk-web/juminkanja/S2430/initialize?prefCd=46&kikanCd=22584&kikanKbn=2", "url2": null, "内容": "加治木中央クリニック【2:診療所】【診療科目:内科_人工透析内科】鹿児島県姶良市加治木町木田４１０番地１" }, "geometry": { "type": "Point", "coordinates": [ 130.657992, 31.735024 ] } },
{ "type": "Feature", "properties": { "ID": 46222592, "正式名称": "吉留クリニック", "機関区分": 2, "都道府県コード": 46, "市区町村コード": 225, "所在地": "鹿児島県姶良市蒲生町上久徳２５６１番地", "緯度": 31.760141, "経度": 130.57299, "url": "https://www.iryou.teikyouseido.mhlw.go.jp/znk-web/juminkanja/S2430/initialize?prefCd=46&kikanCd=22592&kikanKbn=2", "url2": "http://ichioukai.or.jp/", "内容": "吉留クリニック【2:診療所】【診療科目:内科_呼吸器内科_循環器内科_外科_整形外科_リハビリテーション科】鹿児島県姶良市蒲生町上久徳２５６１番地" }, "geometry": { "type": "Point", "coordinates": [ 130.57299, 31.760141 ] } },
{ "type": "Feature", "properties": { "ID": 46222597, "正式名称": "医療法人浜田医院", "機関区分": 2, "都道府県コード": 46, "市区町村コード": 218, "所在地": "鹿児島県霧島市国分清水１－８－２", "緯度": 31.75342, "経度": 130.774576, "url": "https://www.iryou.teikyouseido.mhlw.go.jp/znk-web/juminkanja/S2430/initialize?prefCd=46&kikanCd=22597&kikanKbn=2", "url2": "http://www.hmdc.info/", "内容": "医療法人浜田医院【2:診療所】【診療科目:内科_性感染症内科_小児科_皮膚科】鹿児島県霧島市国分清水１－８－２" }, "geometry": { "type": "Point", "coordinates": [ 130.774576, 31.75342 ] } },
{ "type": "Feature", "properties": { "ID": 46222600, "正式名称": "鵜木医院", "機関区分": 2, "都道府県コード": 46, "市区町村コード": 218, "所在地": "鹿児島県霧島市国分中央３－１９－１５", "緯度": 31.736777, "経度": 130.769504, "url": "https://www.iryou.teikyouseido.mhlw.go.jp/znk-web/juminkanja/S2430/initialize?prefCd=46&kikanCd=22600&kikanKbn=2", "url2": "https://syunseikai.or.jp/", "内容": "鵜木医院【2:診療所】【診療科目:内科_循環器内科_小児科】鹿児島県霧島市国分中央３－１９－１５" }, "geometry": { "type": "Point", "coordinates": [ 130.769504, 31.736777 ] } },
{ "type": "Feature", "properties": { "ID": 46222606, "正式名称": "江口整形外科", "機関区分": 2, "都道府県コード": 46, "市区町村コード": 218, "所在地": "鹿児島県霧島市国分新町", "緯度": 31.755125, "経度": 130.775643, "url": "https://www.iryou.teikyouseido.mhlw.go.jp/znk-web/juminkanja/S2430/initialize?prefCd=46&kikanCd=22606&kikanKbn=2", "url2": null, "内容": "江口整形外科【2:診療所】【診療科目:整形外科_リウマチ科_リハビリテーション科】鹿児島県霧島市国分新町" }, "geometry": { "type": "Point", "coordinates": [ 130.775643, 31.755125 ] } },
{ "type": "Feature", "properties": { "ID": 46222608, "正式名称": "国分外科胃腸科", "機関区分": 2, "都道府県コード": 46, "市区町村コード": 218, "所在地": "鹿児島県霧島市国分府中町１３－２３", "緯度": 31.743837, "経度": 130.760239, "url": "https://www.iryou.teikyouseido.mhlw.go.jp/znk-web/juminkanja/S2430/initialize?prefCd=46&kikanCd=22608&kikanKbn=2", "url2": null, "内容": "国分外科胃腸科【2:診療所】【診療科目:内科_循環器内科_消化器内科_外科_放射線科】鹿児島県霧島市国分府中町１３－２３" }, "geometry": { "type": "Point", "coordinates": [ 130.760239, 31.743837 ] } },
{ "type": "Feature", "properties": { "ID": 46222609, "正式名称": "医療法人清光会　清水整形外科医院", "機関区分": 2, "都道府県コード": 46, "市区町村コード": 218, "所在地": "鹿児島県霧島市国分山下町１６５４－５", "緯度": 31.725591, "経度": 130.776578, "url": "https://www.iryou.teikyouseido.mhlw.go.jp/znk-web/juminkanja/S2430/initialize?prefCd=46&kikanCd=22609&kikanKbn=2", "url2": null, "内容": "医療法人清光会　清水整形外科医院【2:診療所】【診療科目:内科_整形外科_リハビリテーション科】鹿児島県霧島市国分山下町１６５４－５" }, "geometry": { "type": "Point", "coordinates": [ 130.776578, 31.725591 ] } },
{ "type": "Feature", "properties": { "ID": 46222614, "正式名称": "医療法人悠成会宮内皮ふ科クリニック", "機関区分": 2, "都道府県コード": 46, "市区町村コード": 218, "所在地": "鹿児島県霧島市国分中央５丁目１２―１９", "緯度": 31.735463, "経度": 130.764934, "url": "https://www.iryou.teikyouseido.mhlw.go.jp/znk-web/juminkanja/S2430/initialize?prefCd=46&kikanCd=22614&kikanKbn=2", "url2": null, "内容": "医療法人悠成会宮内皮ふ科クリニック【2:診療所】【診療科目:皮膚科】鹿児島県霧島市国分中央５丁目１２―１９" }, "geometry": { "type": "Point", "coordinates": [ 130.764934, 31.735463 ] } },
{ "type": "Feature", "properties": { "ID": 46222616, "正式名称": "井料クリニック", "機関区分": 2, "都道府県コード": 46, "市区町村コード": 218, "所在地": "鹿児島県霧島市国分広瀬二丁目２８－４０", "緯度": 31.719215, "経度": 130.753902, "url": "https://www.iryou.teikyouseido.mhlw.go.jp/znk-web/juminkanja/S2430/initialize?prefCd=46&kikanCd=22616&kikanKbn=2", "url2": "http://www.iryoclinic.com/", "内容": "井料クリニック【2:診療所】【診療科目:脳神経外科_皮膚科】鹿児島県霧島市国分広瀬二丁目２８－４０" }, "geometry": { "type": "Point", "coordinates": [ 130.753902, 31.719215 ] } },
{ "type": "Feature", "properties": { "ID": 46222618, "正式名称": "医療法人原口耳鼻咽喉科", "機関区分": 2, "都道府県コード": 46, "市区町村コード": 218, "所在地": "鹿児島県霧島市国分中央１－２１－３１", "緯度": 31.743272, "経度": 130.76995, "url": "https://www.iryou.teikyouseido.mhlw.go.jp/znk-web/juminkanja/S2430/initialize?prefCd=46&kikanCd=22618&kikanKbn=2", "url2": "http://hkentcli.synapse-blog.jp/_in_sese/", "内容": "医療法人原口耳鼻咽喉科【2:診療所】【診療科目:小児耳鼻いんこう科_耳鼻いんこう科_アレルギー科_麻酔科】鹿児島県霧島市国分中央１－２１－３１" }, "geometry": { "type": "Point", "coordinates": [ 130.76995, 31.743272 ] } },
{ "type": "Feature", "properties": { "ID": 46222619, "正式名称": "いぢち眼科", "機関区分": 2, "都道府県コード": 46, "市区町村コード": 218, "所在地": "鹿児島県霧島市国分府中町", "緯度": 31.745448, "経度": 130.762969, "url": "https://www.iryou.teikyouseido.mhlw.go.jp/znk-web/juminkanja/S2430/initialize?prefCd=46&kikanCd=22619&kikanKbn=2", "url2": "https://ijichi-ganka.com/", "内容": "いぢち眼科【2:診療所】【診療科目:眼科】鹿児島県霧島市国分府中町" }, "geometry": { "type": "Point", "coordinates": [ 130.762969, 31.745448 ] } },
{ "type": "Feature", "properties": { "ID": 46222620, "正式名称": "清水内科", "機関区分": 2, "都道府県コード": 46, "市区町村コード": 218, "所在地": "鹿児島県霧島市国分清水１−２２−２６", "緯度": 31.752732, "経度": 130.776093, "url": "https://www.iryou.teikyouseido.mhlw.go.jp/znk-web/juminkanja/S2430/initialize?prefCd=46&kikanCd=22620&kikanKbn=2", "url2": "http://www.kiyomizu-naika.com", "内容": "清水内科【2:診療所】【診療科目:内科_神経内科_リハビリテーション科】鹿児島県霧島市国分清水１−２２−２６" }, "geometry": { "type": "Point", "coordinates": [ 130.776093, 31.752732 ] } },
{ "type": "Feature", "properties": { "ID": 46222621, "正式名称": "医療法人　博萌会　かのう医院", "機関区分": 2, "都道府県コード": 46, "市区町村コード": 218, "所在地": "鹿児島県霧島市国分敷根１３７３－１", "緯度": 31.701653, "経度": 130.799694, "url": "https://www.iryou.teikyouseido.mhlw.go.jp/znk-web/juminkanja/S2430/initialize?prefCd=46&kikanCd=22621&kikanKbn=2", "url2": null, "内容": "医療法人　博萌会　かのう医院【2:診療所】【診療科目:内科_呼吸器内科_胃腸内科_外科_肛門外科_整形外科_小児科_皮膚科_泌尿器科_リハビリテーション科_放射線科】鹿児島県霧島市国分敷根１３７３－１" }, "geometry": { "type": "Point", "coordinates": [ 130.799694, 31.701653 ] } },
{ "type": "Feature", "properties": { "ID": 46222622, "正式名称": "医療法人緑栄会　とくしげ耳鼻咽喉科", "機関区分": 2, "都道府県コード": 46, "市区町村コード": 218, "所在地": "鹿児島県霧島市国分中央１－２６－１９", "緯度": 31.740474, "経度": 130.770266, "url": "https://www.iryou.teikyouseido.mhlw.go.jp/znk-web/juminkanja/S2430/initialize?prefCd=46&kikanCd=22622&kikanKbn=2", "url2": null, "内容": "医療法人緑栄会　とくしげ耳鼻咽喉科【2:診療所】【診療科目:耳鼻いんこう科_アレルギー科】鹿児島県霧島市国分中央１－２６－１９" }, "geometry": { "type": "Point", "coordinates": [ 130.770266, 31.740474 ] } },
{ "type": "Feature", "properties": { "ID": 46222624, "正式名称": "医療法人きたはらこどもクリニック", "機関区分": 2, "都道府県コード": 46, "市区町村コード": 218, "所在地": "鹿児島県霧島市国分野口西１９－３１", "緯度": 31.736194, "経度": 130.742664, "url": "https://www.iryou.teikyouseido.mhlw.go.jp/znk-web/juminkanja/S2430/initialize?prefCd=46&kikanCd=22624&kikanKbn=2", "url2": "http://www.synapse.ne.jp/kitahara-kc/", "内容": "医療法人きたはらこどもクリニック【2:診療所】【診療科目:小児科】鹿児島県霧島市国分野口西１９－３１" }, "geometry": { "type": "Point", "coordinates": [ 130.742664, 31.736194 ] } },
{ "type": "Feature", "properties": { "ID": 46222629, "正式名称": "前田産婦人科クリニック", "機関区分": 2, "都道府県コード": 46, "市区町村コード": 218, "所在地": "鹿児島県霧島市国分中央１丁目３番２３号", "緯度": 31.742424, "経度": 130.765899, "url": "https://www.iryou.teikyouseido.mhlw.go.jp/znk-web/juminkanja/S2430/initialize?prefCd=46&kikanCd=22629&kikanKbn=2", "url2": "http://maeda-sanfujinka-clinic.com/", "内容": "前田産婦人科クリニック【2:診療所】【診療科目:産婦人科】鹿児島県霧島市国分中央１丁目３番２３号" }, "geometry": { "type": "Point", "coordinates": [ 130.765899, 31.742424 ] } },
{ "type": "Feature", "properties": { "ID": 46222631, "正式名称": "中川整形外科", "機関区分": 2, "都道府県コード": 46, "市区町村コード": 218, "所在地": "鹿児島県霧島市国分府中町３３－１７", "緯度": 31.744326, "経度": 130.762347, "url": "https://www.iryou.teikyouseido.mhlw.go.jp/znk-web/juminkanja/S2430/initialize?prefCd=46&kikanCd=22631&kikanKbn=2", "url2": null, "内容": "中川整形外科【2:診療所】【診療科目:内科_整形外科_リウマチ科_リハビリテーション科】鹿児島県霧島市国分府中町３３－１７" }, "geometry": { "type": "Point", "coordinates": [ 130.762347, 31.744326 ] } },
{ "type": "Feature", "properties": { "ID": 46222632, "正式名称": "国分なかむらクリニック", "機関区分": 2, "都道府県コード": 46, "市区町村コード": 218, "所在地": "鹿児島県霧島市国分山下町１８－１３", "緯度": 31.727174, "経度": 130.776336, "url": "https://www.iryou.teikyouseido.mhlw.go.jp/znk-web/juminkanja/S2430/initialize?prefCd=46&kikanCd=22632&kikanKbn=2", "url2": null, "内容": "国分なかむらクリニック【2:診療所】【診療科目:内科_胃腸内科_外科_肛門外科】鹿児島県霧島市国分山下町１８－１３" }, "geometry": { "type": "Point", "coordinates": [ 130.776336, 31.727174 ] } },
{ "type": "Feature", "properties": { "ID": 46222634, "正式名称": "みみ・はな・のどとしクリニック", "機関区分": 2, "都道府県コード": 46, "市区町村コード": 218, "所在地": "鹿児島県霧島市国分広瀬", "緯度": 31.718092, "経度": 130.752851, "url": "https://www.iryou.teikyouseido.mhlw.go.jp/znk-web/juminkanja/S2430/initialize?prefCd=46&kikanCd=22634&kikanKbn=2", "url2": "http://www7b.biglobe.ne.jp/~toshi-clinic0201/", "内容": "みみ・はな・のどとしクリニック【2:診療所】【診療科目:耳鼻いんこう科_小児耳鼻咽喉科_アレルギー科】鹿児島県霧島市国分広瀬" }, "geometry": { "type": "Point", "coordinates": [ 130.752851, 31.718092 ] } },
{ "type": "Feature", "properties": { "ID": 46222635, "正式名称": "うえぞの内科クリニック", "機関区分": 2, "都道府県コード": 46, "市区町村コード": 218, "所在地": "鹿児島県霧島市国分福島３－５１－１１", "緯度": 31.732716, "経度": 130.765198, "url": "https://www.iryou.teikyouseido.mhlw.go.jp/znk-web/juminkanja/S2430/initialize?prefCd=46&kikanCd=22635&kikanKbn=2", "url2": "http://www.uezono-naika.com/", "内容": "うえぞの内科クリニック【2:診療所】【診療科目:内科_呼吸器内科_循環器内科_消化器内科_腎臓内科_人工透析内科】鹿児島県霧島市国分福島３－５１－１１" }, "geometry": { "type": "Point", "coordinates": [ 130.765198, 31.732716 ] } },
{ "type": "Feature", "properties": { "ID": 46222636, "正式名称": "青葉の里医務室", "機関区分": 2, "都道府県コード": 46, "市区町村コード": 218, "所在地": "鹿児島県霧島市国分郡田１５５９－２", "緯度": 31.758422, "経度": 130.800165, "url": "https://www.iryou.teikyouseido.mhlw.go.jp/znk-web/juminkanja/S2430/initialize?prefCd=46&kikanCd=22636&kikanKbn=2", "url2": "http://www.seitenkai.jp/", "内容": "青葉の里医務室【2:診療所】【診療科目:内科】鹿児島県霧島市国分郡田１５５９－２" }, "geometry": { "type": "Point", "coordinates": [ 130.800165, 31.758422 ] } },
{ "type": "Feature", "properties": { "ID": 46222637, "正式名称": "医療法人高倉眼科", "機関区分": 2, "都道府県コード": 46, "市区町村コード": 218, "所在地": "鹿児島県霧島市国分野口東１１５５", "緯度": 31.737251, "経度": 130.755553, "url": "https://www.iryou.teikyouseido.mhlw.go.jp/znk-web/juminkanja/S2430/initialize?prefCd=46&kikanCd=22637&kikanKbn=2", "url2": "https://www.takakura-ganka.jp", "内容": "医療法人高倉眼科【2:診療所】【診療科目:眼科】鹿児島県霧島市国分野口東１１５５" }, "geometry": { "type": "Point", "coordinates": [ 130.755553, 31.737251 ] } },
{ "type": "Feature", "properties": { "ID": 46222639, "正式名称": "医療法人　永田医院", "機関区分": 2, "都道府県コード": 46, "市区町村コード": 218, "所在地": "鹿児島県霧島市隼人町住吉１８９３", "緯度": 31.725447, "経度": 130.734693, "url": "https://www.iryou.teikyouseido.mhlw.go.jp/znk-web/juminkanja/S2430/initialize?prefCd=46&kikanCd=22639&kikanKbn=2", "url2": null, "内容": "医療法人　永田医院【2:診療所】【診療科目:内科_消化器内科_リハビリテーション科】鹿児島県霧島市隼人町住吉１８９３" }, "geometry": { "type": "Point", "coordinates": [ 130.734693, 31.725447 ] } },
{ "type": "Feature", "properties": { "ID": 46222640, "正式名称": "はやと整形外科", "機関区分": 2, "都道府県コード": 46, "市区町村コード": 218, "所在地": "鹿児島県霧島市隼人町真孝１０１３", "緯度": 31.727563, "経度": 130.731235, "url": "https://www.iryou.teikyouseido.mhlw.go.jp/znk-web/juminkanja/S2430/initialize?prefCd=46&kikanCd=22640&kikanKbn=2", "url2": "https://hayatoseikeigeka.com/", "内容": "はやと整形外科【2:診療所】【診療科目:整形外科_リハビリテーション科】鹿児島県霧島市隼人町真孝１０１３" }, "geometry": { "type": "Point", "coordinates": [ 130.731235, 31.727563 ] } },
{ "type": "Feature", "properties": { "ID": 46222641, "正式名称": "耳鼻咽喉科鶴丸医院", "機関区分": 2, "都道府県コード": 46, "市区町村コード": 218, "所在地": "鹿児島県霧島市隼人町東郷", "緯度": 31.76563, "経度": 130.751811, "url": "https://www.iryou.teikyouseido.mhlw.go.jp/znk-web/juminkanja/S2430/initialize?prefCd=46&kikanCd=22641&kikanKbn=2", "url2": null, "内容": "耳鼻咽喉科鶴丸医院【2:診療所】【診療科目:耳鼻いんこう科】鹿児島県霧島市隼人町東郷" }, "geometry": { "type": "Point", "coordinates": [ 130.751811, 31.76563 ] } },
{ "type": "Feature", "properties": { "ID": 46222646, "正式名称": "山下内科クリニック", "機関区分": 2, "都道府県コード": 46, "市区町村コード": 218, "所在地": "鹿児島県霧島市隼人町神宮一丁目２０番１９号", "緯度": 31.751409, "経度": 130.741566, "url": "https://www.iryou.teikyouseido.mhlw.go.jp/znk-web/juminkanja/S2430/initialize?prefCd=46&kikanCd=22646&kikanKbn=2", "url2": null, "内容": "山下内科クリニック【2:診療所】【診療科目:内科_糖尿病・内分泌内科_消化器内科】鹿児島県霧島市隼人町神宮一丁目２０番１９号" }, "geometry": { "type": "Point", "coordinates": [ 130.741566, 31.751409 ] } },
{ "type": "Feature", "properties": { "ID": 46222651, "正式名称": "たまいクリニック", "機関区分": 2, "都道府県コード": 46, "市区町村コード": 218, "所在地": "鹿児島県霧島市隼人町真孝１１１", "緯度": 31.732699, "経度": 130.73689, "url": "https://www.iryou.teikyouseido.mhlw.go.jp/znk-web/juminkanja/S2430/initialize?prefCd=46&kikanCd=22651&kikanKbn=2", "url2": "http://www.tamaiclinic.or.jp/", "内容": "たまいクリニック【2:診療所】【診療科目:内科_皮膚科_泌尿器科】鹿児島県霧島市隼人町真孝１１１" }, "geometry": { "type": "Point", "coordinates": [ 130.73689, 31.732699 ] } },
{ "type": "Feature", "properties": { "ID": 46222652, "正式名称": "かわの小児科", "機関区分": 2, "都道府県コード": 46, "市区町村コード": 218, "所在地": "鹿児島県霧島市隼人町姫城１－１１９", "緯度": 31.762881, "経度": 130.756011, "url": "https://www.iryou.teikyouseido.mhlw.go.jp/znk-web/juminkanja/S2430/initialize?prefCd=46&kikanCd=22652&kikanKbn=2", "url2": "http://kawano-shounika.com", "内容": "かわの小児科【2:診療所】【診療科目:小児科】鹿児島県霧島市隼人町姫城１－１１９" }, "geometry": { "type": "Point", "coordinates": [ 130.756011, 31.762881 ] } },
{ "type": "Feature", "properties": { "ID": 46222656, "正式名称": "医療法人たぐち内科医院", "機関区分": 2, "都道府県コード": 46, "市区町村コード": 218, "所在地": "鹿児島県霧島市隼人町内山田２－１３－１７", "緯度": 31.747523, "経度": 130.743559, "url": "https://www.iryou.teikyouseido.mhlw.go.jp/znk-web/juminkanja/S2430/initialize?prefCd=46&kikanCd=22656&kikanKbn=2", "url2": null, "内容": "医療法人たぐち内科医院【2:診療所】【診療科目:内科_呼吸器内科_消化器内科_胃腸内科_放射線科】鹿児島県霧島市隼人町内山田２－１３－１７" }, "geometry": { "type": "Point", "coordinates": [ 130.743559, 31.747523 ] } },
{ "type": "Feature", "properties": { "ID": 46222657, "正式名称": "椎原眼科医院", "機関区分": 2, "都道府県コード": 46, "市区町村コード": 218, "所在地": "鹿児島県霧島市隼人町見次", "緯度": 31.738474, "経度": 130.74295, "url": "https://www.iryou.teikyouseido.mhlw.go.jp/znk-web/juminkanja/S2430/initialize?prefCd=46&kikanCd=22657&kikanKbn=2", "url2": "http://shiihara-ganka.com/", "内容": "椎原眼科医院【2:診療所】【診療科目:眼科】鹿児島県霧島市隼人町見次" }, "geometry": { "type": "Point", "coordinates": [ 130.74295, 31.738474 ] } },
{ "type": "Feature", "properties": { "ID": 46222658, "正式名称": "みつお産婦人科", "機関区分": 2, "都道府県コード": 46, "市区町村コード": 218, "所在地": "鹿児島県霧島市隼人町見次１２９６－３", "緯度": 31.743689, "経度": 130.745131, "url": "https://www.iryou.teikyouseido.mhlw.go.jp/znk-web/juminkanja/S2430/initialize?prefCd=46&kikanCd=22658&kikanKbn=2", "url2": "http://www.mitsuo-obgy.ne.jp/", "内容": "みつお産婦人科【2:診療所】【診療科目:産婦人科】鹿児島県霧島市隼人町見次１２９６－３" }, "geometry": { "type": "Point", "coordinates": [ 130.745131, 31.743689 ] } },
{ "type": "Feature", "properties": { "ID": 46222660, "正式名称": "吉満内科クリニック", "機関区分": 2, "都道府県コード": 46, "市区町村コード": 218, "所在地": "鹿児島県霧島市隼人町松永３３０６－１", "緯度": 31.778779, "経度": 130.764176, "url": "https://www.iryou.teikyouseido.mhlw.go.jp/znk-web/juminkanja/S2430/initialize?prefCd=46&kikanCd=22660&kikanKbn=2", "url2": null, "内容": "吉満内科クリニック【2:診療所】【診療科目:内科_呼吸器内科_放射線科】鹿児島県霧島市隼人町松永３３０６－１" }, "geometry": { "type": "Point", "coordinates": [ 130.764176, 31.778779 ] } },
{ "type": "Feature", "properties": { "ID": 46222665, "正式名称": "森クリニック呼吸器科・内科", "機関区分": 2, "都道府県コード": 46, "市区町村コード": 218, "所在地": "鹿児島県霧島市隼人町内山田３丁目７３５", "緯度": 31.748081, "経度": 130.737294, "url": "https://www.iryou.teikyouseido.mhlw.go.jp/znk-web/juminkanja/S2430/initialize?prefCd=46&kikanCd=22665&kikanKbn=2", "url2": "http://www.myclinic.ne.jp/mori_clinic/", "内容": "森クリニック呼吸器科・内科【2:診療所】【診療科目:内科_呼吸器内科_循環器内科_消化器内科_アレルギー疾患内科_アレルギー科_リハビリテーション科】鹿児島県霧島市隼人町内山田３丁目７３５" }, "geometry": { "type": "Point", "coordinates": [ 130.737294, 31.748081 ] } },
{ "type": "Feature", "properties": { "ID": 46222668, "正式名称": "きりしま内科リハビリクリニック", "機関区分": 2, "都道府県コード": 46, "市区町村コード": 218, "所在地": "鹿児島県霧島市隼人町松永１－３６", "緯度": 31.774187, "経度": 130.75976, "url": "https://www.iryou.teikyouseido.mhlw.go.jp/znk-web/juminkanja/S2430/initialize?prefCd=46&kikanCd=22668&kikanKbn=2", "url2": "https://kirisimanaika.wixsite.com/kirisimanaika", "内容": "きりしま内科リハビリクリニック【2:診療所】【診療科目:内科_神経内科_リハビリテーション科】鹿児島県霧島市隼人町松永１－３６" }, "geometry": { "type": "Point", "coordinates": [ 130.75976, 31.774187 ] } },
{ "type": "Feature", "properties": { "ID": 46222669, "正式名称": "霧島リウマチ膠原病クリニック", "機関区分": 2, "都道府県コード": 46, "市区町村コード": 218, "所在地": "鹿児島県霧島市隼人町見次６３７番地１", "緯度": 31.738957, "経度": 130.736284, "url": "https://www.iryou.teikyouseido.mhlw.go.jp/znk-web/juminkanja/S2430/initialize?prefCd=46&kikanCd=22669&kikanKbn=2", "url2": "https://www.yoshitama-rc.or.jp/", "内容": "霧島リウマチ膠原病クリニック【2:診療所】【診療科目:内科_リウマチ科】鹿児島県霧島市隼人町見次６３７番地１" }, "geometry": { "type": "Point", "coordinates": [ 130.736284, 31.738957 ] } },
{ "type": "Feature", "properties": { "ID": 46222670, "正式名称": "春田医院", "機関区分": 2, "都道府県コード": 46, "市区町村コード": 218, "所在地": "鹿児島県霧島市牧園町宿窪田", "緯度": 31.854454, "経度": 130.752513, "url": "https://www.iryou.teikyouseido.mhlw.go.jp/znk-web/juminkanja/S2430/initialize?prefCd=46&kikanCd=22670&kikanKbn=2", "url2": null, "内容": "春田医院【2:診療所】【診療科目:内科_外科】鹿児島県霧島市牧園町宿窪田" }, "geometry": { "type": "Point", "coordinates": [ 130.752513, 31.854454 ] } },
{ "type": "Feature", "properties": { "ID": 46222675, "正式名称": "医療法人明風会　竹田医院", "機関区分": 2, "都道府県コード": 46, "市区町村コード": 218, "所在地": "鹿児島県霧島市霧島田口３６", "緯度": 31.822005, "経度": 130.8348, "url": "https://www.iryou.teikyouseido.mhlw.go.jp/znk-web/juminkanja/S2430/initialize?prefCd=46&kikanCd=22675&kikanKbn=2", "url2": null, "内容": "医療法人明風会　竹田医院【2:診療所】【診療科目:内科_精神科_歯科】鹿児島県霧島市霧島田口３６" }, "geometry": { "type": "Point", "coordinates": [ 130.8348, 31.822005 ] } },
{ "type": "Feature", "properties": { "ID": 46222680, "正式名称": "（医療法人）伊東内科クリニック", "機関区分": 2, "都道府県コード": 46, "市区町村コード": 218, "所在地": "鹿児島県霧島市横川町上ノ３３９０－１６", "緯度": 31.891555, "経度": 130.690629, "url": "https://www.iryou.teikyouseido.mhlw.go.jp/znk-web/juminkanja/S2430/initialize?prefCd=46&kikanCd=22680&kikanKbn=2", "url2": null, "内容": "（医療法人）伊東内科クリニック【2:診療所】【診療科目:内科_呼吸器内科_胃腸内科_耳鼻いんこう科_放射線科】鹿児島県霧島市横川町上ノ３３９０－１６" }, "geometry": { "type": "Point", "coordinates": [ 130.690629, 31.891555 ] } },
{ "type": "Feature", "properties": { "ID": 46222686, "正式名称": "医療法人　昭山会　佐藤医院", "機関区分": 2, "都道府県コード": 46, "市区町村コード": 218, "所在地": "鹿児島県霧島市溝辺町有川３２７－２", "緯度": 31.830427, "経度": 130.68054, "url": "https://www.iryou.teikyouseido.mhlw.go.jp/znk-web/juminkanja/S2430/initialize?prefCd=46&kikanCd=22686&kikanKbn=2", "url2": null, "内容": "医療法人　昭山会　佐藤医院【2:診療所】【診療科目:内科_消化器内科_小児科_リウマチ科】鹿児島県霧島市溝辺町有川３２７－２" }, "geometry": { "type": "Point", "coordinates": [ 130.68054, 31.830427 ] } },
{ "type": "Feature", "properties": { "ID": 46222688, "正式名称": "徳永医院", "機関区分": 2, "都道府県コード": 46, "市区町村コード": 218, "所在地": "鹿児島県霧島市溝辺町麓６０８－１３", "緯度": 31.792901, "経度": 130.71543, "url": "https://www.iryou.teikyouseido.mhlw.go.jp/znk-web/juminkanja/S2430/initialize?prefCd=46&kikanCd=22688&kikanKbn=2", "url2": "https://renkei.kufm.kagoshima-u.ac.jp/segodon/medical-list/detail/?oc=c016000452", "内容": "徳永医院【2:診療所】【診療科目:内科_呼吸器内科_小児科_皮膚科_アレルギー科】鹿児島県霧島市溝辺町麓６０８－１３" }, "geometry": { "type": "Point", "coordinates": [ 130.71543, 31.792901 ] } },
{ "type": "Feature", "properties": { "ID": 46222689, "正式名称": "らくだクリニック", "機関区分": 2, "都道府県コード": 46, "市区町村コード": 218, "所在地": "鹿児島県霧島市溝辺町麓１５０３－１", "緯度": 31.812857, "経度": 130.708196, "url": "https://www.iryou.teikyouseido.mhlw.go.jp/znk-web/juminkanja/S2430/initialize?prefCd=46&kikanCd=22689&kikanKbn=2", "url2": null, "内容": "らくだクリニック【2:診療所】【診療科目:内科_胃腸内科_外科】鹿児島県霧島市溝辺町麓１５０３－１" }, "geometry": { "type": "Point", "coordinates": [ 130.708196, 31.812857 ] } },
{ "type": "Feature", "properties": { "ID": 46222691, "正式名称": "八木クリニック", "機関区分": 2, "都道府県コード": 46, "市区町村コード": 218, "所在地": "鹿児島県霧島市福山町福山４５１６番地", "緯度": 31.672243, "経度": 130.848949, "url": "https://www.iryou.teikyouseido.mhlw.go.jp/znk-web/juminkanja/S2430/initialize?prefCd=46&kikanCd=22691&kikanKbn=2", "url2": null, "内容": "八木クリニック【2:診療所】【診療科目:内科_呼吸器内科_循環器内科_消化器内科_外科_リハビリテーション科_放射線科】鹿児島県霧島市福山町福山４５１６番地" }, "geometry": { "type": "Point", "coordinates": [ 130.848949, 31.672243 ] } },
{ "type": "Feature", "properties": { "ID": 46222693, "正式名称": "田代医院", "機関区分": 2, "都道府県コード": 46, "市区町村コード": 452, "所在地": "鹿児島県姶良郡湧水町木場１６１番地", "緯度": 31.950905, "経度": 130.72333, "url": "https://www.iryou.teikyouseido.mhlw.go.jp/znk-web/juminkanja/S2430/initialize?prefCd=46&kikanCd=22693&kikanKbn=2", "url2": null, "内容": "田代医院【2:診療所】【診療科目:内科_循環器内科】鹿児島県姶良郡湧水町木場１６１番地" }, "geometry": { "type": "Point", "coordinates": [ 130.72333, 31.950905 ] } },
{ "type": "Feature", "properties": { "ID": 46222694, "正式名称": "医療法人）ひらしまクリニック", "機関区分": 2, "都道府県コード": 46, "市区町村コード": 452, "所在地": "鹿児島県姶良郡湧水町米永５８５－１７", "緯度": 31.948677, "経度": 130.714974, "url": "https://www.iryou.teikyouseido.mhlw.go.jp/znk-web/juminkanja/S2430/initialize?prefCd=46&kikanCd=22694&kikanKbn=2", "url2": "https://goo.gl/maps/mbgHxLX4Qu9w2q1P7", "内容": "医療法人）ひらしまクリニック【2:診療所】【診療科目:内科_呼吸器内科_循環器内科_消化器内科_胃腸内科_外科_消化器外科_肛門外科_整形外科_リハビリテーション科】鹿児島県姶良郡湧水町米永５８５－１７" }, "geometry": { "type": "Point", "coordinates": [ 130.714974, 31.948677 ] } },
{ "type": "Feature", "properties": { "ID": 46222695, "正式名称": "くりの後庵クリニック", "機関区分": 2, "都道府県コード": 46, "市区町村コード": 452, "所在地": "鹿児島県姶良郡湧水町木場９７３－１", "緯度": 31.954602, "経度": 130.727618, "url": "https://www.iryou.teikyouseido.mhlw.go.jp/znk-web/juminkanja/S2430/initialize?prefCd=46&kikanCd=22695&kikanKbn=2", "url2": null, "内容": "くりの後庵クリニック【2:診療所】【診療科目:内科_循環器内科_消化器内科_小児科_リハビリテーション科】鹿児島県姶良郡湧水町木場９７３－１" }, "geometry": { "type": "Point", "coordinates": [ 130.727618, 31.954602 ] } },
{ "type": "Feature", "properties": { "ID": 46222699, "正式名称": "林内科医院", "機関区分": 2, "都道府県コード": 46, "市区町村コード": 452, "所在地": "鹿児島県姶良郡湧水町中津川４９８", "緯度": 32.013698, "経度": 130.743109, "url": "https://www.iryou.teikyouseido.mhlw.go.jp/znk-web/juminkanja/S2430/initialize?prefCd=46&kikanCd=22699&kikanKbn=2", "url2": null, "内容": "林内科医院【2:診療所】【診療科目:内科_消化器内科_小児科_眼科_耳鼻いんこう科_皮膚科_リハビリテーション科_放射線科】鹿児島県姶良郡湧水町中津川４９８" }, "geometry": { "type": "Point", "coordinates": [ 130.743109, 32.013698 ] } },
{ "type": "Feature", "properties": { "ID": 46223002, "正式名称": "あべまつ眼科医院", "機関区分": 2, "都道府県コード": 46, "市区町村コード": 203, "所在地": "鹿児島県鹿屋市大手町３－８", "緯度": 31.389268, "経度": 130.849698, "url": "https://www.iryou.teikyouseido.mhlw.go.jp/znk-web/juminkanja/S2430/initialize?prefCd=46&kikanCd=23002&kikanKbn=2", "url2": null, "内容": "あべまつ眼科医院【2:診療所】【診療科目:眼科】鹿児島県鹿屋市大手町３－８" }, "geometry": { "type": "Point", "coordinates": [ 130.849698, 31.389268 ] } },
{ "type": "Feature", "properties": { "ID": 46223007, "正式名称": "井上眼科", "機関区分": 2, "都道府県コード": 46, "市区町村コード": 203, "所在地": "鹿児島県鹿屋市札元", "緯度": 31.395494, "経度": 130.867826, "url": "https://www.iryou.teikyouseido.mhlw.go.jp/znk-web/juminkanja/S2430/initialize?prefCd=46&kikanCd=23007&kikanKbn=2", "url2": null, "内容": "井上眼科【2:診療所】【診療科目:眼科】鹿児島県鹿屋市札元" }, "geometry": { "type": "Point", "coordinates": [ 130.867826, 31.395494 ] } },
{ "type": "Feature", "properties": { "ID": 46223008, "正式名称": "いまがま眼科医院", "機関区分": 2, "都道府県コード": 46, "市区町村コード": 203, "所在地": "鹿児島県鹿屋市寿５丁目２６番地１９号", "緯度": 31.385032, "経度": 130.865785, "url": "https://www.iryou.teikyouseido.mhlw.go.jp/znk-web/juminkanja/S2430/initialize?prefCd=46&kikanCd=23008&kikanKbn=2", "url2": null, "内容": "いまがま眼科医院【2:診療所】【診療科目:眼科】鹿児島県鹿屋市寿５丁目２６番地１９号" }, "geometry": { "type": "Point", "coordinates": [ 130.865785, 31.385032 ] } },
{ "type": "Feature", "properties": { "ID": 46223010, "正式名称": "いわもと耳鼻咽喉科医院", "機関区分": 2, "都道府県コード": 46, "市区町村コード": 203, "所在地": "鹿児島県鹿屋市寿３丁目２番１２号", "緯度": 31.390223, "経度": 130.866206, "url": "https://www.iryou.teikyouseido.mhlw.go.jp/znk-web/juminkanja/S2430/initialize?prefCd=46&kikanCd=23010&kikanKbn=2", "url2": "https://iwamoto-ent.com/", "内容": "いわもと耳鼻咽喉科医院【2:診療所】【診療科目:耳鼻いんこう科】鹿児島県鹿屋市寿３丁目２番１２号" }, "geometry": { "type": "Point", "coordinates": [ 130.866206, 31.390223 ] } },
{ "type": "Feature", "properties": { "ID": 46223012, "正式名称": "えとう小児科", "機関区分": 2, "都道府県コード": 46, "市区町村コード": 203, "所在地": "鹿児島県鹿屋市札元２丁目３７７１－７", "緯度": 31.402616, "経度": 130.872258, "url": "https://www.iryou.teikyouseido.mhlw.go.jp/znk-web/juminkanja/S2430/initialize?prefCd=46&kikanCd=23012&kikanKbn=2", "url2": "https://eto.site.kagoshima.jp/", "内容": "えとう小児科【2:診療所】【診療科目:小児科】鹿児島県鹿屋市札元２丁目３７７１－７" }, "geometry": { "type": "Point", "coordinates": [ 130.872258, 31.402616 ] } },
{ "type": "Feature", "properties": { "ID": 46223013, "正式名称": "王産婦人科医院", "機関区分": 2, "都道府県コード": 46, "市区町村コード": 203, "所在地": "鹿児島県鹿屋市寿４丁目６番地４４号", "緯度": 31.389243, "経度": 130.876259, "url": "https://www.iryou.teikyouseido.mhlw.go.jp/znk-web/juminkanja/S2430/initialize?prefCd=46&kikanCd=23013&kikanKbn=2", "url2": "http://www.synapse.ne.jp/hidehito/", "内容": "王産婦人科医院【2:診療所】【診療科目:産婦人科】鹿児島県鹿屋市寿４丁目６番地４４号" }, "geometry": { "type": "Point", "coordinates": [ 130.876259, 31.389243 ] } },
{ "type": "Feature", "properties": { "ID": 46223017, "正式名称": "おひさまこどもクリニック", "機関区分": 2, "都道府県コード": 46, "市区町村コード": 203, "所在地": "鹿児島県鹿屋市新川町", "緯度": 31.374634, "経度": 130.862288, "url": "https://www.iryou.teikyouseido.mhlw.go.jp/znk-web/juminkanja/S2430/initialize?prefCd=46&kikanCd=23017&kikanKbn=2", "url2": "http://ohisama.cute.coocan.jp/", "内容": "おひさまこどもクリニック【2:診療所】【診療科目:小児科】鹿児島県鹿屋市新川町" }, "geometry": { "type": "Point", "coordinates": [ 130.862288, 31.374634 ] } },
{ "type": "Feature", "properties": { "ID": 46223020, "正式名称": "医療法人鹿屋ハートセンター", "機関区分": 2, "都道府県コード": 46, "市区町村コード": 203, "所在地": "鹿児島県鹿屋市札元２丁目３７４６－８", "緯度": 31.403104, "経度": 130.868884, "url": "https://www.iryou.teikyouseido.mhlw.go.jp/znk-web/juminkanja/S2430/initialize?prefCd=46&kikanCd=23020&kikanKbn=2", "url2": "http://www.kanoya-heart.com/", "内容": "医療法人鹿屋ハートセンター【2:診療所】【診療科目:内科_循環器内科】鹿児島県鹿屋市札元２丁目３７４６－８" }, "geometry": { "type": "Point", "coordinates": [ 130.868884, 31.403104 ] } },
{ "type": "Feature", "properties": { "ID": 46223023, "正式名称": "グリーンバードクリニック", "機関区分": 2, "都道府県コード": 46, "市区町村コード": 203, "所在地": "鹿児島県鹿屋市輝北町市成２１１９－２", "緯度": 31.586647, "経度": 130.86191, "url": "https://www.iryou.teikyouseido.mhlw.go.jp/znk-web/juminkanja/S2430/initialize?prefCd=46&kikanCd=23023&kikanKbn=2", "url2": "http://www.midori-net.or.jp/index.html", "内容": "グリーンバードクリニック【2:診療所】【診療科目:内科_人工透析内科_外科_リハビリテーション科】鹿児島県鹿屋市輝北町市成２１１９－２" }, "geometry": { "type": "Point", "coordinates": [ 130.86191, 31.586647 ] } },
{ "type": "Feature", "properties": { "ID": 46223025, "正式名称": "医療法人桑波田産婦人科", "機関区分": 2, "都道府県コード": 46, "市区町村コード": 203, "所在地": "鹿児島県鹿屋市朝日町７番１７号", "緯度": 31.38265, "経度": 130.853927, "url": "https://www.iryou.teikyouseido.mhlw.go.jp/znk-web/juminkanja/S2430/initialize?prefCd=46&kikanCd=23025&kikanKbn=2", "url2": "https://www.kuwahata-ob-gy.com/", "内容": "医療法人桑波田産婦人科【2:診療所】【診療科目:産婦人科】鹿児島県鹿屋市朝日町７番１７号" }, "geometry": { "type": "Point", "coordinates": [ 130.853927, 31.38265 ] } },
{ "type": "Feature", "properties": { "ID": 46223028, "正式名称": "こだま小児科", "機関区分": 2, "都道府県コード": 46, "市区町村コード": 203, "所在地": "鹿児島県鹿屋市笠之原町２９番２４号", "緯度": 31.386954, "経度": 130.884516, "url": "https://www.iryou.teikyouseido.mhlw.go.jp/znk-web/juminkanja/S2430/initialize?prefCd=46&kikanCd=23028&kikanKbn=2", "url2": null, "内容": "こだま小児科【2:診療所】【診療科目:内科_小児科_アレルギー科】鹿児島県鹿屋市笠之原町２９番２４号" }, "geometry": { "type": "Point", "coordinates": [ 130.884516, 31.386954 ] } },
{ "type": "Feature", "properties": { "ID": 46223029, "正式名称": "寿レディースクリニック", "機関区分": 2, "都道府県コード": 46, "市区町村コード": 203, "所在地": "鹿児島県鹿屋市寿７－１－３５", "緯度": 31.384561, "経度": 130.866443, "url": "https://www.iryou.teikyouseido.mhlw.go.jp/znk-web/juminkanja/S2430/initialize?prefCd=46&kikanCd=23029&kikanKbn=2", "url2": "http://www.klc.or.jp/", "内容": "寿レディースクリニック【2:診療所】【診療科目:産婦人科】鹿児島県鹿屋市寿７－１－３５" }, "geometry": { "type": "Point", "coordinates": [ 130.866443, 31.384561 ] } },
{ "type": "Feature", "properties": { "ID": 46223033, "正式名称": "医療法人祐慶会末次内科循環器科", "機関区分": 2, "都道府県コード": 46, "市区町村コード": 203, "所在地": "鹿児島県鹿屋市新生町８－６", "緯度": 31.385627, "経度": 130.846541, "url": "https://www.iryou.teikyouseido.mhlw.go.jp/znk-web/juminkanja/S2430/initialize?prefCd=46&kikanCd=23033&kikanKbn=2", "url2": null, "内容": "医療法人祐慶会末次内科循環器科【2:診療所】【診療科目:内科_循環器内科_漢方内科】鹿児島県鹿屋市新生町８－６" }, "geometry": { "type": "Point", "coordinates": [ 130.846541, 31.385627 ] } },
{ "type": "Feature", "properties": { "ID": 46223034, "正式名称": "せぐち整形外科", "機関区分": 2, "都道府県コード": 46, "市区町村コード": 203, "所在地": "鹿児島県鹿屋市北田町", "緯度": 31.388671, "経度": 130.847869, "url": "https://www.iryou.teikyouseido.mhlw.go.jp/znk-web/juminkanja/S2430/initialize?prefCd=46&kikanCd=23034&kikanKbn=2", "url2": "https:/syoseikai.com", "内容": "せぐち整形外科【2:診療所】【診療科目:整形外科_リウマチ科_リハビリテーション科】鹿児島県鹿屋市北田町" }, "geometry": { "type": "Point", "coordinates": [ 130.847869, 31.388671 ] } },
{ "type": "Feature", "properties": { "ID": 46223035, "正式名称": "そえじまクリニック", "機関区分": 2, "都道府県コード": 46, "市区町村コード": 203, "所在地": "鹿児島県鹿屋市旭原町３６４５ー１", "緯度": 31.400901, "経度": 130.874529, "url": "https://www.iryou.teikyouseido.mhlw.go.jp/znk-web/juminkanja/S2430/initialize?prefCd=46&kikanCd=23035&kikanKbn=2", "url2": null, "内容": "そえじまクリニック【2:診療所】【診療科目:内科_胃腸内科_外科_肛門外科_整形外科_リハビリテーション科】鹿児島県鹿屋市旭原町３６４５ー１" }, "geometry": { "type": "Point", "coordinates": [ 130.874529, 31.400901 ] } },
{ "type": "Feature", "properties": { "ID": 46223036, "正式名称": "園田クリニック", "機関区分": 2, "都道府県コード": 46, "市区町村コード": 203, "所在地": "鹿児島県鹿屋市旭原町３６２７ー４", "緯度": 31.403849, "経度": 130.876383, "url": "https://www.iryou.teikyouseido.mhlw.go.jp/znk-web/juminkanja/S2430/initialize?prefCd=46&kikanCd=23036&kikanKbn=2", "url2": "https://www.sonoda-cl.com/", "内容": "園田クリニック【2:診療所】【診療科目:内科_糖尿病・内分泌内科】鹿児島県鹿屋市旭原町３６２７ー４" }, "geometry": { "type": "Point", "coordinates": [ 130.876383, 31.403849 ] } },
{ "type": "Feature", "properties": { "ID": 46223041, "正式名称": "医療法人ＰＸひらばるクリニック", "機関区分": 2, "都道府県コード": 46, "市区町村コード": 203, "所在地": "鹿児島県鹿屋市川西町４４７５番地３", "緯度": 31.362112, "経度": 130.870533, "url": "https://www.iryou.teikyouseido.mhlw.go.jp/znk-web/juminkanja/S2430/initialize?prefCd=46&kikanCd=23041&kikanKbn=2", "url2": "http://www.hirabaru.org/", "内容": "医療法人ＰＸひらばるクリニック【2:診療所】【診療科目:内科_脳神経外科_精神科】鹿児島県鹿屋市川西町４４７５番地３" }, "geometry": { "type": "Point", "coordinates": [ 130.870533, 31.362112 ] } },
{ "type": "Feature", "properties": { "ID": 46223043, "正式名称": "医療法人　清渓会　寺﨑皮膚科", "機関区分": 2, "都道府県コード": 46, "市区町村コード": 203, "所在地": "鹿児島県鹿屋市西大手町", "緯度": 31.390052, "経度": 130.849258, "url": "https://www.iryou.teikyouseido.mhlw.go.jp/znk-web/juminkanja/S2430/initialize?prefCd=46&kikanCd=23043&kikanKbn=2", "url2": "https://terasaki-derma.com/", "内容": "医療法人　清渓会　寺﨑皮膚科【2:診療所】【診療科目:皮膚科】鹿児島県鹿屋市西大手町" }, "geometry": { "type": "Point", "coordinates": [ 130.849258, 31.390052 ] } },
{ "type": "Feature", "properties": { "ID": 46223053, "正式名称": "医療法人中塩医院", "機関区分": 2, "都道府県コード": 46, "市区町村コード": 203, "所在地": "鹿児島県鹿屋市西原１丁目１３－１５", "緯度": 31.386954, "経度": 130.839443, "url": "https://www.iryou.teikyouseido.mhlw.go.jp/znk-web/juminkanja/S2430/initialize?prefCd=46&kikanCd=23053&kikanKbn=2", "url2": null, "内容": "医療法人中塩医院【2:診療所】【診療科目:内科_胃腸内科_小児科】鹿児島県鹿屋市西原１丁目１３－１５" }, "geometry": { "type": "Point", "coordinates": [ 130.839443, 31.386954 ] } },
{ "type": "Feature", "properties": { "ID": 46223057, "正式名称": "医療法人正和会浜崎クリニック", "機関区分": 2, "都道府県コード": 46, "市区町村コード": 203, "所在地": "鹿児島県鹿屋市向江町２５番２６号", "緯度": 31.382936, "経度": 130.851942, "url": "https://www.iryou.teikyouseido.mhlw.go.jp/znk-web/juminkanja/S2430/initialize?prefCd=46&kikanCd=23057&kikanKbn=2", "url2": null, "内容": "医療法人正和会浜崎クリニック【2:診療所】【診療科目:内科_消化器内科】鹿児島県鹿屋市向江町２５番２６号" }, "geometry": { "type": "Point", "coordinates": [ 130.851942, 31.382936 ] } },
{ "type": "Feature", "properties": { "ID": 46223063, "正式名称": "前田内科", "機関区分": 2, "都道府県コード": 46, "市区町村コード": 203, "所在地": "鹿児島県鹿屋市本町４番２号", "緯度": 31.387216, "経度": 130.850991, "url": "https://www.iryou.teikyouseido.mhlw.go.jp/znk-web/juminkanja/S2430/initialize?prefCd=46&kikanCd=23063&kikanKbn=2", "url2": "flora-kanoya.com/pg40.html", "内容": "前田内科【2:診療所】【診療科目:内科_呼吸器内科_循環器内科_リハビリテーション科】鹿児島県鹿屋市本町４番２号" }, "geometry": { "type": "Point", "coordinates": [ 130.850991, 31.387216 ] } },
{ "type": "Feature", "properties": { "ID": 46223067, "正式名称": "みやぞのクリニック", "機関区分": 2, "都道府県コード": 46, "市区町村コード": 203, "所在地": "鹿児島県鹿屋市田崎町２１８４－９", "緯度": 31.365244, "経度": 130.852997, "url": "https://www.iryou.teikyouseido.mhlw.go.jp/znk-web/juminkanja/S2430/initialize?prefCd=46&kikanCd=23067&kikanKbn=2", "url2": null, "内容": "みやぞのクリニック【2:診療所】【診療科目:内科_循環器内科】鹿児島県鹿屋市田崎町２１８４－９" }, "geometry": { "type": "Point", "coordinates": [ 130.852997, 31.365244 ] } },
{ "type": "Feature", "properties": { "ID": 46223068, "正式名称": "村上整形外科医院", "機関区分": 2, "都道府県コード": 46, "市区町村コード": 203, "所在地": "鹿児島県鹿屋市今坂町１２５７２－７", "緯度": 31.383931, "経度": 130.822754, "url": "https://www.iryou.teikyouseido.mhlw.go.jp/znk-web/juminkanja/S2430/initialize?prefCd=46&kikanCd=23068&kikanKbn=2", "url2": "http://www.synapse.ne.jp/kanoyaisikai/", "内容": "村上整形外科医院【2:診療所】【診療科目:整形外科_リウマチ科_リハビリテーション科】鹿児島県鹿屋市今坂町１２５７２－７" }, "geometry": { "type": "Point", "coordinates": [ 130.822754, 31.383931 ] } },
{ "type": "Feature", "properties": { "ID": 46223080, "正式名称": "医療法人桑波田診療所", "機関区分": 2, "都道府県コード": 46, "市区町村コード": 214, "所在地": "鹿児島県垂水市旭町５３番地", "緯度": 31.489638, "経度": 130.698751, "url": "https://www.iryou.teikyouseido.mhlw.go.jp/znk-web/juminkanja/S2430/initialize?prefCd=46&kikanCd=23080&kikanKbn=2", "url2": "http://www.kuwashin.clinic-hp.com/", "内容": "医療法人桑波田診療所【2:診療所】【診療科目:内科_呼吸器内科_循環器内科_消化器内科】鹿児島県垂水市旭町５３番地" }, "geometry": { "type": "Point", "coordinates": [ 130.698751, 31.489638 ] } },
{ "type": "Feature", "properties": { "ID": 46223081, "正式名称": "相良整形外科", "機関区分": 2, "都道府県コード": 46, "市区町村コード": 214, "所在地": "鹿児島県垂水市中央町２７番地", "緯度": 31.493821, "経度": 130.703575, "url": "https://www.iryou.teikyouseido.mhlw.go.jp/znk-web/juminkanja/S2430/initialize?prefCd=46&kikanCd=23081&kikanKbn=2", "url2": "http://kimoi.or.jp/02/001.html", "内容": "相良整形外科【2:診療所】【診療科目:整形外科_リウマチ科_リハビリテーション科】鹿児島県垂水市中央町２７番地" }, "geometry": { "type": "Point", "coordinates": [ 130.703575, 31.493821 ] } },
{ "type": "Feature", "properties": { "ID": 46223085, "正式名称": "東内科小児科クリニック", "機関区分": 2, "都道府県コード": 46, "市区町村コード": 214, "所在地": "鹿児島県垂水市田神３４８５―１", "緯度": 31.495683, "経度": 130.701081, "url": "https://www.iryou.teikyouseido.mhlw.go.jp/znk-web/juminkanja/S2430/initialize?prefCd=46&kikanCd=23085&kikanKbn=2", "url2": null, "内容": "東内科小児科クリニック【2:診療所】【診療科目:内科_呼吸器内科_循環器内科_消化器内科_胃腸内科_小児科_リハビリテーション科】鹿児島県垂水市田神３４８５―１" }, "geometry": { "type": "Point", "coordinates": [ 130.701081, 31.495683 ] } },
{ "type": "Feature", "properties": { "ID": 46223105, "正式名称": "濵畑クリニック", "機関区分": 2, "都道府県コード": 46, "市区町村コード": 490, "所在地": "鹿児島県肝属郡錦江町田代川原４０３", "緯度": 31.190235, "経度": 130.835682, "url": "https://www.iryou.teikyouseido.mhlw.go.jp/znk-web/juminkanja/S2430/initialize?prefCd=46&kikanCd=23105&kikanKbn=2", "url2": null, "内容": "濵畑クリニック【2:診療所】【診療科目:内科_整形外科】鹿児島県肝属郡錦江町田代川原４０３" }, "geometry": { "type": "Point", "coordinates": [ 130.835682, 31.190235 ] } },
{ "type": "Feature", "properties": { "ID": 46223106, "正式名称": "藤崎クリニック", "機関区分": 2, "都道府県コード": 46, "市区町村コード": 490, "所在地": "鹿児島県肝属郡錦江町城元９６番地６", "緯度": 31.250682, "経度": 130.790556, "url": "https://www.iryou.teikyouseido.mhlw.go.jp/znk-web/juminkanja/S2430/initialize?prefCd=46&kikanCd=23106&kikanKbn=2", "url2": null, "内容": "藤崎クリニック【2:診療所】【診療科目:内科_胃腸内科_外科_肛門外科】鹿児島県肝属郡錦江町城元９６番地６" }, "geometry": { "type": "Point", "coordinates": [ 130.790556, 31.250682 ] } },
{ "type": "Feature", "properties": { "ID": 46223123, "正式名称": "医療法人徳洲会　高山クリニック", "機関区分": 2, "都道府県コード": 46, "市区町村コード": 492, "所在地": "鹿児島県肝属郡肝付町新富８１８番地１", "緯度": 31.347485, "経度": 130.952662, "url": "https://www.iryou.teikyouseido.mhlw.go.jp/znk-web/juminkanja/S2430/initialize?prefCd=46&kikanCd=23123&kikanKbn=2", "url2": "https://www.tokushukai.or.jp/introduction/facility/cl-kouyama", "内容": "医療法人徳洲会　高山クリニック【2:診療所】【診療科目:内科_外科_リハビリテーション科】鹿児島県肝属郡肝付町新富８１８番地１" }, "geometry": { "type": "Point", "coordinates": [ 130.952662, 31.347485 ] } },
{ "type": "Feature", "properties": { "ID": 46223124, "正式名称": "高山胃腸科・外科", "機関区分": 2, "都道府県コード": 46, "市区町村コード": 492, "所在地": "鹿児島県肝属郡肝付町前田９２３－１", "緯度": 31.349061, "経度": 130.942606, "url": "https://www.iryou.teikyouseido.mhlw.go.jp/znk-web/juminkanja/S2430/initialize?prefCd=46&kikanCd=23124&kikanKbn=2", "url2": "http://www.nansenkai.com", "内容": "高山胃腸科・外科【2:診療所】【診療科目:内科_消化器内科_胃腸内科_外科_肛門外科_整形外科】鹿児島県肝属郡肝付町前田９２３－１" }, "geometry": { "type": "Point", "coordinates": [ 130.942606, 31.349061 ] } },
{ "type": "Feature", "properties": { "ID": 46223128, "正式名称": "山内クリニック", "機関区分": 2, "都道府県コード": 46, "市区町村コード": 492, "所在地": "鹿児島県肝属郡肝付町前田４８１６番地２", "緯度": 31.341839, "経度": 130.928927, "url": "https://www.iryou.teikyouseido.mhlw.go.jp/znk-web/juminkanja/S2430/initialize?prefCd=46&kikanCd=23128&kikanKbn=2", "url2": null, "内容": "山内クリニック【2:診療所】【診療科目:内科_呼吸器内科_胃腸内科_小児科_リハビリテーション科】鹿児島県肝属郡肝付町前田４８１６番地２" }, "geometry": { "type": "Point", "coordinates": [ 130.928927, 31.341839 ] } },
{ "type": "Feature", "properties": { "ID": 46223130, "正式名称": "吉川医院", "機関区分": 2, "都道府県コード": 46, "市区町村コード": 492, "所在地": "鹿児島県肝属郡肝付町前田８６３－１", "緯度": 31.3477, "経度": 130.941437, "url": "https://www.iryou.teikyouseido.mhlw.go.jp/znk-web/juminkanja/S2430/initialize?prefCd=46&kikanCd=23130&kikanKbn=2", "url2": null, "内容": "吉川医院【2:診療所】【診療科目:内科_呼吸器内科_消化器内科_胃腸内科】鹿児島県肝属郡肝付町前田８６３－１" }, "geometry": { "type": "Point", "coordinates": [ 130.941437, 31.3477 ] } },
{ "type": "Feature", "properties": { "ID": 46223131, "正式名称": "社会福祉法人内之浦会　吉重クリニック", "機関区分": 2, "都道府県コード": 46, "市区町村コード": 492, "所在地": "鹿児島県肝属郡肝付町北方５８１番地１", "緯度": 31.280218, "経度": 131.055521, "url": "https://www.iryou.teikyouseido.mhlw.go.jp/znk-web/juminkanja/S2430/initialize?prefCd=46&kikanCd=23131&kikanKbn=2", "url2": null, "内容": "社会福祉法人内之浦会　吉重クリニック【2:診療所】【診療科目:内科_呼吸器内科_消化器内科_神経内科_小児科】鹿児島県肝属郡肝付町北方５８１番地１" }, "geometry": { "type": "Point", "coordinates": [ 131.055521, 31.280218 ] } },
{ "type": "Feature", "properties": { "ID": 46223138, "正式名称": "あないクリニック", "機関区分": 2, "都道府県コード": 46, "市区町村コード": 217, "所在地": "鹿児島県曽於市財部町南俣１７０５番地７", "緯度": 31.727959, "経度": 131.000301, "url": "https://www.iryou.teikyouseido.mhlw.go.jp/znk-web/juminkanja/S2430/initialize?prefCd=46&kikanCd=23138&kikanKbn=2", "url2": null, "内容": "あないクリニック【2:診療所】【診療科目:内科】鹿児島県曽於市財部町南俣１７０５番地７" }, "geometry": { "type": "Point", "coordinates": [ 131.000301, 31.727959 ] } },
{ "type": "Feature", "properties": { "ID": 46223139, "正式名称": "医療法人明成会塩川医院", "機関区分": 2, "都道府県コード": 46, "市区町村コード": 217, "所在地": "鹿児島県曽於市末吉町上町４－２－６", "緯度": 31.65245, "経度": 131.020742, "url": "https://www.iryou.teikyouseido.mhlw.go.jp/znk-web/juminkanja/S2430/initialize?prefCd=46&kikanCd=23139&kikanKbn=2", "url2": null, "内容": "医療法人明成会塩川医院【2:診療所】【診療科目:内科_整形外科_リハビリテーション科_放射線科】鹿児島県曽於市末吉町上町４－２－６" }, "geometry": { "type": "Point", "coordinates": [ 131.020742, 31.65245 ] } },
{ "type": "Feature", "properties": { "ID": 46223143, "正式名称": "末吉胃腸科外科クリニック", "機関区分": 2, "都道府県コード": 46, "市区町村コード": 217, "所在地": "鹿児島県曽於市末吉町新町１丁目９番地１２", "緯度": 31.658521, "経度": 131.019984, "url": "https://www.iryou.teikyouseido.mhlw.go.jp/znk-web/juminkanja/S2430/initialize?prefCd=46&kikanCd=23143&kikanKbn=2", "url2": null, "内容": "末吉胃腸科外科クリニック【2:診療所】【診療科目:内科_消化器内科_胃腸内科_肝臓内科_外科_リハビリテーション科】鹿児島県曽於市末吉町新町１丁目９番地１２" }, "geometry": { "type": "Point", "coordinates": [ 131.019984, 31.658521 ] } },
{ "type": "Feature", "properties": { "ID": 46223159, "正式名称": "医療法人しぶし眼科", "機関区分": 2, "都道府県コード": 46, "市区町村コード": 221, "所在地": "鹿児島県志布志市志布志町安楽４６８番地", "緯度": 31.465329, "経度": 131.078515, "url": "https://www.iryou.teikyouseido.mhlw.go.jp/znk-web/juminkanja/S2430/initialize?prefCd=46&kikanCd=23159&kikanKbn=2", "url2": null, "内容": "医療法人しぶし眼科【2:診療所】【診療科目:眼科】鹿児島県志布志市志布志町安楽４６８番地" }, "geometry": { "type": "Point", "coordinates": [ 131.078515, 31.465329 ] } },
{ "type": "Feature", "properties": { "ID": 46223160, "正式名称": "志布志中央クリニック", "機関区分": 2, "都道府県コード": 46, "市区町村コード": 221, "所在地": "鹿児島県志布志市志布志町志布志１２９０－１", "緯度": 31.483713, "経度": 131.086391, "url": "https://www.iryou.teikyouseido.mhlw.go.jp/znk-web/juminkanja/S2430/initialize?prefCd=46&kikanCd=23160&kikanKbn=2", "url2": "www.med-sakaura.or.jp", "内容": "志布志中央クリニック【2:診療所】【診療科目:内科_循環器内科_胃腸内科_人工透析内科_整形外科_小児科_皮膚科_心療内科_リハビリテーション科_麻酔科】鹿児島県志布志市志布志町志布志１２９０－１" }, "geometry": { "type": "Point", "coordinates": [ 131.086391, 31.483713 ] } },
{ "type": "Feature", "properties": { "ID": 46223163, "正式名称": "手塚クリニック", "機関区分": 2, "都道府県コード": 46, "市区町村コード": 221, "所在地": "鹿児島県志布志市志布志町志布志５７０－２", "緯度": 31.487974, "経度": 131.093492, "url": "https://www.iryou.teikyouseido.mhlw.go.jp/znk-web/juminkanja/S2430/initialize?prefCd=46&kikanCd=23163&kikanKbn=2", "url2": null, "内容": "手塚クリニック【2:診療所】【診療科目:内科_胃腸内科_外科_肛門外科_整形外科】鹿児島県志布志市志布志町志布志５７０－２" }, "geometry": { "type": "Point", "coordinates": [ 131.093492, 31.487974 ] } },
{ "type": "Feature", "properties": { "ID": 46223165, "正式名称": "藤後クリニック", "機関区分": 2, "都道府県コード": 46, "市区町村コード": 221, "所在地": "鹿児島県志布志市志布志町志布志一丁目１３番１号", "緯度": 31.476776, "経度": 131.10303, "url": "https://www.iryou.teikyouseido.mhlw.go.jp/znk-web/juminkanja/S2430/initialize?prefCd=46&kikanCd=23165&kikanKbn=2", "url2": "http://www.sayuukai.or.jp/clinic/", "内容": "藤後クリニック【2:診療所】【診療科目:内科_循環器内科_消化器内科_リハビリテーション科】鹿児島県志布志市志布志町志布志一丁目１３番１号" }, "geometry": { "type": "Point", "coordinates": [ 131.10303, 31.476776 ] } },
{ "type": "Feature", "properties": { "ID": 46223177, "正式名称": "みやじクリニック", "機関区分": 2, "都道府県コード": 46, "市区町村コード": 221, "所在地": "鹿児島県志布志市有明町野神３６０３－１", "緯度": 31.491104, "経度": 130.99901, "url": "https://www.iryou.teikyouseido.mhlw.go.jp/znk-web/juminkanja/S2430/initialize?prefCd=46&kikanCd=23177&kikanKbn=2", "url2": null, "内容": "みやじクリニック【2:診療所】【診療科目:内科_呼吸器内科_放射線科】鹿児島県志布志市有明町野神３６０３－１" }, "geometry": { "type": "Point", "coordinates": [ 130.99901, 31.491104 ] } },
{ "type": "Feature", "properties": { "ID": 46223180, "正式名称": "山下クリニック", "機関区分": 2, "都道府県コード": 46, "市区町村コード": 221, "所在地": "鹿児島県志布志市松山町泰野５５２番地", "緯度": 31.569646, "経度": 131.07685, "url": "https://www.iryou.teikyouseido.mhlw.go.jp/znk-web/juminkanja/S2430/initialize?prefCd=46&kikanCd=23180&kikanKbn=2", "url2": null, "内容": "山下クリニック【2:診療所】【診療科目:内科_外科_整形外科_リハビリテーション科】鹿児島県志布志市松山町泰野５５２番地" }, "geometry": { "type": "Point", "coordinates": [ 131.07685, 31.569646 ] } },
{ "type": "Feature", "properties": { "ID": 46223183, "正式名称": "陽春堂内科診療所", "機関区分": 2, "都道府県コード": 46, "市区町村コード": 221, "所在地": "鹿児島県志布志市志布志町志布志２８６－４", "緯度": 31.483166, "経度": 131.093659, "url": "https://www.iryou.teikyouseido.mhlw.go.jp/znk-web/juminkanja/S2430/initialize?prefCd=46&kikanCd=23183&kikanKbn=2", "url2": "http://www.youshundo.com", "内容": "陽春堂内科診療所【2:診療所】【診療科目:内科】鹿児島県志布志市志布志町志布志２８６－４" }, "geometry": { "type": "Point", "coordinates": [ 131.093659, 31.483166 ] } },
{ "type": "Feature", "properties": { "ID": 46223188, "正式名称": "坂元内科クリニック", "機関区分": 2, "都道府県コード": 46, "市区町村コード": 468, "所在地": "鹿児島県曽於郡大崎町永吉８２９９－１", "緯度": 31.404143, "経度": 130.979468, "url": "https://www.iryou.teikyouseido.mhlw.go.jp/znk-web/juminkanja/S2430/initialize?prefCd=46&kikanCd=23188&kikanKbn=2", "url2": null, "内容": "坂元内科クリニック【2:診療所】【診療科目:内科_リウマチ科】鹿児島県曽於郡大崎町永吉８２９９－１" }, "geometry": { "type": "Point", "coordinates": [ 130.979468, 31.404143 ] } },
{ "type": "Feature", "properties": { "ID": 46223190, "正式名称": "はるびゅうクリニック", "機関区分": 2, "都道府県コード": 46, "市区町村コード": 468, "所在地": "鹿児島県曽於郡大崎町野方６０４５番地１", "緯度": 31.508928, "経度": 130.94219, "url": "https://www.iryou.teikyouseido.mhlw.go.jp/znk-web/juminkanja/S2430/initialize?prefCd=46&kikanCd=23190&kikanKbn=2", "url2": "http://www.reishinkai.or.jp/", "内容": "はるびゅうクリニック【2:診療所】【診療科目:内科】鹿児島県曽於郡大崎町野方６０４５番地１" }, "geometry": { "type": "Point", "coordinates": [ 130.94219, 31.508928 ] } },
{ "type": "Feature", "properties": { "ID": 46223501, "正式名称": "種子島産婦人科医院", "機関区分": 2, "都道府県コード": 46, "市区町村コード": 213, "所在地": "鹿児島県西之表市西之表１６３１４番地７", "緯度": 30.719802, "経度": 130.981483, "url": "https://www.iryou.teikyouseido.mhlw.go.jp/znk-web/juminkanja/S2430/initialize?prefCd=46&kikanCd=23501&kikanKbn=2", "url2": "http://tane-san.com/", "内容": "種子島産婦人科医院【2:診療所】【診療科目:産婦人科】鹿児島県西之表市西之表１６３１４番地７" }, "geometry": { "type": "Point", "coordinates": [ 130.981483, 30.719802 ] } },
{ "type": "Feature", "properties": { "ID": 46223505, "正式名称": "医療法人徳洲会　中種子クリニック", "機関区分": 2, "都道府県コード": 46, "市区町村コード": 501, "所在地": "鹿児島県熊毛郡中種子町野間", "緯度": 30.523123, "経度": 130.953962, "url": "https://www.iryou.teikyouseido.mhlw.go.jp/znk-web/juminkanja/S2430/initialize?prefCd=46&kikanCd=23505&kikanKbn=2", "url2": "https://nakatane-clinic.com/", "内容": "医療法人徳洲会　中種子クリニック【2:診療所】【診療科目:内科_外科_リハビリテーション科】鹿児島県熊毛郡中種子町野間" }, "geometry": { "type": "Point", "coordinates": [ 130.953962, 30.523123 ] } },
{ "type": "Feature", "properties": { "ID": 46223507, "正式名称": "田上診療所", "機関区分": 2, "都道府県コード": 46, "市区町村コード": 501, "所在地": "鹿児島県熊毛郡中種子町野間", "緯度": 30.533664, "経度": 130.961147, "url": "https://www.iryou.teikyouseido.mhlw.go.jp/znk-web/juminkanja/S2430/initialize?prefCd=46&kikanCd=23507&kikanKbn=2", "url2": null, "内容": "田上診療所【2:診療所】【診療科目:内科_整形外科_小児科_皮膚科_泌尿器科】鹿児島県熊毛郡中種子町野間" }, "geometry": { "type": "Point", "coordinates": [ 130.961147, 30.533664 ] } },
{ "type": "Feature", "properties": { "ID": 46223512, "正式名称": "特別養護老人ホーム南界園診療所", "機関区分": 2, "都道府県コード": 46, "市区町村コード": 501, "所在地": "鹿児島県熊毛郡中種子町田島３２７－１", "緯度": 30.485031, "経度": 130.948597, "url": "https://www.iryou.teikyouseido.mhlw.go.jp/znk-web/juminkanja/S2430/initialize?prefCd=46&kikanCd=23512&kikanKbn=2", "url2": null, "内容": "特別養護老人ホーム南界園診療所【2:診療所】【診療科目:内科】鹿児島県熊毛郡中種子町田島３２７－１" }, "geometry": { "type": "Point", "coordinates": [ 130.948597, 30.485031 ] } },
{ "type": "Feature", "properties": { "ID": 46223515, "正式名称": "西之表保健所", "機関区分": 2, "都道府県コード": 46, "市区町村コード": 213, "所在地": "鹿児島県西之表市西之表７５９０", "緯度": 30.73408, "経度": 130.996749, "url": "https://www.iryou.teikyouseido.mhlw.go.jp/znk-web/juminkanja/S2430/initialize?prefCd=46&kikanCd=23515&kikanKbn=2", "url2": null, "内容": "西之表保健所【2:診療所】【診療科目:内科】鹿児島県西之表市西之表７５９０" }, "geometry": { "type": "Point", "coordinates": [ 130.996749, 30.73408 ] } },
{ "type": "Feature", "properties": { "ID": 46223521, "正式名称": "屋久島町栗生診療所", "機関区分": 2, "都道府県コード": 46, "市区町村コード": 505, "所在地": "鹿児島県熊毛郡屋久島町栗生１７４３", "緯度": 30.270587, "経度": 130.424344, "url": "https://www.iryou.teikyouseido.mhlw.go.jp/znk-web/juminkanja/S2430/initialize?prefCd=46&kikanCd=23521&kikanKbn=2", "url2": null, "内容": "屋久島町栗生診療所【2:診療所】【診療科目:内科_耳鼻いんこう科】鹿児島県熊毛郡屋久島町栗生１７４３" }, "geometry": { "type": "Point", "coordinates": [ 130.424344, 30.270587 ] } },
{ "type": "Feature", "properties": { "ID": 46223522, "正式名称": "屋久島尾之間診療所", "機関区分": 2, "都道府県コード": 46, "市区町村コード": 505, "所在地": "鹿児島県熊毛郡屋久島町尾之間", "緯度": 30.234406, "経度": 130.556901, "url": "https://www.iryou.teikyouseido.mhlw.go.jp/znk-web/juminkanja/S2430/initialize?prefCd=46&kikanCd=23522&kikanKbn=2", "url2": "https://onoaidaclinic.com/", "内容": "屋久島尾之間診療所【2:診療所】【診療科目:内科】鹿児島県熊毛郡屋久島町尾之間" }, "geometry": { "type": "Point", "coordinates": [ 130.556901, 30.234406 ] } },
{ "type": "Feature", "properties": { "ID": 46223523, "正式名称": "医療法人　悠彩会　仲医院", "機関区分": 2, "都道府県コード": 46, "市区町村コード": 505, "所在地": "鹿児島県熊毛郡屋久島町安房４１０－１５８", "緯度": 30.319012, "経度": 130.65797, "url": "https://www.iryou.teikyouseido.mhlw.go.jp/znk-web/juminkanja/S2430/initialize?prefCd=46&kikanCd=23523&kikanKbn=2", "url2": null, "内容": "医療法人　悠彩会　仲医院【2:診療所】【診療科目:内科_消化器内科】鹿児島県熊毛郡屋久島町安房４１０－１５８" }, "geometry": { "type": "Point", "coordinates": [ 130.65797, 30.319012 ] } },
{ "type": "Feature", "properties": { "ID": 46224001, "正式名称": "朝沼クリニック", "機関区分": 2, "都道府県コード": 46, "市区町村コード": 222, "所在地": "鹿児島県奄美市名瀬石橋町", "緯度": 28.375262, "経度": 129.49821, "url": "https://www.iryou.teikyouseido.mhlw.go.jp/znk-web/juminkanja/S2430/initialize?prefCd=46&kikanCd=24001&kikanKbn=2", "url2": "http://www2.synapse.ne.jp/hekizan/", "内容": "朝沼クリニック【2:診療所】【診療科目:内科_呼吸器内科_消化器内科_胃腸内科_外科_呼吸器外科_消化器外科_肛門外科_整形外科_リハビリテーション科_麻酔科】鹿児島県奄美市名瀬石橋町" }, "geometry": { "type": "Point", "coordinates": [ 129.49821, 28.375262 ] } },
{ "type": "Feature", "properties": { "ID": 46224003, "正式名称": "稲医院", "機関区分": 2, "都道府県コード": 46, "市区町村コード": 222, "所在地": "鹿児島県奄美市名瀬金久町５－４", "緯度": 28.381371, "経度": 129.491845, "url": "https://www.iryou.teikyouseido.mhlw.go.jp/znk-web/juminkanja/S2430/initialize?prefCd=46&kikanCd=24003&kikanKbn=2", "url2": null, "内容": "稲医院【2:診療所】【診療科目:内科_神経内科_整形外科_小児科_リウマチ科_リハビリテーション科】鹿児島県奄美市名瀬金久町５－４" }, "geometry": { "type": "Point", "coordinates": [ 129.491845, 28.381371 ] } },
{ "type": "Feature", "properties": { "ID": 46224009, "正式名称": "かずや内科", "機関区分": 2, "都道府県コード": 46, "市区町村コード": 222, "所在地": "鹿児島県奄美市名瀬平松町", "緯度": 28.398939, "経度": 129.467382, "url": "https://www.iryou.teikyouseido.mhlw.go.jp/znk-web/juminkanja/S2430/initialize?prefCd=46&kikanCd=24009&kikanKbn=2", "url2": null, "内容": "かずや内科【2:診療所】【診療科目:内科_循環器内科_消化器内科_小児科】鹿児島県奄美市名瀬平松町" }, "geometry": { "type": "Point", "coordinates": [ 129.467382, 28.398939 ] } },
{ "type": "Feature", "properties": { "ID": 46224010, "正式名称": "いい・かねゆきクリニック", "機関区分": 2, "都道府県コード": 46, "市区町村コード": 222, "所在地": "鹿児島県奄美市名瀬長浜町４－１１", "緯度": 28.390974, "経度": 129.494507, "url": "https://www.iryou.teikyouseido.mhlw.go.jp/znk-web/juminkanja/S2430/initialize?prefCd=46&kikanCd=24010&kikanKbn=2", "url2": null, "内容": "いい・かねゆきクリニック【2:診療所】【診療科目:内科_呼吸器内科_消化器内科_アレルギー疾患内科_アレルギー科】鹿児島県奄美市名瀬長浜町４－１１" }, "geometry": { "type": "Point", "coordinates": [ 129.494507, 28.390974 ] } },
{ "type": "Feature", "properties": { "ID": 46224014, "正式名称": "ささはらメンタルクリニック", "機関区分": 2, "都道府県コード": 46, "市区町村コード": 222, "所在地": "鹿児島県奄美市名瀬伊津部町１６－７", "緯度": 28.378129, "経度": 129.498715, "url": "https://www.iryou.teikyouseido.mhlw.go.jp/znk-web/juminkanja/S2430/initialize?prefCd=46&kikanCd=24014&kikanKbn=2", "url2": null, "内容": "ささはらメンタルクリニック【2:診療所】【診療科目:精神科_神経科_心療内科】鹿児島県奄美市名瀬伊津部町１６－７" }, "geometry": { "type": "Point", "coordinates": [ 129.498715, 28.378129 ] } },
{ "type": "Feature", "properties": { "ID": 46224029, "正式名称": "益田泌尿器科医院", "機関区分": 2, "都道府県コード": 46, "市区町村コード": 222, "所在地": "鹿児島県奄美市名瀬鳩浜町８番地", "緯度": 28.400296, "経度": 129.516929, "url": "https://www.iryou.teikyouseido.mhlw.go.jp/znk-web/juminkanja/S2430/initialize?prefCd=46&kikanCd=24029&kikanKbn=2", "url2": null, "内容": "益田泌尿器科医院【2:診療所】【診療科目:内科_小児科_皮膚科_泌尿器科_リハビリテーション科】鹿児島県奄美市名瀬鳩浜町８番地" }, "geometry": { "type": "Point", "coordinates": [ 129.516929, 28.400296 ] } },
{ "type": "Feature", "properties": { "ID": 46224033, "正式名称": "医療法人奎英会　むかいクリニック", "機関区分": 2, "都道府県コード": 46, "市区町村コード": 222, "所在地": "鹿児島県奄美市名瀬小浜町２４番１０号", "緯度": 28.385375, "経度": 129.501315, "url": "https://www.iryou.teikyouseido.mhlw.go.jp/znk-web/juminkanja/S2430/initialize?prefCd=46&kikanCd=24033&kikanKbn=2", "url2": "https://mukai.ryukyu/", "内容": "医療法人奎英会　むかいクリニック【2:診療所】【診療科目:内科_呼吸器内科_循環器内科_消化器内科_小児科_心療内科_アレルギー科_リハビリテーション科_麻酔科】鹿児島県奄美市名瀬小浜町２４番１０号" }, "geometry": { "type": "Point", "coordinates": [ 129.501315, 28.385375 ] } },
{ "type": "Feature", "properties": { "ID": 46224037, "正式名称": "医療法人潤博会よしかわクリニック", "機関区分": 2, "都道府県コード": 46, "市区町村コード": 222, "所在地": "鹿児島県奄美市名瀬和光町", "緯度": 28.391339, "経度": 129.52577, "url": "https://www.iryou.teikyouseido.mhlw.go.jp/znk-web/juminkanja/S2430/initialize?prefCd=46&kikanCd=24037&kikanKbn=2", "url2": null, "内容": "医療法人潤博会よしかわクリニック【2:診療所】【診療科目:内科_消化器内科】鹿児島県奄美市名瀬和光町" }, "geometry": { "type": "Point", "coordinates": [ 129.52577, 28.391339 ] } },
{ "type": "Feature", "properties": { "ID": 46224038, "正式名称": "メンタルクリニックＭａｔｅｒｉａ", "機関区分": 2, "都道府県コード": 46, "市区町村コード": 222, "所在地": "鹿児島県奄美市名瀬末広町１８－２５グランセ末広ビル１階", "緯度": 28.377215, "経度": 129.49446, "url": "https://www.iryou.teikyouseido.mhlw.go.jp/znk-web/juminkanja/S2430/initialize?prefCd=46&kikanCd=24038&kikanKbn=2", "url2": "http://www.mc-materia.com", "内容": "メンタルクリニックＭａｔｅｒｉａ【2:診療所】【診療科目:精神科_心療内科】鹿児島県奄美市名瀬末広町１８－２５グランセ末広ビル１階" }, "geometry": { "type": "Point", "coordinates": [ 129.49446, 28.377215 ] } },
{ "type": "Feature", "properties": { "ID": 46224039, "正式名称": "せきクリニック", "機関区分": 2, "都道府県コード": 46, "市区町村コード": 222, "所在地": "鹿児島県奄美市名瀬朝日町１０番地３", "緯度": 28.396319, "経度": 129.526634, "url": "https://www.iryou.teikyouseido.mhlw.go.jp/znk-web/juminkanja/S2430/initialize?prefCd=46&kikanCd=24039&kikanKbn=2", "url2": "sekiclinic.co.jp", "内容": "せきクリニック【2:診療所】【診療科目:内科_皮膚科_精神科】鹿児島県奄美市名瀬朝日町１０番地３" }, "geometry": { "type": "Point", "coordinates": [ 129.526634, 28.396319 ] } },
{ "type": "Feature", "properties": { "ID": 46224040, "正式名称": "奄美市笠利国民健康保険診療所", "機関区分": 2, "都道府県コード": 46, "市区町村コード": 222, "所在地": "鹿児島県奄美市笠利町中金久４５", "緯度": 28.456208, "経度": 129.674971, "url": "https://www.iryou.teikyouseido.mhlw.go.jp/znk-web/juminkanja/S2430/initialize?prefCd=46&kikanCd=24040&kikanKbn=2", "url2": null, "内容": "奄美市笠利国民健康保険診療所【2:診療所】【診療科目:内科_外科_整形外科_泌尿器科_歯科】鹿児島県奄美市笠利町中金久４５" }, "geometry": { "type": "Point", "coordinates": [ 129.674971, 28.456208 ] } },
{ "type": "Feature", "properties": { "ID": 46224041, "正式名称": "記念クリニック奄美", "機関区分": 2, "都道府県コード": 46, "市区町村コード": 222, "所在地": "鹿児島県奄美市笠利町節田字大湊１４５０－１", "緯度": 28.413292, "経度": 129.678773, "url": "https://www.iryou.teikyouseido.mhlw.go.jp/znk-web/juminkanja/S2430/initialize?prefCd=46&kikanCd=24041&kikanKbn=2", "url2": null, "内容": "記念クリニック奄美【2:診療所】【診療科目:内科_胃腸内科_外科_整形外科_小児科_リハビリテーション科】鹿児島県奄美市笠利町節田字大湊１４５０－１" }, "geometry": { "type": "Point", "coordinates": [ 129.678773, 28.413292 ] } },
{ "type": "Feature", "properties": { "ID": 46224043, "正式名称": "奄美市住用国民健康保険診療所", "機関区分": 2, "都道府県コード": 46, "市区町村コード": 222, "所在地": "鹿児島県奄美市住用町西仲間１１１", "緯度": 28.265562, "経度": 129.407676, "url": "https://www.iryou.teikyouseido.mhlw.go.jp/znk-web/juminkanja/S2430/initialize?prefCd=46&kikanCd=24043&kikanKbn=2", "url2": "https://sumiyo-clinic.com/", "内容": "奄美市住用国民健康保険診療所【2:診療所】【診療科目:内科_消化器内科_肛門内科_外科_肛門外科_整形外科_小児科_歯科_放射線科】鹿児島県奄美市住用町西仲間１１１" }, "geometry": { "type": "Point", "coordinates": [ 129.407676, 28.265562 ] } },
{ "type": "Feature", "properties": { "ID": 46224045, "正式名称": "国民健康保険宇検診療所", "機関区分": 2, "都道府県コード": 46, "市区町村コード": 524, "所在地": "鹿児島県大島郡宇検村湯湾３７", "緯度": 28.279186, "経度": 129.295138, "url": "https://www.iryou.teikyouseido.mhlw.go.jp/znk-web/juminkanja/S2430/initialize?prefCd=46&kikanCd=24045&kikanKbn=2", "url2": null, "内容": "国民健康保険宇検診療所【2:診療所】【診療科目:内科_外科_小児科】鹿児島県大島郡宇検村湯湾３７" }, "geometry": { "type": "Point", "coordinates": [ 129.295138, 28.279186 ] } },
{ "type": "Feature", "properties": { "ID": 46224051, "正式名称": "瀬戸内町へき地診療所", "機関区分": 2, "都道府県コード": 46, "市区町村コード": 525, "所在地": "鹿児島県大島郡瀬戸内町古仁屋瀬久井西１３番地２", "緯度": 28.1443, "経度": 129.317719, "url": "https://www.iryou.teikyouseido.mhlw.go.jp/znk-web/juminkanja/S2430/initialize?prefCd=46&kikanCd=24051&kikanKbn=2", "url2": null, "内容": "瀬戸内町へき地診療所【2:診療所】【診療科目:内科_外科_小児科】鹿児島県大島郡瀬戸内町古仁屋瀬久井西１３番地２" }, "geometry": { "type": "Point", "coordinates": [ 129.317719, 28.1443 ] } },
{ "type": "Feature", "properties": { "ID": 46224052, "正式名称": "瀬戸内町国民健康保険池地診療所", "機関区分": 2, "都道府県コード": 46, "市区町村コード": 525, "所在地": "鹿児島県大島郡瀬戸内町池地", "緯度": 28.032279, "経度": 129.231999, "url": "https://www.iryou.teikyouseido.mhlw.go.jp/znk-web/juminkanja/S2430/initialize?prefCd=46&kikanCd=24052&kikanKbn=2", "url2": null, "内容": "瀬戸内町国民健康保険池地診療所【2:診療所】【診療科目:内科_外科】鹿児島県大島郡瀬戸内町池地" }, "geometry": { "type": "Point", "coordinates": [ 129.231999, 28.032279 ] } },
{ "type": "Feature", "properties": { "ID": 46224054, "正式名称": "瀬戸内町与路へき地診療所", "機関区分": 2, "都道府県コード": 46, "市区町村コード": 525, "所在地": "鹿児島県大島郡瀬戸内町与路", "緯度": 28.044682, "経度": 129.164415, "url": "https://www.iryou.teikyouseido.mhlw.go.jp/znk-web/juminkanja/S2430/initialize?prefCd=46&kikanCd=24054&kikanKbn=2", "url2": null, "内容": "瀬戸内町与路へき地診療所【2:診療所】【診療科目:内科_外科】鹿児島県大島郡瀬戸内町与路" }, "geometry": { "type": "Point", "coordinates": [ 129.164415, 28.044682 ] } },
{ "type": "Feature", "properties": { "ID": 46224057, "正式名称": "南大島診療所", "機関区分": 2, "都道府県コード": 46, "市区町村コード": 525, "所在地": "鹿児島県大島郡瀬戸内町阿木名１９７５", "緯度": 28.170463, "経度": 129.335658, "url": "https://www.iryou.teikyouseido.mhlw.go.jp/znk-web/juminkanja/S2430/initialize?prefCd=46&kikanCd=24057&kikanKbn=2", "url2": null, "内容": "南大島診療所【2:診療所】【診療科目:内科】鹿児島県大島郡瀬戸内町阿木名１９７５" }, "geometry": { "type": "Point", "coordinates": [ 129.335658, 28.170463 ] } },
{ "type": "Feature", "properties": { "ID": 46224060, "正式名称": "竜郷中央クリニック", "機関区分": 2, "都道府県コード": 46, "市区町村コード": 527, "所在地": "鹿児島県大島郡龍郷町瀬留９８４－４", "緯度": 28.411886, "経度": 129.590263, "url": "https://www.iryou.teikyouseido.mhlw.go.jp/znk-web/juminkanja/S2430/initialize?prefCd=46&kikanCd=24060&kikanKbn=2", "url2": null, "内容": "竜郷中央クリニック【2:診療所】【診療科目:内科_循環器内科_消化器内科_皮膚科_リハビリテーション科】鹿児島県大島郡龍郷町瀬留９８４－４" }, "geometry": { "type": "Point", "coordinates": [ 129.590263, 28.411886 ] } },
{ "type": "Feature", "properties": { "ID": 46224064, "正式名称": "養護老人ホーム愛寿園", "機関区分": 2, "都道府県コード": 46, "市区町村コード": 527, "所在地": "鹿児島県大島郡龍郷町浦", "緯度": 28.399064, "経度": 129.584609, "url": "https://www.iryou.teikyouseido.mhlw.go.jp/znk-web/juminkanja/S2430/initialize?prefCd=46&kikanCd=24064&kikanKbn=2", "url2": null, "内容": "養護老人ホーム愛寿園【2:診療所】【診療科目:内科_皮膚科_精神科】鹿児島県大島郡龍郷町浦" }, "geometry": { "type": "Point", "coordinates": [ 129.584609, 28.399064 ] } },
{ "type": "Feature", "properties": { "ID": 46224066, "正式名称": "喜界町国民健康保険診療所", "機関区分": 2, "都道府県コード": 46, "市区町村コード": 529, "所在地": "鹿児島県大島郡喜界町赤連３７", "緯度": 28.319385, "経度": 129.941287, "url": "https://www.iryou.teikyouseido.mhlw.go.jp/znk-web/juminkanja/S2430/initialize?prefCd=46&kikanCd=24066&kikanKbn=2", "url2": null, "内容": "喜界町国民健康保険診療所【2:診療所】【診療科目:内科】鹿児島県大島郡喜界町赤連３７" }, "geometry": { "type": "Point", "coordinates": [ 129.941287, 28.319385 ] } },
{ "type": "Feature", "properties": { "ID": 46224067, "正式名称": "特別養護老人ホームオアシスケア喜界診療所", "機関区分": 2, "都道府県コード": 46, "市区町村コード": 529, "所在地": "鹿児島県大島郡喜界町赤連", "緯度": 28.318626, "経度": 129.942349, "url": "https://www.iryou.teikyouseido.mhlw.go.jp/znk-web/juminkanja/S2430/initialize?prefCd=46&kikanCd=24067&kikanKbn=2", "url2": null, "内容": "特別養護老人ホームオアシスケア喜界診療所【2:診療所】【診療科目:内科】鹿児島県大島郡喜界町赤連" }, "geometry": { "type": "Point", "coordinates": [ 129.942349, 28.318626 ] } },
{ "type": "Feature", "properties": { "ID": 46224073, "正式名称": "徳之島診療所", "機関区分": 2, "都道府県コード": 46, "市区町村コード": 530, "所在地": "鹿児島県大島郡徳之島町亀津８５３－５", "緯度": 27.733684, "経度": 129.021366, "url": "https://www.iryou.teikyouseido.mhlw.go.jp/znk-web/juminkanja/S2430/initialize?prefCd=46&kikanCd=24073&kikanKbn=2", "url2": null, "内容": "徳之島診療所【2:診療所】【診療科目:内科_糖尿病内科_胃腸内科_小児科】鹿児島県大島郡徳之島町亀津８５３－５" }, "geometry": { "type": "Point", "coordinates": [ 129.021366, 27.733684 ] } },
{ "type": "Feature", "properties": { "ID": 46224078, "正式名称": "天城診療所", "機関区分": 2, "都道府県コード": 46, "市区町村コード": 531, "所在地": "鹿児島県大島郡天城町天城３５８－１", "緯度": 27.819592, "経度": 128.893803, "url": "https://www.iryou.teikyouseido.mhlw.go.jp/znk-web/juminkanja/S2430/initialize?prefCd=46&kikanCd=24078&kikanKbn=2", "url2": null, "内容": "天城診療所【2:診療所】【診療科目:内科_外科】鹿児島県大島郡天城町天城３５８－１" }, "geometry": { "type": "Point", "coordinates": [ 128.893803, 27.819592 ] } },
{ "type": "Feature", "properties": { "ID": 46224079, "正式名称": "特別養護老人ホーム天寿園診療所", "機関区分": 2, "都道府県コード": 46, "市区町村コード": 531, "所在地": "鹿児島県大島郡天城町松原７８４番地４", "緯度": 27.865597, "経度": 128.907102, "url": "https://www.iryou.teikyouseido.mhlw.go.jp/znk-web/juminkanja/S2430/initialize?prefCd=46&kikanCd=24079&kikanKbn=2", "url2": null, "内容": "特別養護老人ホーム天寿園診療所【2:診療所】【診療科目:内科】鹿児島県大島郡天城町松原７８４番地４" }, "geometry": { "type": "Point", "coordinates": [ 128.907102, 27.865597 ] } },
{ "type": "Feature", "properties": { "ID": 46224082, "正式名称": "徳之島老人ホーム診療所", "機関区分": 2, "都道府県コード": 46, "市区町村コード": 532, "所在地": "鹿児島県大島郡伊仙町伊仙１７８２－２", "緯度": 27.679561, "経度": 128.941439, "url": "https://www.iryou.teikyouseido.mhlw.go.jp/znk-web/juminkanja/S2430/initialize?prefCd=46&kikanCd=24082&kikanKbn=2", "url2": "http://care-net.biz/46/toku-nikoniko/", "内容": "徳之島老人ホーム診療所【2:診療所】【診療科目:内科】鹿児島県大島郡伊仙町伊仙１７８２－２" }, "geometry": { "type": "Point", "coordinates": [ 128.941439, 27.679561 ] } },
{ "type": "Feature", "properties": { "ID": 46224084, "正式名称": "医療法人徳洲会　伊仙クリニック", "機関区分": 2, "都道府県コード": 46, "市区町村コード": 532, "所在地": "鹿児島県大島郡伊仙町伊仙２０９７", "緯度": 27.674759, "経度": 128.936555, "url": "https://www.iryou.teikyouseido.mhlw.go.jp/znk-web/juminkanja/S2430/initialize?prefCd=46&kikanCd=24084&kikanKbn=2", "url2": null, "内容": "医療法人徳洲会　伊仙クリニック【2:診療所】【診療科目:内科_外科_小児科_リハビリテーション科】鹿児島県大島郡伊仙町伊仙２０９７" }, "geometry": { "type": "Point", "coordinates": [ 128.936555, 27.674759 ] } },
{ "type": "Feature", "properties": { "ID": 46224085, "正式名称": "福山医院", "機関区分": 2, "都道府県コード": 46, "市区町村コード": 533, "所在地": "鹿児島県大島郡和泊町和泊９６－５", "緯度": 27.388699, "経度": 128.653292, "url": "https://www.iryou.teikyouseido.mhlw.go.jp/znk-web/juminkanja/S2430/initialize?prefCd=46&kikanCd=24085&kikanKbn=2", "url2": null, "内容": "福山医院【2:診療所】【診療科目:内科_小児科】鹿児島県大島郡和泊町和泊９６－５" }, "geometry": { "type": "Point", "coordinates": [ 128.653292, 27.388699 ] } },
{ "type": "Feature", "properties": { "ID": 46224087, "正式名称": "医療法人　朝戸医院", "機関区分": 2, "都道府県コード": 46, "市区町村コード": 533, "所在地": "鹿児島県大島郡和泊町和泊", "緯度": 27.392917, "経度": 128.654811, "url": "https://www.iryou.teikyouseido.mhlw.go.jp/znk-web/juminkanja/S2430/initialize?prefCd=46&kikanCd=24087&kikanKbn=2", "url2": null, "内容": "医療法人　朝戸医院【2:診療所】【診療科目:内科_消化器内科_外科_整形外科_眼科】鹿児島県大島郡和泊町和泊" }, "geometry": { "type": "Point", "coordinates": [ 128.654811, 27.392917 ] } },
{ "type": "Feature", "properties": { "ID": 46224089, "正式名称": "特別養護老人ホームしらゆり園診療所", "機関区分": 2, "都道府県コード": 46, "市区町村コード": 533, "所在地": "鹿児島県大島郡和泊町手々知名７８１番地", "緯度": 27.401419, "経度": 128.654156, "url": "https://www.iryou.teikyouseido.mhlw.go.jp/znk-web/juminkanja/S2430/initialize?prefCd=46&kikanCd=24089&kikanKbn=2", "url2": null, "内容": "特別養護老人ホームしらゆり園診療所【2:診療所】【診療科目:内科】鹿児島県大島郡和泊町手々知名７８１番地" }, "geometry": { "type": "Point", "coordinates": [ 128.654156, 27.401419 ] } },
{ "type": "Feature", "properties": { "ID": 46224090, "正式名称": "町田医院", "機関区分": 2, "都道府県コード": 46, "市区町村コード": 533, "所在地": "鹿児島県大島郡和泊町手々知名６３６－１", "緯度": 27.398134, "経度": 128.655335, "url": "https://www.iryou.teikyouseido.mhlw.go.jp/znk-web/juminkanja/S2430/initialize?prefCd=46&kikanCd=24090&kikanKbn=2", "url2": null, "内容": "町田医院【2:診療所】【診療科目:内科_消化器内科_胃腸内科_小児科】鹿児島県大島郡和泊町手々知名６３６－１" }, "geometry": { "type": "Point", "coordinates": [ 128.655335, 27.398134 ] } },
{ "type": "Feature", "properties": { "ID": 46224093, "正式名称": "医療法人金連会　本部医院", "機関区分": 2, "都道府県コード": 46, "市区町村コード": 534, "所在地": "鹿児島県大島郡知名町知名５９１", "緯度": 27.33242, "経度": 128.572271, "url": "https://www.iryou.teikyouseido.mhlw.go.jp/znk-web/juminkanja/S2430/initialize?prefCd=46&kikanCd=24093&kikanKbn=2", "url2": null, "内容": "医療法人金連会　本部医院【2:診療所】【診療科目:内科_整形外科_リウマチ科_リハビリテーション科_麻酔科】鹿児島県大島郡知名町知名５９１" }, "geometry": { "type": "Point", "coordinates": [ 128.572271, 27.33242 ] } },
{ "type": "Feature", "properties": { "ID": 46224098, "正式名称": "医療法人社団悠翔会パナウル診療所", "機関区分": 2, "都道府県コード": 46, "市区町村コード": 535, "所在地": "鹿児島県大島郡与論町那間２７４７－１", "緯度": 27.06002, "経度": 128.422396, "url": "https://www.iryou.teikyouseido.mhlw.go.jp/znk-web/juminkanja/S2430/initialize?prefCd=46&kikanCd=24098&kikanKbn=2", "url2": "http://www.yushoukai.jp/clinic/panauru/", "内容": "医療法人社団悠翔会パナウル診療所【2:診療所】【診療科目:内科_緩和ケア内科_小児科_精神科】鹿児島県大島郡与論町那間２７４７－１" }, "geometry": { "type": "Point", "coordinates": [ 128.422396, 27.06002 ] } },
{ "type": "Feature", "properties": { "ID": 46224099, "正式名称": "医療法人龍美会　龍美クリニック", "機関区分": 2, "都道府県コード": 46, "市区町村コード": 535, "所在地": "鹿児島県大島郡与論町大字麦屋字風花１３０５番５", "緯度": 27.02021, "経度": 128.445038, "url": "https://www.iryou.teikyouseido.mhlw.go.jp/znk-web/juminkanja/S2430/initialize?prefCd=46&kikanCd=24099&kikanKbn=2", "url2": null, "内容": "医療法人龍美会　龍美クリニック【2:診療所】【診療科目:内科_婦人科_眼科】鹿児島県大島郡与論町大字麦屋字風花１３０５番５" }, "geometry": { "type": "Point", "coordinates": [ 128.445038, 27.02021 ] } },
{ "type": "Feature", "properties": { "ID": 46224100, "正式名称": "辻眼科クリニック", "機関区分": 2, "都道府県コード": 46, "市区町村コード": 201, "所在地": "鹿児島県鹿児島市和田三丁目２８番１８号", "緯度": 31.510239, "経度": 130.512932, "url": "https://www.iryou.teikyouseido.mhlw.go.jp/znk-web/juminkanja/S2430/initialize?prefCd=46&kikanCd=24100&kikanKbn=2", "url2": "http://nttbj.itp.ne.jp/0992683000/index.html", "内容": "辻眼科クリニック【2:診療所】【診療科目:眼科_麻酔科】鹿児島県鹿児島市和田三丁目２８番１８号" }, "geometry": { "type": "Point", "coordinates": [ 130.512932, 31.510239 ] } },
{ "type": "Feature", "properties": { "ID": 46224101, "正式名称": "医療法人朋愛会おばま医院", "機関区分": 2, "都道府県コード": 46, "市区町村コード": 203, "所在地": "鹿児島県鹿屋市寿２ー２－１", "緯度": 31.387072, "経度": 130.860179, "url": "https://www.iryou.teikyouseido.mhlw.go.jp/znk-web/juminkanja/S2430/initialize?prefCd=46&kikanCd=24101&kikanKbn=2", "url2": null, "内容": "医療法人朋愛会おばま医院【2:診療所】【診療科目:内科_人工透析内科_小児科_耳鼻いんこう科_皮膚科_泌尿器科_精神科】鹿児島県鹿屋市寿２ー２－１" }, "geometry": { "type": "Point", "coordinates": [ 130.860179, 31.387072 ] } },
{ "type": "Feature", "properties": { "ID": 46224102, "正式名称": "ふくいわ耳鼻咽喉科クリニック", "機関区分": 2, "都道府県コード": 46, "市区町村コード": 220, "所在地": "鹿児島県南さつま市加世田本町２２－５", "緯度": 31.419576, "経度": 130.321413, "url": "https://www.iryou.teikyouseido.mhlw.go.jp/znk-web/juminkanja/S2430/initialize?prefCd=46&kikanCd=24102&kikanKbn=2", "url2": "www.fukuiwa-clnic.com", "内容": "ふくいわ耳鼻咽喉科クリニック【2:診療所】【診療科目:気管食道外科_頭頸部外科_小児耳鼻いんこう科_耳鼻いんこう科_アレルギー科】鹿児島県南さつま市加世田本町２２－５" }, "geometry": { "type": "Point", "coordinates": [ 130.321413, 31.419576 ] } },
{ "type": "Feature", "properties": { "ID": 46224113, "正式名称": "医療法人指宿おおしげ内科", "機関区分": 2, "都道府県コード": 46, "市区町村コード": 210, "所在地": "鹿児島県指宿市十二町２１８８－７", "緯度": 31.235469, "経度": 130.640195, "url": "https://www.iryou.teikyouseido.mhlw.go.jp/znk-web/juminkanja/S2430/initialize?prefCd=46&kikanCd=24113&kikanKbn=2", "url2": null, "内容": "医療法人指宿おおしげ内科【2:診療所】【診療科目:内科_糖尿病・内分泌内科_消化器内科_小児科】鹿児島県指宿市十二町２１８８－７" }, "geometry": { "type": "Point", "coordinates": [ 130.640195, 31.235469 ] } },
{ "type": "Feature", "properties": { "ID": 46224127, "正式名称": "隼人脳神経外科", "機関区分": 2, "都道府県コード": 46, "市区町村コード": 218, "所在地": "鹿児島県霧島市隼人町小田２３９７－３", "緯度": 31.740002, "経度": 130.713755, "url": "https://www.iryou.teikyouseido.mhlw.go.jp/znk-web/juminkanja/S2430/initialize?prefCd=46&kikanCd=24127&kikanKbn=2", "url2": null, "内容": "隼人脳神経外科【2:診療所】【診療科目:脳神経外科】鹿児島県霧島市隼人町小田２３９７－３" }, "geometry": { "type": "Point", "coordinates": [ 130.713755, 31.740002 ] } },
{ "type": "Feature", "properties": { "ID": 46224129, "正式名称": "岩城眼科", "機関区分": 2, "都道府県コード": 46, "市区町村コード": 222, "所在地": "鹿児島県奄美市名瀬末広町１－６－２Ｆ", "緯度": 28.379261, "経度": 129.4946, "url": "https://www.iryou.teikyouseido.mhlw.go.jp/znk-web/juminkanja/S2430/initialize?prefCd=46&kikanCd=24129&kikanKbn=2", "url2": null, "内容": "岩城眼科【2:診療所】【診療科目:眼科】鹿児島県奄美市名瀬末広町１－６－２Ｆ" }, "geometry": { "type": "Point", "coordinates": [ 129.4946, 28.379261 ] } },
{ "type": "Feature", "properties": { "ID": 46224132, "正式名称": "こうの子どもクリニック", "機関区分": 2, "都道府県コード": 46, "市区町村コード": 218, "所在地": "鹿児島県霧島市国分中央４－１５－３", "緯度": 31.734227, "経度": 130.775308, "url": "https://www.iryou.teikyouseido.mhlw.go.jp/znk-web/juminkanja/S2430/initialize?prefCd=46&kikanCd=24132&kikanKbn=2", "url2": null, "内容": "こうの子どもクリニック【2:診療所】【診療科目:小児科】鹿児島県霧島市国分中央４－１５－３" }, "geometry": { "type": "Point", "coordinates": [ 130.775308, 31.734227 ] } },
{ "type": "Feature", "properties": { "ID": 46224133, "正式名称": "ひおき診療所", "機関区分": 2, "都道府県コード": 46, "市区町村コード": 216, "所在地": "鹿児島県日置市日吉町日置１１５０番地１", "緯度": 31.596128, "経度": 130.343746, "url": "https://www.iryou.teikyouseido.mhlw.go.jp/znk-web/juminkanja/S2430/initialize?prefCd=46&kikanCd=24133&kikanKbn=2", "url2": null, "内容": "ひおき診療所【2:診療所】【診療科目:内科_整形外科_リウマチ科_リハビリテーション科】鹿児島県日置市日吉町日置１１５０番地１" }, "geometry": { "type": "Point", "coordinates": [ 130.343746, 31.596128 ] } },
{ "type": "Feature", "properties": { "ID": 46224134, "正式名称": "医療法人　奄真会　奄美眼科", "機関区分": 2, "都道府県コード": 46, "市区町村コード": 222, "所在地": "鹿児島県奄美市名瀬長浜町", "緯度": 28.391824, "経度": 129.494285, "url": "https://www.iryou.teikyouseido.mhlw.go.jp/znk-web/juminkanja/S2430/initialize?prefCd=46&kikanCd=24134&kikanKbn=2", "url2": "http://amami-eye.com/", "内容": "医療法人　奄真会　奄美眼科【2:診療所】【診療科目:小児眼科_眼科】鹿児島県奄美市名瀬長浜町" }, "geometry": { "type": "Point", "coordinates": [ 129.494285, 28.391824 ] } },
{ "type": "Feature", "properties": { "ID": 46224135, "正式名称": "三輪クリニック", "機関区分": 2, "都道府県コード": 46, "市区町村コード": 218, "所在地": "鹿児島県霧島市国分福島３丁目４０番１８号", "緯度": 31.725781, "経度": 130.765237, "url": "https://www.iryou.teikyouseido.mhlw.go.jp/znk-web/juminkanja/S2430/initialize?prefCd=46&kikanCd=24135&kikanKbn=2", "url2": null, "内容": "三輪クリニック【2:診療所】【診療科目:内科_呼吸器内科_消化器内科_外科】鹿児島県霧島市国分福島３丁目４０番１８号" }, "geometry": { "type": "Point", "coordinates": [ 130.765237, 31.725781 ] } },
{ "type": "Feature", "properties": { "ID": 46224136, "正式名称": "国民健康保険大和診療所", "機関区分": 2, "都道府県コード": 46, "市区町村コード": 523, "所在地": "鹿児島県大島郡大和村大棚字大町４２０", "緯度": 28.343304, "経度": 129.356934, "url": "https://www.iryou.teikyouseido.mhlw.go.jp/znk-web/juminkanja/S2430/initialize?prefCd=46&kikanCd=24136&kikanKbn=2", "url2": "http/www.vill.yamato.lg.jp", "内容": "国民健康保険大和診療所【2:診療所】【診療科目:内科_外科_小児科_歯科】鹿児島県大島郡大和村大棚字大町４２０" }, "geometry": { "type": "Point", "coordinates": [ 129.356934, 28.343304 ] } },
{ "type": "Feature", "properties": { "ID": 46224137, "正式名称": "大和村今里へき地出張診療所", "機関区分": 2, "都道府県コード": 46, "市区町村コード": 523, "所在地": "鹿児島県大島郡大和村今里７９０番地", "緯度": 28.324353, "経度": 129.27455, "url": "https://www.iryou.teikyouseido.mhlw.go.jp/znk-web/juminkanja/S2430/initialize?prefCd=46&kikanCd=24137&kikanKbn=2", "url2": "http/www.vill.yamato.lg.jp", "内容": "大和村今里へき地出張診療所【2:診療所】【診療科目:内科_外科_小児科】鹿児島県大島郡大和村今里７９０番地" }, "geometry": { "type": "Point", "coordinates": [ 129.27455, 28.324353 ] } },
{ "type": "Feature", "properties": { "ID": 46224138, "正式名称": "ファミリークリニックネリヤ", "機関区分": 2, "都道府県コード": 46, "市区町村コード": 222, "所在地": "鹿児島県奄美市名瀬和光町", "緯度": 28.389458, "経度": 129.525139, "url": "https://www.iryou.teikyouseido.mhlw.go.jp/znk-web/juminkanja/S2430/initialize?prefCd=46&kikanCd=24138&kikanKbn=2", "url2": "https://neriya.or.jp/", "内容": "ファミリークリニックネリヤ【2:診療所】【診療科目:内科_神経内科_小児科】鹿児島県奄美市名瀬和光町" }, "geometry": { "type": "Point", "coordinates": [ 129.525139, 28.389458 ] } },
{ "type": "Feature", "properties": { "ID": 46224143, "正式名称": "すみクリニック", "機関区分": 2, "都道府県コード": 46, "市区町村コード": 201, "所在地": "鹿児島県鹿児島市加治屋町", "緯度": 31.588184, "経度": 130.550916, "url": "https://www.iryou.teikyouseido.mhlw.go.jp/znk-web/juminkanja/S2430/initialize?prefCd=46&kikanCd=24143&kikanKbn=2", "url2": "http://www.sumiclinic.com/", "内容": "すみクリニック【2:診療所】【診療科目:皮膚泌尿器科】鹿児島県鹿児島市加治屋町" }, "geometry": { "type": "Point", "coordinates": [ 130.550916, 31.588184 ] } },
{ "type": "Feature", "properties": { "ID": 46224144, "正式名称": "おおうら皮ふ科", "機関区分": 2, "都道府県コード": 46, "市区町村コード": 203, "所在地": "鹿児島県鹿屋市大浦町１３９９２－１", "緯度": 31.405304, "経度": 130.838329, "url": "https://www.iryou.teikyouseido.mhlw.go.jp/znk-web/juminkanja/S2430/initialize?prefCd=46&kikanCd=24144&kikanKbn=2", "url2": null, "内容": "おおうら皮ふ科【2:診療所】【診療科目:皮膚科】鹿児島県鹿屋市大浦町１３９９２－１" }, "geometry": { "type": "Point", "coordinates": [ 130.838329, 31.405304 ] } },
{ "type": "Feature", "properties": { "ID": 46224145, "正式名称": "大隅広域夜間急病センター", "機関区分": 2, "都道府県コード": 46, "市区町村コード": 203, "所在地": "鹿児島県鹿屋市共栄町１４番１８号", "緯度": 31.379255, "経度": 130.852312, "url": "https://www.iryou.teikyouseido.mhlw.go.jp/znk-web/juminkanja/S2430/initialize?prefCd=46&kikanCd=24145&kikanKbn=2", "url2": "https://kanoya-ishikai.jp/", "内容": "大隅広域夜間急病センター【2:診療所】【診療科目:内科_外科_小児科】鹿児島県鹿屋市共栄町１４番１８号" }, "geometry": { "type": "Point", "coordinates": [ 130.852312, 31.379255 ] } },
{ "type": "Feature", "properties": { "ID": 46224150, "正式名称": "さかき脳神経外科", "機関区分": 2, "都道府県コード": 46, "市区町村コード": 201, "所在地": "鹿児島県鹿児島市中山町２１７６－２", "緯度": 31.542254, "経度": 130.505914, "url": "https://www.iryou.teikyouseido.mhlw.go.jp/znk-web/juminkanja/S2430/initialize?prefCd=46&kikanCd=24150&kikanKbn=2", "url2": "http://sakaki-ns.com/", "内容": "さかき脳神経外科【2:診療所】【診療科目:神経内科_脳神経外科】鹿児島県鹿児島市中山町２１７６－２" }, "geometry": { "type": "Point", "coordinates": [ 130.505914, 31.542254 ] } },
{ "type": "Feature", "properties": { "ID": 46224151, "正式名称": "出水総合医療センター高尾野診療所", "機関区分": 2, "都道府県コード": 46, "市区町村コード": 208, "所在地": "鹿児島県出水市高尾野町大久保３８１６番地２８", "緯度": 32.061555, "経度": 130.31266, "url": "https://www.iryou.teikyouseido.mhlw.go.jp/znk-web/juminkanja/S2430/initialize?prefCd=46&kikanCd=24151&kikanKbn=2", "url2": null, "内容": "出水総合医療センター高尾野診療所【2:診療所】【診療科目:内科_外科】鹿児島県出水市高尾野町大久保３８１６番地２８" }, "geometry": { "type": "Point", "coordinates": [ 130.31266, 32.061555 ] } },
{ "type": "Feature", "properties": { "ID": 46224157, "正式名称": "あおぞら内科クリニック", "機関区分": 2, "都道府県コード": 46, "市区町村コード": 215, "所在地": "鹿児島県薩摩川内市平佐町", "緯度": 31.811552, "経度": 130.31946, "url": "https://www.iryou.teikyouseido.mhlw.go.jp/znk-web/juminkanja/S2430/initialize?prefCd=46&kikanCd=24157&kikanKbn=2", "url2": "https://www.aozora-naika-clinic.jp/", "内容": "あおぞら内科クリニック【2:診療所】【診療科目:内科_消化器内科_肝臓内科】鹿児島県薩摩川内市平佐町" }, "geometry": { "type": "Point", "coordinates": [ 130.31946, 31.811552 ] } },
{ "type": "Feature", "properties": { "ID": 46224164, "正式名称": "ときとうクリニック", "機関区分": 2, "都道府県コード": 46, "市区町村コード": 215, "所在地": "鹿児島県薩摩川内市隈之城町６１－１", "緯度": 31.796861, "経度": 130.309035, "url": "https://www.iryou.teikyouseido.mhlw.go.jp/znk-web/juminkanja/S2430/initialize?prefCd=46&kikanCd=24164&kikanKbn=2", "url2": "https://tokitoclinic.jp", "内容": "ときとうクリニック【2:診療所】【診療科目:内科_呼吸器内科】鹿児島県薩摩川内市隈之城町６１－１" }, "geometry": { "type": "Point", "coordinates": [ 130.309035, 31.796861 ] } },
{ "type": "Feature", "properties": { "ID": 46224166, "正式名称": "藤﨑クリニック", "機関区分": 2, "都道府県コード": 46, "市区町村コード": 201, "所在地": "鹿児島県鹿児島市谷山中央六丁目２３番１１号", "緯度": 31.514295, "経度": 130.5078, "url": "https://www.iryou.teikyouseido.mhlw.go.jp/znk-web/juminkanja/S2430/initialize?prefCd=46&kikanCd=24166&kikanKbn=2", "url2": "http://www.fujisaki.mobi/", "内容": "藤﨑クリニック【2:診療所】【診療科目:内科_糖尿病・内分泌内科】鹿児島県鹿児島市谷山中央六丁目２３番１１号" }, "geometry": { "type": "Point", "coordinates": [ 130.5078, 31.514295 ] } },
{ "type": "Feature", "properties": { "ID": 46224167, "正式名称": "はぁと診療所", "機関区分": 2, "都道府県コード": 46, "市区町村コード": 201, "所在地": "鹿児島県鹿児島市上荒田町２９番１８号", "緯度": 31.574739, "経度": 130.545461, "url": "https://www.iryou.teikyouseido.mhlw.go.jp/znk-web/juminkanja/S2430/initialize?prefCd=46&kikanCd=24167&kikanKbn=2", "url2": null, "内容": "はぁと診療所【2:診療所】【診療科目:精神科】鹿児島県鹿児島市上荒田町２９番１８号" }, "geometry": { "type": "Point", "coordinates": [ 130.545461, 31.574739 ] } },
{ "type": "Feature", "properties": { "ID": 46224168, "正式名称": "幸南クリニック", "機関区分": 2, "都道府県コード": 46, "市区町村コード": 210, "所在地": "鹿児島県指宿市西方", "緯度": 31.278818, "経度": 130.616614, "url": "https://www.iryou.teikyouseido.mhlw.go.jp/znk-web/juminkanja/S2430/initialize?prefCd=46&kikanCd=24168&kikanKbn=2", "url2": null, "内容": "幸南クリニック【2:診療所】【診療科目:内科_神経内科】鹿児島県指宿市西方" }, "geometry": { "type": "Point", "coordinates": [ 130.616614, 31.278818 ] } },
{ "type": "Feature", "properties": { "ID": 46224169, "正式名称": "医療法人一会　中野内科医院", "機関区分": 2, "都道府県コード": 46, "市区町村コード": 201, "所在地": "鹿児島県鹿児島市下伊敷１丁目５番１号", "緯度": 31.610301, "経度": 130.534082, "url": "https://www.iryou.teikyouseido.mhlw.go.jp/znk-web/juminkanja/S2430/initialize?prefCd=46&kikanCd=24169&kikanKbn=2", "url2": "www.nakano-naika.com", "内容": "医療法人一会　中野内科医院【2:診療所】【診療科目:内科_循環器内科_リハビリテーション科】鹿児島県鹿児島市下伊敷１丁目５番１号" }, "geometry": { "type": "Point", "coordinates": [ 130.534082, 31.610301 ] } },
{ "type": "Feature", "properties": { "ID": 46224170, "正式名称": "医療法人聖愛会春田クリニック", "機関区分": 2, "都道府県コード": 46, "市区町村コード": 219, "所在地": "鹿児島県いちき串木野市春日町１１６", "緯度": 31.721728, "経度": 130.267833, "url": "https://www.iryou.teikyouseido.mhlw.go.jp/znk-web/juminkanja/S2430/initialize?prefCd=46&kikanCd=24170&kikanKbn=2", "url2": null, "内容": "医療法人聖愛会春田クリニック【2:診療所】【診療科目:内科_整形外科_リハビリテーション科】鹿児島県いちき串木野市春日町１１６" }, "geometry": { "type": "Point", "coordinates": [ 130.267833, 31.721728 ] } },
{ "type": "Feature", "properties": { "ID": 46224175, "正式名称": "医療法人さかえ会　さゆりクリニック", "機関区分": 2, "都道府県コード": 46, "市区町村コード": 219, "所在地": "鹿児島県いちき串木野市昭和通１０１－１", "緯度": 31.687787, "経度": 130.296245, "url": "https://www.iryou.teikyouseido.mhlw.go.jp/znk-web/juminkanja/S2430/initialize?prefCd=46&kikanCd=24175&kikanKbn=2", "url2": "http://sayuri-clinic.jp", "内容": "医療法人さかえ会　さゆりクリニック【2:診療所】【診療科目:内科_糖尿病・内分泌内科】鹿児島県いちき串木野市昭和通１０１－１" }, "geometry": { "type": "Point", "coordinates": [ 130.296245, 31.687787 ] } },
{ "type": "Feature", "properties": { "ID": 46224179, "正式名称": "医療法人　太雄会　かみむら耳鼻咽喉科", "機関区分": 2, "都道府県コード": 46, "市区町村コード": 215, "所在地": "鹿児島県薩摩川内市若葉町３－１６", "緯度": 31.822166, "経度": 130.300931, "url": "https://www.iryou.teikyouseido.mhlw.go.jp/znk-web/juminkanja/S2430/initialize?prefCd=46&kikanCd=24179&kikanKbn=2", "url2": "http://www.kamimura-ent.com/", "内容": "医療法人　太雄会　かみむら耳鼻咽喉科【2:診療所】【診療科目:耳鼻いんこう科】鹿児島県薩摩川内市若葉町３－１６" }, "geometry": { "type": "Point", "coordinates": [ 130.300931, 31.822166 ] } },
{ "type": "Feature", "properties": { "ID": 46224180, "正式名称": "医療法人産楠会くすもと産婦人科", "機関区分": 2, "都道府県コード": 46, "市区町村コード": 216, "所在地": "鹿児島県日置市伊集院町郡１１９３－１", "緯度": 31.637112, "経度": 130.403364, "url": "https://www.iryou.teikyouseido.mhlw.go.jp/znk-web/juminkanja/S2430/initialize?prefCd=46&kikanCd=24180&kikanKbn=2", "url2": "kusumoto4103.jp", "内容": "医療法人産楠会くすもと産婦人科【2:診療所】【診療科目:産科_婦人科】鹿児島県日置市伊集院町郡１１９３－１" }, "geometry": { "type": "Point", "coordinates": [ 130.403364, 31.637112 ] } },
{ "type": "Feature", "properties": { "ID": 46224181, "正式名称": "池田温泉クリニック", "機関区分": 2, "都道府県コード": 46, "市区町村コード": 214, "所在地": "鹿児島県垂水市田神", "緯度": 31.496976, "経度": 130.698628, "url": "https://www.iryou.teikyouseido.mhlw.go.jp/znk-web/juminkanja/S2430/initialize?prefCd=46&kikanCd=24181&kikanKbn=2", "url2": "http://www.kouaikai.or.jp/", "内容": "池田温泉クリニック【2:診療所】【診療科目:内科_循環器内科_胃腸内科_外科_リハビリテーション科】鹿児島県垂水市田神" }, "geometry": { "type": "Point", "coordinates": [ 130.698628, 31.496976 ] } },
{ "type": "Feature", "properties": { "ID": 46224182, "正式名称": "しもむぎ耳鼻咽喉科", "機関区分": 2, "都道府県コード": 46, "市区町村コード": 219, "所在地": "鹿児島県いちき串木野市湊町", "緯度": 31.692637, "経度": 130.293146, "url": "https://www.iryou.teikyouseido.mhlw.go.jp/znk-web/juminkanja/S2430/initialize?prefCd=46&kikanCd=24182&kikanKbn=2", "url2": "https://shimomugient.site.kagoshima.jp/", "内容": "しもむぎ耳鼻咽喉科【2:診療所】【診療科目:耳鼻いんこう科_アレルギー科】鹿児島県いちき串木野市湊町" }, "geometry": { "type": "Point", "coordinates": [ 130.293146, 31.692637 ] } },
{ "type": "Feature", "properties": { "ID": 46224183, "正式名称": "松岡救急クリニック", "機関区分": 2, "都道府県コード": 46, "市区町村コード": 223, "所在地": "鹿児島県南九州市川辺町永田４１６４－８", "緯度": 31.38654, "経度": 130.370463, "url": "https://www.iryou.teikyouseido.mhlw.go.jp/znk-web/juminkanja/S2430/initialize?prefCd=46&kikanCd=24183&kikanKbn=2", "url2": "http://matsuokaqq.com/", "内容": "松岡救急クリニック【2:診療所】【診療科目:内科_循環器内科_脳神経外科_整形外科_小児科_リハビリテーション科_救急科_麻酔科】鹿児島県南九州市川辺町永田４１６４－８" }, "geometry": { "type": "Point", "coordinates": [ 130.370463, 31.38654 ] } },
{ "type": "Feature", "properties": { "ID": 46224187, "正式名称": "いまむら脳神経クリニック", "機関区分": 2, "都道府県コード": 46, "市区町村コード": 201, "所在地": "鹿児島県鹿児島市薬師２－１３－３２", "緯度": 31.593058, "経度": 130.538421, "url": "https://www.iryou.teikyouseido.mhlw.go.jp/znk-web/juminkanja/S2430/initialize?prefCd=46&kikanCd=24187&kikanKbn=2", "url2": "https://epilepsy-migraine.amebaownd.com/", "内容": "いまむら脳神経クリニック【2:診療所】【診療科目:脳神経外科】鹿児島県鹿児島市薬師２－１３－３２" }, "geometry": { "type": "Point", "coordinates": [ 130.538421, 31.593058 ] } },
{ "type": "Feature", "properties": { "ID": 46224191, "正式名称": "うえの内科・循環器内科クリニック", "機関区分": 2, "都道府県コード": 46, "市区町村コード": 201, "所在地": "鹿児島県鹿児島市山下町８－３－３Ｆ", "緯度": 31.560144, "経度": 130.557986, "url": "https://www.iryou.teikyouseido.mhlw.go.jp/znk-web/juminkanja/S2430/initialize?prefCd=46&kikanCd=24191&kikanKbn=2", "url2": "http://ueno-naika.com", "内容": "うえの内科・循環器内科クリニック【2:診療所】【診療科目:内科_糖尿病・内分泌内科_循環器内科】鹿児島県鹿児島市山下町８－３－３Ｆ" }, "geometry": { "type": "Point", "coordinates": [ 130.557986, 31.560144 ] } },
{ "type": "Feature", "properties": { "ID": 46224195, "正式名称": "伊作田診療所", "機関区分": 2, "都道府県コード": 46, "市区町村コード": 216, "所在地": "鹿児島県日置市東市来町長里", "緯度": 31.65661, "経度": 130.3463, "url": "https://www.iryou.teikyouseido.mhlw.go.jp/znk-web/juminkanja/S2430/initialize?prefCd=46&kikanCd=24195&kikanKbn=2", "url2": null, "内容": "伊作田診療所【2:診療所】【診療科目:内科_糖尿病・代謝内科_神経内科_皮膚科】鹿児島県日置市東市来町長里" }, "geometry": { "type": "Point", "coordinates": [ 130.3463, 31.65661 ] } },
{ "type": "Feature", "properties": { "ID": 46224200, "正式名称": "かもいけ耳鼻咽喉科クリニック", "機関区分": 2, "都道府県コード": 46, "市区町村コード": 201, "所在地": "鹿児島県鹿児島市鴨池２丁目７－１", "緯度": 31.566517, "経度": 130.552722, "url": "https://www.iryou.teikyouseido.mhlw.go.jp/znk-web/juminkanja/S2430/initialize?prefCd=46&kikanCd=24200&kikanKbn=2", "url2": "http://kentac.org", "内容": "かもいけ耳鼻咽喉科クリニック【2:診療所】【診療科目:耳鼻いんこう科_アレルギー科】鹿児島県鹿児島市鴨池２丁目７－１" }, "geometry": { "type": "Point", "coordinates": [ 130.552722, 31.566517 ] } },
{ "type": "Feature", "properties": { "ID": 46224201, "正式名称": "愛宕山診療所", "機関区分": 2, "都道府県コード": 46, "市区町村コード": 215, "所在地": "鹿児島県薩摩川内市入来町副田５９５０―３２", "緯度": 31.819567, "経度": 130.429721, "url": "https://www.iryou.teikyouseido.mhlw.go.jp/znk-web/juminkanja/S2430/initialize?prefCd=46&kikanCd=24201&kikanKbn=2", "url2": "http://atago-yama.jp/", "内容": "愛宕山診療所【2:診療所】【診療科目:内科_外科】鹿児島県薩摩川内市入来町副田５９５０―３２" }, "geometry": { "type": "Point", "coordinates": [ 130.429721, 31.819567 ] } },
{ "type": "Feature", "properties": { "ID": 46224204, "正式名称": "医療法人藤宮会　尾郷クリニック", "機関区分": 2, "都道府県コード": 46, "市区町村コード": 217, "所在地": "鹿児島県曽於市末吉町二之方２１２６番地", "緯度": 31.654859, "経度": 131.021321, "url": "https://www.iryou.teikyouseido.mhlw.go.jp/znk-web/juminkanja/S2430/initialize?prefCd=46&kikanCd=24204&kikanKbn=2", "url2": null, "内容": "医療法人藤宮会　尾郷クリニック【2:診療所】【診療科目:内科_リウマチ科】鹿児島県曽於市末吉町二之方２１２６番地" }, "geometry": { "type": "Point", "coordinates": [ 131.021321, 31.654859 ] } },
{ "type": "Feature", "properties": { "ID": 46224205, "正式名称": "さくらやまクリニック", "機関区分": 2, "都道府県コード": 46, "市区町村コード": 221, "所在地": "鹿児島県志布志市志布志町安楽６１７９番地１", "緯度": 31.466325, "経度": 131.067412, "url": "https://www.iryou.teikyouseido.mhlw.go.jp/znk-web/juminkanja/S2430/initialize?prefCd=46&kikanCd=24205&kikanKbn=2", "url2": null, "内容": "さくらやまクリニック【2:診療所】【診療科目:内科_泌尿器科】鹿児島県志布志市志布志町安楽６１７９番地１" }, "geometry": { "type": "Point", "coordinates": [ 131.067412, 31.466325 ] } },
{ "type": "Feature", "properties": { "ID": 46224207, "正式名称": "隼人の杜クリニック", "機関区分": 2, "都道府県コード": 46, "市区町村コード": 218, "所在地": "鹿児島県霧島市隼人町見次５８０ー２", "緯度": 31.738368, "経度": 130.739572, "url": "https://www.iryou.teikyouseido.mhlw.go.jp/znk-web/juminkanja/S2430/initialize?prefCd=46&kikanCd=24207&kikanKbn=2", "url2": null, "内容": "隼人の杜クリニック【2:診療所】【診療科目:内科_消化器内科_肝臓内科】鹿児島県霧島市隼人町見次５８０ー２" }, "geometry": { "type": "Point", "coordinates": [ 130.739572, 31.738368 ] } },
{ "type": "Feature", "properties": { "ID": 46224210, "正式名称": "八反田内科", "機関区分": 2, "都道府県コード": 46, "市区町村コード": 218, "所在地": "鹿児島県霧島市隼人町住吉１３５３－７", "緯度": 31.728916, "経度": 130.739681, "url": "https://www.iryou.teikyouseido.mhlw.go.jp/znk-web/juminkanja/S2430/initialize?prefCd=46&kikanCd=24210&kikanKbn=2", "url2": null, "内容": "八反田内科【2:診療所】【診療科目:内科_循環器内科】鹿児島県霧島市隼人町住吉１３５３－７" }, "geometry": { "type": "Point", "coordinates": [ 130.739681, 31.728916 ] } },
{ "type": "Feature", "properties": { "ID": 46224212, "正式名称": "医療法人げんきの海　いなだ整形・内科クリニック", "機関区分": 2, "都道府県コード": 46, "市区町村コード": 530, "所在地": "鹿児島県大島郡徳之島町亀津５２２２－１", "緯度": 27.718375, "経度": 129.019511, "url": "https://www.iryou.teikyouseido.mhlw.go.jp/znk-web/juminkanja/S2430/initialize?prefCd=46&kikanCd=24212&kikanKbn=2", "url2": "http://www.inada-seikei.com/", "内容": "医療法人げんきの海　いなだ整形・内科クリニック【2:診療所】【診療科目:内科_整形外科_皮膚科_リハビリテーション科】鹿児島県大島郡徳之島町亀津５２２２－１" }, "geometry": { "type": "Point", "coordinates": [ 129.019511, 27.718375 ] } },
{ "type": "Feature", "properties": { "ID": 46224213, "正式名称": "川内まきのせ泌尿器・腎クリニック", "機関区分": 2, "都道府県コード": 46, "市区町村コード": 215, "所在地": "鹿児島県薩摩川内市中郷四丁目７番", "緯度": 31.836763, "経度": 130.312842, "url": "https://www.iryou.teikyouseido.mhlw.go.jp/znk-web/juminkanja/S2430/initialize?prefCd=46&kikanCd=24213&kikanKbn=2", "url2": "http://www.makinose.or.jp/sendai", "内容": "川内まきのせ泌尿器・腎クリニック【2:診療所】【診療科目:腎臓内科_泌尿器科】鹿児島県薩摩川内市中郷四丁目７番" }, "geometry": { "type": "Point", "coordinates": [ 130.312842, 31.836763 ] } },
{ "type": "Feature", "properties": { "ID": 46224220, "正式名称": "しょこらクリニック", "機関区分": 2, "都道府県コード": 46, "市区町村コード": 201, "所在地": "鹿児島県鹿児島市紫原", "緯度": 31.560258, "経度": 130.530848, "url": "https://www.iryou.teikyouseido.mhlw.go.jp/znk-web/juminkanja/S2430/initialize?prefCd=46&kikanCd=24220&kikanKbn=2", "url2": "https://chocolatc-clinic.com/", "内容": "しょこらクリニック【2:診療所】【診療科目:内科_腎臓内科】鹿児島県鹿児島市紫原" }, "geometry": { "type": "Point", "coordinates": [ 130.530848, 31.560258 ] } },
{ "type": "Feature", "properties": { "ID": 46224226, "正式名称": "平和会クリニック", "機関区分": 2, "都道府県コード": 46, "市区町村コード": 201, "所在地": "鹿児島県鹿児島市上之園町２５－４鹿児島甲南スクエア４階", "緯度": 31.58126, "経度": 130.545534, "url": "https://www.iryou.teikyouseido.mhlw.go.jp/znk-web/juminkanja/S2430/initialize?prefCd=46&kikanCd=24226&kikanKbn=2", "url2": "https://med-heiwakai.jp/", "内容": "平和会クリニック【2:診療所】【診療科目:内科_緩和ケア内科_リハビリテーション科】鹿児島県鹿児島市上之園町２５－４鹿児島甲南スクエア４階" }, "geometry": { "type": "Point", "coordinates": [ 130.545534, 31.58126 ] } },
{ "type": "Feature", "properties": { "ID": 46224227, "正式名称": "生協往診クリニック", "機関区分": 2, "都道府県コード": 46, "市区町村コード": 201, "所在地": "鹿児島県鹿児島市谷山中央５丁目１４番１９　１Ｆ", "緯度": 31.517295, "経度": 130.512619, "url": "https://www.iryou.teikyouseido.mhlw.go.jp/znk-web/juminkanja/S2430/initialize?prefCd=46&kikanCd=24227&kikanKbn=2", "url2": "https://taniyama-seikyo.jp/de-oushin/", "内容": "生協往診クリニック【2:診療所】【診療科目:内科】鹿児島県鹿児島市谷山中央５丁目１４番１９　１Ｆ" }, "geometry": { "type": "Point", "coordinates": [ 130.512619, 31.517295 ] } },
{ "type": "Feature", "properties": { "ID": 46224228, "正式名称": "くわはたクリニック", "機関区分": 2, "都道府県コード": 46, "市区町村コード": 201, "所在地": "鹿児島県鹿児島市玉里団地２－５－１", "緯度": 31.617996, "経度": 130.546726, "url": "https://www.iryou.teikyouseido.mhlw.go.jp/znk-web/juminkanja/S2430/initialize?prefCd=46&kikanCd=24228&kikanKbn=2", "url2": "kuwahata-clinic.com", "内容": "くわはたクリニック【2:診療所】【診療科目:内科_循環器内科】鹿児島県鹿児島市玉里団地２－５－１" }, "geometry": { "type": "Point", "coordinates": [ 130.546726, 31.617996 ] } },
{ "type": "Feature", "properties": { "ID": 46224229, "正式名称": "医療法人健瑜会健三郎クリニック薬師", "機関区分": 2, "都道府県コード": 46, "市区町村コード": 201, "所在地": "鹿児島県鹿児島市原良４丁目２７番１号", "緯度": 31.594063, "経度": 130.534472, "url": "https://www.iryou.teikyouseido.mhlw.go.jp/znk-web/juminkanja/S2430/initialize?prefCd=46&kikanCd=24229&kikanKbn=2", "url2": "kenyukai-kagoshima.com/", "内容": "医療法人健瑜会健三郎クリニック薬師【2:診療所】【診療科目:内科_呼吸器内科_消化器内科_放射線科】鹿児島県鹿児島市原良４丁目２７番１号" }, "geometry": { "type": "Point", "coordinates": [ 130.534472, 31.594063 ] } },
{ "type": "Feature", "properties": { "ID": 46224230, "正式名称": "ながはまクリニック", "機関区分": 2, "都道府県コード": 46, "市区町村コード": 201, "所在地": "鹿児島県鹿児島市山之口町１－７南海貿易センタービル３階", "緯度": 31.588851, "経度": 130.551797, "url": "https://www.iryou.teikyouseido.mhlw.go.jp/znk-web/juminkanja/S2430/initialize?prefCd=46&kikanCd=24230&kikanKbn=2", "url2": "http://nagahamaclinic.com", "内容": "ながはまクリニック【2:診療所】【診療科目:内科_呼吸器内科】鹿児島県鹿児島市山之口町１－７南海貿易センタービル３階" }, "geometry": { "type": "Point", "coordinates": [ 130.551797, 31.588851 ] } },
{ "type": "Feature", "properties": { "ID": 46224231, "正式名称": "医療法人健翔会慈遊館クリニック", "機関区分": 2, "都道府県コード": 46, "市区町村コード": 201, "所在地": "鹿児島県鹿児島市下福元町２６３５", "緯度": 31.511703, "経度": 130.497084, "url": "https://www.iryou.teikyouseido.mhlw.go.jp/znk-web/juminkanja/S2430/initialize?prefCd=46&kikanCd=24231&kikanKbn=2", "url2": null, "内容": "医療法人健翔会慈遊館クリニック【2:診療所】【診療科目:内科_消化器内科_外科】鹿児島県鹿児島市下福元町２６３５" }, "geometry": { "type": "Point", "coordinates": [ 130.497084, 31.511703 ] } },
{ "type": "Feature", "properties": { "ID": 46224232, "正式名称": "かごしまたんぽぽ小児科", "機関区分": 2, "都道府県コード": 46, "市区町村コード": 201, "所在地": "鹿児島県鹿児島市東郡元町５ー２１　１Ｆ", "緯度": 31.554449, "経度": 130.54986, "url": "https://www.iryou.teikyouseido.mhlw.go.jp/znk-web/juminkanja/S2430/initialize?prefCd=46&kikanCd=24232&kikanKbn=2", "url2": "http://tanpopo-kodomo-clinic.jp", "内容": "かごしまたんぽぽ小児科【2:診療所】【診療科目:小児科】鹿児島県鹿児島市東郡元町５ー２１　１Ｆ" }, "geometry": { "type": "Point", "coordinates": [ 130.54986, 31.554449 ] } },
{ "type": "Feature", "properties": { "ID": 46224236, "正式名称": "医療法人明輝会吉野東ホームクリニック", "機関区分": 2, "都道府県コード": 46, "市区町村コード": 201, "所在地": "鹿児島県鹿児島市吉野５２０８－１", "緯度": 31.646321, "経度": 130.58455, "url": "https://www.iryou.teikyouseido.mhlw.go.jp/znk-web/juminkanja/S2430/initialize?prefCd=46&kikanCd=24236&kikanKbn=2", "url2": "https://www.meikikai.com/yoshinohigashi/index.html", "内容": "医療法人明輝会吉野東ホームクリニック【2:診療所】【診療科目:内科_消化器内科】鹿児島県鹿児島市吉野５２０８－１" }, "geometry": { "type": "Point", "coordinates": [ 130.58455, 31.646321 ] } },
{ "type": "Feature", "properties": { "ID": 46224237, "正式名称": "医療法人仁輝会山口浩士クリニック内科・循環器内科", "機関区分": 2, "都道府県コード": 46, "市区町村コード": 201, "所在地": "鹿児島県鹿児島市金生町２－１５ＭＢＣ開発金生ビル２階", "緯度": 31.591921, "経度": 130.557047, "url": "https://www.iryou.teikyouseido.mhlw.go.jp/znk-web/juminkanja/S2430/initialize?prefCd=46&kikanCd=24237&kikanKbn=2", "url2": "http://yhclinic.lovepop.jp/", "内容": "医療法人仁輝会山口浩士クリニック内科・循環器内科【2:診療所】【診療科目:内科_循環器内科】鹿児島県鹿児島市金生町２－１５ＭＢＣ開発金生ビル２階" }, "geometry": { "type": "Point", "coordinates": [ 130.557047, 31.591921 ] } },
{ "type": "Feature", "properties": { "ID": 46224238, "正式名称": "百合砂診療所", "機関区分": 2, "都道府県コード": 46, "市区町村コード": 213, "所在地": "鹿児島県西之表市鴨女町９８", "緯度": 30.724377, "経度": 130.995074, "url": "https://www.iryou.teikyouseido.mhlw.go.jp/znk-web/juminkanja/S2430/initialize?prefCd=46&kikanCd=24238&kikanKbn=2", "url2": null, "内容": "百合砂診療所【2:診療所】【診療科目:内科_整形外科_リウマチ科_リハビリテーション科】鹿児島県西之表市鴨女町９８" }, "geometry": { "type": "Point", "coordinates": [ 130.995074, 30.724377 ] } },
{ "type": "Feature", "properties": { "ID": 46224244, "正式名称": "医療法人昭英会さわたりクリニック", "機関区分": 2, "都道府県コード": 46, "市区町村コード": 224, "所在地": "鹿児島県伊佐市大口里字朝日町３０４０－１", "緯度": 32.062228, "経度": 130.609428, "url": "https://www.iryou.teikyouseido.mhlw.go.jp/znk-web/juminkanja/S2430/initialize?prefCd=46&kikanCd=24244&kikanKbn=2", "url2": null, "内容": "医療法人昭英会さわたりクリニック【2:診療所】【診療科目:内科_腎臓内科_泌尿器科】鹿児島県伊佐市大口里字朝日町３０４０－１" }, "geometry": { "type": "Point", "coordinates": [ 130.609428, 32.062228 ] } },
{ "type": "Feature", "properties": { "ID": 46224247, "正式名称": "みはらクリニック", "機関区分": 2, "都道府県コード": 46, "市区町村コード": 218, "所在地": "鹿児島県霧島市国分中央一丁目２５―１５", "緯度": 31.74212, "経度": 130.76963, "url": "https://www.iryou.teikyouseido.mhlw.go.jp/znk-web/juminkanja/S2430/initialize?prefCd=46&kikanCd=24247&kikanKbn=2", "url2": "http://www.synapse.ne.jp/ymihara-cl/", "内容": "みはらクリニック【2:診療所】【診療科目:内科_消化器内科_胃腸内科_腫瘍内科_内視鏡内科_外科_肛門外科】鹿児島県霧島市国分中央一丁目２５―１５" }, "geometry": { "type": "Point", "coordinates": [ 130.76963, 31.74212 ] } },
{ "type": "Feature", "properties": { "ID": 46224248, "正式名称": "医療法人立名会立花こどもクリニック", "機関区分": 2, "都道府県コード": 46, "市区町村コード": 225, "所在地": "鹿児島県姶良市松原町２丁目２７番地１２", "緯度": 31.720163, "経度": 130.632724, "url": "https://www.iryou.teikyouseido.mhlw.go.jp/znk-web/juminkanja/S2430/initialize?prefCd=46&kikanCd=24248&kikanKbn=2", "url2": "http://kodomo-cl.jp", "内容": "医療法人立名会立花こどもクリニック【2:診療所】【診療科目:小児科_アレルギー科】鹿児島県姶良市松原町２丁目２７番地１２" }, "geometry": { "type": "Point", "coordinates": [ 130.632724, 31.720163 ] } },
{ "type": "Feature", "properties": { "ID": 46224252, "正式名称": "あまぎユイの里医療センター", "機関区分": 2, "都道府県コード": 46, "市区町村コード": 531, "所在地": "鹿児島県大島郡天城町天城４３９番地１", "緯度": 27.816523, "経度": 128.895386, "url": "https://www.iryou.teikyouseido.mhlw.go.jp/znk-web/juminkanja/S2430/initialize?prefCd=46&kikanCd=24252&kikanKbn=2", "url2": null, "内容": "あまぎユイの里医療センター【2:診療所】【診療科目:内科_外科_小児科】鹿児島県大島郡天城町天城４３９番地１" }, "geometry": { "type": "Point", "coordinates": [ 128.895386, 27.816523 ] } },
{ "type": "Feature", "properties": { "ID": 46224253, "正式名称": "浜崎医院", "機関区分": 2, "都道府県コード": 46, "市区町村コード": 218, "所在地": "鹿児島県霧島市隼人町東郷９０", "緯度": 31.766057, "経度": 130.752714, "url": "https://www.iryou.teikyouseido.mhlw.go.jp/znk-web/juminkanja/S2430/initialize?prefCd=46&kikanCd=24253&kikanKbn=2", "url2": null, "内容": "浜崎医院【2:診療所】【診療科目:内科_外科_整形外科_リハビリテーション科】鹿児島県霧島市隼人町東郷９０" }, "geometry": { "type": "Point", "coordinates": [ 130.752714, 31.766057 ] } },
{ "type": "Feature", "properties": { "ID": 46224254, "正式名称": "国分脳神経外科クリニック", "機関区分": 2, "都道府県コード": 46, "市区町村コード": 218, "所在地": "鹿児島県霧島市国分向花１３３－２", "緯度": 31.759895, "経度": 130.775985, "url": "https://www.iryou.teikyouseido.mhlw.go.jp/znk-web/juminkanja/S2430/initialize?prefCd=46&kikanCd=24254&kikanKbn=2", "url2": "http://kokubu-nougeka.jp/", "内容": "国分脳神経外科クリニック【2:診療所】【診療科目:内科_糖尿病・内分泌内科_循環器内科_脳神経外科_整形外科_リハビリテーション科】鹿児島県霧島市国分向花１３３－２" }, "geometry": { "type": "Point", "coordinates": [ 130.775985, 31.759895 ] } },
{ "type": "Feature", "properties": { "ID": 46224256, "正式名称": "ひらやま脳神経外科", "機関区分": 2, "都道府県コード": 46, "市区町村コード": 201, "所在地": "鹿児島県鹿児島市上荒田町２６－１９－２Ｆ", "緯度": 31.5753, "経度": 130.543859, "url": "https://www.iryou.teikyouseido.mhlw.go.jp/znk-web/juminkanja/S2430/initialize?prefCd=46&kikanCd=24256&kikanKbn=2", "url2": "https://hirayama-ns.jp/", "内容": "ひらやま脳神経外科【2:診療所】【診療科目:脳神経外科】鹿児島県鹿児島市上荒田町２６－１９－２Ｆ" }, "geometry": { "type": "Point", "coordinates": [ 130.543859, 31.5753 ] } },
{ "type": "Feature", "properties": { "ID": 46224257, "正式名称": "整形外科玉里温泉クリニック", "機関区分": 2, "都道府県コード": 46, "市区町村コード": 201, "所在地": "鹿児島県鹿児島市下伊敷１－８－１８", "緯度": 31.609769, "経度": 130.535283, "url": "https://www.iryou.teikyouseido.mhlw.go.jp/znk-web/juminkanja/S2430/initialize?prefCd=46&kikanCd=24257&kikanKbn=2", "url2": "http://www.kotoha-s.com/", "内容": "整形外科玉里温泉クリニック【2:診療所】【診療科目:整形外科_リウマチ科_リハビリテーション科】鹿児島県鹿児島市下伊敷１－８－１８" }, "geometry": { "type": "Point", "coordinates": [ 130.535283, 31.609769 ] } },
{ "type": "Feature", "properties": { "ID": 46224258, "正式名称": "西田そよ風クリニック", "機関区分": 2, "都道府県コード": 46, "市区町村コード": 201, "所在地": "鹿児島県鹿児島市薬師２－２７－７", "緯度": 31.590855, "経度": 130.536235, "url": "https://www.iryou.teikyouseido.mhlw.go.jp/znk-web/juminkanja/S2430/initialize?prefCd=46&kikanCd=24258&kikanKbn=2", "url2": "http://ishiki-hp.or.jp/soyokaze/index.html", "内容": "西田そよ風クリニック【2:診療所】【診療科目:内科_呼吸器内科_神経内科】鹿児島県鹿児島市薬師２－２７－７" }, "geometry": { "type": "Point", "coordinates": [ 130.536235, 31.590855 ] } },
{ "type": "Feature", "properties": { "ID": 46224269, "正式名称": "肥後内科クリニック", "機関区分": 2, "都道府県コード": 46, "市区町村コード": 210, "所在地": "鹿児島県指宿市十二町２１５７ー１", "緯度": 31.238361, "経度": 130.640955, "url": "https://www.iryou.teikyouseido.mhlw.go.jp/znk-web/juminkanja/S2430/initialize?prefCd=46&kikanCd=24269&kikanKbn=2", "url2": null, "内容": "肥後内科クリニック【2:診療所】【診療科目:内科_呼吸器内科_循環器内科_胃腸内科_小児科_放射線科】鹿児島県指宿市十二町２１５７ー１" }, "geometry": { "type": "Point", "coordinates": [ 130.640955, 31.238361 ] } },
{ "type": "Feature", "properties": { "ID": 46224275, "正式名称": "はやし内科クリニック", "機関区分": 2, "都道府県コード": 46, "市区町村コード": 218, "所在地": "鹿児島県霧島市国分湊３９４－２", "緯度": 31.721602, "経度": 130.777507, "url": "https://www.iryou.teikyouseido.mhlw.go.jp/znk-web/juminkanja/S2430/initialize?prefCd=46&kikanCd=24275&kikanKbn=2", "url2": "http://hayashi-dmclinic.jp", "内容": "はやし内科クリニック【2:診療所】【診療科目:内科_糖尿病内科_代謝内科】鹿児島県霧島市国分湊３９４－２" }, "geometry": { "type": "Point", "coordinates": [ 130.777507, 31.721602 ] } },
{ "type": "Feature", "properties": { "ID": 46224279, "正式名称": "百花クリニック", "機関区分": 2, "都道府県コード": 46, "市区町村コード": 216, "所在地": "鹿児島県日置市伊集院町徳重３３８番地１", "緯度": 31.630401, "経度": 130.396051, "url": "https://www.iryou.teikyouseido.mhlw.go.jp/znk-web/juminkanja/S2430/initialize?prefCd=46&kikanCd=24279&kikanKbn=2", "url2": "https://www.seishin-kai.org/mr/", "内容": "百花クリニック【2:診療所】【診療科目:内科_整形外科_リハビリテーション科】鹿児島県日置市伊集院町徳重３３８番地１" }, "geometry": { "type": "Point", "coordinates": [ 130.396051, 31.630401 ] } },
{ "type": "Feature", "properties": { "ID": 46224282, "正式名称": "あいら糖尿病・甲状腺・内科クリニック", "機関区分": 2, "都道府県コード": 46, "市区町村コード": 225, "所在地": "鹿児島県姶良市東餠田", "緯度": 31.729871, "経度": 130.633796, "url": "https://www.iryou.teikyouseido.mhlw.go.jp/znk-web/juminkanja/S2430/initialize?prefCd=46&kikanCd=24282&kikanKbn=2", "url2": "https://airadm.bizmw.com/", "内容": "あいら糖尿病・甲状腺・内科クリニック【2:診療所】【診療科目:内科_内分泌内科_糖尿病・内分泌内科】鹿児島県姶良市東餠田" }, "geometry": { "type": "Point", "coordinates": [ 130.633796, 31.729871 ] } },
{ "type": "Feature", "properties": { "ID": 46224287, "正式名称": "クリニック１にしあいら", "機関区分": 2, "都道府県コード": 46, "市区町村コード": 225, "所在地": "鹿児島県姶良市西姶良一丁目２０－２", "緯度": 31.731004, "経度": 130.604044, "url": "https://www.iryou.teikyouseido.mhlw.go.jp/znk-web/juminkanja/S2430/initialize?prefCd=46&kikanCd=24287&kikanKbn=2", "url2": "http://www.clinic1nishiaira.jp/", "内容": "クリニック１にしあいら【2:診療所】【診療科目:内科_消化器内科_胃腸内科_精神科_心療内科】鹿児島県姶良市西姶良一丁目２０－２" }, "geometry": { "type": "Point", "coordinates": [ 130.604044, 31.731004 ] } },
{ "type": "Feature", "properties": { "ID": 46224289, "正式名称": "せいあいクリニック", "機関区分": 2, "都道府県コード": 46, "市区町村コード": 225, "所在地": "鹿児島県姶良市西姶良４丁目４番９号", "緯度": 31.7341, "経度": 130.602017, "url": "https://www.iryou.teikyouseido.mhlw.go.jp/znk-web/juminkanja/S2430/initialize?prefCd=46&kikanCd=24289&kikanKbn=2", "url2": "https://seiaicl-nt.jp/", "内容": "せいあいクリニック【2:診療所】【診療科目:内科_消化器内科_胃腸内科】鹿児島県姶良市西姶良４丁目４番９号" }, "geometry": { "type": "Point", "coordinates": [ 130.602017, 31.7341 ] } },
{ "type": "Feature", "properties": { "ID": 46224291, "正式名称": "立志クリニック", "機関区分": 2, "都道府県コード": 46, "市区町村コード": 392, "所在地": "鹿児島県薩摩郡さつま町湯田１５０２－１０", "緯度": 31.949896, "経度": 130.466558, "url": "https://www.iryou.teikyouseido.mhlw.go.jp/znk-web/juminkanja/S2430/initialize?prefCd=46&kikanCd=24291&kikanKbn=2", "url2": null, "内容": "立志クリニック【2:診療所】【診療科目:内科_循環器内科_放射線科】鹿児島県薩摩郡さつま町湯田１５０２－１０" }, "geometry": { "type": "Point", "coordinates": [ 130.466558, 31.949896 ] } },
{ "type": "Feature", "properties": { "ID": 46224301, "正式名称": "大海宮崎クリニック", "機関区分": 2, "都道府県コード": 46, "市区町村コード": 215, "所在地": "鹿児島県薩摩川内市宮崎町３０００番地", "緯度": 31.798558, "経度": 130.32076, "url": "https://www.iryou.teikyouseido.mhlw.go.jp/znk-web/juminkanja/S2430/initialize?prefCd=46&kikanCd=24301&kikanKbn=2", "url2": "https://taikaiclinic.or.jp/miyazaki/", "内容": "大海宮崎クリニック【2:診療所】【診療科目:内科_糖尿病内科_循環器内科_消化器内科_脳神経外科_整形外科_リハビリテーション科】鹿児島県薩摩川内市宮崎町３０００番地" }, "geometry": { "type": "Point", "coordinates": [ 130.32076, 31.798558 ] } },
{ "type": "Feature", "properties": { "ID": 46224305, "正式名称": "きくち内科・糖尿病クリニック", "機関区分": 2, "都道府県コード": 46, "市区町村コード": 218, "所在地": "鹿児島県霧島市隼人町内９３２ー１", "緯度": 31.756773, "経度": 130.747288, "url": "https://www.iryou.teikyouseido.mhlw.go.jp/znk-web/juminkanja/S2430/initialize?prefCd=46&kikanCd=24305&kikanKbn=2", "url2": "https://kikuchi-dm.jp/", "内容": "きくち内科・糖尿病クリニック【2:診療所】【診療科目:内科_糖尿病・内分泌内科】鹿児島県霧島市隼人町内９３２ー１" }, "geometry": { "type": "Point", "coordinates": [ 130.747288, 31.756773 ] } },
{ "type": "Feature", "properties": { "ID": 46224308, "正式名称": "松岡救急クリニック分院", "機関区分": 2, "都道府県コード": 46, "市区町村コード": 217, "所在地": "鹿児島県曽於市末吉町二之方６０１３", "緯度": 31.642521, "経度": 131.011301, "url": "https://www.iryou.teikyouseido.mhlw.go.jp/znk-web/juminkanja/S2430/initialize?prefCd=46&kikanCd=24308&kikanKbn=2", "url2": null, "内容": "松岡救急クリニック分院【2:診療所】【診療科目:内科_循環器内科_消化器内科_外科_脳神経外科_整形外科_小児科_リハビリテーション科】鹿児島県曽於市末吉町二之方６０１３" }, "geometry": { "type": "Point", "coordinates": [ 131.011301, 31.642521 ] } },
{ "type": "Feature", "properties": { "ID": 46224312, "正式名称": "坂口医院", "機関区分": 2, "都道府県コード": 46, "市区町村コード": 215, "所在地": "鹿児島県薩摩川内市大王町１−１", "緯度": 31.823509, "経度": 130.299765, "url": "https://www.iryou.teikyouseido.mhlw.go.jp/znk-web/juminkanja/S2430/initialize?prefCd=46&kikanCd=24312&kikanKbn=2", "url2": "https://sakaguchi-hospital.jp/", "内容": "坂口医院【2:診療所】【診療科目:内科_小児科】鹿児島県薩摩川内市大王町１−１" }, "geometry": { "type": "Point", "coordinates": [ 130.299765, 31.823509 ] } },
{ "type": "Feature", "properties": { "ID": 46224313, "正式名称": "ありむら糖尿病・甲状腺・内科クリニック", "機関区分": 2, "都道府県コード": 46, "市区町村コード": 215, "所在地": "鹿児島県薩摩川内市御陵下町２３‐７", "緯度": 31.83342, "経度": 130.294534, "url": "https://www.iryou.teikyouseido.mhlw.go.jp/znk-web/juminkanja/S2430/initialize?prefCd=46&kikanCd=24313&kikanKbn=2", "url2": null, "内容": "ありむら糖尿病・甲状腺・内科クリニック【2:診療所】【診療科目:内科_内分泌内科_糖尿病・内分泌内科_代謝・内分泌内科】鹿児島県薩摩川内市御陵下町２３‐７" }, "geometry": { "type": "Point", "coordinates": [ 130.294534, 31.83342 ] } },
{ "type": "Feature", "properties": { "ID": 46224317, "正式名称": "加治木メンタルクリニック", "機関区分": 2, "都道府県コード": 46, "市区町村コード": 225, "所在地": "鹿児島県姶良市加治木町反土１４０１ー１", "緯度": 31.744144, "経度": 130.669528, "url": "https://www.iryou.teikyouseido.mhlw.go.jp/znk-web/juminkanja/S2430/initialize?prefCd=46&kikanCd=24317&kikanKbn=2", "url2": "kajiki-mentalclinic.com", "内容": "加治木メンタルクリニック【2:診療所】【診療科目:精神科_心療内科】鹿児島県姶良市加治木町反土１４０１ー１" }, "geometry": { "type": "Point", "coordinates": [ 130.669528, 31.744144 ] } },
{ "type": "Feature", "properties": { "ID": 46224323, "正式名称": "フクダ医院", "機関区分": 2, "都道府県コード": 46, "市区町村コード": 203, "所在地": "鹿児島県鹿屋市寿３丁目１１番２号", "緯度": 31.387626, "経度": 130.870832, "url": "https://www.iryou.teikyouseido.mhlw.go.jp/znk-web/juminkanja/S2430/initialize?prefCd=46&kikanCd=24323&kikanKbn=2", "url2": "https://fukuda-hos.org/", "内容": "フクダ医院【2:診療所】【診療科目:内科_糖尿病・内分泌内科_循環器内科_小児科_リハビリテーション科】鹿児島県鹿屋市寿３丁目１１番２号" }, "geometry": { "type": "Point", "coordinates": [ 130.870832, 31.387626 ] } },
{ "type": "Feature", "properties": { "ID": 46224324, "正式名称": "こだま共立クリニック", "機関区分": 2, "都道府県コード": 46, "市区町村コード": 203, "所在地": "鹿児島県鹿屋市寿５丁目２番３９号", "緯度": 31.384882, "経度": 130.858658, "url": "https://www.iryou.teikyouseido.mhlw.go.jp/znk-web/juminkanja/S2430/initialize?prefCd=46&kikanCd=24324&kikanKbn=2", "url2": "https://kodamakamimae-hos.jp", "内容": "こだま共立クリニック【2:診療所】【診療科目:内科_循環器内科_皮膚科】鹿児島県鹿屋市寿５丁目２番３９号" }, "geometry": { "type": "Point", "coordinates": [ 130.858658, 31.384882 ] } },
{ "type": "Feature", "properties": { "ID": 46224326, "正式名称": "湘南美容皮フ科鹿児島院", "機関区分": 2, "都道府県コード": 46, "市区町村コード": 201, "所在地": "鹿児島県鹿児島市中町５番２６号　カリーノ天文館５階", "緯度": 31.591742, "経度": 130.556767, "url": "https://www.iryou.teikyouseido.mhlw.go.jp/znk-web/juminkanja/S2430/initialize?prefCd=46&kikanCd=24326&kikanKbn=2", "url2": "https://www.s-b-c.net/hifuka/kagoshima/", "内容": "湘南美容皮フ科鹿児島院【2:診療所】【診療科目:美容皮膚科】鹿児島県鹿児島市中町５番２６号　カリーノ天文館５階" }, "geometry": { "type": "Point", "coordinates": [ 130.556767, 31.591742 ] } },
{ "type": "Feature", "properties": { "ID": 46224328, "正式名称": "鮫島整形外科医院", "機関区分": 2, "都道府県コード": 46, "市区町村コード": 203, "所在地": "鹿児島県鹿屋市寿一丁目１番１号", "緯度": 31.386267, "経度": 130.85887, "url": "https://www.iryou.teikyouseido.mhlw.go.jp/znk-web/juminkanja/S2430/initialize?prefCd=46&kikanCd=24328&kikanKbn=2", "url2": null, "内容": "鮫島整形外科医院【2:診療所】【診療科目:整形外科_リウマチ科_リハビリテーション科】鹿児島県鹿屋市寿一丁目１番１号" }, "geometry": { "type": "Point", "coordinates": [ 130.85887, 31.386267 ] } },
{ "type": "Feature", "properties": { "ID": 46224331, "正式名称": "湯之元記念クリニック", "機関区分": 2, "都道府県コード": 46, "市区町村コード": 216, "所在地": "鹿児島県日置市東市来町湯田３６１４番地", "緯度": 31.673237, "経度": 130.33688, "url": "https://www.iryou.teikyouseido.mhlw.go.jp/znk-web/juminkanja/S2430/initialize?prefCd=46&kikanCd=24331&kikanKbn=2", "url2": "http://www.seishin-kai.org/", "内容": "湯之元記念クリニック【2:診療所】【診療科目:内科_整形外科_リハビリテーション科】鹿児島県日置市東市来町湯田３６１４番地" }, "geometry": { "type": "Point", "coordinates": [ 130.33688, 31.673237 ] } },
{ "type": "Feature", "properties": { "ID": 46224332, "正式名称": "大迫クリニック", "機関区分": 2, "都道府県コード": 46, "市区町村コード": 220, "所在地": "鹿児島県南さつま市笠沙町片浦１２８５－１", "緯度": 31.406394, "経度": 130.187408, "url": "https://www.iryou.teikyouseido.mhlw.go.jp/znk-web/juminkanja/S2430/initialize?prefCd=46&kikanCd=24332&kikanKbn=2", "url2": "https://koujin-ayanokai.or.jp/", "内容": "大迫クリニック【2:診療所】【診療科目:内科_循環器内科_胃腸内科_腎臓内科_小児科_リハビリテーション科_放射線科】鹿児島県南さつま市笠沙町片浦１２８５－１" }, "geometry": { "type": "Point", "coordinates": [ 130.187408, 31.406394 ] } },
{ "type": "Feature", "properties": { "ID": 46224334, "正式名称": "やくしま森の診療所", "機関区分": 2, "都道府県コード": 46, "市区町村コード": 505, "所在地": "鹿児島県熊毛郡屋久島町安房２３９５－１", "緯度": 30.311028, "経度": 130.647234, "url": "https://www.iryou.teikyouseido.mhlw.go.jp/znk-web/juminkanja/S2430/initialize?prefCd=46&kikanCd=24334&kikanKbn=2", "url2": "http://yakushima-morishin.jp/", "内容": "やくしま森の診療所【2:診療所】【診療科目:内科_神経内科_リハビリテーション科】鹿児島県熊毛郡屋久島町安房２３９５－１" }, "geometry": { "type": "Point", "coordinates": [ 130.647234, 30.311028 ] } },
{ "type": "Feature", "properties": { "ID": 46224335, "正式名称": "医療法人蒼隼会　たにもと耳鼻咽喉科クリニック", "機関区分": 2, "都道府県コード": 46, "市区町村コード": 201, "所在地": "鹿児島県鹿児島市吉野町３９０８ー４１", "緯度": 31.651533, "経度": 130.574053, "url": "https://www.iryou.teikyouseido.mhlw.go.jp/znk-web/juminkanja/S2430/initialize?prefCd=46&kikanCd=24335&kikanKbn=2", "url2": null, "内容": "医療法人蒼隼会　たにもと耳鼻咽喉科クリニック【2:診療所】【診療科目:耳鼻いんこう科】鹿児島県鹿児島市吉野町３９０８ー４１" }, "geometry": { "type": "Point", "coordinates": [ 130.574053, 31.651533 ] } },
{ "type": "Feature", "properties": { "ID": 46224336, "正式名称": "ひめぎケアクリニック", "機関区分": 2, "都道府県コード": 46, "市区町村コード": 218, "所在地": "鹿児島県霧島市国分姫城２９０３番地１", "緯度": 31.757576, "経度": 130.770136, "url": "https://www.iryou.teikyouseido.mhlw.go.jp/znk-web/juminkanja/S2430/initialize?prefCd=46&kikanCd=24336&kikanKbn=2", "url2": "https://www.big-advance.site/c/184/1655", "内容": "ひめぎケアクリニック【2:診療所】【診療科目:内科】鹿児島県霧島市国分姫城２９０３番地１" }, "geometry": { "type": "Point", "coordinates": [ 130.770136, 31.757576 ] } },
{ "type": "Feature", "properties": { "ID": 46224337, "正式名称": "あいら中川整形外科", "機関区分": 2, "都道府県コード": 46, "市区町村コード": 225, "所在地": "鹿児島県姶良市西餠田８５番地１", "緯度": 31.732014, "経度": 130.62804, "url": "https://www.iryou.teikyouseido.mhlw.go.jp/znk-web/juminkanja/S2430/initialize?prefCd=46&kikanCd=24337&kikanKbn=2", "url2": "https://aira.nakagawa-seikei.jp/", "内容": "あいら中川整形外科【2:診療所】【診療科目:整形外科_リウマチ科_リハビリテーション科】鹿児島県姶良市西餠田８５番地１" }, "geometry": { "type": "Point", "coordinates": [ 130.62804, 31.732014 ] } },
{ "type": "Feature", "properties": { "ID": 46224339, "正式名称": "的場クリニック", "機関区分": 2, "都道府県コード": 46, "市区町村コード": 203, "所在地": "鹿児島県鹿屋市大浦町１３３０４番地８", "緯度": 31.402318, "経度": 130.829659, "url": "https://www.iryou.teikyouseido.mhlw.go.jp/znk-web/juminkanja/S2430/initialize?prefCd=46&kikanCd=24339&kikanKbn=2", "url2": null, "内容": "的場クリニック【2:診療所】【診療科目:内科_小児科】鹿児島県鹿屋市大浦町１３３０４番地８" }, "geometry": { "type": "Point", "coordinates": [ 130.829659, 31.402318 ] } },
{ "type": "Feature", "properties": { "ID": 46224349, "正式名称": "かごしま中央眼科クリニック", "機関区分": 2, "都道府県コード": 46, "市区町村コード": 201, "所在地": "鹿児島県鹿児島市中央町１９－４０　Ｌｉ－Ｋａ１９２０　６階", "緯度": 31.582803, "経度": 130.543104, "url": "https://www.iryou.teikyouseido.mhlw.go.jp/znk-web/juminkanja/S2430/initialize?prefCd=46&kikanCd=24349&kikanKbn=2", "url2": "https://www.kagochueye.com/", "内容": "かごしま中央眼科クリニック【2:診療所】【診療科目:眼科】鹿児島県鹿児島市中央町１９－４０　Ｌｉ－Ｋａ１９２０　６階" }, "geometry": { "type": "Point", "coordinates": [ 130.543104, 31.582803 ] } },
{ "type": "Feature", "properties": { "ID": 46224350, "正式名称": "ひとむぎ診療所", "機関区分": 2, "都道府県コード": 46, "市区町村コード": 201, "所在地": "鹿児島県鹿児島市吉野１－４０－２６", "緯度": 31.64712, "経度": 130.570075, "url": "https://www.iryou.teikyouseido.mhlw.go.jp/znk-web/juminkanja/S2430/initialize?prefCd=46&kikanCd=24350&kikanKbn=2", "url2": "htts:/muginome.jp", "内容": "ひとむぎ診療所【2:診療所】【診療科目:内科_リハビリテーション科】鹿児島県鹿児島市吉野１－４０－２６" }, "geometry": { "type": "Point", "coordinates": [ 130.570075, 31.64712 ] } },
{ "type": "Feature", "properties": { "ID": 46224352, "正式名称": "はやかわ循環器内科クリニック", "機関区分": 2, "都道府県コード": 46, "市区町村コード": 201, "所在地": "鹿児島県鹿児島市加治屋町１８－８大樹生命鹿児島ビル１階", "緯度": 31.58624, "経度": 130.552331, "url": "https://www.iryou.teikyouseido.mhlw.go.jp/znk-web/juminkanja/S2430/initialize?prefCd=46&kikanCd=24352&kikanKbn=2", "url2": "https://hayakawa.clinic/", "内容": "はやかわ循環器内科クリニック【2:診療所】【診療科目:内科_循環器内科】鹿児島県鹿児島市加治屋町１８－８大樹生命鹿児島ビル１階" }, "geometry": { "type": "Point", "coordinates": [ 130.552331, 31.58624 ] } },
{ "type": "Feature", "properties": { "ID": 46224355, "正式名称": "宇宿うのき眼科", "機関区分": 2, "都道府県コード": 46, "市区町村コード": 201, "所在地": "鹿児島県鹿児島市宇宿８丁目８番２０号", "緯度": 31.555197, "経度": 130.524982, "url": "https://www.iryou.teikyouseido.mhlw.go.jp/znk-web/juminkanja/S2430/initialize?prefCd=46&kikanCd=24355&kikanKbn=2", "url2": "https://unokiganka.jp/", "内容": "宇宿うのき眼科【2:診療所】【診療科目:眼科】鹿児島県鹿児島市宇宿８丁目８番２０号" }, "geometry": { "type": "Point", "coordinates": [ 130.524982, 31.555197 ] } },
{ "type": "Feature", "properties": { "ID": 46224356, "正式名称": "内田ひふ科クリニック", "機関区分": 2, "都道府県コード": 46, "市区町村コード": 201, "所在地": "鹿児島県鹿児島市吉野三丁目１８番１号", "緯度": 31.654445, "経度": 130.57209, "url": "https://www.iryou.teikyouseido.mhlw.go.jp/znk-web/juminkanja/S2430/initialize?prefCd=46&kikanCd=24356&kikanKbn=2", "url2": "https://uchida-hifuka.clinic", "内容": "内田ひふ科クリニック【2:診療所】【診療科目:皮膚科】鹿児島県鹿児島市吉野三丁目１８番１号" }, "geometry": { "type": "Point", "coordinates": [ 130.57209, 31.654445 ] } },
{ "type": "Feature", "properties": { "ID": 46224358, "正式名称": "医療法人　三和会　梅林クリニック", "機関区分": 2, "都道府県コード": 46, "市区町村コード": 201, "所在地": "鹿児島県鹿児島市西陵２－１－１５", "緯度": 31.579566, "経度": 130.507887, "url": "https://www.iryou.teikyouseido.mhlw.go.jp/znk-web/juminkanja/S2430/initialize?prefCd=46&kikanCd=24358&kikanKbn=2", "url2": null, "内容": "医療法人　三和会　梅林クリニック【2:診療所】【診療科目:内科_循環器内科_外科_心臓血管外科_小児科】鹿児島県鹿児島市西陵２－１－１５" }, "geometry": { "type": "Point", "coordinates": [ 130.507887, 31.579566 ] } },
{ "type": "Feature", "properties": { "ID": 46224364, "正式名称": "医療法人おとなとこどもの整形外科　おけたにクリニック", "機関区分": 2, "都道府県コード": 46, "市区町村コード": 201, "所在地": "鹿児島県鹿児島市鴨池１－３１－６　ＤＥＬＰＨＩ鴨池Ｉ１Ｆ", "緯度": 31.565957, "経度": 130.550487, "url": "https://www.iryou.teikyouseido.mhlw.go.jp/znk-web/juminkanja/S2430/initialize?prefCd=46&kikanCd=24364&kikanKbn=2", "url2": "https://www.oketani-clinic.com/", "内容": "医療法人おとなとこどもの整形外科　おけたにクリニック【2:診療所】【診療科目:整形外科_リハビリテーション科】鹿児島県鹿児島市鴨池１－３１－６　ＤＥＬＰＨＩ鴨池Ｉ１Ｆ" }, "geometry": { "type": "Point", "coordinates": [ 130.550487, 31.565957 ] } },
{ "type": "Feature", "properties": { "ID": 46224365, "正式名称": "姶良しんさとクリニック", "機関区分": 2, "都道府県コード": 46, "市区町村コード": 225, "所在地": "鹿児島県姶良市池島町３０ー２８", "緯度": 31.71801, "経度": 130.61194, "url": "https://www.iryou.teikyouseido.mhlw.go.jp/znk-web/juminkanja/S2430/initialize?prefCd=46&kikanCd=24365&kikanKbn=2", "url2": "https://airashinsato.jp/", "内容": "姶良しんさとクリニック【2:診療所】【診療科目:内科_循環器内科_脳神経外科】鹿児島県姶良市池島町３０ー２８" }, "geometry": { "type": "Point", "coordinates": [ 130.61194, 31.71801 ] } },
{ "type": "Feature", "properties": { "ID": 46224369, "正式名称": "陸上自衛隊奄美駐屯地医務室", "機関区分": 2, "都道府県コード": 46, "市区町村コード": 222, "所在地": "鹿児島県奄美市名瀬大熊", "緯度": 28.413784, "経度": 129.526634, "url": "https://www.iryou.teikyouseido.mhlw.go.jp/znk-web/juminkanja/S2430/initialize?prefCd=46&kikanCd=24369&kikanKbn=2", "url2": null, "内容": "陸上自衛隊奄美駐屯地医務室【2:診療所】【診療科目:内科_歯科】鹿児島県奄美市名瀬大熊" }, "geometry": { "type": "Point", "coordinates": [ 129.526634, 28.413784 ] } },
{ "type": "Feature", "properties": { "ID": 46224372, "正式名称": "ＴＣＢ　東京中央美容外科・ＴＣＢ　スキンクリニック　鹿児島院", "機関区分": 2, "都道府県コード": 46, "市区町村コード": 201, "所在地": "鹿児島県鹿児島市中央町１１　鹿児島中央ターミナルビル　２階", "緯度": 31.583571, "経度": 130.544371, "url": "https://www.iryou.teikyouseido.mhlw.go.jp/znk-web/juminkanja/S2430/initialize?prefCd=46&kikanCd=24372&kikanKbn=2", "url2": "https://aoki-tsuyoshi.com/", "内容": "ＴＣＢ　東京中央美容外科・ＴＣＢ　スキンクリニック　鹿児島院【2:診療所】【診療科目:形成外科_美容外科_皮膚科_美容皮膚科】鹿児島県鹿児島市中央町１１　鹿児島中央ターミナルビル　２階" }, "geometry": { "type": "Point", "coordinates": [ 130.544371, 31.583571 ] } },
{ "type": "Feature", "properties": { "ID": 46224374, "正式名称": "与次郎米盛クリニック", "機関区分": 2, "都道府県コード": 46, "市区町村コード": 201, "所在地": "鹿児島県鹿児島市与次郎一丁目７番１号", "緯度": 31.570624, "経度": 130.563355, "url": "https://www.iryou.teikyouseido.mhlw.go.jp/znk-web/juminkanja/S2430/initialize?prefCd=46&kikanCd=24374&kikanKbn=2", "url2": "https://www.yonemorihp.jp/aboutus/clinic/", "内容": "与次郎米盛クリニック【2:診療所】【診療科目:内科_外科_整形外科_リハビリテーション科】鹿児島県鹿児島市与次郎一丁目７番１号" }, "geometry": { "type": "Point", "coordinates": [ 130.563355, 31.570624 ] } },
{ "type": "Feature", "properties": { "ID": 46224380, "正式名称": "ＪＯＹメディカルクリニック", "機関区分": 2, "都道府県コード": 46, "市区町村コード": 225, "所在地": "鹿児島県姶良市加治木町反土２１５６番地５", "緯度": 31.746612, "経度": 130.665147, "url": "https://www.iryou.teikyouseido.mhlw.go.jp/znk-web/juminkanja/S2430/initialize?prefCd=46&kikanCd=24380&kikanKbn=2", "url2": null, "内容": "ＪＯＹメディカルクリニック【2:診療所】【診療科目:内科】鹿児島県姶良市加治木町反土２１５６番地５" }, "geometry": { "type": "Point", "coordinates": [ 130.665147, 31.746612 ] } },
{ "type": "Feature", "properties": { "ID": 46224382, "正式名称": "白坂医院", "機関区分": 2, "都道府県コード": 46, "市区町村コード": 201, "所在地": "鹿児島県鹿児島市中央町", "緯度": 31.583165, "経度": 130.545151, "url": "https://www.iryou.teikyouseido.mhlw.go.jp/znk-web/juminkanja/S2430/initialize?prefCd=46&kikanCd=24382&kikanKbn=2", "url2": null, "内容": "白坂医院【2:診療所】【診療科目:内科_外科_整形外科_リウマチ科_リハビリテーション科_放射線科】鹿児島県鹿児島市中央町" }, "geometry": { "type": "Point", "coordinates": [ 130.545151, 31.583165 ] } },
{ "type": "Feature", "properties": { "ID": 46224385, "正式名称": "クイーンズ乳腺クリニック", "機関区分": 2, "都道府県コード": 46, "市区町村コード": 215, "所在地": "鹿児島県薩摩川内市若葉町７番１０", "緯度": 31.822861, "経度": 130.298925, "url": "https://www.iryou.teikyouseido.mhlw.go.jp/znk-web/juminkanja/S2430/initialize?prefCd=46&kikanCd=24385&kikanKbn=2", "url2": null, "内容": "クイーンズ乳腺クリニック【2:診療所】【診療科目:乳腺外科】鹿児島県薩摩川内市若葉町７番１０" }, "geometry": { "type": "Point", "coordinates": [ 130.298925, 31.822861 ] } },
{ "type": "Feature", "properties": { "ID": 46224390, "正式名称": "福田クリニック", "機関区分": 2, "都道府県コード": 46, "市区町村コード": 208, "所在地": "鹿児島県出水市上知識町５４９", "緯度": 32.082227, "経度": 130.335304, "url": "https://www.iryou.teikyouseido.mhlw.go.jp/znk-web/juminkanja/S2430/initialize?prefCd=46&kikanCd=24390&kikanKbn=2", "url2": "https://miraim.p-kit.com/", "内容": "福田クリニック【2:診療所】【診療科目:内科_糖尿病内科】鹿児島県出水市上知識町５４９" }, "geometry": { "type": "Point", "coordinates": [ 130.335304, 32.082227 ] } },
{ "type": "Feature", "properties": { "ID": 46224391, "正式名称": "医療法人　星夢会　まきお内科・整形外科", "機関区分": 2, "都道府県コード": 46, "市区町村コード": 225, "所在地": "鹿児島県姶良市脇元５４３番地１", "緯度": 31.708584, "経度": 130.614553, "url": "https://www.iryou.teikyouseido.mhlw.go.jp/znk-web/juminkanja/S2430/initialize?prefCd=46&kikanCd=24391&kikanKbn=2", "url2": "http://m-cli.net/", "内容": "医療法人　星夢会　まきお内科・整形外科【2:診療所】【診療科目:内科_外科_整形外科_放射線診断科】鹿児島県姶良市脇元５４３番地１" }, "geometry": { "type": "Point", "coordinates": [ 130.614553, 31.708584 ] } },
{ "type": "Feature", "properties": { "ID": 46224392, "正式名称": "市比野記念クリニック", "機関区分": 2, "都道府県コード": 46, "市区町村コード": 215, "所在地": "鹿児島県薩摩川内市樋脇町市比野３０７９番地", "緯度": 31.785998, "経度": 130.40096, "url": "https://www.iryou.teikyouseido.mhlw.go.jp/znk-web/juminkanja/S2430/initialize?prefCd=46&kikanCd=24392&kikanKbn=2", "url2": "http://www.takushokai.com/%e5%b8%82%e6%af%94%e9%87%8e%e8%a8%98%e5%bf%b5%e7%97%85%e9%99%a2/", "内容": "市比野記念クリニック【2:診療所】【診療科目:内科_外科】鹿児島県薩摩川内市樋脇町市比野３０７９番地" }, "geometry": { "type": "Point", "coordinates": [ 130.40096, 31.785998 ] } },
{ "type": "Feature", "properties": { "ID": 462246313104, "正式名称": "上原クリニック", "機関区分": 2, "都道府県コード": 46, "市区町村コード": 201, "所在地": "鹿児島県鹿児島市山田町２２１－１", "緯度": 31.552913, "経度": 130.50393, "url": "https://www.iryou.teikyouseido.mhlw.go.jp/znk-web/juminkanja/S2430/initialize?prefCd=46&kikanCd=246313104&kikanKbn=2", "url2": "https://ueharaclinic.jp/", "内容": "上原クリニック【2:診療所】【診療科目:内科_消化器内科_外科_消化器外科_肛門外科_小児科_小児外科】鹿児島県鹿児島市山田町２２１－１" }, "geometry": { "type": "Point", "coordinates": [ 130.50393, 31.552913 ] } },
{ "type": "Feature", "properties": { "ID": 462246313609, "正式名称": "医療法人ひとし会原田クリニック", "機関区分": 2, "都道府県コード": 46, "市区町村コード": 201, "所在地": "鹿児島県鹿児島市和田一丁目４５番１０号", "緯度": 31.512408, "経度": 130.509433, "url": "https://www.iryou.teikyouseido.mhlw.go.jp/znk-web/juminkanja/S2430/initialize?prefCd=46&kikanCd=246313609&kikanKbn=2", "url2": "https://www.haradaclinic.jp/", "内容": "医療法人ひとし会原田クリニック【2:診療所】【診療科目:消化器内科_外科_肛門外科】鹿児島県鹿児島市和田一丁目４５番１０号" }, "geometry": { "type": "Point", "coordinates": [ 130.509433, 31.512408 ] } },
{ "type": "Feature", "properties": { "ID": 462246313784, "正式名称": "医療法人社団　もりやま耳鼻咽喉科", "機関区分": 2, "都道府県コード": 46, "市区町村コード": 201, "所在地": "鹿児島県鹿児島市田上２丁目１５番１１号", "緯度": 31.574336, "経度": 130.535, "url": "https://www.iryou.teikyouseido.mhlw.go.jp/znk-web/juminkanja/S2430/initialize?prefCd=46&kikanCd=246313784&kikanKbn=2", "url2": null, "内容": "医療法人社団　もりやま耳鼻咽喉科【2:診療所】【診療科目:耳鼻いんこう科】鹿児島県鹿児島市田上２丁目１５番１１号" }, "geometry": { "type": "Point", "coordinates": [ 130.535, 31.574336 ] } },
{ "type": "Feature", "properties": { "ID": 462246314084, "正式名称": "田中脳神経外科・頭痛クリニック", "機関区分": 2, "都道府県コード": 46, "市区町村コード": 201, "所在地": "鹿児島県鹿児島市上之園町２５番４　鹿児島甲南スクエア２階２０２号", "緯度": 31.581141, "経度": 130.545617, "url": "https://www.iryou.teikyouseido.mhlw.go.jp/znk-web/juminkanja/S2430/initialize?prefCd=46&kikanCd=246314084&kikanKbn=2", "url2": null, "内容": "田中脳神経外科・頭痛クリニック【2:診療所】【診療科目:脳神経外科】鹿児島県鹿児島市上之園町２５番４　鹿児島甲南スクエア２階２０２号" }, "geometry": { "type": "Point", "coordinates": [ 130.545617, 31.581141 ] } },
{ "type": "Feature", "properties": { "ID": 462246314156, "正式名称": "医療法人萩風会　萩原整形外科", "機関区分": 2, "都道府県コード": 46, "市区町村コード": 201, "所在地": "鹿児島県鹿児島市西谷山２－７－３８", "緯度": 31.520778, "経度": 130.509064, "url": "https://www.iryou.teikyouseido.mhlw.go.jp/znk-web/juminkanja/S2430/initialize?prefCd=46&kikanCd=246314156&kikanKbn=2", "url2": null, "内容": "医療法人萩風会　萩原整形外科【2:診療所】【診療科目:整形外科】鹿児島県鹿児島市西谷山２－７－３８" }, "geometry": { "type": "Point", "coordinates": [ 130.509064, 31.520778 ] } },
{ "type": "Feature", "properties": { "ID": 462246320324, "正式名称": "徳田・馬場クリニック", "機関区分": 2, "都道府県コード": 46, "市区町村コード": 201, "所在地": "鹿児島県鹿児島市伊敷二丁目１番１０号", "緯度": 31.617222, "経度": 130.528358, "url": "https://www.iryou.teikyouseido.mhlw.go.jp/znk-web/juminkanja/S2430/initialize?prefCd=46&kikanCd=246320324&kikanKbn=2", "url2": null, "内容": "徳田・馬場クリニック【2:診療所】【診療科目:呼吸器内科_外科_胃腸外科_皮膚科_アレルギー科】鹿児島県鹿児島市伊敷二丁目１番１０号" }, "geometry": { "type": "Point", "coordinates": [ 130.528358, 31.617222 ] } },
{ "type": "Feature", "properties": { "ID": 462246320601, "正式名称": "かばやま整形外科", "機関区分": 2, "都道府県コード": 46, "市区町村コード": 201, "所在地": "鹿児島県鹿児島市吉野町２２８６番地", "緯度": 31.6391, "経度": 130.567325, "url": "https://www.iryou.teikyouseido.mhlw.go.jp/znk-web/juminkanja/S2430/initialize?prefCd=46&kikanCd=246320601&kikanKbn=2", "url2": "kabayama-seikei.wixsite.com", "内容": "かばやま整形外科【2:診療所】【診療科目:整形外科_リハビリテーション科】鹿児島県鹿児島市吉野町２２８６番地" }, "geometry": { "type": "Point", "coordinates": [ 130.567325, 31.6391 ] } },
{ "type": "Feature", "properties": { "ID": 462246321464, "正式名称": "医療法人聖祥会かわもと記念クリニック", "機関区分": 2, "都道府県コード": 46, "市区町村コード": 201, "所在地": "鹿児島県鹿児島市吉野町５３９７－３", "緯度": 31.644109, "経度": 130.575997, "url": "https://www.iryou.teikyouseido.mhlw.go.jp/znk-web/juminkanja/S2430/initialize?prefCd=46&kikanCd=246321464&kikanKbn=2", "url2": "https://www.kawamoto-cl.or.jp/", "内容": "医療法人聖祥会かわもと記念クリニック【2:診療所】【診療科目:内科_糖尿病内科_消化器内科_肝臓内科_内視鏡内科_外科_呼吸器外科_胃腸外科_乳腺外科_肛門外科_整形外科_泌尿器科_リウマチ科_リハビリテーション科】鹿児島県鹿児島市吉野町５３９７－３" }, "geometry": { "type": "Point", "coordinates": [ 130.575997, 31.644109 ] } },
{ "type": "Feature", "properties": { "ID": 462246321679, "正式名称": "安松整形外科", "機関区分": 2, "都道府県コード": 46, "市区町村コード": 201, "所在地": "鹿児島県鹿児島市西田三丁目１３番２０号", "緯度": 31.585987, "経度": 130.538591, "url": "https://www.iryou.teikyouseido.mhlw.go.jp/znk-web/juminkanja/S2430/initialize?prefCd=46&kikanCd=246321679&kikanKbn=2", "url2": null, "内容": "安松整形外科【2:診療所】【診療科目:整形外科_リウマチ科_リハビリテーション科】鹿児島県鹿児島市西田三丁目１３番２０号" }, "geometry": { "type": "Point", "coordinates": [ 130.538591, 31.585987 ] } },
{ "type": "Feature", "properties": { "ID": 462246322517, "正式名称": "新山内科　消化器内科", "機関区分": 2, "都道府県コード": 46, "市区町村コード": 201, "所在地": "鹿児島県鹿児島市小山田町６７２０－１", "緯度": 31.665631, "経度": 130.485959, "url": "https://www.iryou.teikyouseido.mhlw.go.jp/znk-web/juminkanja/S2430/initialize?prefCd=46&kikanCd=246322517&kikanKbn=2", "url2": null, "内容": "新山内科　消化器内科【2:診療所】【診療科目:内科_消化器内科】鹿児島県鹿児島市小山田町６７２０－１" }, "geometry": { "type": "Point", "coordinates": [ 130.485959, 31.665631 ] } },
{ "type": "Feature", "properties": { "ID": 462246322588, "正式名称": "いなもりクリニック", "機関区分": 2, "都道府県コード": 46, "市区町村コード": 201, "所在地": "鹿児島県鹿児島市西田１－４－１５", "緯度": 31.586966, "経度": 130.544521, "url": "https://www.iryou.teikyouseido.mhlw.go.jp/znk-web/juminkanja/S2430/initialize?prefCd=46&kikanCd=246322588&kikanKbn=2", "url2": null, "内容": "いなもりクリニック【2:診療所】【診療科目:内科_消化器内科_胃腸内科_外科_肛門外科】鹿児島県鹿児島市西田１－４－１５" }, "geometry": { "type": "Point", "coordinates": [ 130.544521, 31.586966 ] } },
{ "type": "Feature", "properties": { "ID": 462246330297, "正式名称": "片瀬クリニック", "機関区分": 2, "都道府県コード": 46, "市区町村コード": 201, "所在地": "鹿児島県鹿児島市山之口町３番１４号", "緯度": 31.588207, "経度": 130.552967, "url": "https://www.iryou.teikyouseido.mhlw.go.jp/znk-web/juminkanja/S2430/initialize?prefCd=46&kikanCd=246330297&kikanKbn=2", "url2": "https://katase-clinic.com/", "内容": "片瀬クリニック【2:診療所】【診療科目:産婦人科】鹿児島県鹿児島市山之口町３番１４号" }, "geometry": { "type": "Point", "coordinates": [ 130.552967, 31.588207 ] } },
{ "type": "Feature", "properties": { "ID": 462246330646, "正式名称": "医療法人太陽会　坂之上整形外科クリニック", "機関区分": 2, "都道府県コード": 46, "市区町村コード": 201, "所在地": "鹿児島県鹿児島市坂之上６丁目１１ー１８", "緯度": 31.492706, "経度": 130.505, "url": "https://www.iryou.teikyouseido.mhlw.go.jp/znk-web/juminkanja/S2430/initialize?prefCd=46&kikanCd=246330646&kikanKbn=2", "url2": null, "内容": "医療法人太陽会　坂之上整形外科クリニック【2:診療所】【診療科目:整形外科_リウマチ科_リハビリテーション科】鹿児島県鹿児島市坂之上６丁目１１ー１８" }, "geometry": { "type": "Point", "coordinates": [ 130.505, 31.492706 ] } },
{ "type": "Feature", "properties": { "ID": 462246331193, "正式名称": "うしかい耳鼻咽喉科クリニック", "機関区分": 2, "都道府県コード": 46, "市区町村コード": 201, "所在地": "鹿児島県鹿児島市下荒田２丁目８番地２２", "緯度": 31.574413, "経度": 130.554256, "url": "https://www.iryou.teikyouseido.mhlw.go.jp/znk-web/juminkanja/S2430/initialize?prefCd=46&kikanCd=246331193&kikanKbn=2", "url2": "http://ushikai-clinic.jp", "内容": "うしかい耳鼻咽喉科クリニック【2:診療所】【診療科目:気管食道・耳鼻いんこう科】鹿児島県鹿児島市下荒田２丁目８番地２２" }, "geometry": { "type": "Point", "coordinates": [ 130.554256, 31.574413 ] } },
{ "type": "Feature", "properties": { "ID": 462246331382, "正式名称": "桜花心療クリニック", "機関区分": 2, "都道府県コード": 46, "市区町村コード": 201, "所在地": "鹿児島県鹿児島市中央町１０番地キャンセビル６階", "緯度": 31.582375, "経度": 130.545272, "url": "https://www.iryou.teikyouseido.mhlw.go.jp/znk-web/juminkanja/S2430/initialize?prefCd=46&kikanCd=246331382&kikanKbn=2", "url2": null, "内容": "桜花心療クリニック【2:診療所】【診療科目:精神科_心療内科】鹿児島県鹿児島市中央町１０番地キャンセビル６階" }, "geometry": { "type": "Point", "coordinates": [ 130.545272, 31.582375 ] } },
{ "type": "Feature", "properties": { "ID": 462246331496, "正式名称": "五反田内科クリニック", "機関区分": 2, "都道府県コード": 46, "市区町村コード": 201, "所在地": "鹿児島県鹿児島市薬師二丁目７番６２号", "緯度": 31.59175, "経度": 130.538987, "url": "https://www.iryou.teikyouseido.mhlw.go.jp/znk-web/juminkanja/S2430/initialize?prefCd=46&kikanCd=246331496&kikanKbn=2", "url2": "https://tenshokai.or.jp/", "内容": "五反田内科クリニック【2:診療所】【診療科目:内科】鹿児島県鹿児島市薬師二丁目７番６２号" }, "geometry": { "type": "Point", "coordinates": [ 130.538987, 31.59175 ] } },
{ "type": "Feature", "properties": { "ID": 462246331542, "正式名称": "たばたメンタルクリニック", "機関区分": 2, "都道府県コード": 46, "市区町村コード": 201, "所在地": "鹿児島県鹿児島市下荒田３丁目１７番３２号", "緯度": 31.571997, "経度": 130.552913, "url": "https://www.iryou.teikyouseido.mhlw.go.jp/znk-web/juminkanja/S2430/initialize?prefCd=46&kikanCd=246331542&kikanKbn=2", "url2": "https://www.tabata-mc.com/", "内容": "たばたメンタルクリニック【2:診療所】【診療科目:内科_精神科_心療内科】鹿児島県鹿児島市下荒田３丁目１７番３２号" }, "geometry": { "type": "Point", "coordinates": [ 130.552913, 31.571997 ] } },
{ "type": "Feature", "properties": { "ID": 462246332086, "正式名称": "耳鼻咽喉科ミック", "機関区分": 2, "都道府県コード": 46, "市区町村コード": 201, "所在地": "鹿児島県鹿児島市中央町６番地８メディカルプラザ中央５Ｆ", "緯度": 31.581986, "経度": 130.544683, "url": "https://www.iryou.teikyouseido.mhlw.go.jp/znk-web/juminkanja/S2430/initialize?prefCd=46&kikanCd=246332086&kikanKbn=2", "url2": "https://www.mic-ent.jp/", "内容": "耳鼻咽喉科ミック【2:診療所】【診療科目:耳鼻いんこう科】鹿児島県鹿児島市中央町６番地８メディカルプラザ中央５Ｆ" }, "geometry": { "type": "Point", "coordinates": [ 130.544683, 31.581986 ] } },
{ "type": "Feature", "properties": { "ID": 462246332246, "正式名称": "高麗町クリニック", "機関区分": 2, "都道府県コード": 46, "市区町村コード": 201, "所在地": "鹿児島県鹿児島市高麗町３９番１１号慈愛の郷１Ｆ", "緯度": 31.578386, "経度": 130.550836, "url": "https://www.iryou.teikyouseido.mhlw.go.jp/znk-web/juminkanja/S2430/initialize?prefCd=46&kikanCd=246332246&kikanKbn=2", "url2": "https://www.jiaikai.or.jp/kouraicho/", "内容": "高麗町クリニック【2:診療所】【診療科目:内科】鹿児島県鹿児島市高麗町３９番１１号慈愛の郷１Ｆ" }, "geometry": { "type": "Point", "coordinates": [ 130.550836, 31.578386 ] } },
{ "type": "Feature", "properties": { "ID": 462246333083, "正式名称": "こしゃクリニック", "機関区分": 2, "都道府県コード": 46, "市区町村コード": 201, "所在地": "鹿児島県鹿児島市西田２－２１－３ＮＵビル３階東", "緯度": 31.586417, "経度": 130.542028, "url": "https://www.iryou.teikyouseido.mhlw.go.jp/znk-web/juminkanja/S2430/initialize?prefCd=46&kikanCd=246333083&kikanKbn=2", "url2": "http://kosya-clinic.jp", "内容": "こしゃクリニック【2:診療所】【診療科目:産婦人科_婦人科】鹿児島県鹿児島市西田２－２１－３ＮＵビル３階東" }, "geometry": { "type": "Point", "coordinates": [ 130.542028, 31.586417 ] } },
{ "type": "Feature", "properties": { "ID": 462246333272, "正式名称": "ゆみレディースクリニック", "機関区分": 2, "都道府県コード": 46, "市区町村コード": 201, "所在地": "鹿児島県鹿児島市中町４－６ワンダフルビル２階", "緯度": 31.592361, "経度": 130.555593, "url": "https://www.iryou.teikyouseido.mhlw.go.jp/znk-web/juminkanja/S2430/initialize?prefCd=46&kikanCd=246333272&kikanKbn=2", "url2": "https://www.yumi-ladies.com/", "内容": "ゆみレディースクリニック【2:診療所】【診療科目:産婦人科_産科_婦人科】鹿児島県鹿児島市中町４－６ワンダフルビル２階" }, "geometry": { "type": "Point", "coordinates": [ 130.555593, 31.592361 ] } },
{ "type": "Feature", "properties": { "ID": 462246333429, "正式名称": "医療法人社団永和会　千年メディカルクリニック", "機関区分": 2, "都道府県コード": 46, "市区町村コード": 201, "所在地": "鹿児島県鹿児島市千年１丁目１１番１４号１階", "緯度": 31.635197, "経度": 130.526858, "url": "https://www.iryou.teikyouseido.mhlw.go.jp/znk-web/juminkanja/S2430/initialize?prefCd=46&kikanCd=246333429&kikanKbn=2", "url2": null, "内容": "医療法人社団永和会　千年メディカルクリニック【2:診療所】【診療科目:内科_糖尿病内科_脳神経内科_呼吸器内科_循環器内科_アレルギー科_リハビリテーション科】鹿児島県鹿児島市千年１丁目１１番１４号１階" }, "geometry": { "type": "Point", "coordinates": [ 130.526858, 31.635197 ] } },
{ "type": "Feature", "properties": { "ID": 462246333546, "正式名称": "医療法人良生会豊島小児科", "機関区分": 2, "都道府県コード": 46, "市区町村コード": 201, "所在地": "鹿児島県鹿児島市山田町３４０８番地６", "緯度": 31.568464, "経度": 130.498936, "url": "https://www.iryou.teikyouseido.mhlw.go.jp/znk-web/juminkanja/S2430/initialize?prefCd=46&kikanCd=246333546&kikanKbn=2", "url2": "http://toyoshima.clinic", "内容": "医療法人良生会豊島小児科【2:診療所】【診療科目:小児科】鹿児島県鹿児島市山田町３４０８番地６" }, "geometry": { "type": "Point", "coordinates": [ 130.498936, 31.568464 ] } },
{ "type": "Feature", "properties": { "ID": 462246333676, "正式名称": "たちばないいやまクリニック", "機関区分": 2, "都道府県コード": 46, "市区町村コード": 201, "所在地": "鹿児島県鹿児島市上荒田町３３番５号", "緯度": 31.573958, "経度": 130.546887, "url": "https://www.iryou.teikyouseido.mhlw.go.jp/znk-web/juminkanja/S2430/initialize?prefCd=46&kikanCd=246333676&kikanKbn=2", "url2": "http://tachibana-iiyama.net", "内容": "たちばないいやまクリニック【2:診療所】【診療科目:内科_循環器内科】鹿児島県鹿児島市上荒田町３３番５号" }, "geometry": { "type": "Point", "coordinates": [ 130.546887, 31.573958 ] } },
{ "type": "Feature", "properties": { "ID": 462246333751, "正式名称": "春山クリニック", "機関区分": 2, "都道府県コード": 46, "市区町村コード": 201, "所在地": "鹿児島県鹿児島市西田２－３－８", "緯度": 31.588693, "経度": 130.540591, "url": "https://www.iryou.teikyouseido.mhlw.go.jp/znk-web/juminkanja/S2430/initialize?prefCd=46&kikanCd=246333751&kikanKbn=2", "url2": "https://haruyama-clinic.com/", "内容": "春山クリニック【2:診療所】【診療科目:外科_形成外科_皮膚科_美容皮膚科】鹿児島県鹿児島市西田２－３－８" }, "geometry": { "type": "Point", "coordinates": [ 130.540591, 31.588693 ] } },
{ "type": "Feature", "properties": { "ID": 462246333865, "正式名称": "厚地かもいけクリニック", "機関区分": 2, "都道府県コード": 46, "市区町村コード": 201, "所在地": "鹿児島県鹿児島市東郡元町１１－６", "緯度": 31.554034, "経度": 130.549773, "url": "https://www.iryou.teikyouseido.mhlw.go.jp/znk-web/juminkanja/S2430/initialize?prefCd=46&kikanCd=246333865&kikanKbn=2", "url2": null, "内容": "厚地かもいけクリニック【2:診療所】【診療科目:内科_脳神経内科_神経内科_脳神経外科】鹿児島県鹿児島市東郡元町１１－６" }, "geometry": { "type": "Point", "coordinates": [ 130.549773, 31.554034 ] } },
{ "type": "Feature", "properties": { "ID": 462246333908, "正式名称": "なおこ胃腸内科クリニック", "機関区分": 2, "都道府県コード": 46, "市区町村コード": 201, "所在地": "鹿児島県鹿児島市薬師２丁目４３ー３２井上ビル２Ｆ", "緯度": 31.592925, "経度": 130.535039, "url": "https://www.iryou.teikyouseido.mhlw.go.jp/znk-web/juminkanja/S2430/initialize?prefCd=46&kikanCd=246333908&kikanKbn=2", "url2": "https://naoko-clinic.com/", "内容": "なおこ胃腸内科クリニック【2:診療所】【診療科目:内科_消化器内科】鹿児島県鹿児島市薬師２丁目４３ー３２井上ビル２Ｆ" }, "geometry": { "type": "Point", "coordinates": [ 130.535039, 31.592925 ] } },
{ "type": "Feature", "properties": { "ID": 462246334194, "正式名称": "医療法人清泉会　伊集院産婦人科", "機関区分": 2, "都道府県コード": 46, "市区町村コード": 201, "所在地": "鹿児島県鹿児島市池之上町９番２７号", "緯度": 31.608366, "経度": 130.564082, "url": "https://www.iryou.teikyouseido.mhlw.go.jp/znk-web/juminkanja/S2430/initialize?prefCd=46&kikanCd=246334194&kikanKbn=2", "url2": "https://ijuin.or.jp/access/", "内容": "医療法人清泉会　伊集院産婦人科【2:診療所】【診療科目:産婦人科_麻酔科】鹿児島県鹿児島市池之上町９番２７号" }, "geometry": { "type": "Point", "coordinates": [ 130.564082, 31.608366 ] } },
{ "type": "Feature", "properties": { "ID": 462246334211, "正式名称": "生活支援センターえがお附設えがおクリニック", "機関区分": 2, "都道府県コード": 46, "市区町村コード": 201, "所在地": "鹿児島県鹿児島市谷山中央８丁目２３番１５号", "緯度": 31.523594, "経度": 130.511725, "url": "https://www.iryou.teikyouseido.mhlw.go.jp/znk-web/juminkanja/S2430/initialize?prefCd=46&kikanCd=246334211&kikanKbn=2", "url2": null, "内容": "生活支援センターえがお附設えがおクリニック【2:診療所】【診療科目:内科_小児科_皮膚科】鹿児島県鹿児島市谷山中央８丁目２３番１５号" }, "geometry": { "type": "Point", "coordinates": [ 130.511725, 31.523594 ] } },
{ "type": "Feature", "properties": { "ID": 462246334439, "正式名称": "ブランクリニック鹿児島院", "機関区分": 2, "都道府県コード": 46, "市区町村コード": 201, "所在地": "鹿児島県鹿児島市山下町９ー２５Ｈ＆Ｓビル５階受付６階診療室", "緯度": 31.5952346, "経度": 130.5569542, "url": "https://www.iryou.teikyouseido.mhlw.go.jp/znk-web/juminkanja/S2430/initialize?prefCd=46&kikanCd=246334439&kikanKbn=2", "url2": "https://bccl.jp/about2/kagoshima/", "内容": "ブランクリニック鹿児島院【2:診療所】【診療科目:美容皮膚科】鹿児島県鹿児島市山下町９ー２５Ｈ＆Ｓビル５階受付６階診療室" }, "geometry": { "type": "Point", "coordinates": [ 130.5569542, 31.5952346 ] } },
{ "type": "Feature", "properties": { "ID": 462246334497, "正式名称": "エミナルクリニック鹿児島院", "機関区分": 2, "都道府県コード": 46, "市区町村コード": 201, "所在地": "鹿児島県鹿児島市東千石町１４−１巴里屋ビル８階", "緯度": 31.592163, "経度": 130.55249, "url": "https://www.iryou.teikyouseido.mhlw.go.jp/znk-web/juminkanja/S2430/initialize?prefCd=46&kikanCd=246334497&kikanKbn=2", "url2": null, "内容": "エミナルクリニック鹿児島院【2:診療所】【診療科目:美容皮膚科】鹿児島県鹿児島市東千石町１４−１巴里屋ビル８階" }, "geometry": { "type": "Point", "coordinates": [ 130.55249, 31.592163 ] } },
{ "type": "Feature", "properties": { "ID": 462246334761, "正式名称": "おおぞのクリニック", "機関区分": 2, "都道府県コード": 46, "市区町村コード": 201, "所在地": "鹿児島県鹿児島市春山町１０６２－１", "緯度": 31.579511, "経度": 130.455486, "url": "https://www.iryou.teikyouseido.mhlw.go.jp/znk-web/juminkanja/S2430/initialize?prefCd=46&kikanCd=246334761&kikanKbn=2", "url2": "https://www.ozono-clinic.com/", "内容": "おおぞのクリニック【2:診療所】【診療科目:内科_ペインクリニック内科】鹿児島県鹿児島市春山町１０６２－１" }, "geometry": { "type": "Point", "coordinates": [ 130.455486, 31.579511 ] } },
{ "type": "Feature", "properties": { "ID": 462246334774, "正式名称": "かごしまＩＢＤ消化器内科クリニック", "機関区分": 2, "都道府県コード": 46, "市区町村コード": 201, "所在地": "鹿児島県鹿児島市千日町１－１センテラス天文館４階", "緯度": 31.58991, "経度": 130.555361, "url": "https://www.iryou.teikyouseido.mhlw.go.jp/znk-web/juminkanja/S2430/initialize?prefCd=46&kikanCd=246334774&kikanKbn=2", "url2": null, "内容": "かごしまＩＢＤ消化器内科クリニック【2:診療所】【診療科目:内科_消化器内科_胃腸内科】鹿児島県鹿児島市千日町１－１センテラス天文館４階" }, "geometry": { "type": "Point", "coordinates": [ 130.555361, 31.58991 ] } },
{ "type": "Feature", "properties": { "ID": 462246334888, "正式名称": "そうむた脳神経外科・糖尿病内科", "機関区分": 2, "都道府県コード": 46, "市区町村コード": 201, "所在地": "鹿児島県鹿児島市草牟田２丁目２７ー１０", "緯度": 31.604253, "経度": 130.544241, "url": "https://www.iryou.teikyouseido.mhlw.go.jp/znk-web/juminkanja/S2430/initialize?prefCd=46&kikanCd=246334888&kikanKbn=2", "url2": "https://somuta.jp", "内容": "そうむた脳神経外科・糖尿病内科【2:診療所】【診療科目:内科_糖尿病・内分泌内科_脳神経外科】鹿児島県鹿児島市草牟田２丁目２７ー１０" }, "geometry": { "type": "Point", "coordinates": [ 130.544241, 31.604253 ] } },
{ "type": "Feature", "properties": { "ID": 462246334950, "正式名称": "医療法人光広会　たびらウイメンズクリニック", "機関区分": 2, "都道府県コード": 46, "市区町村コード": 201, "所在地": "鹿児島県鹿児島市西谷山１丁目１番３号", "緯度": 31.525743, "経度": 130.509257, "url": "https://www.iryou.teikyouseido.mhlw.go.jp/znk-web/juminkanja/S2430/initialize?prefCd=46&kikanCd=246334950&kikanKbn=2", "url2": "https://tabira-womens.com/", "内容": "医療法人光広会　たびらウイメンズクリニック【2:診療所】【診療科目:産婦人科】鹿児島県鹿児島市西谷山１丁目１番３号" }, "geometry": { "type": "Point", "coordinates": [ 130.509257, 31.525743 ] } },
{ "type": "Feature", "properties": { "ID": 462246334976, "正式名称": "すなお皮ふ科", "機関区分": 2, "都道府県コード": 46, "市区町村コード": 201, "所在地": "鹿児島県鹿児島市和田１丁目４９－１７", "緯度": 31.512508, "経度": 130.507613, "url": "https://www.iryou.teikyouseido.mhlw.go.jp/znk-web/juminkanja/S2430/initialize?prefCd=46&kikanCd=246334976&kikanKbn=2", "url2": "https://sunao-hifuka.jp", "内容": "すなお皮ふ科【2:診療所】【診療科目:皮膚科】鹿児島県鹿児島市和田１丁目４９－１７" }, "geometry": { "type": "Point", "coordinates": [ 130.507613, 31.512508 ] } },
{ "type": "Feature", "properties": { "ID": 462246335016, "正式名称": "スリジェこころのクリニック", "機関区分": 2, "都道府県コード": 46, "市区町村コード": 201, "所在地": "鹿児島県鹿児島市宇宿３丁目３２番５号", "緯度": 31.544242, "経度": 130.5373, "url": "https://www.iryou.teikyouseido.mhlw.go.jp/znk-web/juminkanja/S2430/initialize?prefCd=46&kikanCd=246335016&kikanKbn=2", "url2": "cerisier-clinic.jp", "内容": "スリジェこころのクリニック【2:診療所】【診療科目:内科_精神科_心療内科】鹿児島県鹿児島市宇宿３丁目３２番５号" }, "geometry": { "type": "Point", "coordinates": [ 130.5373, 31.544242 ] } },
{ "type": "Feature", "properties": { "ID": 462246335045, "正式名称": "湘南美容クリニック鹿児島中央院", "機関区分": 2, "都道府県コード": 46, "市区町村コード": 201, "所在地": "鹿児島県鹿児島市武１丁目２番１０号　ＪＲ鹿児島中央ビル　ＡＭＵ　ＷＥ　３階", "緯度": 31.583277, "経度": 130.540764, "url": "https://www.iryou.teikyouseido.mhlw.go.jp/znk-web/juminkanja/S2430/initialize?prefCd=46&kikanCd=246335045&kikanKbn=2", "url2": "https://www.s-b-c.net/clinic/branch/kagoshima-chuo/", "内容": "湘南美容クリニック鹿児島中央院【2:診療所】【診療科目:美容外科_美容皮膚科】鹿児島県鹿児島市武１丁目２番１０号　ＪＲ鹿児島中央ビル　ＡＭＵ　ＷＥ　３階" }, "geometry": { "type": "Point", "coordinates": [ 130.540764, 31.583277 ] } },
{ "type": "Feature", "properties": { "ID": 462246335074, "正式名称": "鹿児島中央駅西口消化器内科・胃大腸内視鏡クリニック", "機関区分": 2, "都道府県コード": 46, "市区町村コード": 201, "所在地": "鹿児島県鹿児島市武１－２－１０ＪＲ鹿児島中央ビル３階", "緯度": 31.581992, "経度": 130.541106, "url": "https://www.iryou.teikyouseido.mhlw.go.jp/znk-web/juminkanja/S2430/initialize?prefCd=46&kikanCd=246335074&kikanKbn=2", "url2": "https://www.kagoshima-naishikyo.com/", "内容": "鹿児島中央駅西口消化器内科・胃大腸内視鏡クリニック【2:診療所】【診療科目:内科_消化器内科_胃腸内科_内視鏡内科_肛門内科】鹿児島県鹿児島市武１－２－１０ＪＲ鹿児島中央ビル３階" }, "geometry": { "type": "Point", "coordinates": [ 130.541106, 31.581992 ] } },
{ "type": "Feature", "properties": { "ID": 462246335117, "正式名称": "いわした内科おなか診療所", "機関区分": 2, "都道府県コード": 46, "市区町村コード": 201, "所在地": "鹿児島県鹿児島市上荒田町２９番２３号３階", "緯度": 31.575044, "経度": 130.544721, "url": "https://www.iryou.teikyouseido.mhlw.go.jp/znk-web/juminkanja/S2430/initialize?prefCd=46&kikanCd=246335117&kikanKbn=2", "url2": "https://iwashita-onaka.com/", "内容": "いわした内科おなか診療所【2:診療所】【診療科目:内科_消化器内科_内視鏡内科】鹿児島県鹿児島市上荒田町２９番２３号３階" }, "geometry": { "type": "Point", "coordinates": [ 130.544721, 31.575044 ] } },
{ "type": "Feature", "properties": { "ID": 462246335159, "正式名称": "竹内レディースクリニック　ＡＲＴ鹿児島院", "機関区分": 2, "都道府県コード": 46, "市区町村コード": 201, "所在地": "鹿児島県鹿児島市高麗町", "緯度": 31.578646, "経度": 130.553359, "url": "https://www.iryou.teikyouseido.mhlw.go.jp/znk-web/juminkanja/S2430/initialize?prefCd=46&kikanCd=246335159&kikanKbn=2", "url2": null, "内容": "竹内レディースクリニック　ＡＲＴ鹿児島院【2:診療所】【診療科目:産婦人科（生殖医療）】鹿児島県鹿児島市高麗町" }, "geometry": { "type": "Point", "coordinates": [ 130.553359, 31.578646 ] } },
{ "type": "Feature", "properties": { "ID": 462246335175, "正式名称": "医療法人仁智会　南郡元在宅医療クリニック", "機関区分": 2, "都道府県コード": 46, "市区町村コード": 201, "所在地": "鹿児島県鹿児島市南郡元町６番１６号紫乃尾ビル南郡元", "緯度": 31.5572158, "経度": 130.5462697, "url": "https://www.iryou.teikyouseido.mhlw.go.jp/znk-web/juminkanja/S2430/initialize?prefCd=46&kikanCd=246335175&kikanKbn=2", "url2": null, "内容": "医療法人仁智会　南郡元在宅医療クリニック【2:診療所】【診療科目:内科_脳神経内科_緩和ケア内科】鹿児島県鹿児島市南郡元町６番１６号紫乃尾ビル南郡元" }, "geometry": { "type": "Point", "coordinates": [ 130.546269700000011, 31.5572158 ] } },
{ "type": "Feature", "properties": { "ID": 462246335218, "正式名称": "鴨池みなと皮ふ科", "機関区分": 2, "都道府県コード": 46, "市区町村コード": 201, "所在地": "鹿児島県鹿児島市鴨池新町１４−１５", "緯度": 31.555584, "経度": 130.559006, "url": "https://www.iryou.teikyouseido.mhlw.go.jp/znk-web/juminkanja/S2430/initialize?prefCd=46&kikanCd=246335218&kikanKbn=2", "url2": null, "内容": "鴨池みなと皮ふ科【2:診療所】【診療科目:皮膚科】鹿児島県鹿児島市鴨池新町１４−１５" }, "geometry": { "type": "Point", "coordinates": [ 130.559006, 31.555584 ] } },
{ "type": "Feature", "properties": { "ID": 462246335234, "正式名称": "しんやしきクリニック", "機関区分": 2, "都道府県コード": 46, "市区町村コード": 201, "所在地": "鹿児島県鹿児島市新屋敷町２０－２５－２しんやしきＢＬＤ", "緯度": 31.582541, "経度": 130.557143, "url": "https://www.iryou.teikyouseido.mhlw.go.jp/znk-web/juminkanja/S2430/initialize?prefCd=46&kikanCd=246335234&kikanKbn=2", "url2": "https://shinyashiki-clinic.jp", "内容": "しんやしきクリニック【2:診療所】【診療科目:内科_神経内科】鹿児島県鹿児島市新屋敷町２０－２５－２しんやしきＢＬＤ" }, "geometry": { "type": "Point", "coordinates": [ 130.557143, 31.582541 ] } },
{ "type": "Feature", "properties": { "ID": 462246335263, "正式名称": "東福整形外科", "機関区分": 2, "都道府県コード": 46, "市区町村コード": 201, "所在地": "鹿児島県鹿児島市宇宿４丁目２１－２０", "緯度": 31.54638, "経度": 130.535317, "url": "https://www.iryou.teikyouseido.mhlw.go.jp/znk-web/juminkanja/S2430/initialize?prefCd=46&kikanCd=246335263&kikanKbn=2", "url2": "https://tofuku-clinic.com/", "内容": "東福整形外科【2:診療所】【診療科目:整形外科】鹿児島県鹿児島市宇宿４丁目２１－２０" }, "geometry": { "type": "Point", "coordinates": [ 130.535317, 31.54638 ] } },
{ "type": "Feature", "properties": { "ID": 462246335306, "正式名称": "アエールこころのクリニック", "機関区分": 2, "都道府県コード": 46, "市区町村コード": 201, "所在地": "鹿児島県鹿児島市中央町２３－２１アエールタワー２０２号", "緯度": 31.582402, "経度": 130.543164, "url": "https://www.iryou.teikyouseido.mhlw.go.jp/znk-web/juminkanja/S2430/initialize?prefCd=46&kikanCd=246335306&kikanKbn=2", "url2": "https://aell-kokorono-clinic.jp/", "内容": "アエールこころのクリニック【2:診療所】【診療科目:精神科_心療内科】鹿児島県鹿児島市中央町２３－２１アエールタワー２０２号" }, "geometry": { "type": "Point", "coordinates": [ 130.543164, 31.582402 ] } },
{ "type": "Feature", "properties": { "ID": 462246335319, "正式名称": "ささきクリニック", "機関区分": 2, "都道府県コード": 46, "市区町村コード": 201, "所在地": "鹿児島県鹿児島市鴨池２丁目１０ー２１　１Ｆ", "緯度": 31.562172, "経度": 130.553168, "url": "https://www.iryou.teikyouseido.mhlw.go.jp/znk-web/juminkanja/S2430/initialize?prefCd=46&kikanCd=246335319&kikanKbn=2", "url2": null, "内容": "ささきクリニック【2:診療所】【診療科目:内科_循環器内科】鹿児島県鹿児島市鴨池２丁目１０ー２１　１Ｆ" }, "geometry": { "type": "Point", "coordinates": [ 130.553168, 31.562172 ] } },
{ "type": "Feature", "properties": { "ID": 462246335322, "正式名称": "メンズライフクリニック鹿児島院", "機関区分": 2, "都道府県コード": 46, "市区町村コード": 201, "所在地": "鹿児島県鹿児島市西千石町１７番２７号第２ＮＡＤＥＳＨＩＫＯビル３階", "緯度": 31.589406, "経度": 130.551757, "url": "https://www.iryou.teikyouseido.mhlw.go.jp/znk-web/juminkanja/S2430/initialize?prefCd=46&kikanCd=246335322&kikanKbn=2", "url2": "https://www.mens-life-clinic.com/clinic/kagoshima/", "内容": "メンズライフクリニック鹿児島院【2:診療所】【診療科目:形成外科_泌尿器科】鹿児島県鹿児島市西千石町１７番２７号第２ＮＡＤＥＳＨＩＫＯビル３階" }, "geometry": { "type": "Point", "coordinates": [ 130.551757, 31.589406 ] } },
{ "type": "Feature", "properties": { "ID": 462246335377, "正式名称": "ＡＮＤ美容外科鹿児島院", "機関区分": 2, "都道府県コード": 46, "市区町村コード": 201, "所在地": "鹿児島県鹿児島市金生町６－１０キューブ鹿児島金生町３階", "緯度": 31.5937, "経度": 130.5575887, "url": "https://www.iryou.teikyouseido.mhlw.go.jp/znk-web/juminkanja/S2430/initialize?prefCd=46&kikanCd=246335377&kikanKbn=2", "url2": "https://and-bg.com/", "内容": "ＡＮＤ美容外科鹿児島院【2:診療所】【診療科目:美容外科_美容皮膚科_泌尿器科】鹿児島県鹿児島市金生町６－１０キューブ鹿児島金生町３階" }, "geometry": { "type": "Point", "coordinates": [ 130.5575887, 31.5937 ] } },
{ "type": "Feature", "properties": { "ID": 462246335625, "正式名称": "みれい皮ふ科クリニック", "機関区分": 2, "都道府県コード": 46, "市区町村コード": 201, "所在地": "鹿児島県鹿児島市紫原３丁目４４－５", "緯度": 31.55359, "経度": 130.534713, "url": "https://www.iryou.teikyouseido.mhlw.go.jp/znk-web/juminkanja/S2430/initialize?prefCd=46&kikanCd=246335625&kikanKbn=2", "url2": "https://mirei-skin.clinic", "内容": "みれい皮ふ科クリニック【2:診療所】【診療科目:皮膚科_美容皮膚科】鹿児島県鹿児島市紫原３丁目４４－５" }, "geometry": { "type": "Point", "coordinates": [ 130.534713, 31.55359 ] } },
{ "type": "Feature", "properties": { "ID": 462246510974, "正式名称": "特別養護老人ホーム涼松医務室", "機関区分": 2, "都道府県コード": 46, "市区町村コード": 223, "所在地": "鹿児島県南九州市頴娃町別府５５３９－１", "緯度": 31.254883, "経度": 130.427714, "url": "https://www.iryou.teikyouseido.mhlw.go.jp/znk-web/juminkanja/S2430/initialize?prefCd=46&kikanCd=246510974&kikanKbn=2", "url2": null, "内容": "特別養護老人ホーム涼松医務室【2:診療所】【診療科目:内科】鹿児島県南九州市頴娃町別府５５３９－１" }, "geometry": { "type": "Point", "coordinates": [ 130.427714, 31.254883 ] } },
{ "type": "Feature", "properties": { "ID": 462246520977, "正式名称": "内匠　眼科", "機関区分": 2, "都道府県コード": 46, "市区町村コード": 223, "所在地": "鹿児島県南九州市川辺町平山３４４０", "緯度": 31.390625, "経度": 130.38955, "url": "https://www.iryou.teikyouseido.mhlw.go.jp/znk-web/juminkanja/S2430/initialize?prefCd=46&kikanCd=246520977&kikanKbn=2", "url2": "https://takumigankakawanabe.jp/", "内容": "内匠　眼科【2:診療所】【診療科目:眼科】鹿児島県南九州市川辺町平山３４４０" }, "geometry": { "type": "Point", "coordinates": [ 130.38955, 31.390625 ] } },
{ "type": "Feature", "properties": { "ID": 462246521088, "正式名称": "吉井クリニック", "機関区分": 2, "都道府県コード": 46, "市区町村コード": 220, "所在地": "鹿児島県南さつま市加世田村原二丁目２番地７", "緯度": 31.422842, "経度": 130.326683, "url": "https://www.iryou.teikyouseido.mhlw.go.jp/znk-web/juminkanja/S2430/initialize?prefCd=46&kikanCd=246521088&kikanKbn=2", "url2": "http://www.yoshii-cl.com/", "内容": "吉井クリニック【2:診療所】【診療科目:形成外科_皮膚科】鹿児島県南さつま市加世田村原二丁目２番地７" }, "geometry": { "type": "Point", "coordinates": [ 130.326683, 31.422842 ] } },
{ "type": "Feature", "properties": { "ID": 462246521163, "正式名称": "上原整形外科クリニック", "機関区分": 2, "都道府県コード": 46, "市区町村コード": 223, "所在地": "鹿児島県南九州市川辺町永田１５９３", "緯度": 31.392447, "経度": 130.374153, "url": "https://www.iryou.teikyouseido.mhlw.go.jp/znk-web/juminkanja/S2430/initialize?prefCd=46&kikanCd=246521163&kikanKbn=2", "url2": null, "内容": "上原整形外科クリニック【2:診療所】【診療科目:整形外科_リウマチ科_リハビリテーション科】鹿児島県南九州市川辺町永田１５９３" }, "geometry": { "type": "Point", "coordinates": [ 130.374153, 31.392447 ] } },
{ "type": "Feature", "properties": { "ID": 462246522160, "正式名称": "川辺生協クリニック", "機関区分": 2, "都道府県コード": 46, "市区町村コード": 223, "所在地": "鹿児島県南九州市川辺町両添１１１８番地", "緯度": 31.391724, "経度": 130.403351, "url": "https://www.iryou.teikyouseido.mhlw.go.jp/znk-web/juminkanja/S2430/initialize?prefCd=46&kikanCd=246522160&kikanKbn=2", "url2": null, "内容": "川辺生協クリニック【2:診療所】【診療科目:内科_呼吸器内科_循環器内科_消化器内科_小児科】鹿児島県南九州市川辺町両添１１１８番地" }, "geometry": { "type": "Point", "coordinates": [ 130.403351, 31.391724 ] } },
{ "type": "Feature", "properties": { "ID": 462246530879, "正式名称": "医療法人知花内科", "機関区分": 2, "都道府県コード": 46, "市区町村コード": 219, "所在地": "鹿児島県いちき串木野市日出町６９", "緯度": 31.719367, "経度": 130.276408, "url": "https://www.iryou.teikyouseido.mhlw.go.jp/znk-web/juminkanja/S2430/initialize?prefCd=46&kikanCd=246530879&kikanKbn=2", "url2": null, "内容": "医療法人知花内科【2:診療所】【診療科目:内科_呼吸器内科_胃腸内科_放射線科】鹿児島県いちき串木野市日出町６９" }, "geometry": { "type": "Point", "coordinates": [ 130.276408, 31.719367 ] } },
{ "type": "Feature", "properties": { "ID": 462246531182, "正式名称": "医療法人高圓会鬼丸内科循環器科", "機関区分": 2, "都道府県コード": 46, "市区町村コード": 201, "所在地": "鹿児島県鹿児島市郡山町６５１３", "緯度": 31.680506, "経度": 130.472058, "url": "https://www.iryou.teikyouseido.mhlw.go.jp/znk-web/juminkanja/S2430/initialize?prefCd=46&kikanCd=246531182&kikanKbn=2", "url2": null, "内容": "医療法人高圓会鬼丸内科循環器科【2:診療所】【診療科目:内科_循環器内科】鹿児島県鹿児島市郡山町６５１３" }, "geometry": { "type": "Point", "coordinates": [ 130.472058, 31.680506 ] } },
{ "type": "Feature", "properties": { "ID": 462246531355, "正式名称": "医療法人誠心会　リミ眼科", "機関区分": 2, "都道府県コード": 46, "市区町村コード": 219, "所在地": "鹿児島県いちき串木野市大原町８０番地５", "緯度": 31.716811, "経度": 130.271536, "url": "https://www.iryou.teikyouseido.mhlw.go.jp/znk-web/juminkanja/S2430/initialize?prefCd=46&kikanCd=246531355&kikanKbn=2", "url2": null, "内容": "医療法人誠心会　リミ眼科【2:診療所】【診療科目:眼科】鹿児島県いちき串木野市大原町８０番地５" }, "geometry": { "type": "Point", "coordinates": [ 130.271536, 31.716811 ] } },
{ "type": "Feature", "properties": { "ID": 462246540292, "正式名称": "上村内科・神経内科", "機関区分": 2, "都道府県コード": 46, "市区町村コード": 215, "所在地": "鹿児島県薩摩川内市御陵下町３０－４６", "緯度": 31.833861, "経度": 130.290583, "url": "https://www.iryou.teikyouseido.mhlw.go.jp/znk-web/juminkanja/S2430/initialize?prefCd=46&kikanCd=246540292&kikanKbn=2", "url2": null, "内容": "上村内科・神経内科【2:診療所】【診療科目:内科_脳神経内科_小児科】鹿児島県薩摩川内市御陵下町３０－４６" }, "geometry": { "type": "Point", "coordinates": [ 130.290583, 31.833861 ] } },
{ "type": "Feature", "properties": { "ID": 462246560416, "正式名称": "医療法人博翠会福元医院", "機関区分": 2, "都道府県コード": 46, "市区町村コード": 208, "所在地": "鹿児島県出水市米ノ津町３－３０", "緯度": 32.115211, "経度": 130.341153, "url": "https://www.iryou.teikyouseido.mhlw.go.jp/znk-web/juminkanja/S2430/initialize?prefCd=46&kikanCd=246560416&kikanKbn=2", "url2": null, "内容": "医療法人博翠会福元医院【2:診療所】【診療科目:内科_循環器内科】鹿児島県出水市米ノ津町３－３０" }, "geometry": { "type": "Point", "coordinates": [ 130.341153, 32.115211 ] } },
{ "type": "Feature", "properties": { "ID": 462246560995, "正式名称": "医療法人幸仁会　キッズクリニック", "機関区分": 2, "都道府県コード": 46, "市区町村コード": 208, "所在地": "鹿児島県出水市向江町１９番２４号", "緯度": 32.074975, "経度": 130.348411, "url": "https://www.iryou.teikyouseido.mhlw.go.jp/znk-web/juminkanja/S2430/initialize?prefCd=46&kikanCd=246560995&kikanKbn=2", "url2": "https://kidsclinic-izumi.jp", "内容": "医療法人幸仁会　キッズクリニック【2:診療所】【診療科目:内科_小児科】鹿児島県出水市向江町１９番２４号" }, "geometry": { "type": "Point", "coordinates": [ 130.348411, 32.074975 ] } },
{ "type": "Feature", "properties": { "ID": 462246591252, "正式名称": "医療法人　帖佐クリニック", "機関区分": 2, "都道府県コード": 46, "市区町村コード": 218, "所在地": "鹿児島県霧島市国分福島３丁目５－２０", "緯度": 31.731108, "経度": 130.761456, "url": "https://www.iryou.teikyouseido.mhlw.go.jp/znk-web/juminkanja/S2430/initialize?prefCd=46&kikanCd=246591252&kikanKbn=2", "url2": "https://sites.google.com/view/chosa-c", "内容": "医療法人　帖佐クリニック【2:診療所】【診療科目:内科_循環器内科_消化器内科_外科_リハビリテーション科】鹿児島県霧島市国分福島３丁目５－２０" }, "geometry": { "type": "Point", "coordinates": [ 130.761456, 31.731108 ] } },
{ "type": "Feature", "properties": { "ID": 462246600679, "正式名称": "医療法人　昭平会　平川やの胃腸内科", "機関区分": 2, "都道府県コード": 46, "市区町村コード": 221, "所在地": "鹿児島県志布志市志布志町志布志二丁目９番７号", "緯度": 31.47582, "経度": 131.09752, "url": "https://www.iryou.teikyouseido.mhlw.go.jp/znk-web/juminkanja/S2430/initialize?prefCd=46&kikanCd=246600679&kikanKbn=2", "url2": "https://yano-naika-cl.com", "内容": "医療法人　昭平会　平川やの胃腸内科【2:診療所】【診療科目:内科_胃腸内科】鹿児島県志布志市志布志町志布志二丁目９番７号" }, "geometry": { "type": "Point", "coordinates": [ 131.09752, 31.47582 ] } },
{ "type": "Feature", "properties": { "ID": 462246611800, "正式名称": "医療法人あきなお会　まつだこどもクリニック", "機関区分": 2, "都道府県コード": 46, "市区町村コード": 203, "所在地": "鹿児島県鹿屋市西原２丁目３５番３号", "緯度": 31.387461, "経度": 130.829458, "url": "https://www.iryou.teikyouseido.mhlw.go.jp/znk-web/juminkanja/S2430/initialize?prefCd=46&kikanCd=246611800&kikanKbn=2", "url2": "https://www.matsudakodomo.jp", "内容": "医療法人あきなお会　まつだこどもクリニック【2:診療所】【診療科目:小児科】鹿児島県鹿屋市西原２丁目３５番３号" }, "geometry": { "type": "Point", "coordinates": [ 130.829458, 31.387461 ] } },
{ "type": "Feature", "properties": { "ID": 462246641535, "正式名称": "みんなの診療所", "機関区分": 2, "都道府県コード": 46, "市区町村コード": 527, "所在地": "鹿児島県大島郡龍郷町中勝字松下４７６−１", "緯度": 28.383188, "経度": 129.57025, "url": "https://www.iryou.teikyouseido.mhlw.go.jp/znk-web/juminkanja/S2430/initialize?prefCd=46&kikanCd=246641535&kikanKbn=2", "url2": "https://clinicforyou.jp", "内容": "みんなの診療所【2:診療所】【診療科目:内科_外科_小児科_救急科】鹿児島県大島郡龍郷町中勝字松下４７６−１" }, "geometry": { "type": "Point", "coordinates": [ 129.57025, 28.383188 ] } },
{ "type": "Feature", "properties": { "ID": 462246660084, "正式名称": "入来温泉クリニック", "機関区分": 2, "都道府県コード": 46, "市区町村コード": 215, "所在地": "鹿児島県薩摩川内市入来町浦之名７８８１－１", "緯度": 31.806014, "経度": 130.433825, "url": "https://www.iryou.teikyouseido.mhlw.go.jp/znk-web/juminkanja/S2430/initialize?prefCd=46&kikanCd=246660084&kikanKbn=2", "url2": null, "内容": "入来温泉クリニック【2:診療所】【診療科目:内科_呼吸器内科】鹿児島県薩摩川内市入来町浦之名７８８１－１" }, "geometry": { "type": "Point", "coordinates": [ 130.433825, 31.806014 ] } },
{ "type": "Feature", "properties": { "ID": 462246660130, "正式名称": "かわばた皮膚科", "機関区分": 2, "都道府県コード": 46, "市区町村コード": 215, "所在地": "鹿児島県薩摩川内市高城町１９４４－１", "緯度": 31.846658, "経度": 130.289872, "url": "https://www.iryou.teikyouseido.mhlw.go.jp/znk-web/juminkanja/S2430/initialize?prefCd=46&kikanCd=246660130&kikanKbn=2", "url2": null, "内容": "かわばた皮膚科【2:診療所】【診療科目:皮膚科】鹿児島県薩摩川内市高城町１９４４－１" }, "geometry": { "type": "Point", "coordinates": [ 130.289872, 31.846658 ] } },
{ "type": "Feature", "properties": { "ID": 462246660215, "正式名称": "医療法人恒仁会さつまクリニック", "機関区分": 2, "都道府県コード": 46, "市区町村コード": 392, "所在地": "鹿児島県薩摩郡さつま町求名１２５５２－２", "緯度": 31.923967, "経度": 130.542674, "url": "https://www.iryou.teikyouseido.mhlw.go.jp/znk-web/juminkanja/S2430/initialize?prefCd=46&kikanCd=246660215&kikanKbn=2", "url2": null, "内容": "医療法人恒仁会さつまクリニック【2:診療所】【診療科目:内科_消化器内科_外科_小児科】鹿児島県薩摩郡さつま町求名１２５５２－２" }, "geometry": { "type": "Point", "coordinates": [ 130.542674, 31.923967 ] } },
{ "type": "Feature", "properties": { "ID": 462246670407, "正式名称": "さくら皮膚科", "機関区分": 2, "都道府県コード": 46, "市区町村コード": 218, "所在地": "鹿児島県霧島市隼人町内山田４－１－１２", "緯度": 31.740019, "経度": 130.734414, "url": "https://www.iryou.teikyouseido.mhlw.go.jp/znk-web/juminkanja/S2430/initialize?prefCd=46&kikanCd=246670407&kikanKbn=2", "url2": null, "内容": "さくら皮膚科【2:診療所】【診療科目:皮膚科】鹿児島県霧島市隼人町内山田４－１－１２" }, "geometry": { "type": "Point", "coordinates": [ 130.734414, 31.740019 ] } },
{ "type": "Feature", "properties": { "ID": 462246671316, "正式名称": "牧之原診療所", "機関区分": 2, "都道府県コード": 46, "市区町村コード": 218, "所在地": "鹿児島県霧島市福山町福沢４６０８－１", "緯度": 31.642651, "経度": 130.860437, "url": "https://www.iryou.teikyouseido.mhlw.go.jp/znk-web/juminkanja/S2430/initialize?prefCd=46&kikanCd=246671316&kikanKbn=2", "url2": null, "内容": "牧之原診療所【2:診療所】【診療科目:内科】鹿児島県霧島市福山町福沢４６０８－１" }, "geometry": { "type": "Point", "coordinates": [ 130.860437, 31.642651 ] } },
{ "type": "Feature", "properties": { "ID": 462246671433, "正式名称": "奈ほ美在宅クリニック", "機関区分": 2, "都道府県コード": 46, "市区町村コード": 225, "所在地": "鹿児島県姶良市加治木町本町６３", "緯度": 31.736007, "経度": 130.66564, "url": "https://www.iryou.teikyouseido.mhlw.go.jp/znk-web/juminkanja/S2430/initialize?prefCd=46&kikanCd=246671433&kikanKbn=2", "url2": null, "内容": "奈ほ美在宅クリニック【2:診療所】【診療科目:内科_呼吸器内科_緩和ケア内科】鹿児島県姶良市加治木町本町６３" }, "geometry": { "type": "Point", "coordinates": [ 130.66564, 31.736007 ] } },
{ "type": "Feature", "properties": { "ID": 462246671446, "正式名称": "隼人メディカルクリニック", "機関区分": 2, "都道府県コード": 46, "市区町村コード": 218, "所在地": "鹿児島県霧島市隼人町松永１丁目１７番地", "緯度": 31.773996, "経度": 130.758227, "url": "https://www.iryou.teikyouseido.mhlw.go.jp/znk-web/juminkanja/S2430/initialize?prefCd=46&kikanCd=246671446&kikanKbn=2", "url2": null, "内容": "隼人メディカルクリニック【2:診療所】【診療科目:内科_糖尿病内科_糖尿病・内分泌内科_脳神経内科_循環器内科_リハビリテーション科】鹿児島県霧島市隼人町松永１丁目１７番地" }, "geometry": { "type": "Point", "coordinates": [ 130.758227, 31.773996 ] } },
{ "type": "Feature", "properties": { "ID": 46228987, "正式名称": "あいら中央眼科", "機関区分": 2, "都道府県コード": 46, "市区町村コード": 225, "所在地": "鹿児島県姶良市西餠田８５番地７", "緯度": 31.73467, "経度": 130.625319, "url": "https://www.iryou.teikyouseido.mhlw.go.jp/znk-web/juminkanja/S2430/initialize?prefCd=46&kikanCd=28987&kikanKbn=2", "url2": "https://airachuo.com/", "内容": "あいら中央眼科【2:診療所】【診療科目:眼科】鹿児島県姶良市西餠田８５番地７" }, "geometry": { "type": "Point", "coordinates": [ 130.625319, 31.73467 ] } },
{ "type": "Feature", "properties": { "ID": 4624610311625, "正式名称": "たんぽぽクリニック", "機関区分": 2, "都道府県コード": 46, "市区町村コード": 203, "所在地": "鹿児島県鹿屋市川西町３９９０番地７", "緯度": 31.355453, "経度": 130.88, "url": "https://www.iryou.teikyouseido.mhlw.go.jp/znk-web/juminkanja/S2430/initialize?prefCd=46&kikanCd=4610311625&kikanKbn=2", "url2": null, "内容": "たんぽぽクリニック【2:診療所】【診療科目:外科_乳腺外科】鹿児島県鹿屋市川西町３９９０番地７" }, "geometry": { "type": "Point", "coordinates": [ 130.88, 31.355453 ] } },
{ "type": "Feature", "properties": { "ID": 4624610311807, "正式名称": "医療法人　常慈会　小浜クリニック", "機関区分": 2, "都道府県コード": 46, "市区町村コード": 203, "所在地": "鹿児島県鹿屋市吾平町上名１０番地", "緯度": 31.32744, "経度": 130.897563, "url": "https://www.iryou.teikyouseido.mhlw.go.jp/znk-web/juminkanja/S2430/initialize?prefCd=46&kikanCd=4610311807&kikanKbn=2", "url2": null, "内容": "医療法人　常慈会　小浜クリニック【2:診療所】【診療科目:内科_皮膚科_泌尿器科】鹿児島県鹿屋市吾平町上名１０番地" }, "geometry": { "type": "Point", "coordinates": [ 130.897563, 31.32744 ] } }
]
}
