{
"type": "FeatureCollection",
"name": "geo_46_居宅介護支援",
"crs": { "type": "name", "properties": { "name": "urn:ogc:def:crs:OGC:1.3:CRS84" } },
"features": [
{ "type": "Feature", "properties": { "内容": "仁愛会居宅介護支援事業所【居宅介護支援】鹿児島市南栄町５丁目１０－１９仁愛会病院内", "url": "https://www.kaigokensaku.mhlw.go.jp/46/index.php?action_kouhyou_detail_004_kani=true&JigyosyoCd=4610115869-00&ServiceCd=430&Type=search", "url2": "http://www.jinaikai.com" }, "geometry": { "type": "Point", "coordinates": [ 130.517965948684491, 31.506962305254543 ] } },
{ "type": "Feature", "properties": { "内容": "居宅介護支援センタートラスト夢【居宅介護支援】鹿児島県鹿児島市稲荷町9-24", "url": "https://www.kaigokensaku.mhlw.go.jp/46/index.php?action_kouhyou_detail_004_kani=true&JigyosyoCd=4670111030-00&ServiceCd=430&Type=search", "url2": "http://trustyume.jp/" }, "geometry": { "type": "Point", "coordinates": [ 130.5672366, 31.6109273 ] } },
{ "type": "Feature", "properties": { "内容": "医療法人博昭会　ケアセンターT-ライフ【居宅介護支援】鹿児島市紫原7丁目14-3とよやまクリニック2F", "url": "https://www.kaigokensaku.mhlw.go.jp/46/index.php?action_kouhyou_detail_004_kani=true&JigyosyoCd=4670111832-00&ServiceCd=430&Type=search", "url2": null }, "geometry": { "type": "Point", "coordinates": [ 130.524946499999942, 31.5660257 ] } },
{ "type": "Feature", "properties": { "内容": "居宅介護支援事業所　心和~kokoa~【居宅介護支援】鹿児島県鹿児島市吉野2丁目19－26番", "url": "https://www.kaigokensaku.mhlw.go.jp/46/index.php?action_kouhyou_detail_004_kani=true&JigyosyoCd=4670110768-00&ServiceCd=430&Type=search", "url2": "http://kazusan1356.wixsite.com/rurikakesu" }, "geometry": { "type": "Point", "coordinates": [ 130.566758576686425, 31.655038759471257 ] } },
{ "type": "Feature", "properties": { "内容": "居宅支援事業所　千々和【居宅介護支援】下福元町1267番地", "url": "https://www.kaigokensaku.mhlw.go.jp/46/index.php?action_kouhyou_detail_004_kani=true&JigyosyoCd=4670110065-00&ServiceCd=430&Type=search", "url2": null }, "geometry": { "type": "Point", "coordinates": [ 130.503611187866227, 31.516660007294181 ] } },
{ "type": "Feature", "properties": { "内容": "ら・千年　居宅介護支援事業所【居宅介護支援】鹿児島市千年２丁目１１番２１号", "url": "https://www.kaigokensaku.mhlw.go.jp/46/index.php?action_kouhyou_detail_004_kani=true&JigyosyoCd=4670108770-00&ServiceCd=430&Type=search", "url2": null }, "geometry": { "type": "Point", "coordinates": [ 130.522941599999967, 31.6395188 ] } },
{ "type": "Feature", "properties": { "内容": "木村外科内科　居宅介護支援事業所【居宅介護支援】鹿児島市石谷町2101－7", "url": "https://www.kaigokensaku.mhlw.go.jp/46/index.php?action_kouhyou_detail_004_kani=true&JigyosyoCd=4610123632-00&ServiceCd=430&Type=search", "url2": "https://www.kimura-gekanaika.com/" }, "geometry": { "type": "Point", "coordinates": [ 130.463573499999939, 31.5959421 ] } },
{ "type": "Feature", "properties": { "内容": "居宅介護支援事業所　下田苑【居宅介護支援】鹿児島市坂元町1087-1", "url": "https://www.kaigokensaku.mhlw.go.jp/46/index.php?action_kouhyou_detail_004_kani=true&JigyosyoCd=4670102872-00&ServiceCd=430&Type=search", "url2": null }, "geometry": { "type": "Point", "coordinates": [ 130.570051599999942, 31.6499624 ] } },
{ "type": "Feature", "properties": { "内容": "ケアプランセンターホワイト【居宅介護支援】鹿児島県鹿児島市春日町13番16号2階シロガネフォレスト　2階", "url": "https://www.kaigokensaku.mhlw.go.jp/46/index.php?action_kouhyou_detail_004_kani=true&JigyosyoCd=4670102831-00&ServiceCd=430&Type=search", "url2": "http://www.shiraogawa.co.jp/" }, "geometry": { "type": "Point", "coordinates": [ 130.567179913038672, 31.605945729451019 ] } },
{ "type": "Feature", "properties": { "内容": "支援センターわらい【居宅介護支援】鹿児島県鹿児島市西田3-9-1　NSビル2F", "url": "https://www.kaigokensaku.mhlw.go.jp/46/index.php?action_kouhyou_detail_004_kani=true&JigyosyoCd=4670107822-00&ServiceCd=430&Type=search", "url2": null }, "geometry": { "type": "Point", "coordinates": [ 130.538892293992546, 31.587236387887121 ] } },
{ "type": "Feature", "properties": { "内容": "居宅介護支援事業所　コンフォート【居宅介護支援】鹿児島県鹿児島市武岡1丁目113-30", "url": "https://www.kaigokensaku.mhlw.go.jp/46/index.php?action_kouhyou_detail_004_kani=true&JigyosyoCd=4670110487-00&ServiceCd=430&Type=search", "url2": "kyotaku@comfort-takeoa.jp" }, "geometry": { "type": "Point", "coordinates": [ 130.525687400000038, 31.5877981 ] } },
{ "type": "Feature", "properties": { "内容": "介護相談センター宇宿・三愛【居宅介護支援】鹿児島県鹿児島市宇宿一丁目41番14号", "url": "https://www.kaigokensaku.mhlw.go.jp/46/index.php?action_kouhyou_detail_004_kani=true&JigyosyoCd=4670111295-00&ServiceCd=430&Type=search", "url2": "https://www.sanaikai.or.jp/homecare/" }, "geometry": { "type": "Point", "coordinates": [ 130.538782699999956, 31.5457615 ] } },
{ "type": "Feature", "properties": { "内容": "居宅介護支援事業所　花野光ケ丘【居宅介護支援】皆与志町　522番地４", "url": "https://www.kaigokensaku.mhlw.go.jp/46/index.php?action_kouhyou_detail_004_kani=true&JigyosyoCd=4670108697-00&ServiceCd=430&Type=search", "url2": "www.k.nonoka.com" }, "geometry": { "type": "Point", "coordinates": [ 130.523437800000011, 31.6711984 ] } },
{ "type": "Feature", "properties": { "内容": "丸山整形外科【居宅介護支援】鹿児島市郡山町505番地3", "url": "https://www.kaigokensaku.mhlw.go.jp/46/index.php?action_kouhyou_detail_004_kani=true&JigyosyoCd=4610123608-00&ServiceCd=430&Type=search", "url2": "https://maruyamaseikeigeka.jp" }, "geometry": { "type": "Point", "coordinates": [ 130.47579339999993, 31.6710307 ] } },
{ "type": "Feature", "properties": { "内容": "居宅介護支援センター道しるべ【居宅介護支援】鹿児島県鹿児島市平之町９番３３号牧野ビル５階", "url": "https://www.kaigokensaku.mhlw.go.jp/46/index.php?action_kouhyou_detail_004_kani=true&JigyosyoCd=4670113168-00&ServiceCd=430&Type=search", "url2": "https://www.matthews-japan.com" }, "geometry": { "type": "Point", "coordinates": [ 130.5475607, 31.5899902 ] } },
{ "type": "Feature", "properties": { "内容": "ケアプランセンターゼロワン【居宅介護支援】鹿児島市南郡元町6番16号　4階シニアハウス南郡元", "url": "https://www.kaigokensaku.mhlw.go.jp/46/index.php?action_kouhyou_detail_004_kani=true&JigyosyoCd=4670114109-00&ServiceCd=430&Type=search", "url2": null }, "geometry": { "type": "Point", "coordinates": [ 130.546269700000011, 31.5572158 ] } },
{ "type": "Feature", "properties": { "内容": "介護支援センターもも【居宅介護支援】鹿児島市真砂町70番13号2階", "url": "https://www.kaigokensaku.mhlw.go.jp/46/index.php?action_kouhyou_detail_004_kani=true&JigyosyoCd=4670112525-00&ServiceCd=430&Type=search", "url2": "https://www.bambi-happy.com" }, "geometry": { "type": "Point", "coordinates": [ 130.551525061238067, 31.558347862501194 ] } },
{ "type": "Feature", "properties": { "内容": "ツクイ鹿児島宇宿ケアプランセンター【居宅介護支援】鹿児島県鹿児島市宇宿8丁目13-22", "url": "https://www.kaigokensaku.mhlw.go.jp/46/index.php?action_kouhyou_detail_004_kani=true&JigyosyoCd=4670112913-00&ServiceCd=430&Type=search", "url2": "https://www.tsukui.net/" }, "geometry": { "type": "Point", "coordinates": [ 130.5231152, 31.5569256 ] } },
{ "type": "Feature", "properties": { "内容": "ケアプラン相談センターかもいけ【居宅介護支援】鹿児島県鹿児島市東郡元町12番3号", "url": "https://www.kaigokensaku.mhlw.go.jp/46/index.php?action_kouhyou_detail_004_kani=true&JigyosyoCd=4670100215-00&ServiceCd=430&Type=search", "url2": "https://jifukai.jp/careplan/" }, "geometry": { "type": "Point", "coordinates": [ 130.54871037201292, 31.553756980337401 ] } },
{ "type": "Feature", "properties": { "内容": "介護プランセンター　ミラクル【居宅介護支援】鹿児島県鹿児島市鴨池2丁目9-14シルキーワン鴨池202", "url": "https://www.kaigokensaku.mhlw.go.jp/46/index.php?action_kouhyou_detail_004_kani=true&JigyosyoCd=4670113499-00&ServiceCd=430&Type=search", "url2": "https://www.umi-tsuki.co.jp/" }, "geometry": { "type": "Point", "coordinates": [ 130.552064699999988, 31.5669046 ] } },
{ "type": "Feature", "properties": { "内容": "介護相談センター西千石【居宅介護支援】西千石町8-13", "url": "https://www.kaigokensaku.mhlw.go.jp/46/index.php?action_kouhyou_detail_004_kani=true&JigyosyoCd=4670100272-00&ServiceCd=430&Type=search", "url2": "www.jinpuh.or.jp" }, "geometry": { "type": "Point", "coordinates": [ 130.5481221, 31.5883737 ] } },
{ "type": "Feature", "properties": { "内容": "ケアプランナー　From　A【居宅介護支援】鹿児島市伊敷台1丁目16-10", "url": "https://www.kaigokensaku.mhlw.go.jp/46/index.php?action_kouhyou_detail_004_kani=true&JigyosyoCd=4670111683-00&ServiceCd=430&Type=search", "url2": null }, "geometry": { "type": "Point", "coordinates": [ 130.535298872769204, 31.622759375073464 ] } },
{ "type": "Feature", "properties": { "内容": "介護福祉支援センター　サポート【居宅介護支援】鹿児島市下伊敷３丁目１７－２", "url": "https://www.kaigokensaku.mhlw.go.jp/46/index.php?action_kouhyou_detail_004_kani=true&JigyosyoCd=4670109638-00&ServiceCd=430&Type=search", "url2": "ｓｈｉｎｗａ＠ｐｏ２．ｓｙｎａｐｓｅ．ｎｅ．ｊｐ" }, "geometry": { "type": "Point", "coordinates": [ 130.534249700000032, 31.6173844 ] } },
{ "type": "Feature", "properties": { "内容": "居宅介護支援事業所よいやんせ【居宅介護支援】山田町３２６－１－１Ｆ", "url": "https://www.kaigokensaku.mhlw.go.jp/46/index.php?action_kouhyou_detail_004_kani=true&JigyosyoCd=4670103326-00&ServiceCd=430&Type=search", "url2": null }, "geometry": { "type": "Point", "coordinates": [ 130.504427391505828, 31.552794502481788 ] } },
{ "type": "Feature", "properties": { "内容": "介護支援事業所リンクコア【居宅介護支援】鹿児島県鹿児島市小野３丁目６番１２号", "url": "https://www.kaigokensaku.mhlw.go.jp/46/index.php?action_kouhyou_detail_004_kani=true&JigyosyoCd=4670112608-00&ServiceCd=430&Type=search", "url2": "http://izanacorp.sakura.ne.jp/" }, "geometry": { "type": "Point", "coordinates": [ 130.523989107043832, 31.614398747396361 ] } },
{ "type": "Feature", "properties": { "内容": "生協訪問看護ステーション・たにやま居宅【居宅介護支援】鹿児島県鹿児島市谷山中央三丁目4582番地", "url": "https://www.kaigokensaku.mhlw.go.jp/46/index.php?action_kouhyou_detail_004_kani=true&JigyosyoCd=4670111360-00&ServiceCd=430&Type=search", "url2": "http://www.kiseikyo.or.jp/" }, "geometry": { "type": "Point", "coordinates": [ 130.518624400000022, 31.5200861 ] } },
{ "type": "Feature", "properties": { "内容": "寿康園居宅介護支援事業所【居宅介護支援】本名町1233-6", "url": "https://www.kaigokensaku.mhlw.go.jp/46/index.php?action_kouhyou_detail_004_kani=true&JigyosyoCd=4671500033-00&ServiceCd=430&Type=search", "url2": "http：//www３.ocn.ne.jp/~jukoen" }, "geometry": { "type": "Point", "coordinates": [ 130.551259398841921, 31.68914708092224 ] } },
{ "type": "Feature", "properties": { "内容": "居宅介護支援事業所　キラメキ【居宅介護支援】鹿児島市荒田1丁目16番3号YU　FIRST　BLDG．4階", "url": "https://www.kaigokensaku.mhlw.go.jp/46/index.php?action_kouhyou_detail_004_kani=true&JigyosyoCd=4670100371-00&ServiceCd=430&Type=search", "url2": "http://www.gyokushoukai.com/" }, "geometry": { "type": "Point", "coordinates": [ 130.553569577234697, 31.577227302236199 ] } },
{ "type": "Feature", "properties": { "内容": "千年居宅介護支援事業所【居宅介護支援】鹿児島県鹿児島市千年2丁目11番10号", "url": "https://www.kaigokensaku.mhlw.go.jp/46/index.php?action_kouhyou_detail_004_kani=true&JigyosyoCd=4670111303-00&ServiceCd=430&Type=search", "url2": null }, "geometry": { "type": "Point", "coordinates": [ 130.522958465358187, 31.6392450642564 ] } },
{ "type": "Feature", "properties": { "内容": "ケアプランセンター　オアシスケア薬師【居宅介護支援】薬師1丁目20番21号オアシスケア薬師", "url": "https://www.kaigokensaku.mhlw.go.jp/46/index.php?action_kouhyou_detail_004_kani=true&JigyosyoCd=4670106105-00&ServiceCd=430&Type=search", "url2": "https://oasiscare.jp" }, "geometry": { "type": "Point", "coordinates": [ 130.541099174760433, 31.592924950603145 ] } },
{ "type": "Feature", "properties": { "内容": "きいれ浜田クリニック【居宅介護支援】鹿児島県鹿児島市喜入町6988番地1", "url": "https://www.kaigokensaku.mhlw.go.jp/46/index.php?action_kouhyou_detail_004_kani=true&JigyosyoCd=4610123558-00&ServiceCd=430&Type=search", "url2": "http://hamada-gr.jp" }, "geometry": { "type": "Point", "coordinates": [ 130.540833600000042, 31.3738292 ] } },
{ "type": "Feature", "properties": { "内容": "グリーンコープケアプランセンター鹿児島【居宅介護支援】西伊敷7丁目13番14号", "url": "https://www.kaigokensaku.mhlw.go.jp/46/index.php?action_kouhyou_detail_004_kani=true&JigyosyoCd=4670109323-00&ServiceCd=430&Type=search", "url2": "m0wcma@greencoop.or.jp" }, "geometry": { "type": "Point", "coordinates": [ 130.536188991271501, 31.647264569504991 ] } },
{ "type": "Feature", "properties": { "内容": "平和会居宅介護支援事業所【居宅介護支援】鹿児島県鹿児島市紫原7丁目18－28", "url": "https://www.kaigokensaku.mhlw.go.jp/46/index.php?action_kouhyou_detail_004_kani=true&JigyosyoCd=4670110743-00&ServiceCd=430&Type=search", "url2": "http://www.hisamatsuclinic.com/" }, "geometry": { "type": "Point", "coordinates": [ 130.525283623942556, 31.567504900449403 ] } },
{ "type": "Feature", "properties": { "内容": "指定居宅介護支援センター高喜苑【居宅介護支援】鹿児島市小野町2427番地2", "url": "https://www.kaigokensaku.mhlw.go.jp/46/index.php?action_kouhyou_detail_004_kani=true&JigyosyoCd=4670100363-00&ServiceCd=430&Type=search", "url2": "http://www.saiseikai-kg.jp" }, "geometry": { "type": "Point", "coordinates": [ 130.512402400000042, 31.5996135 ] } },
{ "type": "Feature", "properties": { "内容": "三宅病院　居宅介護支援事業所【居宅介護支援】鹿児島市谷山中央１丁目５０２４－１サービス付き高齢者向け住宅　円明の杜１階", "url": "https://www.kaigokensaku.mhlw.go.jp/46/index.php?action_kouhyou_detail_004_kani=true&JigyosyoCd=4610116818-00&ServiceCd=430&Type=search", "url2": "http://www.miyake-hp.or.jp" }, "geometry": { "type": "Point", "coordinates": [ 130.514764153056376, 31.522022194325864 ] } },
{ "type": "Feature", "properties": { "内容": "介護支援センターにじの郷たにやま【居宅介護支援】鹿児島市中山町５０２８－８０", "url": "https://www.kaigokensaku.mhlw.go.jp/46/index.php?action_kouhyou_detail_004_kani=true&JigyosyoCd=4670100132-00&ServiceCd=430&Type=search", "url2": "http://nizinosato.com/" }, "geometry": { "type": "Point", "coordinates": [ 130.503125700000027, 31.5397843 ] } },
{ "type": "Feature", "properties": { "内容": "居宅介護支援事業所　清滝【居宅介護支援】西千石町13-30", "url": "https://www.kaigokensaku.mhlw.go.jp/46/index.php?action_kouhyou_detail_004_kani=true&JigyosyoCd=4610121537-00&ServiceCd=430&Type=search", "url2": "http://okino-hp.or.jp/" }, "geometry": { "type": "Point", "coordinates": [ 130.549099766270501, 31.589465847683179 ] } },
{ "type": "Feature", "properties": { "内容": "居宅介護支援センター・七福神【居宅介護支援】鹿児島県鹿児島市紫原5-20-18", "url": "https://www.kaigokensaku.mhlw.go.jp/46/index.php?action_kouhyou_detail_004_kani=true&JigyosyoCd=4670110800-00&ServiceCd=430&Type=search", "url2": "729729.jp" }, "geometry": { "type": "Point", "coordinates": [ 130.526597718887047, 31.615219129444881 ] } },
{ "type": "Feature", "properties": { "内容": "居宅介護支援事業所　桜の苑【居宅介護支援】鹿児島市下福元町9057番地", "url": "https://www.kaigokensaku.mhlw.go.jp/46/index.php?action_kouhyou_detail_004_kani=true&JigyosyoCd=4670102567-00&ServiceCd=430&Type=search", "url2": "sakuranosono.kyotaku@gmail.com" }, "geometry": { "type": "Point", "coordinates": [ 130.488025490096675, 31.498008104320501 ] } },
{ "type": "Feature", "properties": { "内容": "居宅介護支援事業所　桜島苑【居宅介護支援】鹿児島県鹿児島市桜島横山町１７２２－４５", "url": "https://www.kaigokensaku.mhlw.go.jp/46/index.php?action_kouhyou_detail_004_kani=true&JigyosyoCd=4671600015-00&ServiceCd=430&Type=search", "url2": "https://sakurajimaen.com" }, "geometry": { "type": "Point", "coordinates": [ 130.602123, 31.5901132 ] } },
{ "type": "Feature", "properties": { "内容": "スター倶楽部居宅介護支援事業所【居宅介護支援】池之上町６番１５号税所ビル１階（旧　田中ビル）", "url": "https://www.kaigokensaku.mhlw.go.jp/46/index.php?action_kouhyou_detail_004_kani=true&JigyosyoCd=4670109570-00&ServiceCd=430&Type=search", "url2": "https://www.dayss.co.jp/" }, "geometry": { "type": "Point", "coordinates": [ 130.563639700000067, 31.6084885 ] } },
{ "type": "Feature", "properties": { "内容": "清谿園居宅介護支援事業所【居宅介護支援】鹿児島市山田町３８２８番地", "url": "https://www.kaigokensaku.mhlw.go.jp/46/index.php?action_kouhyou_detail_004_kani=true&JigyosyoCd=4670100298-00&ServiceCd=430&Type=search", "url2": "http://www.seikeien.com" }, "geometry": { "type": "Point", "coordinates": [ 130.492112, 31.5732637 ] } },
{ "type": "Feature", "properties": { "内容": "南鹿児島さくら病院　居宅介護支援事業所【居宅介護支援】鹿児島県鹿児島市南郡元町２４番１５号", "url": "https://www.kaigokensaku.mhlw.go.jp/46/index.php?action_kouhyou_detail_004_kani=true&JigyosyoCd=4670110107-00&ServiceCd=430&Type=search", "url2": "http://www.nissyoukai.or.jp/" }, "geometry": { "type": "Point", "coordinates": [ 130.54415419999998, 31.5524303 ] } },
{ "type": "Feature", "properties": { "内容": "林ケアサポート居宅介護支援事業所【居宅介護支援】鹿児島市武2丁目47-7", "url": "https://www.kaigokensaku.mhlw.go.jp/46/index.php?action_kouhyou_detail_004_kani=true&JigyosyoCd=4670109448-00&ServiceCd=430&Type=search", "url2": "http://hayashi-care.com" }, "geometry": { "type": "Point", "coordinates": [ 130.535895462426765, 31.585015539169948 ] } },
{ "type": "Feature", "properties": { "内容": "愛泉園在宅介護支援センター居宅介護支援事業所【居宅介護支援】鹿児島県鹿児島市東俣町１２７－１", "url": "https://www.kaigokensaku.mhlw.go.jp/46/index.php?action_kouhyou_detail_004_kani=true&JigyosyoCd=4673200012-00&ServiceCd=430&Type=search", "url2": "http://syoueikai.or.jp" }, "geometry": { "type": "Point", "coordinates": [ 130.4996744, 31.68713510000001 ] } },
{ "type": "Feature", "properties": { "内容": "居宅介護支援事業所　小松原【居宅介護支援】鹿児島県鹿児島市小松原1-56-12エクセル小松原105号", "url": "https://www.kaigokensaku.mhlw.go.jp/46/index.php?action_kouhyou_detail_004_kani=true&JigyosyoCd=4670113861-00&ServiceCd=430&Type=search", "url2": "https://hp.kaipoke.biz/9v1/174364/index_0001.html" }, "geometry": { "type": "Point", "coordinates": [ 130.5303812, 31.5325107 ] } },
{ "type": "Feature", "properties": { "内容": "整形外科外科吉野台クリニック　指定居宅介護支援事業所おおぞら【居宅介護支援】鹿児島市吉野町１４８６－１", "url": "https://www.kaigokensaku.mhlw.go.jp/46/index.php?action_kouhyou_detail_004_kani=true&JigyosyoCd=4670104118-00&ServiceCd=430&Type=search", "url2": "http://www.syunwakai.jp/contact/index.html" }, "geometry": { "type": "Point", "coordinates": [ 130.57139959999995, 31.6292338 ] } },
{ "type": "Feature", "properties": { "内容": "介護プランセンターすまいる【居宅介護支援】鹿児島県鹿児島市宇宿7丁目6番18号エスポワール101", "url": "https://www.kaigokensaku.mhlw.go.jp/46/index.php?action_kouhyou_detail_004_kani=true&JigyosyoCd=4670113747-00&ServiceCd=430&Type=search", "url2": null }, "geometry": { "type": "Point", "coordinates": [ 130.531938599999989, 31.5496493 ] } },
{ "type": "Feature", "properties": { "内容": "介護支援センターゆりかご【居宅介護支援】鹿児島市伊敷5丁目18番1号けんせいビル1階", "url": "https://www.kaigokensaku.mhlw.go.jp/46/index.php?action_kouhyou_detail_004_kani=true&JigyosyoCd=4670109372-00&ServiceCd=430&Type=search", "url2": null }, "geometry": { "type": "Point", "coordinates": [ 130.526371800000021, 31.626965 ] } },
{ "type": "Feature", "properties": { "内容": "医療法人徳洲会　光徳苑ケアプランセンター【居宅介護支援】谷山中央2-4515", "url": "https://www.kaigokensaku.mhlw.go.jp/46/index.php?action_kouhyou_detail_004_kani=true&JigyosyoCd=4670112475-00&ServiceCd=430&Type=search", "url2": "https://www.tokushukai.or.jp" }, "geometry": { "type": "Point", "coordinates": [ 130.519354580305304, 31.523104761987447 ] } },
{ "type": "Feature", "properties": { "内容": "ニコニコ介護相談センターきいれ【居宅介護支援】喜入町7008-11", "url": "https://www.kaigokensaku.mhlw.go.jp/46/index.php?action_kouhyou_detail_004_kani=true&JigyosyoCd=4670106675-00&ServiceCd=430&Type=search", "url2": "http://www.minc.ne.jp/niconico-t" }, "geometry": { "type": "Point", "coordinates": [ 130.543036374915999, 31.373985734758371 ] } },
{ "type": "Feature", "properties": { "内容": "介護相談どころ旭ヶ丘園【居宅介護支援】鹿児島市和田2丁目23-6", "url": "https://www.kaigokensaku.mhlw.go.jp/46/index.php?action_kouhyou_detail_004_kani=true&JigyosyoCd=4670100496-00&ServiceCd=430&Type=search", "url2": "http://asahigaokaen.com" }, "geometry": { "type": "Point", "coordinates": [ 130.50760408342822, 31.5100817219171 ] } },
{ "type": "Feature", "properties": { "内容": "かいご相談　りこ【居宅介護支援】鹿児島県鹿児島市荒田二丁目58番8号迫田ビル201号", "url": "https://www.kaigokensaku.mhlw.go.jp/46/index.php?action_kouhyou_detail_004_kani=true&JigyosyoCd=4670114232-00&ServiceCd=430&Type=search", "url2": null }, "geometry": { "type": "Point", "coordinates": [ 130.547148, 31.570113 ] } },
{ "type": "Feature", "properties": { "内容": "くすの木在宅介護支援センター【居宅介護支援】犬迫町7771番地", "url": "https://www.kaigokensaku.mhlw.go.jp/46/index.php?action_kouhyou_detail_004_kani=true&JigyosyoCd=4670100389-00&ServiceCd=430&Type=search", "url2": "http://www.kusunokikai.jp" }, "geometry": { "type": "Point", "coordinates": [ 130.48323449999998, 31.6263971 ] } },
{ "type": "Feature", "properties": { "内容": "居宅介護支援事業所　繋ぐ【居宅介護支援】鹿児島県鹿児島市川上町4128-4", "url": "https://www.kaigokensaku.mhlw.go.jp/46/index.php?action_kouhyou_detail_004_kani=true&JigyosyoCd=4670114240-00&ServiceCd=430&Type=search", "url2": null }, "geometry": { "type": "Point", "coordinates": [ 130.5506608, 31.6648682 ] } },
{ "type": "Feature", "properties": { "内容": "居宅介護支援事業所みなみ風【居宅介護支援】鹿児島市下竜尾町10-3", "url": "https://www.kaigokensaku.mhlw.go.jp/46/index.php?action_kouhyou_detail_004_kani=true&JigyosyoCd=4670100405-00&ServiceCd=430&Type=search", "url2": "https://www.nanpuh.or.jp" }, "geometry": { "type": "Point", "coordinates": [ 130.560467036523505, 31.604140954531765 ] } },
{ "type": "Feature", "properties": { "内容": "居宅介護支援事業所あさひ【居宅介護支援】鹿児島市泉町16番9号", "url": "https://www.kaigokensaku.mhlw.go.jp/46/index.php?action_kouhyou_detail_004_kani=true&JigyosyoCd=4670100181-00&ServiceCd=430&Type=search", "url2": "http://www.tenyoukai.org/zaitakuasahi/kyotaku.html" }, "geometry": { "type": "Point", "coordinates": [ 130.559891102377406, 31.594096579368703 ] } },
{ "type": "Feature", "properties": { "内容": "介護相談センター真砂本町【居宅介護支援】真砂本町１２－２", "url": "https://www.kaigokensaku.mhlw.go.jp/46/index.php?action_kouhyou_detail_004_kani=true&JigyosyoCd=4670101809-00&ServiceCd=430&Type=search", "url2": "https://ookatsu.jp/kanrenshisetu/kaigomasago" }, "geometry": { "type": "Point", "coordinates": [ 130.550966139703377, 31.558120308389043 ] } },
{ "type": "Feature", "properties": { "内容": "ケアセンター鹿児島中央【居宅介護支援】鹿児島県鹿児島市下荒田1-8-11松久保ビル2Ｆ", "url": "https://www.kaigokensaku.mhlw.go.jp/46/index.php?action_kouhyou_detail_004_kani=true&JigyosyoCd=4670110149-00&ServiceCd=430&Type=search", "url2": "https://welfare-kaigo.com/" }, "geometry": { "type": "Point", "coordinates": [ 130.554786, 31.5763003 ] } },
{ "type": "Feature", "properties": { "内容": "ケアプランあいりす【居宅介護支援】鹿児島県鹿児島市武岡1丁目117番17号", "url": "https://www.kaigokensaku.mhlw.go.jp/46/index.php?action_kouhyou_detail_004_kani=true&JigyosyoCd=4670106303-00&ServiceCd=430&Type=search", "url2": "https://acras-hp.com/" }, "geometry": { "type": "Point", "coordinates": [ 130.525122944274926, 31.586650817878802 ] } },
{ "type": "Feature", "properties": { "内容": "指定居宅介護支援事業所　ウェルネスじあい【居宅介護支援】鹿児島県鹿児島市堀江町17番1", "url": "https://www.kaigokensaku.mhlw.go.jp/46/index.php?action_kouhyou_detail_004_kani=true&JigyosyoCd=4670110404-00&ServiceCd=430&Type=search", "url2": "https://www.jiaikai.or.jp/idzuro-imamura/" }, "geometry": { "type": "Point", "coordinates": [ 130.559989213943481, 31.591403860843982 ] } },
{ "type": "Feature", "properties": { "内容": "とそ清風園居宅介護支援事業所【居宅介護支援】田上台1丁目43番1号", "url": "https://www.kaigokensaku.mhlw.go.jp/46/index.php?action_kouhyou_detail_004_kani=true&JigyosyoCd=4670100587-00&ServiceCd=430&Type=search", "url2": "http;//www.tososeifuen.com" }, "geometry": { "type": "Point", "coordinates": [ 130.528814950787364, 31.567153381512224 ] } },
{ "type": "Feature", "properties": { "内容": "ケアプランセンター　ひなたの家【居宅介護支援】鹿児島県鹿児島市田上5丁目2-17カーサ大和Ⅲ203号室", "url": "https://www.kaigokensaku.mhlw.go.jp/46/index.php?action_kouhyou_detail_004_kani=true&JigyosyoCd=4670110032-00&ServiceCd=430&Type=search", "url2": "http://www.hinata-scs.com/" }, "geometry": { "type": "Point", "coordinates": [ 130.526633400000037, 31.5766738 ] } },
{ "type": "Feature", "properties": { "内容": "三船病院【居宅介護支援】鹿児島県鹿児島市吉野町10004番地1", "url": "https://www.kaigokensaku.mhlw.go.jp/46/index.php?action_kouhyou_detail_004_kani=true&JigyosyoCd=4610110985-00&ServiceCd=430&Type=search", "url2": "http://www.toufuukai.jp/" }, "geometry": { "type": "Point", "coordinates": [ 130.600847700000031, 31.6333809 ] } },
{ "type": "Feature", "properties": { "内容": "居宅介護支援事業所　クレール下荒田【居宅介護支援】鹿児島市下荒田２丁目７番２号", "url": "https://www.kaigokensaku.mhlw.go.jp/46/index.php?action_kouhyou_detail_004_kani=true&JigyosyoCd=4670103805-00&ServiceCd=430&Type=search", "url2": "http://chidorifukushikai.jp/" }, "geometry": { "type": "Point", "coordinates": [ 130.553713900000048, 31.5747172 ] } },
{ "type": "Feature", "properties": { "内容": "居宅介護支援事業所　華【居宅介護支援】鹿児島県鹿児島市牟礼岡2丁目1番８号", "url": "https://www.kaigokensaku.mhlw.go.jp/46/index.php?action_kouhyou_detail_004_kani=true&JigyosyoCd=4670112764-00&ServiceCd=430&Type=search", "url2": "am0904@wak.bbiq.jp" }, "geometry": { "type": "Point", "coordinates": [ 130.58652382883605, 31.679103619268609 ] } },
{ "type": "Feature", "properties": { "内容": "指定居宅介護支援センター　愛と結の街【居宅介護支援】鹿児島市小原町９番１号", "url": "https://www.kaigokensaku.mhlw.go.jp/46/index.php?action_kouhyou_detail_004_kani=true&JigyosyoCd=4670100025-00&ServiceCd=430&Type=search", "url2": "http://www.jiaikai.or.jp" }, "geometry": { "type": "Point", "coordinates": [ 130.530528, 31.5416119 ] } },
{ "type": "Feature", "properties": { "内容": "介護支援センター　ダブル【居宅介護支援】鹿児島県鹿児島市南郡元町25－６オーズガーデン南郡元", "url": "https://www.kaigokensaku.mhlw.go.jp/46/index.php?action_kouhyou_detail_004_kani=true&JigyosyoCd=4670110636-00&ServiceCd=430&Type=search", "url2": "http://jyouseikai.jp" }, "geometry": { "type": "Point", "coordinates": [ 130.543913650855814, 31.552853128560088 ] } },
{ "type": "Feature", "properties": { "内容": "ツクイ鹿児島吉野（居宅）【居宅介護支援】鹿児島県吉野1丁目23番8号", "url": "https://www.kaigokensaku.mhlw.go.jp/46/index.php?action_kouhyou_detail_004_kani=true&JigyosyoCd=4670114141-00&ServiceCd=430&Type=search", "url2": "https://www.tsukui.net/home-care/2410/" }, "geometry": { "type": "Point", "coordinates": [ 130.5676733, 31.6497963 ] } },
{ "type": "Feature", "properties": { "内容": "居宅介護支援事業所　谷山中央【居宅介護支援】鹿児島市谷山中央１丁目５００２", "url": "https://www.kaigokensaku.mhlw.go.jp/46/index.php?action_kouhyou_detail_004_kani=true&JigyosyoCd=4670106030-00&ServiceCd=430&Type=search", "url2": "http:／／www.kodamaseikeigekacIinic.com" }, "geometry": { "type": "Point", "coordinates": [ 130.515960700000051, 31.5233608 ] } },
{ "type": "Feature", "properties": { "内容": "ライフパートナー悠暮里【居宅介護支援】鹿児島市郡山町68番地悠暮里グループ", "url": "https://www.kaigokensaku.mhlw.go.jp/46/index.php?action_kouhyou_detail_004_kani=true&JigyosyoCd=4670104803-00&ServiceCd=430&Type=search", "url2": "yukuri-grp.com/" }, "geometry": { "type": "Point", "coordinates": [ 130.479362, 31.6815408 ] } },
{ "type": "Feature", "properties": { "内容": "社会医療法人緑泉会　米盛病院居宅介護支援事業所【居宅介護支援】鹿児島県鹿児島市草牟田　2丁目29番32号", "url": "https://www.kaigokensaku.mhlw.go.jp/46/index.php?action_kouhyou_detail_004_kani=true&JigyosyoCd=4670100256-00&ServiceCd=430&Type=search", "url2": "http.//www.yonemorihp.jp" }, "geometry": { "type": "Point", "coordinates": [ 130.5378876, 31.607608600000013 ] } },
{ "type": "Feature", "properties": { "内容": "谷山ケアプランセンターひなたくらし【居宅介護支援】鹿児島県鹿児島市谷山中央2丁目4119-48中井ビル2階", "url": "https://www.kaigokensaku.mhlw.go.jp/46/index.php?action_kouhyou_detail_004_kani=true&JigyosyoCd=4670113978-00&ServiceCd=430&Type=search", "url2": "https://senjukai.net/" }, "geometry": { "type": "Point", "coordinates": [ 130.521489300000013, 31.5270405 ] } },
{ "type": "Feature", "properties": { "内容": "総合病院鹿児島生協病院【居宅介護支援】谷山中央五丁目２０番１０号", "url": "https://www.kaigokensaku.mhlw.go.jp/46/index.php?action_kouhyou_detail_004_kani=true&JigyosyoCd=4610114045-00&ServiceCd=430&Type=search", "url2": "http://www.kaseikyohp.jp" }, "geometry": { "type": "Point", "coordinates": [ 130.513583299999937, 31.5178112 ] } },
{ "type": "Feature", "properties": { "内容": "生協ケアプランセンター【居宅介護支援】谷山中央五丁目２０番１０号", "url": "https://www.kaigokensaku.mhlw.go.jp/46/index.php?action_kouhyou_detail_004_kani=true&JigyosyoCd=4670108226-00&ServiceCd=430&Type=search", "url2": "http://www.kaseikyohp.jp" }, "geometry": { "type": "Point", "coordinates": [ 130.513583299999937, 31.5178112 ] } },
{ "type": "Feature", "properties": { "内容": "谷山緑地苑【居宅介護支援】鹿児島市谷山中央2丁目702-56", "url": "https://www.kaigokensaku.mhlw.go.jp/46/index.php?action_kouhyou_detail_004_kani=true&JigyosyoCd=4670113929-00&ServiceCd=430&Type=search", "url2": null }, "geometry": { "type": "Point", "coordinates": [ 130.5243585, 31.5262264 ] } },
{ "type": "Feature", "properties": { "内容": "ファルマコム株式会社介護支援事業所【居宅介護支援】鴨池新町5-1鴨池ACアネックス１F", "url": "https://www.kaigokensaku.mhlw.go.jp/46/index.php?action_kouhyou_detail_004_kani=true&JigyosyoCd=4670100017-00&ServiceCd=430&Type=search", "url2": "http://www.pharmacom.jp" }, "geometry": { "type": "Point", "coordinates": [ 130.55723163939129, 31.555525215330078 ] } },
{ "type": "Feature", "properties": { "内容": "ヒューマンライフケア鹿児島【居宅介護支援】鹿児島市荒田2丁目37-11", "url": "https://www.kaigokensaku.mhlw.go.jp/46/index.php?action_kouhyou_detail_004_kani=true&JigyosyoCd=4670107087-00&ServiceCd=430&Type=search", "url2": "http://human-lifecare.jp/" }, "geometry": { "type": "Point", "coordinates": [ 130.5509197, 31.5711897 ] } },
{ "type": "Feature", "properties": { "内容": "かわもと記念クリニック　あいる居宅介護支援事業所【居宅介護支援】鹿児島市吉野町5400-2", "url": "https://www.kaigokensaku.mhlw.go.jp/46/index.php?action_kouhyou_detail_004_kani=true&JigyosyoCd=4610118491-00&ServiceCd=430&Type=search", "url2": "http://www.kawamoto-cl.or.jp/" }, "geometry": { "type": "Point", "coordinates": [ 130.576314956696507, 31.643512440097513 ] } },
{ "type": "Feature", "properties": { "内容": "城山の森居宅介護支援事業所【居宅介護支援】鹿児島市長田町２２３番地", "url": "https://www.kaigokensaku.mhlw.go.jp/46/index.php?action_kouhyou_detail_004_kani=true&JigyosyoCd=4670102435-00&ServiceCd=430&Type=search", "url2": "http://www.hakuyukai-group.jp/shiroyamanomori-2018/index.html" }, "geometry": { "type": "Point", "coordinates": [ 130.549845928458325, 31.600908506790343 ] } },
{ "type": "Feature", "properties": { "内容": "居宅介護支援事業所美顔【居宅介護支援】鹿児島市中山2丁目１５－3１居宅介護支援事業所", "url": "https://www.kaigokensaku.mhlw.go.jp/46/index.php?action_kouhyou_detail_004_kani=true&JigyosyoCd=4670111535-00&ServiceCd=430&Type=search", "url2": null }, "geometry": { "type": "Point", "coordinates": [ 130.507744199999934, 31.5469223 ] } },
{ "type": "Feature", "properties": { "内容": "睦園居宅介護支援事業所【居宅介護支援】鹿児島市吉野町6077番地56", "url": "https://www.kaigokensaku.mhlw.go.jp/46/index.php?action_kouhyou_detail_004_kani=true&JigyosyoCd=4670105578-00&ServiceCd=430&Type=search", "url2": "https://www.mutumien.com" }, "geometry": { "type": "Point", "coordinates": [ 130.590925800000036, 31.6477459 ] } },
{ "type": "Feature", "properties": { "内容": "指定居宅介護支援事業所　さくらんぼ【居宅介護支援】下田町1759番地", "url": "https://www.kaigokensaku.mhlw.go.jp/46/index.php?action_kouhyou_detail_004_kani=true&JigyosyoCd=4670100207-00&ServiceCd=430&Type=search", "url2": "http://kanyoukai.or.jp" }, "geometry": { "type": "Point", "coordinates": [ 130.545236599999953, 31.6460182 ] } },
{ "type": "Feature", "properties": { "内容": "医療法人　徳洲会　鹿児島徳洲会介護センター【居宅介護支援】鹿児島県鹿児島市南栄5丁目10-51", "url": "https://www.kaigokensaku.mhlw.go.jp/46/index.php?action_kouhyou_detail_004_kani=true&JigyosyoCd=4670103623-00&ServiceCd=430&Type=search", "url2": "http://www.kagotoku.jp/kaigo.htm" }, "geometry": { "type": "Point", "coordinates": [ 130.5170065, 31.5074785 ] } },
{ "type": "Feature", "properties": { "内容": "居宅介護支援事業所　ふれんどみなみ【居宅介護支援】鹿児島市田上八丁目15番3号", "url": "https://www.kaigokensaku.mhlw.go.jp/46/index.php?action_kouhyou_detail_004_kani=true&JigyosyoCd=4670105933-00&ServiceCd=430&Type=search", "url2": null }, "geometry": { "type": "Point", "coordinates": [ 130.503393275224909, 31.594382287794645 ] } },
{ "type": "Feature", "properties": { "内容": "松和会居宅介護支援センター【居宅介護支援】鹿児島県鹿児島市皆与志町２２６１－１", "url": "https://www.kaigokensaku.mhlw.go.jp/46/index.php?action_kouhyou_detail_004_kani=true&JigyosyoCd=4670106394-00&ServiceCd=430&Type=search", "url2": "https://taizansou.jp" }, "geometry": { "type": "Point", "coordinates": [ 130.5291985, 31.6656241 ] } },
{ "type": "Feature", "properties": { "内容": "米沢病院居宅介護支援事業所【居宅介護支援】鹿児島県鹿児島市新照院町１９番８号", "url": "https://www.kaigokensaku.mhlw.go.jp/46/index.php?action_kouhyou_detail_004_kani=true&JigyosyoCd=4610117493-00&ServiceCd=430&Type=search", "url2": "ytou@yonezawa.or.jp" }, "geometry": { "type": "Point", "coordinates": [ 130.543355600000041, 31.5935674 ] } },
{ "type": "Feature", "properties": { "内容": "いいだクリニック【居宅介護支援】鹿児島市草牟田2丁目17番2号こもれびビル　１階", "url": "https://www.kaigokensaku.mhlw.go.jp/46/index.php?action_kouhyou_detail_004_kani=true&JigyosyoCd=4610121438-00&ServiceCd=430&Type=search", "url2": "http://www.iida-cl.com" }, "geometry": { "type": "Point", "coordinates": [ 130.53864729999998, 31.60283 ] } },
{ "type": "Feature", "properties": { "内容": "美樹園居宅介護支援事業所【居宅介護支援】鹿児島市下福元町1926-6もみじ館", "url": "https://www.kaigokensaku.mhlw.go.jp/46/index.php?action_kouhyou_detail_004_kani=true&JigyosyoCd=4670100579-00&ServiceCd=430&Type=search", "url2": "https://mikien.or.jp" }, "geometry": { "type": "Point", "coordinates": [ 130.488739013671875, 31.523974197238601 ] } },
{ "type": "Feature", "properties": { "内容": "株式会社　カクイックスウィング居宅介護支援事業所【居宅介護支援】鹿児島県鹿児島市加治屋町3-1カクイックスビル2Ｆ", "url": "https://www.kaigokensaku.mhlw.go.jp/46/index.php?action_kouhyou_detail_004_kani=true&JigyosyoCd=4670107434-00&ServiceCd=430&Type=search", "url2": "http://www.kakuix-wing.com" }, "geometry": { "type": "Point", "coordinates": [ 130.54730840000002, 31.5854379 ] } },
{ "type": "Feature", "properties": { "内容": "介護相談センター　かごサポ【居宅介護支援】鹿児島県鹿児島市光山2丁目3-56", "url": "https://www.kaigokensaku.mhlw.go.jp/46/index.php?action_kouhyou_detail_004_kani=true&JigyosyoCd=4670113531-00&ServiceCd=430&Type=search", "url2": null }, "geometry": { "type": "Point", "coordinates": [ 130.5057051, 31.490222 ] } },
{ "type": "Feature", "properties": { "内容": "松元居宅介護支援事業所【居宅介護支援】鹿児島市上谷口町3366番地5", "url": "https://www.kaigokensaku.mhlw.go.jp/46/index.php?action_kouhyou_detail_004_kani=true&JigyosyoCd=4673100014-00&ServiceCd=430&Type=search", "url2": "https://syafukuseijukai.com/" }, "geometry": { "type": "Point", "coordinates": [ 130.429502400000047, 31.5967294 ] } },
{ "type": "Feature", "properties": { "内容": "ケアプランセンター　木蓮【居宅介護支援】鹿児島県鹿児島市本名町472番地", "url": "https://www.kaigokensaku.mhlw.go.jp/46/index.php?action_kouhyou_detail_004_kani=true&JigyosyoCd=4610123459-00&ServiceCd=430&Type=search", "url2": "http://www.sekisaikai.jp/index.php" }, "geometry": { "type": "Point", "coordinates": [ 130.546188641664116, 31.69216951188508 ] } },
{ "type": "Feature", "properties": { "内容": "松恵園居宅介護支援事業所【居宅介護支援】鹿児島県鹿児島市西別府町1920番地", "url": "https://www.kaigokensaku.mhlw.go.jp/46/index.php?action_kouhyou_detail_004_kani=true&JigyosyoCd=4670100306-00&ServiceCd=430&Type=search", "url2": "https://syoukeien.jp" }, "geometry": { "type": "Point", "coordinates": [ 130.4856777, 31.5993447 ] } },
{ "type": "Feature", "properties": { "内容": "はっぴー園居宅介護支援センター【居宅介護支援】鹿児島市下福元町９５６３番地特別養護老人ホームはっぴー園", "url": "https://www.kaigokensaku.mhlw.go.jp/46/index.php?action_kouhyou_detail_004_kani=true&JigyosyoCd=4670100462-00&ServiceCd=430&Type=search", "url2": "http://happy-en.jp/" }, "geometry": { "type": "Point", "coordinates": [ 130.48879409999995, 31.5039061 ] } },
{ "type": "Feature", "properties": { "内容": "医療法人みらい　介護支援事業所　はるかぜ【居宅介護支援】鹿児島市下荒田2丁目39番1号", "url": "https://www.kaigokensaku.mhlw.go.jp/46/index.php?action_kouhyou_detail_004_kani=true&JigyosyoCd=4670100470-00&ServiceCd=430&Type=search", "url2": "http://e-nirai.or.jp/mirai-reha/" }, "geometry": { "type": "Point", "coordinates": [ 130.559141880595462, 31.573400900408771 ] } },
{ "type": "Feature", "properties": { "内容": "居宅介護支援事業所　甲南【居宅介護支援】高麗町8番25号在宅ケア総合支援センター　自社ビル4F", "url": "https://www.kaigokensaku.mhlw.go.jp/46/index.php?action_kouhyou_detail_004_kani=true&JigyosyoCd=4670101361-00&ServiceCd=430&Type=search", "url2": null }, "geometry": { "type": "Point", "coordinates": [ 130.549886099999981, 31.5825189 ] } },
{ "type": "Feature", "properties": { "内容": "居宅介護支援事業所下荒田【居宅介護支援】鹿児島市下荒田２丁目１番16号", "url": "https://www.kaigokensaku.mhlw.go.jp/46/index.php?action_kouhyou_detail_004_kani=true&JigyosyoCd=4670105651-00&ServiceCd=430&Type=search", "url2": "https://www.peace-harmony.jp" }, "geometry": { "type": "Point", "coordinates": [ 130.553808299999986, 31.5753143 ] } },
{ "type": "Feature", "properties": { "内容": "ぶれーす喜入介護相談センター【居宅介護支援】鹿児島市喜入町８２３４－１", "url": "https://www.kaigokensaku.mhlw.go.jp/46/index.php?action_kouhyou_detail_004_kani=true&JigyosyoCd=4670107996-00&ServiceCd=430&Type=search", "url2": "http://brace-kiire.jp" }, "geometry": { "type": "Point", "coordinates": [ 130.537010113491732, 31.367630077507492 ] } },
{ "type": "Feature", "properties": { "内容": "アドナース鹿児島　居宅介護支援【居宅介護支援】鹿児島県鹿児島市武２丁目15－16", "url": "https://www.kaigokensaku.mhlw.go.jp/46/index.php?action_kouhyou_detail_004_kani=true&JigyosyoCd=4670110248-00&ServiceCd=430&Type=search", "url2": "http://adnurse.co.jp/" }, "geometry": { "type": "Point", "coordinates": [ 130.536809343077977, 31.580484636166609 ] } },
{ "type": "Feature", "properties": { "内容": "特定非営利活動法人かごしま福祉研究会　かごしま福祉研究会居宅介護支援事業所【居宅介護支援】鹿児島県鹿児島市喜入前之浜町7853番地7かごしま福祉研究会　居宅介護支援事業所", "url": "https://www.kaigokensaku.mhlw.go.jp/46/index.php?action_kouhyou_detail_004_kani=true&JigyosyoCd=4670110875-00&ServiceCd=430&Type=search", "url2": null }, "geometry": { "type": "Point", "coordinates": [ 130.554189, 31.3500793 ] } },
{ "type": "Feature", "properties": { "内容": "株式会社亀藤【居宅介護支援】鹿児島市山田町25-２", "url": "https://www.kaigokensaku.mhlw.go.jp/46/index.php?action_kouhyou_detail_004_kani=true&JigyosyoCd=4670112343-00&ServiceCd=430&Type=search", "url2": null }, "geometry": { "type": "Point", "coordinates": [ 139.652747529447765, 35.863632065753102 ] } },
{ "type": "Feature", "properties": { "内容": "居宅介護支援事業所架け橋【居宅介護支援】住吉町2番3号エクシード住吉101号", "url": "https://www.kaigokensaku.mhlw.go.jp/46/index.php?action_kouhyou_detail_004_kani=true&JigyosyoCd=4670112426-00&ServiceCd=430&Type=search", "url2": "https://jiaikai-k.or.jp" }, "geometry": { "type": "Point", "coordinates": [ 141.310479900000018, 38.4376163 ] } },
{ "type": "Feature", "properties": { "内容": "かいごの相談所あらた【居宅介護支援】鹿児島県鹿児島市荒田二丁目23-5", "url": "https://www.kaigokensaku.mhlw.go.jp/46/index.php?action_kouhyou_detail_004_kani=true&JigyosyoCd=4670113911-00&ServiceCd=430&Type=search", "url2": "https://kaigo-arata.jp/company" }, "geometry": { "type": "Point", "coordinates": [ 130.5484217, 31.5726526 ] } },
{ "type": "Feature", "properties": { "内容": "ケアプランありがとう鹿児島支店【居宅介護支援】鹿児島県鹿児島市泉町12番地20号", "url": "https://www.kaigokensaku.mhlw.go.jp/46/index.php?action_kouhyou_detail_004_kani=true&JigyosyoCd=4670112111-00&ServiceCd=430&Type=search", "url2": "http://kaigo-arigato.com/" }, "geometry": { "type": "Point", "coordinates": [ 130.5597712, 31.5924568 ] } },
{ "type": "Feature", "properties": { "内容": "まつしたケアサービス【居宅介護支援】鹿児島市西田1-6-23アビタシオン松下2階", "url": "https://www.kaigokensaku.mhlw.go.jp/46/index.php?action_kouhyou_detail_004_kani=true&JigyosyoCd=4670103177-00&ServiceCd=430&Type=search", "url2": "http://matsushita-care.com" }, "geometry": { "type": "Point", "coordinates": [ 130.544808500000045, 31.5873737 ] } },
{ "type": "Feature", "properties": { "内容": "居宅介護支援事業所　西陵【居宅介護支援】鹿児島県鹿児島市西陵8-32-19", "url": "https://www.kaigokensaku.mhlw.go.jp/46/index.php?action_kouhyou_detail_004_kani=true&JigyosyoCd=4670110156-00&ServiceCd=430&Type=search", "url2": "https://kyotaku-seiryo.jp/" }, "geometry": { "type": "Point", "coordinates": [ 130.502815400000031, 31.5848236 ] } },
{ "type": "Feature", "properties": { "内容": "鹿児島県看護協会居宅介護支援事業所【居宅介護支援】桜ヶ丘6－12", "url": "https://www.kaigokensaku.mhlw.go.jp/46/index.php?action_kouhyou_detail_004_kani=true&JigyosyoCd=4670101486-00&ServiceCd=430&Type=search", "url2": "http://k-kango.jp" }, "geometry": { "type": "Point", "coordinates": [ 130.523297559774818, 31.549645512444854 ] } },
{ "type": "Feature", "properties": { "内容": "あおぞら介護ステーション居宅介護支援事業所【居宅介護支援】荒田1-56-14", "url": "https://www.kaigokensaku.mhlw.go.jp/46/index.php?action_kouhyou_detail_004_kani=true&JigyosyoCd=4670114166-00&ServiceCd=430&Type=search", "url2": "https://www.aozora-cg.com/" }, "geometry": { "type": "Point", "coordinates": [ 130.5499241, 31.5733762 ] } },
{ "type": "Feature", "properties": { "内容": "ライフケアプランセンター【居宅介護支援】鹿児島県鹿児島市中山町1470-1", "url": "https://www.kaigokensaku.mhlw.go.jp/46/index.php?action_kouhyou_detail_004_kani=true&JigyosyoCd=4670112889-00&ServiceCd=430&Type=search", "url2": null }, "geometry": { "type": "Point", "coordinates": [ 130.501862100000011, 31.5420144 ] } },
{ "type": "Feature", "properties": { "内容": "介護支援センター　ひまわり園【居宅介護支援】鹿児島市伊敷５丁目４番１７号", "url": "https://www.kaigokensaku.mhlw.go.jp/46/index.php?action_kouhyou_detail_004_kani=true&JigyosyoCd=4670100033-00&ServiceCd=430&Type=search", "url2": "https://www.himawarien.jp" }, "geometry": { "type": "Point", "coordinates": [ 130.525829264106761, 31.624682979524767 ] } },
{ "type": "Feature", "properties": { "内容": "うえの内科　居宅介護支援事業所【居宅介護支援】鹿児島県鹿児島市山下町８番３号メディカルミュゼビル山下町２階", "url": "https://www.kaigokensaku.mhlw.go.jp/46/index.php?action_kouhyou_detail_004_kani=true&JigyosyoCd=4670114331-00&ServiceCd=430&Type=search", "url2": "https://ueno-naika.com/" }, "geometry": { "type": "Point", "coordinates": [ 130.5560208, 31.5956781 ] } },
{ "type": "Feature", "properties": { "内容": "まごころ相談支援センター【居宅介護支援】鹿児島県鹿児島市伊敷4丁目10-1", "url": "https://www.kaigokensaku.mhlw.go.jp/46/index.php?action_kouhyou_detail_004_kani=true&JigyosyoCd=4670112947-00&ServiceCd=430&Type=search", "url2": null }, "geometry": { "type": "Point", "coordinates": [ 130.574307299999987, 31.6460682 ] } },
{ "type": "Feature", "properties": { "内容": "コープ介護支援センター鹿児島【居宅介護支援】広木一丁目1番1号", "url": "https://www.kaigokensaku.mhlw.go.jp/46/index.php?action_kouhyou_detail_004_kani=true&JigyosyoCd=4670100264-00&ServiceCd=430&Type=search", "url2": null }, "geometry": { "type": "Point", "coordinates": [ 130.521849891471106, 31.5680330476454 ] } },
{ "type": "Feature", "properties": { "内容": "ライフデザイン【居宅介護支援】鹿児島県鹿児島市天保山町２１番１号4階", "url": "https://www.kaigokensaku.mhlw.go.jp/46/index.php?action_kouhyou_detail_004_kani=true&JigyosyoCd=4670114158-00&ServiceCd=430&Type=search", "url2": "https://lifedesign-kg.jp" }, "geometry": { "type": "Point", "coordinates": [ 130.5617993, 31.5741979 ] } },
{ "type": "Feature", "properties": { "内容": "居宅介護支援事業所　おじゃったもんせ【居宅介護支援】鹿児島市小川町11番8メゾン・ド・ボヌール　1階", "url": "https://www.kaigokensaku.mhlw.go.jp/46/index.php?action_kouhyou_detail_004_kani=true&JigyosyoCd=4670107418-00&ServiceCd=430&Type=search", "url2": "http://ojyattamonse.jp/" }, "geometry": { "type": "Point", "coordinates": [ 130.561451400000038, 31.6000421 ] } },
{ "type": "Feature", "properties": { "内容": "指定居宅介護支援事業所　トータルサポート慈遊館【居宅介護支援】鹿児島市下福元町3703番地", "url": "https://www.kaigokensaku.mhlw.go.jp/46/index.php?action_kouhyou_detail_004_kani=true&JigyosyoCd=4670109166-00&ServiceCd=430&Type=search", "url2": "www.jiyu-kan.com/sun-court" }, "geometry": { "type": "Point", "coordinates": [ 130.496896869667012, 31.5107998232189 ] } },
{ "type": "Feature", "properties": { "内容": "居宅介護支援事業所　おとなりさん【居宅介護支援】鹿児島県鹿児島市下伊敷二丁目1番3号", "url": "https://www.kaigokensaku.mhlw.go.jp/46/index.php?action_kouhyou_detail_004_kani=true&JigyosyoCd=4670110057-00&ServiceCd=430&Type=search", "url2": "http://ishiki-hp.or.jp/otonarisan.php" }, "geometry": { "type": "Point", "coordinates": [ 130.538427439111672, 31.613429335418587 ] } },
{ "type": "Feature", "properties": { "内容": "ケアプラン相談センター　優【居宅介護支援】鹿児島県鹿児島市紫原3丁目31番10号れいめい壱番館・紫原　2F", "url": "https://www.kaigokensaku.mhlw.go.jp/46/index.php?action_kouhyou_detail_004_kani=true&JigyosyoCd=4670110669-00&ServiceCd=430&Type=search", "url2": "soudancenteryuu@gmail.com" }, "geometry": { "type": "Point", "coordinates": [ 130.536813100000018, 31.5519747 ] } },
{ "type": "Feature", "properties": { "内容": "サポートプランむれがおか【居宅介護支援】鹿児島県鹿児島市牟礼岡1丁目21-5", "url": "https://www.kaigokensaku.mhlw.go.jp/46/index.php?action_kouhyou_detail_004_kani=true&JigyosyoCd=4670108242-00&ServiceCd=430&Type=search", "url2": "http://muregaoka.co.jp/" }, "geometry": { "type": "Point", "coordinates": [ 130.584721374799301, 31.674264372864471 ] } },
{ "type": "Feature", "properties": { "内容": "ナカノ居宅介護支援事業所【居宅介護支援】鹿児島市伊敷３丁目１４番８号", "url": "https://www.kaigokensaku.mhlw.go.jp/46/index.php?action_kouhyou_detail_004_kani=true&JigyosyoCd=4670109695-00&ServiceCd=430&Type=search", "url2": "http://nakanozaitaku.jp/index.html" }, "geometry": { "type": "Point", "coordinates": [ 130.529897229103426, 31.623676719223891 ] } },
{ "type": "Feature", "properties": { "内容": "居宅介護支援事業所　パールランド【居宅介護支援】鹿児島市犬迫町２２５３番地", "url": "https://www.kaigokensaku.mhlw.go.jp/46/index.php?action_kouhyou_detail_004_kani=true&JigyosyoCd=4610120851-00&ServiceCd=430&Type=search", "url2": "http://www.pearlland.or.jp" }, "geometry": { "type": "Point", "coordinates": [ 130.504393899999968, 31.6232032 ] } },
{ "type": "Feature", "properties": { "内容": "居宅介護支援事業所　にこにこ【居宅介護支援】鹿児島市平之町１－２７西田橋小田原病院", "url": "https://www.kaigokensaku.mhlw.go.jp/46/index.php?action_kouhyou_detail_004_kani=true&JigyosyoCd=4670101411-00&ServiceCd=430&Type=search", "url2": "https://shouaikai.com/nikoniko/" }, "geometry": { "type": "Point", "coordinates": [ 130.545830177909835, 31.589065504454457 ] } },
{ "type": "Feature", "properties": { "内容": "ケアプランナー匠【居宅介護支援】鹿児島市吉野町3073番地12コアモール102", "url": "https://www.kaigokensaku.mhlw.go.jp/46/index.php?action_kouhyou_detail_004_kani=true&JigyosyoCd=4670106295-00&ServiceCd=430&Type=search", "url2": null }, "geometry": { "type": "Point", "coordinates": [ 130.571229499999959, 31.6448045 ] } },
{ "type": "Feature", "properties": { "内容": "ケアセンターかんまち【居宅介護支援】鹿児島市　大竜町　７－３", "url": "https://www.kaigokensaku.mhlw.go.jp/46/index.php?action_kouhyou_detail_004_kani=true&JigyosyoCd=4670100330-00&ServiceCd=430&Type=search", "url2": "http://www.meikikai.com" }, "geometry": { "type": "Point", "coordinates": [ 130.561265100000014, 31.604961 ] } },
{ "type": "Feature", "properties": { "内容": "ケアプランセンターさくらホス【居宅介護支援】鴨池新町14番2号七福神ビル1F", "url": "https://www.kaigokensaku.mhlw.go.jp/46/index.php?action_kouhyou_detail_004_kani=true&JigyosyoCd=4670113663-00&ServiceCd=430&Type=search", "url2": "careplancenter@sakurahos.co.jp" }, "geometry": { "type": "Point", "coordinates": [ 130.558710499999989, 31.555841800000024 ] } },
{ "type": "Feature", "properties": { "内容": "ケアセンターよしの【居宅介護支援】鹿児島市吉野二丁目17-15", "url": "https://www.kaigokensaku.mhlw.go.jp/46/index.php?action_kouhyou_detail_004_kani=true&JigyosyoCd=4670100348-00&ServiceCd=430&Type=search", "url2": "http://www.meikikai.com/" }, "geometry": { "type": "Point", "coordinates": [ 130.567440300000044, 31.6559618 ] } },
{ "type": "Feature", "properties": { "内容": "介護プランセンター☆まえむ【居宅介護支援】鹿児島市吉野町8740-2", "url": "https://www.kaigokensaku.mhlw.go.jp/46/index.php?action_kouhyou_detail_004_kani=true&JigyosyoCd=4670104779-00&ServiceCd=430&Type=search", "url2": "https://maemugp.wixsite.com/maemu" }, "geometry": { "type": "Point", "coordinates": [ 130.577366036779608, 31.630757875208356 ] } },
{ "type": "Feature", "properties": { "内容": "やさしい手宇宿居宅介護支援事業所【居宅介護支援】鹿児島県鹿児島市宇宿3丁目1-1カワイビル2階", "url": "https://www.kaigokensaku.mhlw.go.jp/46/index.php?action_kouhyou_detail_004_kani=true&JigyosyoCd=4670112350-00&ServiceCd=430&Type=search", "url2": "https://search.yasashiite.com/detail/kyotakukaigo_usuki/" }, "geometry": { "type": "Point", "coordinates": [ 130.537291200000055, 31.544781 ] } },
{ "type": "Feature", "properties": { "内容": "いきいきケアプランサービス【居宅介護支援】鹿児島県鹿児島市光山2丁目1－61", "url": "https://www.kaigokensaku.mhlw.go.jp/46/index.php?action_kouhyou_detail_004_kani=true&JigyosyoCd=4670113556-00&ServiceCd=430&Type=search", "url2": null }, "geometry": { "type": "Point", "coordinates": [ 130.506023699999986, 31.4925241 ] } },
{ "type": "Feature", "properties": { "内容": "居宅介護支援事業所さかのうえ【居宅介護支援】鹿児島県鹿児島市坂之上6-6-1101", "url": "https://www.kaigokensaku.mhlw.go.jp/46/index.php?action_kouhyou_detail_004_kani=true&JigyosyoCd=4670114091-00&ServiceCd=430&Type=search", "url2": null }, "geometry": { "type": "Point", "coordinates": [ 130.5037676, 31.494245 ] } },
{ "type": "Feature", "properties": { "内容": "ケアプランセンターこころ【居宅介護支援】向陽2丁目21番22号介護事業所こころ", "url": "https://www.kaigokensaku.mhlw.go.jp/46/index.php?action_kouhyou_detail_004_kani=true&JigyosyoCd=4670110495-00&ServiceCd=430&Type=search", "url2": null }, "geometry": { "type": "Point", "coordinates": [ 130.516795699999989, 31.5566032 ] } },
{ "type": "Feature", "properties": { "内容": "アルテンハイム鹿児島ケアマネジメントセンター【居宅介護支援】鹿児島県鹿児島市与次郎1丁目4-18アルテンハイム鹿児島", "url": "https://www.kaigokensaku.mhlw.go.jp/46/index.php?action_kouhyou_detail_004_kani=true&JigyosyoCd=4670112871-00&ServiceCd=430&Type=search", "url2": "http：//www.nonohanakai.or.jp" }, "geometry": { "type": "Point", "coordinates": [ 130.5597128, 31.5669395 ] } },
{ "type": "Feature", "properties": { "内容": "居宅介護支援事業所　心和～kokoa～　上荒田【居宅介護支援】鹿児島県鹿児島市上荒田町16-25入木マンション301号室", "url": "https://www.kaigokensaku.mhlw.go.jp/46/index.php?action_kouhyou_detail_004_kani=true&JigyosyoCd=4670113986-00&ServiceCd=430&Type=search", "url2": "https://kazusan1356.wixsite.com/rurikakesu" }, "geometry": { "type": "Point", "coordinates": [ 130.5456116, 31.5757601 ] } },
{ "type": "Feature", "properties": { "内容": "シルバーケア鹿児島【居宅介護支援】鹿児島市下荒田３丁目２７番６号", "url": "https://www.kaigokensaku.mhlw.go.jp/46/index.php?action_kouhyou_detail_004_kani=true&JigyosyoCd=4670100520-00&ServiceCd=430&Type=search", "url2": "http://www.minc.ne.jp/~keishinkai/" }, "geometry": { "type": "Point", "coordinates": [ 130.552589099999977, 31.5710037 ] } },
{ "type": "Feature", "properties": { "内容": "指定居宅介護支援センター草牟田出会い坂【居宅介護支援】鹿児島市草牟田2丁目19番21号1階", "url": "https://www.kaigokensaku.mhlw.go.jp/46/index.php?action_kouhyou_detail_004_kani=true&JigyosyoCd=4670101379-00&ServiceCd=430&Type=search", "url2": "http://www.koseikai-uemura.jp/care_at_home/" }, "geometry": { "type": "Point", "coordinates": [ 130.539202800000027, 31.6026023 ] } },
{ "type": "Feature", "properties": { "内容": "居宅介護支援事業所春うらら【居宅介護支援】真砂本町20－19", "url": "https://www.kaigokensaku.mhlw.go.jp/46/index.php?action_kouhyou_detail_004_kani=true&JigyosyoCd=4670109067-00&ServiceCd=430&Type=search", "url2": "http://haruurarak.wixsite.com" }, "geometry": { "type": "Point", "coordinates": [ 130.552130353303454, 31.556073960374963 ] } },
{ "type": "Feature", "properties": { "内容": "白石病院【居宅介護支援】鹿児島市薬師1丁目11-11", "url": "https://www.kaigokensaku.mhlw.go.jp/46/index.php?action_kouhyou_detail_004_kani=true&JigyosyoCd=4610113591-00&ServiceCd=430&Type=search", "url2": "http://byakkokai.jp/" }, "geometry": { "type": "Point", "coordinates": [ 130.541478812966915, 31.590714245690588 ] } },
{ "type": "Feature", "properties": { "内容": "春来ケアプランサービス【居宅介護支援】鹿児島県鹿児島市城山1丁目３番３号", "url": "https://www.kaigokensaku.mhlw.go.jp/46/index.php?action_kouhyou_detail_004_kani=true&JigyosyoCd=4670113523-00&ServiceCd=430&Type=search", "url2": "http://.kaipoke.biz/7ck/" }, "geometry": { "type": "Point", "coordinates": [ 130.5427362, 31.6025617 ] } },
{ "type": "Feature", "properties": { "内容": "医療法人まこと会　ケアプランセンターなかま【居宅介護支援】鹿児島市坂之上6丁目23番10号なかまセンター", "url": "https://www.kaigokensaku.mhlw.go.jp/46/index.php?action_kouhyou_detail_004_kani=true&JigyosyoCd=4670106006-00&ServiceCd=430&Type=search", "url2": "makotokai-happy.com" }, "geometry": { "type": "Point", "coordinates": [ 130.502364673788378, 31.496817170655088 ] } },
{ "type": "Feature", "properties": { "内容": "居宅介護支援事業所さかもと園【居宅介護支援】鹿児島県鹿児島市坂元町502番地", "url": "https://www.kaigokensaku.mhlw.go.jp/46/index.php?action_kouhyou_detail_004_kani=true&JigyosyoCd=4670102377-00&ServiceCd=430&Type=search", "url2": "www.sakamotoen.jp" }, "geometry": { "type": "Point", "coordinates": [ 130.55696857272028, 31.61817170500797 ] } },
{ "type": "Feature", "properties": { "内容": "居宅介護支援センター三船園【居宅介護支援】鹿児島市吉野町10005番地4", "url": "https://www.kaigokensaku.mhlw.go.jp/46/index.php?action_kouhyou_detail_004_kani=true&JigyosyoCd=4670101627-00&ServiceCd=430&Type=search", "url2": "http://mifuneen.net/" }, "geometry": { "type": "Point", "coordinates": [ 130.601184338623028, 31.633319119745707 ] } },
{ "type": "Feature", "properties": { "内容": "城山苑指定居宅介護支援事業所【居宅介護支援】鹿児島市長田町32番1号", "url": "https://www.kaigokensaku.mhlw.go.jp/46/index.php?action_kouhyou_detail_004_kani=true&JigyosyoCd=4670100512-00&ServiceCd=430&Type=search", "url2": "http://www.shiroyamakai.com/" }, "geometry": { "type": "Point", "coordinates": [ 130.549090088360543, 31.601587912521246 ] } },
{ "type": "Feature", "properties": { "内容": "グリーンケアプランステーション【居宅介護支援】鹿児島県鹿児島市鴨池1丁目8番21号", "url": "https://www.kaigokensaku.mhlw.go.jp/46/index.php?action_kouhyou_detail_004_kani=true&JigyosyoCd=4670114257-00&ServiceCd=430&Type=search", "url2": "https://www.mimosa-1112.com" }, "geometry": { "type": "Point", "coordinates": [ 130.549679700000013, 31.5678425 ] } },
{ "type": "Feature", "properties": { "内容": "介護相談センターたにやま【居宅介護支援】東谷山2丁目1番10号", "url": "https://www.kaigokensaku.mhlw.go.jp/46/index.php?action_kouhyou_detail_004_kani=true&JigyosyoCd=4670114356-00&ServiceCd=430&Type=search", "url2": "https://kyokuseikai.com/" }, "geometry": { "type": "Point", "coordinates": [ 130.5259783, 31.532436 ] } },
{ "type": "Feature", "properties": { "内容": "居宅介護支援事業所　和【居宅介護支援】南郡元町2－2折田ビル102", "url": "https://www.kaigokensaku.mhlw.go.jp/46/index.php?action_kouhyou_detail_004_kani=true&JigyosyoCd=4670114430-00&ServiceCd=430&Type=search", "url2": "https://korimoto-homecare.clinic/nagomi/" }, "geometry": { "type": "Point", "coordinates": [ 130.546286900000013, 31.5591077 ] } },
{ "type": "Feature", "properties": { "内容": "居宅介護支援事業所美都【居宅介護支援】天保山町11番8号6F", "url": "https://www.kaigokensaku.mhlw.go.jp/46/index.php?action_kouhyou_detail_004_kani=true&JigyosyoCd=4670105891-00&ServiceCd=430&Type=search", "url2": null }, "geometry": { "type": "Point", "coordinates": [ 130.561408381753637, 31.572097469769041 ] } },
{ "type": "Feature", "properties": { "内容": "ニチイケアセンター南鹿児島【居宅介護支援】鹿児島県鹿児島市宇宿5-21-17", "url": "https://www.kaigokensaku.mhlw.go.jp/46/index.php?action_kouhyou_detail_004_kani=true&JigyosyoCd=4670106220-00&ServiceCd=430&Type=search", "url2": "ｈｔｔｐ//www.nichiigakkann.co.jp" }, "geometry": { "type": "Point", "coordinates": [ 130.531769299999951, 31.547616800000014 ] } },
{ "type": "Feature", "properties": { "内容": "介護相談センター北ふ頭三愛【居宅介護支援】鹿児島県鹿児島市小川町18番11号", "url": "https://www.kaigokensaku.mhlw.go.jp/46/index.php?action_kouhyou_detail_004_kani=true&JigyosyoCd=4670109976-00&ServiceCd=430&Type=search", "url2": "https://www.sanaikai.or.jp/homecare/" }, "geometry": { "type": "Point", "coordinates": [ 130.560751500000038, 31.5982367 ] } },
{ "type": "Feature", "properties": { "内容": "在宅ケア相談センターさんあい【居宅介護支援】鹿児島県鹿児島市郡元三丁目5番17号在宅医療・介護支援センター三愛", "url": "https://www.kaigokensaku.mhlw.go.jp/46/index.php?action_kouhyou_detail_004_kani=true&JigyosyoCd=4670100140-00&ServiceCd=430&Type=search", "url2": "https://www.sanaikai.or.jp/homecare/" }, "geometry": { "type": "Point", "coordinates": [ 130.548592325656159, 31.560478600014445 ] } },
{ "type": "Feature", "properties": { "内容": "合同会社ソーシャルワークスCC　ケアプランセンター坂之上中央【居宅介護支援】鹿児島県鹿児島市坂之上四丁目１８番２９号坂之上中央ビル201号", "url": "https://www.kaigokensaku.mhlw.go.jp/46/index.php?action_kouhyou_detail_004_kani=true&JigyosyoCd=4670114372-00&ServiceCd=430&Type=search", "url2": null }, "geometry": { "type": "Point", "coordinates": [ 130.5041655, 31.4979954 ] } },
{ "type": "Feature", "properties": { "内容": "居宅介護支援事業所　うえの【居宅介護支援】上野町5201-1", "url": "https://www.kaigokensaku.mhlw.go.jp/46/index.php?action_kouhyou_detail_004_kani=true&JigyosyoCd=4670302225-00&ServiceCd=430&Type=search", "url2": null }, "geometry": { "type": "Point", "coordinates": [ 130.811092856192971, 31.384926836314374 ] } },
{ "type": "Feature", "properties": { "内容": "医療法人徳洲会大隅鹿屋ケアプランセンター【居宅介護支援】鹿児島県鹿屋市新川町6081番地1", "url": "https://www.kaigokensaku.mhlw.go.jp/46/index.php?action_kouhyou_detail_004_kani=true&JigyosyoCd=4670302589-00&ServiceCd=430&Type=search", "url2": null }, "geometry": { "type": "Point", "coordinates": [ 130.860961800000041, 31.3763932 ] } },
{ "type": "Feature", "properties": { "内容": "とくだ居宅介護支援事業所【居宅介護支援】鹿児島県鹿屋市上谷町11214番地9", "url": "https://www.kaigokensaku.mhlw.go.jp/46/index.php?action_kouhyou_detail_004_kani=true&JigyosyoCd=4670300062-00&ServiceCd=430&Type=search", "url2": null }, "geometry": { "type": "Point", "coordinates": [ 130.845594460057782, 31.395767033493971 ] } },
{ "type": "Feature", "properties": { "内容": "福祉総合相談支援センター　あい【居宅介護支援】鹿児島県鹿屋市海道町729番地6福祉総合相談支援センターあい及び本部の事務所", "url": "https://www.kaigokensaku.mhlw.go.jp/46/index.php?action_kouhyou_detail_004_kani=true&JigyosyoCd=4670302415-00&ServiceCd=430&Type=search", "url2": "http://www.aikohkai.com/publics/index/26/" }, "geometry": { "type": "Point", "coordinates": [ 130.7862179, 31.3988402 ] } },
{ "type": "Feature", "properties": { "内容": "指定居宅介護支援事業所悠々【居宅介護支援】鹿屋市大浦町１４０２８番６", "url": "https://www.kaigokensaku.mhlw.go.jp/46/index.php?action_kouhyou_detail_004_kani=true&JigyosyoCd=4670300591-00&ServiceCd=430&Type=search", "url2": "http://www.fk-yuyu.net" }, "geometry": { "type": "Point", "coordinates": [ 130.8427828, 31.4039701 ] } },
{ "type": "Feature", "properties": { "内容": "居宅介護支援事業所　朋愛園【居宅介護支援】寿2丁目2番1号", "url": "https://www.kaigokensaku.mhlw.go.jp/46/index.php?action_kouhyou_detail_004_kani=true&JigyosyoCd=4670300047-00&ServiceCd=430&Type=search", "url2": "http://houaien.jp/" }, "geometry": { "type": "Point", "coordinates": [ 130.860179300000027, 31.3870722 ] } },
{ "type": "Feature", "properties": { "内容": "慈恵園指定居宅介護支援事業所【居宅介護支援】鹿児島県鹿屋市大姶良町226番地", "url": "https://www.kaigokensaku.mhlw.go.jp/46/index.php?action_kouhyou_detail_004_kani=true&JigyosyoCd=4670300088-00&ServiceCd=430&Type=search", "url2": "http://zikeien.org" }, "geometry": { "type": "Point", "coordinates": [ 130.83373, 31.332548900000013 ] } },
{ "type": "Feature", "properties": { "内容": "介護保険相談センターかのや【居宅介護支援】鹿児島県鹿屋市下祓川町１、８００", "url": "https://www.kaigokensaku.mhlw.go.jp/46/index.php?action_kouhyou_detail_004_kani=true&JigyosyoCd=4670301193-00&ServiceCd=430&Type=search", "url2": "www.kanoya-choujuen.jp" }, "geometry": { "type": "Point", "coordinates": [ 130.859306699999934, 31.4048289 ] } },
{ "type": "Feature", "properties": { "内容": "指定居宅介護支援事業所　鹿屋長寿園【居宅介護支援】鹿屋市新川町5385番地1", "url": "https://www.kaigokensaku.mhlw.go.jp/46/index.php?action_kouhyou_detail_004_kani=true&JigyosyoCd=4670301136-00&ServiceCd=430&Type=search", "url2": "www.kanoya-choujuen.jp/" }, "geometry": { "type": "Point", "coordinates": [ 130.867787586456643, 31.377893907884975 ] } },
{ "type": "Feature", "properties": { "内容": "居宅介護支援事業所ヴィラかのや【居宅介護支援】鹿屋市寿8丁目21番2号", "url": "https://www.kaigokensaku.mhlw.go.jp/46/index.php?action_kouhyou_detail_004_kani=true&JigyosyoCd=4670300039-00&ServiceCd=430&Type=search", "url2": "www.koshinkai.or.jp" }, "geometry": { "type": "Point", "coordinates": [ 130.880224698147543, 31.386392795553377 ] } },
{ "type": "Feature", "properties": { "内容": "居宅介護支援事業所　愛【居宅介護支援】鹿屋市下高隅町5039-31", "url": "https://www.kaigokensaku.mhlw.go.jp/46/index.php?action_kouhyou_detail_004_kani=true&JigyosyoCd=4670301656-00&ServiceCd=430&Type=search", "url2": null }, "geometry": { "type": "Point", "coordinates": [ 130.883316100180309, 31.442599694392666 ] } },
{ "type": "Feature", "properties": { "内容": "社会福祉法人　鹿屋市社会福祉協議会輝北居宅介護支援事業所【居宅介護支援】鹿児島県鹿屋市輝北町上百引2100番地1", "url": "https://www.kaigokensaku.mhlw.go.jp/46/index.php?action_kouhyou_detail_004_kani=true&JigyosyoCd=4670300997-00&ServiceCd=430&Type=search", "url2": null }, "geometry": { "type": "Point", "coordinates": [ 130.8769585, 31.5488124 ] } },
{ "type": "Feature", "properties": { "内容": "相談支援事業所　未里【居宅介護支援】西原２丁目３４番２１号", "url": "https://www.kaigokensaku.mhlw.go.jp/46/index.php?action_kouhyou_detail_004_kani=true&JigyosyoCd=4670302746-00&ServiceCd=430&Type=search", "url2": "www.village-misato.com" }, "geometry": { "type": "Point", "coordinates": [ 139.6762228, 35.6752196 ] } },
{ "type": "Feature", "properties": { "内容": "おぐら居宅介護支援事業所【居宅介護支援】鹿児島県鹿屋市笠之原町27番22号", "url": "https://www.kaigokensaku.mhlw.go.jp/46/index.php?action_kouhyou_detail_004_kani=true&JigyosyoCd=4670301094-00&ServiceCd=430&Type=search", "url2": "www.koshinkai.or.jp" }, "geometry": { "type": "Point", "coordinates": [ 130.881966299999931, 31.3867951 ] } },
{ "type": "Feature", "properties": { "内容": "医療法人徳洲会吾平ケアプランセンター【居宅介護支援】鹿児島県鹿屋市吾平町麓3322-1", "url": "https://www.kaigokensaku.mhlw.go.jp/46/index.php?action_kouhyou_detail_004_kani=true&JigyosyoCd=4670302571-00&ServiceCd=430&Type=search", "url2": null }, "geometry": { "type": "Point", "coordinates": [ 130.897168599999986, 31.3325677 ] } },
{ "type": "Feature", "properties": { "内容": "社会福祉法人以和貴会　以和貴苑指定居宅介護支援事業所【居宅介護支援】鹿児島県鹿屋市串良町下小原3103番地2", "url": "https://www.kaigokensaku.mhlw.go.jp/46/index.php?action_kouhyou_detail_004_kani=true&JigyosyoCd=4677100044-00&ServiceCd=430&Type=search", "url2": "http://iwakikai.org/" }, "geometry": { "type": "Point", "coordinates": [ 130.9319087, 31.3962484 ] } },
{ "type": "Feature", "properties": { "内容": "輝北在宅介護総合センター【居宅介護支援】輝北町市成2121番地3", "url": "https://www.kaigokensaku.mhlw.go.jp/46/index.php?action_kouhyou_detail_004_kani=true&JigyosyoCd=4676400056-00&ServiceCd=430&Type=search", "url2": "https://shuhokai.info/" }, "geometry": { "type": "Point", "coordinates": [ 130.861448191544724, 31.586179520869138 ] } },
{ "type": "Feature", "properties": { "内容": "居宅介護支援事業所　フローラ【居宅介護支援】鹿児島県鹿屋市本町3番3号", "url": "https://www.kaigokensaku.mhlw.go.jp/46/index.php?action_kouhyou_detail_004_kani=true&JigyosyoCd=4670301953-00&ServiceCd=430&Type=search", "url2": "http://flora-kanoya.com/" }, "geometry": { "type": "Point", "coordinates": [ 130.851543900000024, 31.3872108 ] } },
{ "type": "Feature", "properties": { "内容": "介護保険相談センター　ハーモニーガーデン【居宅介護支援】鹿児島県鹿屋市寿４丁目1番43号", "url": "https://www.kaigokensaku.mhlw.go.jp/46/index.php?action_kouhyou_detail_004_kani=true&JigyosyoCd=4670300112-00&ServiceCd=430&Type=search", "url2": "http://wakeikai-g.or.jp" }, "geometry": { "type": "Point", "coordinates": [ 130.873611399999959, 31.3890474 ] } },
{ "type": "Feature", "properties": { "内容": "ニチイケアセンター西大手町【居宅介護支援】鹿屋市西大手町8190番地1", "url": "https://www.kaigokensaku.mhlw.go.jp/46/index.php?action_kouhyou_detail_004_kani=true&JigyosyoCd=4670301532-00&ServiceCd=430&Type=search", "url2": "http://www.nichiigakkan.co.jp/" }, "geometry": { "type": "Point", "coordinates": [ 130.849236868406422, 31.389039172150905 ] } },
{ "type": "Feature", "properties": { "内容": "居宅介護支援事業所だんだん【居宅介護支援】鹿児島県鹿屋市新川町5453-1", "url": "https://www.kaigokensaku.mhlw.go.jp/46/index.php?action_kouhyou_detail_004_kani=true&JigyosyoCd=4670301730-00&ServiceCd=430&Type=search", "url2": "http://confiance-kaigo.com/wordpress" }, "geometry": { "type": "Point", "coordinates": [ 130.869976, 31.3755374 ] } },
{ "type": "Feature", "properties": { "内容": "陵幸園指定居宅介護支援事業所【居宅介護支援】鹿屋市吾平町麓3811番地2", "url": "https://www.kaigokensaku.mhlw.go.jp/46/index.php?action_kouhyou_detail_004_kani=true&JigyosyoCd=4677500011-00&ServiceCd=430&Type=search", "url2": "http://www.ryoukoukai.jp/" }, "geometry": { "type": "Point", "coordinates": [ 130.892677650262414, 31.321547551692166 ] } },
{ "type": "Feature", "properties": { "内容": "ケアマネジメントサービスビビッドライフ【居宅介護支援】鹿児島県鹿屋市笠之原町1-68-1ＣＲＥＡ笠之原505", "url": "https://www.kaigokensaku.mhlw.go.jp/46/index.php?action_kouhyou_detail_004_kani=true&JigyosyoCd=4670302423-00&ServiceCd=430&Type=search", "url2": "なし" }, "geometry": { "type": "Point", "coordinates": [ 130.881562265443108, 31.388591026120807 ] } },
{ "type": "Feature", "properties": { "内容": "居宅介護支援センター木楽【居宅介護支援】鹿屋市寿3丁目12-26住宅型有料老人ホーム木楽　内", "url": "https://www.kaigokensaku.mhlw.go.jp/46/index.php?action_kouhyou_detail_004_kani=true&JigyosyoCd=4670302076-00&ServiceCd=430&Type=search", "url2": null }, "geometry": { "type": "Point", "coordinates": [ 130.872253283061525, 31.387688183409608 ] } },
{ "type": "Feature", "properties": { "内容": "居宅介護支援事業所　いきいき館【居宅介護支援】鹿児島県鹿屋市笠之原町3569-番地1", "url": "https://www.kaigokensaku.mhlw.go.jp/46/index.php?action_kouhyou_detail_004_kani=true&JigyosyoCd=4670301870-00&ServiceCd=430&Type=search", "url2": null }, "geometry": { "type": "Point", "coordinates": [ 130.877541400000041, 31.3966163 ] } },
{ "type": "Feature", "properties": { "内容": "居宅介護支援事業所メディカルウイル【居宅介護支援】上谷町11200番地3", "url": "https://www.kaigokensaku.mhlw.go.jp/46/index.php?action_kouhyou_detail_004_kani=true&JigyosyoCd=4670301821-00&ServiceCd=430&Type=search", "url2": "http://medicalwill.info/" }, "geometry": { "type": "Point", "coordinates": [ 130.845396944088748, 31.396982526765917 ] } },
{ "type": "Feature", "properties": { "内容": "居宅介護支援事業所【居宅介護支援】鹿児島県鹿屋市花岡町３９７９番地１", "url": "https://www.kaigokensaku.mhlw.go.jp/46/index.php?action_kouhyou_detail_004_kani=true&JigyosyoCd=4670300054-00&ServiceCd=430&Type=search", "url2": "http://hanaokanosato.jp/" }, "geometry": { "type": "Point", "coordinates": [ 130.781319830163483, 31.409323816527188 ] } },
{ "type": "Feature", "properties": { "内容": "居宅介護支援事業所太陽の家【居宅介護支援】鹿児島県鹿屋市今坂町12405-25", "url": "https://www.kaigokensaku.mhlw.go.jp/46/index.php?action_kouhyou_detail_004_kani=true&JigyosyoCd=4670302498-00&ServiceCd=430&Type=search", "url2": "https://www.keishingroup.jp/keishinkai" }, "geometry": { "type": "Point", "coordinates": [ 130.825640392678622, 31.382613283004822 ] } },
{ "type": "Feature", "properties": { "内容": "ケアプランセンターかけはし【居宅介護支援】鹿児島県鹿屋市白崎町4番1号イオンかのやショッピングセンター3階", "url": "https://www.kaigokensaku.mhlw.go.jp/46/index.php?action_kouhyou_detail_004_kani=true&JigyosyoCd=4670302761-00&ServiceCd=430&Type=search", "url2": "http://hanaokanosato.jp" }, "geometry": { "type": "Point", "coordinates": [ 130.8562119, 31.3786278 ] } },
{ "type": "Feature", "properties": { "内容": "ケアプランセンターひまわり【居宅介護支援】鹿児島県鹿屋市今坂町10117番地5", "url": "https://www.kaigokensaku.mhlw.go.jp/46/index.php?action_kouhyou_detail_004_kani=true&JigyosyoCd=4670302878-00&ServiceCd=430&Type=search", "url2": "https://trustcare-himawari.studio.site" }, "geometry": { "type": "Point", "coordinates": [ 130.824966100000012, 31.379913399999985 ] } },
{ "type": "Feature", "properties": { "内容": "居宅介護支援事業所　暖心【居宅介護支援】鹿児島県枕崎市大塚中町424", "url": "https://www.kaigokensaku.mhlw.go.jp/46/index.php?action_kouhyou_detail_004_kani=true&JigyosyoCd=4670400359-00&ServiceCd=430&Type=search", "url2": null }, "geometry": { "type": "Point", "coordinates": [ 130.2722661, 31.2730825 ] } },
{ "type": "Feature", "properties": { "内容": "エスポワール立神居宅介護支援事業所【居宅介護支援】鹿児島県枕崎市火之神町６３０番地", "url": "https://www.kaigokensaku.mhlw.go.jp/46/index.php?action_kouhyou_detail_004_kani=true&JigyosyoCd=4670400037-00&ServiceCd=430&Type=search", "url2": "https://espo.ko-seikai.jp/" }, "geometry": { "type": "Point", "coordinates": [ 130.276817899999969, 31.2542208 ] } },
{ "type": "Feature", "properties": { "内容": "サザン居宅介護支援事業所【居宅介護支援】枕崎市緑町220サザンリージョン病院", "url": "https://www.kaigokensaku.mhlw.go.jp/46/index.php?action_kouhyou_detail_004_kani=true&JigyosyoCd=4670400052-00&ServiceCd=430&Type=search", "url2": "htt://southernregion.jp/" }, "geometry": { "type": "Point", "coordinates": [ 130.293478160811361, 31.276639984704467 ] } },
{ "type": "Feature", "properties": { "内容": "南方園指定居宅介護支援事業所【居宅介護支援】枕崎市住吉町14番地サザン・ヒルズ", "url": "https://www.kaigokensaku.mhlw.go.jp/46/index.php?action_kouhyou_detail_004_kani=true&JigyosyoCd=4670400029-00&ServiceCd=430&Type=search", "url2": "http：//www２.synapse.ne.jp/nanpourn/" }, "geometry": { "type": "Point", "coordinates": [ 130.298279399999956, 31.2717087 ] } },
{ "type": "Feature", "properties": { "内容": "居宅介護支援事業所　櫻【居宅介護支援】枕崎市若葉町　83番地シニアハウス櫻内", "url": "https://www.kaigokensaku.mhlw.go.jp/46/index.php?action_kouhyou_detail_004_kani=true&JigyosyoCd=4670400268-00&ServiceCd=430&Type=search", "url2": "Https://fumiwakai.com" }, "geometry": { "type": "Point", "coordinates": [ 130.302301100000051, 31.2767777 ] } },
{ "type": "Feature", "properties": { "内容": "居宅介護支援事業所KICプラン【居宅介護支援】鹿児島県阿久根市赤瀬川379番地1", "url": "https://www.kaigokensaku.mhlw.go.jp/46/index.php?action_kouhyou_detail_004_kani=true&JigyosyoCd=4670600016-00&ServiceCd=430&Type=search", "url2": null }, "geometry": { "type": "Point", "coordinates": [ 130.200619, 32.026575800000018 ] } },
{ "type": "Feature", "properties": { "内容": "阿久根市社会福祉協議会【居宅介護支援】阿久根市鶴見町167番地", "url": "https://www.kaigokensaku.mhlw.go.jp/46/index.php?action_kouhyou_detail_004_kani=true&JigyosyoCd=4670600024-00&ServiceCd=430&Type=search", "url2": "http://www.akuneshakyo.or.jp/" }, "geometry": { "type": "Point", "coordinates": [ 130.194923300000028, 32.0131364 ] } },
{ "type": "Feature", "properties": { "内容": "グリーンフォレストみかさ居宅介護支援事業所【居宅介護支援】阿久根市脇本字柞木迫6313番地1", "url": "https://www.kaigokensaku.mhlw.go.jp/46/index.php?action_kouhyou_detail_004_kani=true&JigyosyoCd=4650680020-00&ServiceCd=430&Type=search", "url2": null }, "geometry": { "type": "Point", "coordinates": [ 130.177752100000021, 32.0901826 ] } },
{ "type": "Feature", "properties": { "内容": "北国医院居宅介護支援事業所【居宅介護支援】鹿児島県阿久根市本町183-2", "url": "https://www.kaigokensaku.mhlw.go.jp/46/index.php?action_kouhyou_detail_004_kani=true&JigyosyoCd=4610610588-00&ServiceCd=430&Type=search", "url2": null }, "geometry": { "type": "Point", "coordinates": [ 130.194331899388288, 32.019174673125882 ] } },
{ "type": "Feature", "properties": { "内容": "在宅介護支援センター野田の郷【居宅介護支援】野田町下名４，９７５番地２", "url": "https://www.kaigokensaku.mhlw.go.jp/46/index.php?action_kouhyou_detail_004_kani=true&JigyosyoCd=4674700010-00&ServiceCd=430&Type=search", "url2": "https://nodanosato.jp/" }, "geometry": { "type": "Point", "coordinates": [ 130.259416423881476, 32.062647824632514 ] } },
{ "type": "Feature", "properties": { "内容": "介護サポートたみたん【居宅介護支援】上鯖渕2221番地2", "url": "https://www.kaigokensaku.mhlw.go.jp/46/index.php?action_kouhyou_detail_004_kani=true&JigyosyoCd=4670800848-00&ServiceCd=430&Type=search", "url2": "tamitan@ace.ocn.ne.jp" }, "geometry": { "type": "Point", "coordinates": [ 130.3686103, 32.0770513 ] } },
{ "type": "Feature", "properties": { "内容": "コミュ二ティケアいずみ【居宅介護支援】上鯖渕1008番地27", "url": "https://www.kaigokensaku.mhlw.go.jp/46/index.php?action_kouhyou_detail_004_kani=true&JigyosyoCd=4670800715-00&ServiceCd=430&Type=search", "url2": "http://hp.kaipoke.biz/nyd" }, "geometry": { "type": "Point", "coordinates": [ 130.36368, 32.0852476 ] } },
{ "type": "Feature", "properties": { "内容": "高尾野介護相談センターげんき【居宅介護支援】鹿児島県出水市高尾野町下水流2247-7", "url": "https://www.kaigokensaku.mhlw.go.jp/46/index.php?action_kouhyou_detail_004_kani=true&JigyosyoCd=4670800988-00&ServiceCd=430&Type=search", "url2": "https://www.facebook.com/takaonokaigo" }, "geometry": { "type": "Point", "coordinates": [ 130.299096525777571, 32.0929186634879 ] } },
{ "type": "Feature", "properties": { "内容": "居宅介護支援　はる風【居宅介護支援】鹿児島県出水市大野原町742番地", "url": "https://www.kaigokensaku.mhlw.go.jp/46/index.php?action_kouhyou_detail_004_kani=true&JigyosyoCd=4670800665-00&ServiceCd=430&Type=search", "url2": null }, "geometry": { "type": "Point", "coordinates": [ 130.32977690000007, 32.0764537 ] } },
{ "type": "Feature", "properties": { "内容": "鶴寿会居宅介護支援事業所【居宅介護支援】汐見町94番地", "url": "https://www.kaigokensaku.mhlw.go.jp/46/index.php?action_kouhyou_detail_004_kani=true&JigyosyoCd=4670800756-00&ServiceCd=430&Type=search", "url2": null }, "geometry": { "type": "Point", "coordinates": [ 130.31424764166411, 32.114868979352025 ] } },
{ "type": "Feature", "properties": { "内容": "有限会社さくらケアサービス【居宅介護支援】鹿児島県出水市福ノ江町758番地", "url": "https://www.kaigokensaku.mhlw.go.jp/46/index.php?action_kouhyou_detail_004_kani=true&JigyosyoCd=4670800301-00&ServiceCd=430&Type=search", "url2": "http://sakura-izumi.com" }, "geometry": { "type": "Point", "coordinates": [ 130.315968800000064, 32.1029088 ] } },
{ "type": "Feature", "properties": { "内容": "ニューライフいずみ居宅介護支援事業所【居宅介護支援】出水市平和町336-1", "url": "https://www.kaigokensaku.mhlw.go.jp/46/index.php?action_kouhyou_detail_004_kani=true&JigyosyoCd=4670800020-00&ServiceCd=430&Type=search", "url2": "http://kisshokai.com/" }, "geometry": { "type": "Point", "coordinates": [ 130.323682700000063, 32.0823558 ] } },
{ "type": "Feature", "properties": { "内容": "社会福祉法人出水市社会福祉協議会居宅介護支援事業所【居宅介護支援】鹿児島県出水市平和町97番地出水市社会福祉会館", "url": "https://www.kaigokensaku.mhlw.go.jp/46/index.php?action_kouhyou_detail_004_kani=true&JigyosyoCd=4670800467-00&ServiceCd=430&Type=search", "url2": "http://www.shakyo.or.jp/hp/1735/" }, "geometry": { "type": "Point", "coordinates": [ 130.329679400000032, 32.0867248 ] } },
{ "type": "Feature", "properties": { "内容": "社会福祉法人出水市社会福祉協議会米ノ津居宅介護支援事業所【居宅介護支援】鹿児島県出水市明神町520番地", "url": "https://www.kaigokensaku.mhlw.go.jp/46/index.php?action_kouhyou_detail_004_kani=true&JigyosyoCd=4670800624-00&ServiceCd=430&Type=search", "url2": "http://www.shakyo.or.jp/hp/1735" }, "geometry": { "type": "Point", "coordinates": [ 130.3361089, 32.116188700000016 ] } },
{ "type": "Feature", "properties": { "内容": "社会福祉法人出水市社会福祉協議会東出水居宅介護支援事業所【居宅介護支援】鹿児島県出水市上鯖渕1368番地", "url": "https://www.kaigokensaku.mhlw.go.jp/46/index.php?action_kouhyou_detail_004_kani=true&JigyosyoCd=4670800632-00&ServiceCd=430&Type=search", "url2": "http://www.shakyo.or.jp/hp/1735" }, "geometry": { "type": "Point", "coordinates": [ 130.3661631, 32.0848477 ] } },
{ "type": "Feature", "properties": { "内容": "ＪＡ鹿児島いずみ居宅介護支援事業所【居宅介護支援】出水市高尾野町下水流890番地ＪＡ鹿児島いずみ介護福祉センター", "url": "https://www.kaigokensaku.mhlw.go.jp/46/index.php?action_kouhyou_detail_004_kani=true&JigyosyoCd=4674800109-00&ServiceCd=430&Type=search", "url2": "https://ja-izumi.or.jp/care/" }, "geometry": { "type": "Point", "coordinates": [ 130.286216026466491, 32.086309977796752 ] } },
{ "type": "Feature", "properties": { "内容": "社会福祉法人出水市社会福祉協議会高尾野支所居宅介護支援事業所【居宅介護支援】出水市高尾野町大久保600-2", "url": "https://www.kaigokensaku.mhlw.go.jp/46/index.php?action_kouhyou_detail_004_kani=true&JigyosyoCd=4670800475-00&ServiceCd=430&Type=search", "url2": "https://izumi-shakyo.jp/" }, "geometry": { "type": "Point", "coordinates": [ 130.303337300000067, 32.0616135 ] } },
{ "type": "Feature", "properties": { "内容": "ラ・フォンテ指定居宅介護支援事業所【居宅介護支援】出水市五万石町８０２番地", "url": "https://www.kaigokensaku.mhlw.go.jp/46/index.php?action_kouhyou_detail_004_kani=true&JigyosyoCd=4670800061-00&ServiceCd=430&Type=search", "url2": null }, "geometry": { "type": "Point", "coordinates": [ 130.345131700000024, 32.0729764 ] } },
{ "type": "Feature", "properties": { "内容": "ケアプランセンター　リハシップあい出水【居宅介護支援】鹿児島県出水市大野原町1078−２", "url": "https://www.kaigokensaku.mhlw.go.jp/46/index.php?action_kouhyou_detail_004_kani=true&JigyosyoCd=4670801127-00&ServiceCd=430&Type=search", "url2": "http://rehaship-ai.com/" }, "geometry": { "type": "Point", "coordinates": [ 130.3328996, 32.0764972 ] } },
{ "type": "Feature", "properties": { "内容": "レストケア出水在宅医療センター（レストケア出水ケアプランセンター）【居宅介護支援】鹿児島県出水市上知識町806番地", "url": "https://www.kaigokensaku.mhlw.go.jp/46/index.php?action_kouhyou_detail_004_kani=true&JigyosyoCd=4670800905-00&ServiceCd=430&Type=search", "url2": "restcare.co.jp" }, "geometry": { "type": "Point", "coordinates": [ 130.341017800000031, 32.0816032 ] } },
{ "type": "Feature", "properties": { "内容": "医療法人徳洲会　開聞ケアプランセンター【居宅介護支援】鹿児島県指宿市開聞十町1294-2", "url": "https://www.kaigokensaku.mhlw.go.jp/46/index.php?action_kouhyou_detail_004_kani=true&JigyosyoCd=4671000778-00&ServiceCd=430&Type=search", "url2": null }, "geometry": { "type": "Point", "coordinates": [ 130.539200299999948, 31.205859 ] } },
{ "type": "Feature", "properties": { "内容": "居宅介護支援事業所　かえでの葉【居宅介護支援】鹿児島県県指宿市開聞十町4842-1", "url": "https://www.kaigokensaku.mhlw.go.jp/46/index.php?action_kouhyou_detail_004_kani=true&JigyosyoCd=4671000828-00&ServiceCd=430&Type=search", "url2": "https://yoshuku-kaedenoha.com" }, "geometry": { "type": "Point", "coordinates": [ 130.518825, 31.2021691 ] } },
{ "type": "Feature", "properties": { "内容": "居宅介護支援事業所　優【居宅介護支援】大牟礼一丁目３２番２４号", "url": "https://www.kaigokensaku.mhlw.go.jp/46/index.php?action_kouhyou_detail_004_kani=true&JigyosyoCd=4671000059-00&ServiceCd=430&Type=search", "url2": null }, "geometry": { "type": "Point", "coordinates": [ 130.643191900000033, 31.2429547 ] } },
{ "type": "Feature", "properties": { "内容": "介護老人保健施設ヴァンベールみどりの風居宅介護支援事業所【居宅介護支援】鹿児島県指宿市山川大山2056-4介護老人保健施設ヴァンベールみどりの風", "url": "https://www.kaigokensaku.mhlw.go.jp/46/index.php?action_kouhyou_detail_004_kani=true&JigyosyoCd=4652280027-00&ServiceCd=430&Type=search", "url2": null }, "geometry": { "type": "Point", "coordinates": [ 130.592099637434359, 31.201238789933143 ] } },
{ "type": "Feature", "properties": { "内容": "幸南クリニック居宅介護支援事業所【居宅介護支援】鹿児島県指宿市西方6733番地", "url": "https://www.kaigokensaku.mhlw.go.jp/46/index.php?action_kouhyou_detail_004_kani=true&JigyosyoCd=4671000901-00&ServiceCd=430&Type=search", "url2": null }, "geometry": { "type": "Point", "coordinates": [ 130.616497, 31.2788004 ] } },
{ "type": "Feature", "properties": { "内容": "医療法人　浩然会　指宿浩然会病院　居宅介護支援事業所【居宅介護支援】十町1130番地", "url": "https://www.kaigokensaku.mhlw.go.jp/46/index.php?action_kouhyou_detail_004_kani=true&JigyosyoCd=4611010259-00&ServiceCd=430&Type=search", "url2": "ｈｔｔｐ：//www＠kouzenkai-ｈｐ．ｏｒ．ｊｐ" }, "geometry": { "type": "Point", "coordinates": [ 130.639058699999964, 31.249248399999985 ] } },
{ "type": "Feature", "properties": { "内容": "指宿さがら病院【居宅介護支援】鹿児島県指宿市湯の浜1-11-26", "url": "https://www.kaigokensaku.mhlw.go.jp/46/index.php?action_kouhyou_detail_004_kani=true&JigyosyoCd=4671000620-00&ServiceCd=430&Type=search", "url2": "http://ibusuki-sagara.jp/" }, "geometry": { "type": "Point", "coordinates": [ 130.6440864, 31.2359222 ] } },
{ "type": "Feature", "properties": { "内容": "ケアプランたけのこ【居宅介護支援】指宿市東方7531番地", "url": "https://www.kaigokensaku.mhlw.go.jp/46/index.php?action_kouhyou_detail_004_kani=true&JigyosyoCd=4611010358-00&ServiceCd=430&Type=search", "url2": "http://www.ibutake.com/" }, "geometry": { "type": "Point", "coordinates": [ 130.621927442327888, 31.256593236327483 ] } },
{ "type": "Feature", "properties": { "内容": "明正会介護支援ネットワーク菜の花【居宅介護支援】鹿児島県指宿市十町418番地1", "url": "https://www.kaigokensaku.mhlw.go.jp/46/index.php?action_kouhyou_detail_004_kani=true&JigyosyoCd=4671000026-00&ServiceCd=430&Type=search", "url2": "http://www.meiseikai.or.jp" }, "geometry": { "type": "Point", "coordinates": [ 130.633622899999978, 31.253709 ] } },
{ "type": "Feature", "properties": { "内容": "いぶすきケアネット　ケアプランセンター【居宅介護支援】鹿児島県指宿市大牟礼四丁目4番8号", "url": "https://www.kaigokensaku.mhlw.go.jp/46/index.php?action_kouhyou_detail_004_kani=true&JigyosyoCd=4671000729-00&ServiceCd=430&Type=search", "url2": "https://ibusuki-carenet.or.jp" }, "geometry": { "type": "Point", "coordinates": [ 130.6456508, 31.244834 ] } },
{ "type": "Feature", "properties": { "内容": "千寿園居宅介護支援事業所【居宅介護支援】鹿児島県指宿市東方353メゾン・ド・さくら２階", "url": "https://www.kaigokensaku.mhlw.go.jp/46/index.php?action_kouhyou_detail_004_kani=true&JigyosyoCd=4671000893-00&ServiceCd=430&Type=search", "url2": "http://senjuen.net/service.html" }, "geometry": { "type": "Point", "coordinates": [ 130.625787893918982, 31.24513436235328 ] } },
{ "type": "Feature", "properties": { "内容": "居宅介護支援事業所　LaLaCats【居宅介護支援】鹿児島県西之表市西之表１４４１５番地２４", "url": "https://www.kaigokensaku.mhlw.go.jp/46/index.php?action_kouhyou_detail_004_kani=true&JigyosyoCd=4671300525-00&ServiceCd=430&Type=search", "url2": null }, "geometry": { "type": "Point", "coordinates": [ 130.9932723, 30.7232796 ] } },
{ "type": "Feature", "properties": { "内容": "わらび苑居宅介護支援事業所【居宅介護支援】西之表市西之表３０８７－２", "url": "https://www.kaigokensaku.mhlw.go.jp/46/index.php?action_kouhyou_detail_004_kani=true&JigyosyoCd=4671300111-00&ServiceCd=430&Type=search", "url2": "warabien-care.jp" }, "geometry": { "type": "Point", "coordinates": [ 131.026029125795077, 30.736977984771887 ] } },
{ "type": "Feature", "properties": { "内容": "平安閣介護支援センターつばさ【居宅介護支援】鹿児島県西之表市西之表14889番地5", "url": "https://www.kaigokensaku.mhlw.go.jp/46/index.php?action_kouhyou_detail_004_kani=true&JigyosyoCd=4671300319-00&ServiceCd=430&Type=search", "url2": "http://tane-heiankaku.com/index.html" }, "geometry": { "type": "Point", "coordinates": [ 130.994035304182518, 30.713581869780725 ] } },
{ "type": "Feature", "properties": { "内容": "居宅介護支援事業所　百合砂【居宅介護支援】鹿児島県西之表市鴨女町92番地1", "url": "https://www.kaigokensaku.mhlw.go.jp/46/index.php?action_kouhyou_detail_004_kani=true&JigyosyoCd=4671300194-00&ServiceCd=430&Type=search", "url2": null }, "geometry": { "type": "Point", "coordinates": [ 130.995232814619413, 30.724612673689712 ] } },
{ "type": "Feature", "properties": { "内容": "ありがとう【居宅介護支援】天神町3-12", "url": "https://www.kaigokensaku.mhlw.go.jp/46/index.php?action_kouhyou_detail_004_kani=true&JigyosyoCd=4671300459-00&ServiceCd=430&Type=search", "url2": "http://kaigo-arigato.com" }, "geometry": { "type": "Point", "coordinates": [ 130.996320544190411, 30.727028247415809 ] } },
{ "type": "Feature", "properties": { "内容": "垂水市社会福祉協議会指定居宅介護支援事業所【居宅介護支援】鹿児島県垂水市田神11番地1", "url": "https://www.kaigokensaku.mhlw.go.jp/46/index.php?action_kouhyou_detail_004_kani=true&JigyosyoCd=4671400010-00&ServiceCd=430&Type=search", "url2": "https://www.shakyo.or.jp/hp/about/index.php?s=1738" }, "geometry": { "type": "Point", "coordinates": [ 130.7018835, 31.4968366 ] } },
{ "type": "Feature", "properties": { "内容": "居宅介護支援事業所コスモス苑【居宅介護支援】鹿児島県垂水市錦江町１－１４０", "url": "https://www.kaigokensaku.mhlw.go.jp/46/index.php?action_kouhyou_detail_004_kani=true&JigyosyoCd=4671400051-00&ServiceCd=430&Type=search", "url2": "www.kyotaku.cosmos-en.jp" }, "geometry": { "type": "Point", "coordinates": [ 130.693106391926534, 31.49069997650804 ] } },
{ "type": "Feature", "properties": { "内容": "ほほえみ居宅介護支援事業所【居宅介護支援】鹿児島県垂水市海潟663番地3", "url": "https://www.kaigokensaku.mhlw.go.jp/46/index.php?action_kouhyou_detail_004_kani=true&JigyosyoCd=4671400226-00&ServiceCd=430&Type=search", "url2": "www.hohoemi.trmz.jp" }, "geometry": { "type": "Point", "coordinates": [ 130.7004918, 31.5275853 ] } },
{ "type": "Feature", "properties": { "内容": "池田温泉クリニック居宅介護支援事業所【居宅介護支援】垂水市田神3536番地1", "url": "https://www.kaigokensaku.mhlw.go.jp/46/index.php?action_kouhyou_detail_004_kani=true&JigyosyoCd=4671400168-00&ServiceCd=430&Type=search", "url2": "http://www.kouaikai.or.jp/" }, "geometry": { "type": "Point", "coordinates": [ 130.698536600000011, 31.4970003 ] } },
{ "type": "Feature", "properties": { "内容": "介護相談みらい【居宅介護支援】垂水市田神408番地1", "url": "https://www.kaigokensaku.mhlw.go.jp/46/index.php?action_kouhyou_detail_004_kani=true&JigyosyoCd=4671400283-00&ServiceCd=430&Type=search", "url2": "http://www.welfare-mirai.com" }, "geometry": { "type": "Point", "coordinates": [ 130.71484369999996, 31.4885718 ] } },
{ "type": "Feature", "properties": { "内容": "居宅介護支援事業所　美里園【居宅介護支援】宮里町３９７－１住宅型有料老人ホーム　美里園", "url": "https://www.kaigokensaku.mhlw.go.jp/46/index.php?action_kouhyou_detail_004_kani=true&JigyosyoCd=4671514018-00&ServiceCd=430&Type=search", "url2": "http://misatoen.jp/,　　miatoen@voice.ocn.ne.jp" }, "geometry": { "type": "Point", "coordinates": [ 130.2761107, 31.8192268 ] } },
{ "type": "Feature", "properties": { "内容": "薩摩川内市社会福祉協議会甑島居宅介護支援事業所【居宅介護支援】鹿児島県薩摩川内市鹿島町藺牟田1443番地1", "url": "https://www.kaigokensaku.mhlw.go.jp/46/index.php?action_kouhyou_detail_004_kani=true&JigyosyoCd=4670200809-00&ServiceCd=430&Type=search", "url2": null }, "geometry": { "type": "Point", "coordinates": [ 129.789260048308876, 31.777687342850658 ] } },
{ "type": "Feature", "properties": { "内容": "介護サービスセンター水引　居宅介護支援事業所てるてる【居宅介護支援】鹿児島県薩摩川内市網津町4915番地1", "url": "https://www.kaigokensaku.mhlw.go.jp/46/index.php?action_kouhyou_detail_004_kani=true&JigyosyoCd=4671500504-00&ServiceCd=430&Type=search", "url2": "https://shimonzu.jp/" }, "geometry": { "type": "Point", "coordinates": [ 130.224070982803369, 31.866696811772403 ] } },
{ "type": "Feature", "properties": { "内容": "居宅介護支援事業所ピア【居宅介護支援】永利町1036番地1", "url": "https://www.kaigokensaku.mhlw.go.jp/46/index.php?action_kouhyou_detail_004_kani=true&JigyosyoCd=4670200726-00&ServiceCd=430&Type=search", "url2": "https://www.of-fujita.jp/" }, "geometry": { "type": "Point", "coordinates": [ 130.335942199999977, 31.8057993 ] } },
{ "type": "Feature", "properties": { "内容": "在宅介護支援センターわかまつ園【居宅介護支援】鹿児島県薩摩川内市高江町1653-1", "url": "https://www.kaigokensaku.mhlw.go.jp/46/index.php?action_kouhyou_detail_004_kani=true&JigyosyoCd=4670200064-00&ServiceCd=430&Type=search", "url2": "http://wakamatu.jp" }, "geometry": { "type": "Point", "coordinates": [ 130.246516, 31.8271838 ] } },
{ "type": "Feature", "properties": { "内容": "卓翔会記念病院【居宅介護支援】薩摩川内市天辰町1512番地1", "url": "https://www.kaigokensaku.mhlw.go.jp/46/index.php?action_kouhyou_detail_004_kani=true&JigyosyoCd=4611510936-00&ServiceCd=430&Type=search", "url2": "http://www.takushokai.com" }, "geometry": { "type": "Point", "coordinates": [ 130.326708065808901, 31.822095078743001 ] } },
{ "type": "Feature", "properties": { "内容": "森園病院【居宅介護支援】薩摩川内市大小路町19-38居宅介護支援事業所", "url": "https://www.kaigokensaku.mhlw.go.jp/46/index.php?action_kouhyou_detail_004_kani=true&JigyosyoCd=4611510019-00&ServiceCd=430&Type=search", "url2": null }, "geometry": { "type": "Point", "coordinates": [ 130.303761676721251, 31.821650867557192 ] } },
{ "type": "Feature", "properties": { "内容": "のぞみ園在宅介護支援センター居宅介護支援事業所【居宅介護支援】薩摩川内市祁答院町藺牟田2153番地１", "url": "https://www.kaigokensaku.mhlw.go.jp/46/index.php?action_kouhyou_detail_004_kani=true&JigyosyoCd=4674200029-00&ServiceCd=430&Type=search", "url2": "nozomi-sc@po.minc.ne.jp" }, "geometry": { "type": "Point", "coordinates": [ 130.484694900000022, 31.8094071 ] } },
{ "type": "Feature", "properties": { "内容": "居宅介護支援事業所やしの実【居宅介護支援】鹿児島県薩摩川内市勝目町４１７４番１特別養護老人ホームやしの実別館", "url": "https://www.kaigokensaku.mhlw.go.jp/46/index.php?action_kouhyou_detail_004_kani=true&JigyosyoCd=4670201054-00&ServiceCd=430&Type=search", "url2": "https://yasinomi.jp/" }, "geometry": { "type": "Point", "coordinates": [ 130.315193336909488, 31.785924564414334 ] } },
{ "type": "Feature", "properties": { "内容": "在宅介護支援センターあじさい【居宅介護支援】薩摩川内市横馬場町８番１１号", "url": "https://www.kaigokensaku.mhlw.go.jp/46/index.php?action_kouhyou_detail_004_kani=true&JigyosyoCd=4670200049-00&ServiceCd=430&Type=search", "url2": "https://ajisaien-kagoshima.com" }, "geometry": { "type": "Point", "coordinates": [ 130.310141672352586, 31.817146050033021 ] } },
{ "type": "Feature", "properties": { "内容": "在宅介護支援センター白寿園【居宅介護支援】鹿児島県薩摩川内市中福良町字立石2827番地1", "url": "https://www.kaigokensaku.mhlw.go.jp/46/index.php?action_kouhyou_detail_004_kani=true&JigyosyoCd=4671500538-00&ServiceCd=430&Type=search", "url2": "http://hakujyuen.info" }, "geometry": { "type": "Point", "coordinates": [ 130.2953794, 31.7865915 ] } },
{ "type": "Feature", "properties": { "内容": "可愛会居宅介護支援事業所【居宅介護支援】鹿児島県薩摩川内市宮内町２６４１番地今村クリニック２階", "url": "https://www.kaigokensaku.mhlw.go.jp/46/index.php?action_kouhyou_detail_004_kani=true&JigyosyoCd=4670200114-00&ServiceCd=430&Type=search", "url2": "http：//enokai．jp" }, "geometry": { "type": "Point", "coordinates": [ 130.2920617, 31.8307318 ] } },
{ "type": "Feature", "properties": { "内容": "在宅介護支援センター福和園【居宅介護支援】鹿児島県薩摩川内市御陵下町２９番５０号", "url": "https://www.kaigokensaku.mhlw.go.jp/46/index.php?action_kouhyou_detail_004_kani=true&JigyosyoCd=4670200080-00&ServiceCd=430&Type=search", "url2": null }, "geometry": { "type": "Point", "coordinates": [ 130.291592636770588, 31.83546139293496 ] } },
{ "type": "Feature", "properties": { "内容": "とうごう苑在宅介護支援センター【居宅介護支援】鹿児島県薩摩川内市東郷町斧渕2501番地", "url": "https://www.kaigokensaku.mhlw.go.jp/46/index.php?action_kouhyou_detail_004_kani=true&JigyosyoCd=4673800027-00&ServiceCd=430&Type=search", "url2": "togo-en@violin.ocn.ne.jp" }, "geometry": { "type": "Point", "coordinates": [ 130.362974099999974, 31.857005 ] } },
{ "type": "Feature", "properties": { "内容": "居宅介護支援事業所おおむら園【居宅介護支援】薩摩川内市祁答院町上手500番地7", "url": "https://www.kaigokensaku.mhlw.go.jp/46/index.php?action_kouhyou_detail_004_kani=true&JigyosyoCd=4670201286-00&ServiceCd=430&Type=search", "url2": "http://ｗｗｗ.mikurakai.or.jp" }, "geometry": { "type": "Point", "coordinates": [ 130.513816484655706, 31.867212832847169 ] } },
{ "type": "Feature", "properties": { "内容": "グレースホーム居宅介護支援事業所【居宅介護支援】鹿児島県薩摩川内市東郷町斧渕8920", "url": "https://www.kaigokensaku.mhlw.go.jp/46/index.php?action_kouhyou_detail_004_kani=true&JigyosyoCd=4673800084-00&ServiceCd=430&Type=search", "url2": "http://www.kamimura-hp.com" }, "geometry": { "type": "Point", "coordinates": [ 130.3332031, 31.874797 ] } },
{ "type": "Feature", "properties": { "内容": "川内市医師会居宅介護支援事業所【居宅介護支援】鹿児島県薩摩川内市大小路町７０番26号", "url": "https://www.kaigokensaku.mhlw.go.jp/46/index.php?action_kouhyou_detail_004_kani=true&JigyosyoCd=4670200569-00&ServiceCd=430&Type=search", "url2": "http://www4.synapse.ne.jp/sendaiisikai/" }, "geometry": { "type": "Point", "coordinates": [ 130.307096699999988, 31.8221997 ] } },
{ "type": "Feature", "properties": { "内容": "松清園居宅介護支援事業所【居宅介護支援】鹿児島県薩摩川内市入来町浦之名７９０番地１", "url": "https://www.kaigokensaku.mhlw.go.jp/46/index.php?action_kouhyou_detail_004_kani=true&JigyosyoCd=4673700029-00&ServiceCd=430&Type=search", "url2": null }, "geometry": { "type": "Point", "coordinates": [ 130.432224171723561, 31.797901663206439 ] } },
{ "type": "Feature", "properties": { "内容": "済生会居宅介護支援事業所せんだい【居宅介護支援】鹿児島県薩摩川内市原田町2番46号", "url": "https://www.kaigokensaku.mhlw.go.jp/46/index.php?action_kouhyou_detail_004_kani=true&JigyosyoCd=4670200247-00&ServiceCd=430&Type=search", "url2": "http://www.saiseikai-sendai.jp/about/feature/visitingcare/" }, "geometry": { "type": "Point", "coordinates": [ 130.306274766795326, 31.827010685780092 ] } },
{ "type": "Feature", "properties": { "内容": "新門整形外科【居宅介護支援】中郷1丁目8番17号", "url": "https://www.kaigokensaku.mhlw.go.jp/46/index.php?action_kouhyou_detail_004_kani=true&JigyosyoCd=4611510605-00&ServiceCd=430&Type=search", "url2": "http：//kusunokikai.or.jp/" }, "geometry": { "type": "Point", "coordinates": [ 130.310298900000021, 31.8313434 ] } },
{ "type": "Feature", "properties": { "内容": "介護相談所とうみ【居宅介護支援】鹿児島県薩摩川内市五代町７１６５－２", "url": "https://www.kaigokensaku.mhlw.go.jp/46/index.php?action_kouhyou_detail_004_kani=true&JigyosyoCd=4671500850-00&ServiceCd=430&Type=search", "url2": "https://argoline.co.jp/" }, "geometry": { "type": "Point", "coordinates": [ 130.27567, 31.833116 ] } },
{ "type": "Feature", "properties": { "内容": "居宅介護支援事業所　薩摩川内【居宅介護支援】鹿児島県薩摩川内市田崎町630-3特別養護老人ホーム　仁合院", "url": "https://www.kaigokensaku.mhlw.go.jp/46/index.php?action_kouhyou_detail_004_kani=true&JigyosyoCd=4673600013-00&ServiceCd=430&Type=search", "url2": null }, "geometry": { "type": "Point", "coordinates": [ 130.329047700000046, 31.8193117 ] } },
{ "type": "Feature", "properties": { "内容": "在宅介護支援センターはまかぜ園【居宅介護支援】薩摩川内市西方町3111番地", "url": "https://www.kaigokensaku.mhlw.go.jp/46/index.php?action_kouhyou_detail_004_kani=true&JigyosyoCd=4670200262-00&ServiceCd=430&Type=search", "url2": "https://www.hamakazeen.com" }, "geometry": { "type": "Point", "coordinates": [ 130.234554800000069, 31.9155673 ] } },
{ "type": "Feature", "properties": { "内容": "若松記念病院居宅介護支援事業所【居宅介護支援】鹿児島県薩摩川内市神田町11-20", "url": "https://www.kaigokensaku.mhlw.go.jp/46/index.php?action_kouhyou_detail_004_kani=true&JigyosyoCd=4671501221-00&ServiceCd=430&Type=search", "url2": "https://wakamatsu-hp.jp/" }, "geometry": { "type": "Point", "coordinates": [ 130.3030939, 31.8156393 ] } },
{ "type": "Feature", "properties": { "内容": "医療法人　同潤会　在宅介護支援センター長生園【居宅介護支援】鹿児島県薩摩川内市大小路町21番5号", "url": "https://www.kaigokensaku.mhlw.go.jp/46/index.php?action_kouhyou_detail_004_kani=true&JigyosyoCd=4670200106-00&ServiceCd=430&Type=search", "url2": "http://doujunkai.or.jp" }, "geometry": { "type": "Point", "coordinates": [ 130.302803539147931, 31.82308592202412 ] } },
{ "type": "Feature", "properties": { "内容": "介護相談センター大海【居宅介護支援】鹿児島県薩摩川内市宮崎町2996-1", "url": "https://www.kaigokensaku.mhlw.go.jp/46/index.php?action_kouhyou_detail_004_kani=true&JigyosyoCd=4671500959-00&ServiceCd=430&Type=search", "url2": "http://m.taikaiclinic.or.jp/" }, "geometry": { "type": "Point", "coordinates": [ 130.321340678686227, 31.797968153397857 ] } },
{ "type": "Feature", "properties": { "内容": "在宅介護支援センター幸せの里【居宅介護支援】薩摩川内市永利町4311番地5", "url": "https://www.kaigokensaku.mhlw.go.jp/46/index.php?action_kouhyou_detail_004_kani=true&JigyosyoCd=4670200056-00&ServiceCd=430&Type=search", "url2": "shiawase@ml.j-bee.com" }, "geometry": { "type": "Point", "coordinates": [ 130.352705199999917, 31.8017112 ] } },
{ "type": "Feature", "properties": { "内容": "コープ介護支援センター川内【居宅介護支援】中郷一丁目１０番２４号", "url": "https://www.kaigokensaku.mhlw.go.jp/46/index.php?action_kouhyou_detail_004_kani=true&JigyosyoCd=4670200023-00&ServiceCd=430&Type=search", "url2": "http://www.kagoshima.coop/" }, "geometry": { "type": "Point", "coordinates": [ 130.309943400000066, 31.8325739 ] } },
{ "type": "Feature", "properties": { "内容": "居宅介護支援事業所あおぞら【居宅介護支援】薩摩川内市花木町14-25", "url": "https://www.kaigokensaku.mhlw.go.jp/46/index.php?action_kouhyou_detail_004_kani=true&JigyosyoCd=4670200635-00&ServiceCd=430&Type=search", "url2": null }, "geometry": { "type": "Point", "coordinates": [ 130.2982836, 31.8227689 ] } },
{ "type": "Feature", "properties": { "内容": "博悠会居宅介護支援事業所【居宅介護支援】日置市東市来町湯田４６４８番地", "url": "https://www.kaigokensaku.mhlw.go.jp/46/index.php?action_kouhyou_detail_004_kani=true&JigyosyoCd=4672900109-00&ServiceCd=430&Type=search", "url2": "http://www.hakuyukaionsenbyouin.com" }, "geometry": { "type": "Point", "coordinates": [ 130.34880469999996, 31.6754446 ] } },
{ "type": "Feature", "properties": { "内容": "馬場病院【居宅介護支援】鹿児島県日置市吹上町湯之浦2378", "url": "https://www.kaigokensaku.mhlw.go.jp/46/index.php?action_kouhyou_detail_004_kani=true&JigyosyoCd=4611610025-00&ServiceCd=430&Type=search", "url2": "babahp37@outlook.jp" }, "geometry": { "type": "Point", "coordinates": [ 130.358908733065846, 31.503050444297532 ] } },
{ "type": "Feature", "properties": { "内容": "居宅介護支援事業所　音いろ【居宅介護支援】鹿児島県日置市伊集院町妙円寺1丁目2200-680", "url": "https://www.kaigokensaku.mhlw.go.jp/46/index.php?action_kouhyou_detail_004_kani=true&JigyosyoCd=4671501148-00&ServiceCd=430&Type=search", "url2": "https://www.iruka-phar,acy.com/" }, "geometry": { "type": "Point", "coordinates": [ 130.396118474066128, 31.64405090811152 ] } },
{ "type": "Feature", "properties": { "内容": "東市来町在宅介護支援センター居宅介護支援事業所【居宅介護支援】鹿児島県日置市東市来町長里360番地1", "url": "https://www.kaigokensaku.mhlw.go.jp/46/index.php?action_kouhyou_detail_004_kani=true&JigyosyoCd=4672900018-00&ServiceCd=430&Type=search", "url2": null }, "geometry": { "type": "Point", "coordinates": [ 130.348889211114511, 31.66258605731753 ] } },
{ "type": "Feature", "properties": { "内容": "みゆきクリニック　居宅介護支援事業所【居宅介護支援】日置市日吉町日置390-1", "url": "https://www.kaigokensaku.mhlw.go.jp/46/index.php?action_kouhyou_detail_004_kani=true&JigyosyoCd=4671500249-00&ServiceCd=430&Type=search", "url2": "http://www.miyuki-clinic.net/" }, "geometry": { "type": "Point", "coordinates": [ 130.3463470526398, 31.5906616193794 ] } },
{ "type": "Feature", "properties": { "内容": "医療法人めぐみ会　久保内科居宅介護支援事業所【居宅介護支援】鹿児島県日置市伊集院町郡1761", "url": "https://www.kaigokensaku.mhlw.go.jp/46/index.php?action_kouhyou_detail_004_kani=true&JigyosyoCd=4671500272-00&ServiceCd=430&Type=search", "url2": "https://kubonaikakaigosisetu2.jimdofree.com" }, "geometry": { "type": "Point", "coordinates": [ 130.40265, 31.6241207 ] } },
{ "type": "Feature", "properties": { "内容": "喜楽奈村居宅介護支援事業所【居宅介護支援】吹上町湯之浦2758番地", "url": "https://www.kaigokensaku.mhlw.go.jp/46/index.php?action_kouhyou_detail_004_kani=true&JigyosyoCd=4673400018-00&ServiceCd=430&Type=search", "url2": "http://www.akebonofukushikai.jp" }, "geometry": { "type": "Point", "coordinates": [ 130.371854900000045, 31.5041924 ] } },
{ "type": "Feature", "properties": { "内容": "居宅介護支援事業所　やはずの里【居宅介護支援】鹿児島県日置市伊集院町飯牟礼369番1号", "url": "https://www.kaigokensaku.mhlw.go.jp/46/index.php?action_kouhyou_detail_004_kani=true&JigyosyoCd=4673000115-00&ServiceCd=430&Type=search", "url2": "http://www.yahazunosato.com/" }, "geometry": { "type": "Point", "coordinates": [ 130.385734899999989, 31.6179683 ] } },
{ "type": "Feature", "properties": { "内容": "ケアプラン相談センターぷらむ【居宅介護支援】鹿児島県日置市伊集院町郡1500番地4T-line103号", "url": "https://www.kaigokensaku.mhlw.go.jp/46/index.php?action_kouhyou_detail_004_kani=true&JigyosyoCd=4671501254-00&ServiceCd=430&Type=search", "url2": "keapuran-plum-kagoshima.com" }, "geometry": { "type": "Point", "coordinates": [ 130.4100675, 31.642903 ] } },
{ "type": "Feature", "properties": { "内容": "ケアセンターリエゾン日置【居宅介護支援】鹿児島県日置市東市来町湯田２９８６", "url": "https://www.kaigokensaku.mhlw.go.jp/46/index.php?action_kouhyou_detail_004_kani=true&JigyosyoCd=4672900075-00&ServiceCd=430&Type=search", "url2": "http://kenseikai.biz/" }, "geometry": { "type": "Point", "coordinates": [ 130.331011399999966, 31.6725056 ] } },
{ "type": "Feature", "properties": { "内容": "寿福園指定居宅介護支援事業所【居宅介護支援】鹿児島県日置市伊集院町下神殿２２４－２", "url": "https://www.kaigokensaku.mhlw.go.jp/46/index.php?action_kouhyou_detail_004_kani=true&JigyosyoCd=4673000024-00&ServiceCd=430&Type=search", "url2": "http://www.swc-meiwakai.oy.jp" }, "geometry": { "type": "Point", "coordinates": [ 130.415983, 31.6631195 ] } },
{ "type": "Feature", "properties": { "内容": "こじかケアマネステーション【居宅介護支援】鹿児島県日置市伊集院町妙円寺２丁目34-5", "url": "https://www.kaigokensaku.mhlw.go.jp/46/index.php?action_kouhyou_detail_004_kani=true&JigyosyoCd=4671501239-00&ServiceCd=430&Type=search", "url2": "https://kojika-co.com" }, "geometry": { "type": "Point", "coordinates": [ 130.3869009, 31.6420043 ] } },
{ "type": "Feature", "properties": { "内容": "ひおき居宅介護支援事業所【居宅介護支援】鹿児島県日置市伊集院町妙円寺1丁目1番地6", "url": "https://www.kaigokensaku.mhlw.go.jp/46/index.php?action_kouhyou_detail_004_kani=true&JigyosyoCd=4672900026-00&ServiceCd=430&Type=search", "url2": "https://www.seishin-kai.org/" }, "geometry": { "type": "Point", "coordinates": [ 130.395303566588581, 31.640651939268427 ] } },
{ "type": "Feature", "properties": { "内容": "指定居宅介護支援事業所　おおすみ苑【居宅介護支援】鹿児島県曽於市大隅町月野1045番地", "url": "https://www.kaigokensaku.mhlw.go.jp/46/index.php?action_kouhyou_detail_004_kani=true&JigyosyoCd=4676300165-00&ServiceCd=430&Type=search", "url2": "http://www.hakujyukai-kagoshima.jp" }, "geometry": { "type": "Point", "coordinates": [ 131.034269399999971, 31.574626300000013 ] } },
{ "type": "Feature", "properties": { "内容": "居宅介護支援事業所あんしん【居宅介護支援】鹿児島県曽於市末吉町深川3399番地３", "url": "https://www.kaigokensaku.mhlw.go.jp/46/index.php?action_kouhyou_detail_004_kani=true&JigyosyoCd=4671600643-00&ServiceCd=430&Type=search", "url2": null }, "geometry": { "type": "Point", "coordinates": [ 131.0091482, 31.6914164 ] } },
{ "type": "Feature", "properties": { "内容": "末吉在宅介護総合センター【居宅介護支援】曽於市末吉町栄町２丁目１１－１", "url": "https://www.kaigokensaku.mhlw.go.jp/46/index.php?action_kouhyou_detail_004_kani=true&JigyosyoCd=4676600028-00&ServiceCd=430&Type=search", "url2": "http://www.takahara-net.or.jp" }, "geometry": { "type": "Point", "coordinates": [ 131.018161475083275, 31.657012289246392 ] } },
{ "type": "Feature", "properties": { "内容": "介護相談所　なごみ【居宅介護支援】鹿児島県曽於市末吉町南之郷4354番地2", "url": "https://www.kaigokensaku.mhlw.go.jp/46/index.php?action_kouhyou_detail_004_kani=true&JigyosyoCd=4671600650-00&ServiceCd=430&Type=search", "url2": null }, "geometry": { "type": "Point", "coordinates": [ 131.0642469, 31.6207031 ] } },
{ "type": "Feature", "properties": { "内容": "ケアプラン　あいり【居宅介護支援】末吉町岩崎５０６番地", "url": "https://www.kaigokensaku.mhlw.go.jp/46/index.php?action_kouhyou_detail_004_kani=true&JigyosyoCd=4671600403-00&ServiceCd=430&Type=search", "url2": null }, "geometry": { "type": "Point", "coordinates": [ 131.004849799999988, 31.6190416 ] } },
{ "type": "Feature", "properties": { "内容": "アクア・マネジメント【居宅介護支援】鹿児島県曽於市財部町南俣1817-1", "url": "https://www.kaigokensaku.mhlw.go.jp/46/index.php?action_kouhyou_detail_004_kani=true&JigyosyoCd=4671600635-00&ServiceCd=430&Type=search", "url2": "https://azureterrace0727.wixsite.com/social" }, "geometry": { "type": "Point", "coordinates": [ 131.004180809922786, 31.721205787020363 ] } },
{ "type": "Feature", "properties": { "内容": "中島病院【居宅介護支援】鹿児島県曽於市末吉町栄町１丁目６番地６", "url": "https://www.kaigokensaku.mhlw.go.jp/46/index.php?action_kouhyou_detail_004_kani=true&JigyosyoCd=4611710262-00&ServiceCd=430&Type=search", "url2": "http://www.nakashima-h.or.jp" }, "geometry": { "type": "Point", "coordinates": [ 131.018818399999986, 31.6545293 ] } },
{ "type": "Feature", "properties": { "内容": "曽於市社会福祉協議会指定居宅介護支援事業所【居宅介護支援】鹿児島県曽於市大隅町岩川５７１８番地１大隅弥五郎伝説の里健康ふれあい館内", "url": "https://www.kaigokensaku.mhlw.go.jp/46/index.php?action_kouhyou_detail_004_kani=true&JigyosyoCd=4671600064-00&ServiceCd=430&Type=search", "url2": "http://soo-shakyo.or.jp/" }, "geometry": { "type": "Point", "coordinates": [ 130.990963052114921, 31.593342088276 ] } },
{ "type": "Feature", "properties": { "内容": "医療法人たからべ会　居宅介護支援事業所　たきび【居宅介護支援】鹿児島県曽於市財部町南俣３６１９-１居宅介護支援事業所　たきび", "url": "https://www.kaigokensaku.mhlw.go.jp/46/index.php?action_kouhyou_detail_004_kani=true&JigyosyoCd=4671600544-00&ServiceCd=430&Type=search", "url2": null }, "geometry": { "type": "Point", "coordinates": [ 130.962063199999989, 31.7042313 ] } },
{ "type": "Feature", "properties": { "内容": "総合在宅ケアセンターやごろう苑【居宅介護支援】曽於市大隅町岩川5515番地", "url": "https://www.kaigokensaku.mhlw.go.jp/46/index.php?action_kouhyou_detail_004_kani=true&JigyosyoCd=4676300017-00&ServiceCd=430&Type=search", "url2": "http://www.aisei-kai.com/" }, "geometry": { "type": "Point", "coordinates": [ 130.987482079762231, 31.595878884555901 ] } },
{ "type": "Feature", "properties": { "内容": "輪光無量寿園居宅介護支援事業所【居宅介護支援】末吉町岩崎９７１-1", "url": "https://www.kaigokensaku.mhlw.go.jp/46/index.php?action_kouhyou_detail_004_kani=true&JigyosyoCd=4676600085-00&ServiceCd=430&Type=search", "url2": "http://www.rinkou1964.or.jp/" }, "geometry": { "type": "Point", "coordinates": [ 130.9988492, 31.5962083 ] } },
{ "type": "Feature", "properties": { "内容": "指定居宅介護支援事業所　ウェル【居宅介護支援】末吉町諏訪方8188-6", "url": "https://www.kaigokensaku.mhlw.go.jp/46/index.php?action_kouhyou_detail_004_kani=true&JigyosyoCd=4671600460-00&ServiceCd=430&Type=search", "url2": "http://www.welandwel.com/" }, "geometry": { "type": "Point", "coordinates": [ 131.014759657672158, 31.655321961959896 ] } },
{ "type": "Feature", "properties": { "内容": "居宅介護支援事業所てんとうむし【居宅介護支援】鹿児島県曽於市財部町下財部1686番地1", "url": "https://www.kaigokensaku.mhlw.go.jp/46/index.php?action_kouhyou_detail_004_kani=true&JigyosyoCd=4671600452-00&ServiceCd=430&Type=search", "url2": null }, "geometry": { "type": "Point", "coordinates": [ 131.009383625725576, 31.724735185557712 ] } },
{ "type": "Feature", "properties": { "内容": "指定居宅介護支援事業所よりそい【居宅介護支援】鹿児島県霧島市国分郡田1201番地", "url": "https://www.kaigokensaku.mhlw.go.jp/46/index.php?action_kouhyou_detail_004_kani=true&JigyosyoCd=4671200907-00&ServiceCd=430&Type=search", "url2": null }, "geometry": { "type": "Point", "coordinates": [ 130.796788200000037, 31.7629552 ] } },
{ "type": "Feature", "properties": { "内容": "合同会社　ハッピーケア　介護プランサービス　愛の輪【居宅介護支援】鹿児島県霧島市隼人町姫城２丁目２６２エクセレント森口102", "url": "https://www.kaigokensaku.mhlw.go.jp/46/index.php?action_kouhyou_detail_004_kani=true&JigyosyoCd=4671201822-00&ServiceCd=430&Type=search", "url2": null }, "geometry": { "type": "Point", "coordinates": [ 130.75820267088622, 31.768055702633511 ] } },
{ "type": "Feature", "properties": { "内容": "清水内科介護支援部【居宅介護支援】霧島市国分清水1丁目２２－２６", "url": "https://www.kaigokensaku.mhlw.go.jp/46/index.php?action_kouhyou_detail_004_kani=true&JigyosyoCd=4611910292-00&ServiceCd=430&Type=search", "url2": "www.myclinic.ne.jp/kiyomizu" }, "geometry": { "type": "Point", "coordinates": [ 130.776018, 31.7526228 ] } },
{ "type": "Feature", "properties": { "内容": "ケアプランセンター　まごのて【居宅介護支援】鹿児島県霧島市国分中央６丁目７－１レジデンスハヤシ１０１", "url": "https://www.kaigokensaku.mhlw.go.jp/46/index.php?action_kouhyou_detail_004_kani=true&JigyosyoCd=4671201772-00&ServiceCd=430&Type=search", "url2": null }, "geometry": { "type": "Point", "coordinates": [ 130.771923, 31.7328718 ] } },
{ "type": "Feature", "properties": { "内容": "合同会社幸せの蔵指定居宅介護支援事業所満まん天てん倫りん【居宅介護支援】鹿児島県霧島市隼人町内山田1835番地3", "url": "https://www.kaigokensaku.mhlw.go.jp/46/index.php?action_kouhyou_detail_004_kani=true&JigyosyoCd=4671201723-00&ServiceCd=430&Type=search", "url2": null }, "geometry": { "type": "Point", "coordinates": [ 130.7373301, 31.7511279 ] } },
{ "type": "Feature", "properties": { "内容": "居宅介護支援事業所クオーレ霧島【居宅介護支援】鹿児島県霧島市国分福島1丁目23番40号", "url": "https://www.kaigokensaku.mhlw.go.jp/46/index.php?action_kouhyou_detail_004_kani=true&JigyosyoCd=4671201897-00&ServiceCd=430&Type=search", "url2": "https://iandicuore.com" }, "geometry": { "type": "Point", "coordinates": [ 130.7575951, 31.72808 ] } },
{ "type": "Feature", "properties": { "内容": "みゆき苑居宅介護支援事業所【居宅介護支援】鹿児島県　霧島市　隼人町　松永　８９５－３", "url": "https://www.kaigokensaku.mhlw.go.jp/46/index.php?action_kouhyou_detail_004_kani=true&JigyosyoCd=4676100037-00&ServiceCd=430&Type=search", "url2": "http://www.h-miyukien.info/" }, "geometry": { "type": "Point", "coordinates": [ 130.771339600000033, 31.7745791 ] } },
{ "type": "Feature", "properties": { "内容": "佐藤医院【居宅介護支援】霧島市溝辺町有川327－2", "url": "https://www.kaigokensaku.mhlw.go.jp/46/index.php?action_kouhyou_detail_004_kani=true&JigyosyoCd=4611910565-00&ServiceCd=430&Type=search", "url2": null }, "geometry": { "type": "Point", "coordinates": [ 130.680468099999985, 31.8304601 ] } },
{ "type": "Feature", "properties": { "内容": "居宅介護支援事業所すぎやす【居宅介護支援】鹿児島県霧島市霧島田口2143番地", "url": "https://www.kaigokensaku.mhlw.go.jp/46/index.php?action_kouhyou_detail_004_kani=true&JigyosyoCd=4676000013-00&ServiceCd=430&Type=search", "url2": "http://www.kouseikai.info" }, "geometry": { "type": "Point", "coordinates": [ 130.855677600000035, 31.8471042 ] } },
{ "type": "Feature", "properties": { "内容": "居宅介護支援事業所　えがお【居宅介護支援】鹿児島県霧島市横川町中ノ字山下２４９番地７", "url": "https://www.kaigokensaku.mhlw.go.jp/46/index.php?action_kouhyou_detail_004_kani=true&JigyosyoCd=4671201301-00&ServiceCd=430&Type=search", "url2": "https://smilelifecare.jp" }, "geometry": { "type": "Point", "coordinates": [ 130.701401492204241, 31.902253831136445 ] } },
{ "type": "Feature", "properties": { "内容": "国分中央病院指定居宅介護支援事業所【居宅介護支援】鹿児島県霧島市国分中央一丁目25-51サービス付き高齢者向け住宅「メディカーサ国分中央」内", "url": "https://www.kaigokensaku.mhlw.go.jp/46/index.php?action_kouhyou_detail_004_kani=true&JigyosyoCd=4671200345-00&ServiceCd=430&Type=search", "url2": "http://www.misakikai.or.jp/" }, "geometry": { "type": "Point", "coordinates": [ 130.768660700000027, 31.7418043 ] } },
{ "type": "Feature", "properties": { "内容": "医療法人　誠井会　井料居宅介護支援事業所【居宅介護支援】国分広瀬二丁目28番8号井料デイサービスセンター", "url": "https://www.kaigokensaku.mhlw.go.jp/46/index.php?action_kouhyou_detail_004_kani=true&JigyosyoCd=4671200311-00&ServiceCd=430&Type=search", "url2": "http://www.seiikai.com/" }, "geometry": { "type": "Point", "coordinates": [ 130.75402680000002, 31.7190225 ] } },
{ "type": "Feature", "properties": { "内容": "ケアプランセンター政典会くらさぽ【居宅介護支援】鹿児島県霧島市国分郡田711番地在宅福祉援助センター瑞祥園", "url": "https://www.kaigokensaku.mhlw.go.jp/46/index.php?action_kouhyou_detail_004_kani=true&JigyosyoCd=4671200097-00&ServiceCd=430&Type=search", "url2": "http://www.seitenkai.jp" }, "geometry": { "type": "Point", "coordinates": [ 130.787992523525986, 31.762794246910826 ] } },
{ "type": "Feature", "properties": { "内容": "株式会社　霧島リハウォーク絆居宅介護支援事業所【居宅介護支援】隼人町内山田１１１０-２", "url": "https://www.kaigokensaku.mhlw.go.jp/46/index.php?action_kouhyou_detail_004_kani=true&JigyosyoCd=4671200683-00&ServiceCd=430&Type=search", "url2": null }, "geometry": { "type": "Point", "coordinates": [ 130.730114213278199, 31.748008094657248 ] } },
{ "type": "Feature", "properties": { "内容": "居宅介護支援事業所　縁つむぐ【居宅介護支援】鹿児島県霧島市隼人町神宮一丁目８−２３", "url": "https://www.kaigokensaku.mhlw.go.jp/46/index.php?action_kouhyou_detail_004_kani=true&JigyosyoCd=4671201889-00&ServiceCd=430&Type=search", "url2": null }, "geometry": { "type": "Point", "coordinates": [ 130.7413076, 31.749081 ] } },
{ "type": "Feature", "properties": { "内容": "居宅介護支援事業所　希望の里【居宅介護支援】霧島市隼人町姫城一丁目２７９番地", "url": "https://www.kaigokensaku.mhlw.go.jp/46/index.php?action_kouhyou_detail_004_kani=true&JigyosyoCd=4676100045-00&ServiceCd=430&Type=search", "url2": "http://hayato-spa.hospi.jp/" }, "geometry": { "type": "Point", "coordinates": [ 130.756538099999943, 31.7666188 ] } },
{ "type": "Feature", "properties": { "内容": "牧之原むつみ園指定居宅介護支援事業所【居宅介護支援】福山町福沢4611番地", "url": "https://www.kaigokensaku.mhlw.go.jp/46/index.php?action_kouhyou_detail_004_kani=true&JigyosyoCd=4676200019-00&ServiceCd=430&Type=search", "url2": "http://www.mutumi-en.com" }, "geometry": { "type": "Point", "coordinates": [ 130.865735699999959, 31.6580864 ] } },
{ "type": "Feature", "properties": { "内容": "居宅介護支援事業所うのき【居宅介護支援】鹿児島県霧島市国分重久361-1", "url": "https://www.kaigokensaku.mhlw.go.jp/46/index.php?action_kouhyou_detail_004_kani=true&JigyosyoCd=4671200063-00&ServiceCd=430&Type=search", "url2": "https://syunseikai.or.jp" }, "geometry": { "type": "Point", "coordinates": [ 130.778378299999986, 31.7676187 ] } },
{ "type": "Feature", "properties": { "内容": "指定居宅介護支援事業所　福山の里【居宅介護支援】鹿児島県霧島市福山町福山838番地管理棟", "url": "https://www.kaigokensaku.mhlw.go.jp/46/index.php?action_kouhyou_detail_004_kani=true&JigyosyoCd=4671200725-00&ServiceCd=430&Type=search", "url2": "URL:http://www.sfc-tachibanakai.or.jp" }, "geometry": { "type": "Point", "coordinates": [ 130.8243053, 31.65522150000001 ] } },
{ "type": "Feature", "properties": { "内容": "国分生協病院【居宅介護支援】霧島市国分中央三丁目38番14号", "url": "https://www.kaigokensaku.mhlw.go.jp/46/index.php?action_kouhyou_detail_004_kani=true&JigyosyoCd=4611910060-00&ServiceCd=430&Type=search", "url2": "http://kokubu-seikyo.jp/" }, "geometry": { "type": "Point", "coordinates": [ 130.761985458335857, 31.739052720737888 ] } },
{ "type": "Feature", "properties": { "内容": "居宅介護支援事業所今日館【居宅介護支援】鹿児島県霧島市隼人町住吉188", "url": "https://www.kaigokensaku.mhlw.go.jp/46/index.php?action_kouhyou_detail_004_kani=true&JigyosyoCd=4671200873-00&ServiceCd=430&Type=search", "url2": "http://www.yoshimitsu-group.com" }, "geometry": { "type": "Point", "coordinates": [ 130.74697120789105, 31.723830306098129 ] } },
{ "type": "Feature", "properties": { "内容": "居宅介護支援事業所　隼人塚【居宅介護支援】霧島市隼人町小田240番地", "url": "https://www.kaigokensaku.mhlw.go.jp/46/index.php?action_kouhyou_detail_004_kani=true&JigyosyoCd=4676100060-00&ServiceCd=430&Type=search", "url2": null }, "geometry": { "type": "Point", "coordinates": [ 130.72575740000002, 31.7366483 ] } },
{ "type": "Feature", "properties": { "内容": "姶良地区医師会居宅介護支援事業所【居宅介護支援】霧島市隼人町内山田一丁目6番52号", "url": "https://www.kaigokensaku.mhlw.go.jp/46/index.php?action_kouhyou_detail_004_kani=true&JigyosyoCd=4676100177-00&ServiceCd=430&Type=search", "url2": "http://www.minc.ne.jp/airamed" }, "geometry": { "type": "Point", "coordinates": [ 130.735778900000014, 31.7435373 ] } },
{ "type": "Feature", "properties": { "内容": "居宅介護支援事業所れいめい【居宅介護支援】鹿児島県霧島市隼人町松永657番地", "url": "https://www.kaigokensaku.mhlw.go.jp/46/index.php?action_kouhyou_detail_004_kani=true&JigyosyoCd=4671201780-00&ServiceCd=430&Type=search", "url2": null }, "geometry": { "type": "Point", "coordinates": [ 130.765839, 31.7738633 ] } },
{ "type": "Feature", "properties": { "内容": "サンライト居宅介護支援事業所【居宅介護支援】霧島市牧園町高千穂３６１７番地１３１", "url": "https://www.kaigokensaku.mhlw.go.jp/46/index.php?action_kouhyou_detail_004_kani=true&JigyosyoCd=4675900015-00&ServiceCd=430&Type=search", "url2": "http://www.toukeikai.jp/" }, "geometry": { "type": "Point", "coordinates": [ 130.817423129731537, 31.880061058703973 ] } },
{ "type": "Feature", "properties": { "内容": "指定居宅介護支援事業所おひさま【居宅介護支援】鹿児島県霧島市国分向花１３３番地２", "url": "https://www.kaigokensaku.mhlw.go.jp/46/index.php?action_kouhyou_detail_004_kani=true&JigyosyoCd=4671201160-00&ServiceCd=430&Type=search", "url2": "http://kokubu-nougeka.jp/" }, "geometry": { "type": "Point", "coordinates": [ 130.776021174204971, 31.759864990500585 ] } },
{ "type": "Feature", "properties": { "内容": "ケアプランセンターガーデン【居宅介護支援】鹿児島県霧島市国分中央4丁目12番22号", "url": "https://www.kaigokensaku.mhlw.go.jp/46/index.php?action_kouhyou_detail_004_kani=true&JigyosyoCd=4671201491-00&ServiceCd=430&Type=search", "url2": "https://unity-g.com" }, "geometry": { "type": "Point", "coordinates": [ 130.775038900000027, 31.7306413 ] } },
{ "type": "Feature", "properties": { "内容": "居宅介護支援事業所　ジョインフォース【居宅介護支援】鹿児島県霧島市国分中央3丁目3-31H&Iドミール302号室", "url": "https://www.kaigokensaku.mhlw.go.jp/46/index.php?action_kouhyou_detail_004_kani=true&JigyosyoCd=4671201830-00&ServiceCd=430&Type=search", "url2": null }, "geometry": { "type": "Point", "coordinates": [ 130.7645795, 31.740998 ] } },
{ "type": "Feature", "properties": { "内容": "指定居宅介護支援事業所フロイデ【居宅介護支援】鹿児島県霧島市国分福島一丁目５番１９号", "url": "https://www.kaigokensaku.mhlw.go.jp/46/index.php?action_kouhyou_detail_004_kani=true&JigyosyoCd=4671200014-00&ServiceCd=430&Type=search", "url2": null }, "geometry": { "type": "Point", "coordinates": [ 130.753315499999985, 31.7283136 ] } },
{ "type": "Feature", "properties": { "内容": "居宅介護支援事業所宿里【居宅介護支援】鹿児島県霧島市牧園町宿窪田６５４番地", "url": "https://www.kaigokensaku.mhlw.go.jp/46/index.php?action_kouhyou_detail_004_kani=true&JigyosyoCd=4671200824-00&ServiceCd=430&Type=search", "url2": null }, "geometry": { "type": "Point", "coordinates": [ 130.756024200000013, 31.8607435 ] } },
{ "type": "Feature", "properties": { "内容": "横川緑風園居宅介護支援事業所【居宅介護支援】横川町中ノ5645-1", "url": "https://www.kaigokensaku.mhlw.go.jp/46/index.php?action_kouhyou_detail_004_kani=true&JigyosyoCd=4675600011-00&ServiceCd=430&Type=search", "url2": "https://www.kibo-ryokufuen.com/" }, "geometry": { "type": "Point", "coordinates": [ 130.694870400000013, 31.8876161 ] } },
{ "type": "Feature", "properties": { "内容": "フラワーホーム居宅介護支援事業所【居宅介護支援】鹿児島県霧島市溝辺町麓六丁目４５番地", "url": "https://www.kaigokensaku.mhlw.go.jp/46/index.php?action_kouhyou_detail_004_kani=true&JigyosyoCd=4675500013-00&ServiceCd=430&Type=search", "url2": "https://www.flowerh.jp" }, "geometry": { "type": "Point", "coordinates": [ 130.708335869491265, 31.792292227224028 ] } },
{ "type": "Feature", "properties": { "内容": "ケアプランセンターひまわり【居宅介護支援】鹿児島県霧島市隼人町内2228-8", "url": "https://www.kaigokensaku.mhlw.go.jp/46/index.php?action_kouhyou_detail_004_kani=true&JigyosyoCd=4671201939-00&ServiceCd=430&Type=search", "url2": null }, "geometry": { "type": "Point", "coordinates": [ 130.724082, 31.7629225 ] } },
{ "type": "Feature", "properties": { "内容": "協愛介護サービス　居宅介護支援事業所【居宅介護支援】鹿児島県霧島市国分新町1丁目6番52-17号", "url": "https://www.kaigokensaku.mhlw.go.jp/46/index.php?action_kouhyou_detail_004_kani=true&JigyosyoCd=4671200071-00&ServiceCd=430&Type=search", "url2": null }, "geometry": { "type": "Point", "coordinates": [ 130.760463935582067, 31.750240779255481 ] } },
{ "type": "Feature", "properties": { "内容": "居宅介護支援事業所牧園【居宅介護支援】鹿児島県霧島市牧園町宿窪田938-5", "url": "https://www.kaigokensaku.mhlw.go.jp/46/index.php?action_kouhyou_detail_004_kani=true&JigyosyoCd=4671201913-00&ServiceCd=430&Type=search", "url2": null }, "geometry": { "type": "Point", "coordinates": [ 130.7410293, 31.8634872 ] } },
{ "type": "Feature", "properties": { "内容": "隼人ハーバーフロント居宅介護支援事業所【居宅介護支援】鹿児島県霧島市隼人町真孝2720", "url": "https://www.kaigokensaku.mhlw.go.jp/46/index.php?action_kouhyou_detail_004_kani=true&JigyosyoCd=4671201616-00&ServiceCd=430&Type=search", "url2": null }, "geometry": { "type": "Point", "coordinates": [ 130.7348038, 31.7306574 ] } },
{ "type": "Feature", "properties": { "内容": "居宅介護支援事業所　生きる【居宅介護支援】隼人町松永３２７７－１３", "url": "https://www.kaigokensaku.mhlw.go.jp/46/index.php?action_kouhyou_detail_004_kani=true&JigyosyoCd=4671201194-00&ServiceCd=430&Type=search", "url2": "enyusya.com/company" }, "geometry": { "type": "Point", "coordinates": [ 130.765564599733437, 31.77984130902497 ] } },
{ "type": "Feature", "properties": { "内容": "木の花居宅介護支援事業所【居宅介護支援】隼人町松永1丁目39番地1", "url": "https://www.kaigokensaku.mhlw.go.jp/46/index.php?action_kouhyou_detail_004_kani=true&JigyosyoCd=4671200980-00&ServiceCd=430&Type=search", "url2": null }, "geometry": { "type": "Point", "coordinates": [ 130.759493099999986, 31.7742902 ] } },
{ "type": "Feature", "properties": { "内容": "翔朋園指定居宅介護支援事業所【居宅介護支援】霧島市霧島田口２７３７番地３６", "url": "https://www.kaigokensaku.mhlw.go.jp/46/index.php?action_kouhyou_detail_004_kani=true&JigyosyoCd=4676000021-00&ServiceCd=430&Type=search", "url2": "http://kirishimakai.jp/about/cat2264/" }, "geometry": { "type": "Point", "coordinates": [ 130.859533334918183, 31.841684699031767 ] } },
{ "type": "Feature", "properties": { "内容": "ライフサポートセンター多聞【居宅介護支援】霧島市隼人町姫城2547", "url": "https://www.kaigokensaku.mhlw.go.jp/46/index.php?action_kouhyou_detail_004_kani=true&JigyosyoCd=4671201848-00&ServiceCd=430&Type=search", "url2": null }, "geometry": { "type": "Point", "coordinates": [ 130.759613619664322, 31.7607129155674 ] } },
{ "type": "Feature", "properties": { "内容": "ニチイケアセンター国分【居宅介護支援】鹿児島県霧島市国分剣之宇都町9-6", "url": "https://www.kaigokensaku.mhlw.go.jp/46/index.php?action_kouhyou_detail_004_kani=true&JigyosyoCd=4671200162-00&ServiceCd=430&Type=search", "url2": "htttp://www.nichiigakkan.co.jp" }, "geometry": { "type": "Point", "coordinates": [ 130.766442899999987, 31.7693268 ] } },
{ "type": "Feature", "properties": { "内容": "ケアプランセンター桜華【居宅介護支援】国分新町１５４４－５", "url": "https://www.kaigokensaku.mhlw.go.jp/46/index.php?action_kouhyou_detail_004_kani=true&JigyosyoCd=4671201541-00&ServiceCd=430&Type=search", "url2": null }, "geometry": { "type": "Point", "coordinates": [ 130.775604, 31.7548476 ] } },
{ "type": "Feature", "properties": { "内容": "春田クリニック居宅介護支援事業所【居宅介護支援】鹿児島県いちき串木野市春日町116", "url": "https://www.kaigokensaku.mhlw.go.jp/46/index.php?action_kouhyou_detail_004_kani=true&JigyosyoCd=4670500463-00&ServiceCd=430&Type=search", "url2": null }, "geometry": { "type": "Point", "coordinates": [ 130.267836499999987, 31.7217069 ] } },
{ "type": "Feature", "properties": { "内容": "居宅介護支援事業所きなり【居宅介護支援】鹿児島県いちき串木野市春日町159番地", "url": "https://www.kaigokensaku.mhlw.go.jp/46/index.php?action_kouhyou_detail_004_kani=true&JigyosyoCd=4670500455-00&ServiceCd=430&Type=search", "url2": "https://sites.google.com/view/kinarihoukan/home" }, "geometry": { "type": "Point", "coordinates": [ 130.27078130000001, 31.7216235 ] } },
{ "type": "Feature", "properties": { "内容": "医療法人　健仁会　居宅介護支援事業所なごみ【居宅介護支援】鹿児島県いちき串木野市大里3910-1", "url": "https://www.kaigokensaku.mhlw.go.jp/46/index.php?action_kouhyou_detail_004_kani=true&JigyosyoCd=4670500471-00&ServiceCd=430&Type=search", "url2": "https://ichiki-naikahifuka.com/" }, "geometry": { "type": "Point", "coordinates": [ 130.29852, 31.6873027 ] } },
{ "type": "Feature", "properties": { "内容": "いちき居宅介護支援事業所【居宅介護支援】いちき串木野市湊町１丁目２９番地", "url": "https://www.kaigokensaku.mhlw.go.jp/46/index.php?action_kouhyou_detail_004_kani=true&JigyosyoCd=4672800010-00&ServiceCd=430&Type=search", "url2": null }, "geometry": { "type": "Point", "coordinates": [ 130.288673383436588, 31.696808067657717 ] } },
{ "type": "Feature", "properties": { "内容": "いちき串木野市社協指定居宅介護支援事業所【居宅介護支援】鹿児島県いちき串木野市新生町183番地いちき串木野市高齢者福祉センター", "url": "https://www.kaigokensaku.mhlw.go.jp/46/index.php?action_kouhyou_detail_004_kani=true&JigyosyoCd=4670500208-00&ServiceCd=430&Type=search", "url2": "syakyo.or.jp/hp/1743/" }, "geometry": { "type": "Point", "coordinates": [ 130.26516259999994, 31.7102197 ] } },
{ "type": "Feature", "properties": { "内容": "いちき串木野市医師会立脳神経外科センター居宅介護支援事業所さくら【居宅介護支援】鹿児島県いちき串木野市生福5419番地5", "url": "https://www.kaigokensaku.mhlw.go.jp/46/index.php?action_kouhyou_detail_004_kani=true&JigyosyoCd=4670500406-00&ServiceCd=430&Type=search", "url2": "https://www.kunc99.jp" }, "geometry": { "type": "Point", "coordinates": [ 130.302303398286398, 31.720901330309719 ] } },
{ "type": "Feature", "properties": { "内容": "潮風園居宅介護支援事業所【居宅介護支援】別府３５７０", "url": "https://www.kaigokensaku.mhlw.go.jp/46/index.php?action_kouhyou_detail_004_kani=true&JigyosyoCd=4670500026-00&ServiceCd=430&Type=search", "url2": "https://chofuen.terushima.com" }, "geometry": { "type": "Point", "coordinates": [ 130.284962460560564, 31.695979221752051 ] } },
{ "type": "Feature", "properties": { "内容": "真愛病院【居宅介護支援】南さつま市加世田東本町7番地5真愛病院居宅介護支援事業所", "url": "https://www.kaigokensaku.mhlw.go.jp/46/index.php?action_kouhyou_detail_004_kani=true&JigyosyoCd=4614010173-00&ServiceCd=430&Type=search", "url2": null }, "geometry": { "type": "Point", "coordinates": [ 130.325576300841504, 31.41972964350942 ] } },
{ "type": "Feature", "properties": { "内容": "さつま野菊園【居宅介護支援】鹿児島県南さつま市笠沙町赤生木11372-397", "url": "https://www.kaigokensaku.mhlw.go.jp/46/index.php?action_kouhyou_detail_004_kani=true&JigyosyoCd=4652380025-00&ServiceCd=430&Type=search", "url2": "http://www.koujin-ayanokai.or.jp" }, "geometry": { "type": "Point", "coordinates": [ 130.208647825725649, 31.39071973743328 ] } },
{ "type": "Feature", "properties": { "内容": "居宅介護支援事業所　きずな【居宅介護支援】鹿児島県南さつま市大浦町7294番地", "url": "https://www.kaigokensaku.mhlw.go.jp/46/index.php?action_kouhyou_detail_004_kani=true&JigyosyoCd=4671100271-00&ServiceCd=430&Type=search", "url2": null }, "geometry": { "type": "Point", "coordinates": [ 130.2252244, 31.3824428 ] } },
{ "type": "Feature", "properties": { "内容": "徳久整形外科　指定居宅介護支援事業所【居宅介護支援】鹿児島県南さつま市加世田白亀1275番地２", "url": "https://www.kaigokensaku.mhlw.go.jp/46/index.php?action_kouhyou_detail_004_kani=true&JigyosyoCd=4614010140-00&ServiceCd=430&Type=search", "url2": "https://www.tokuhisa-seikei.com" }, "geometry": { "type": "Point", "coordinates": [ 130.313811500000071, 31.4187589 ] } },
{ "type": "Feature", "properties": { "内容": "コラボレーションケアスポット　加世田セントラル【居宅介護支援】鹿児島県南さつま市加世田小湊231", "url": "https://www.kaigokensaku.mhlw.go.jp/46/index.php?action_kouhyou_detail_004_kani=true&JigyosyoCd=4671100594-00&ServiceCd=430&Type=search", "url2": "https://koujin-ayanokai.or.jp/" }, "geometry": { "type": "Point", "coordinates": [ 130.256988099999944, 31.4148926 ] } },
{ "type": "Feature", "properties": { "内容": "有馬病院【居宅介護支援】鹿児島県南さつま市加世田地頭所570番地", "url": "https://www.kaigokensaku.mhlw.go.jp/46/index.php?action_kouhyou_detail_004_kani=true&JigyosyoCd=4614010132-00&ServiceCd=430&Type=search", "url2": "http://www.ahp.or.jp/" }, "geometry": { "type": "Point", "coordinates": [ 130.32117646071319, 31.423148759228766 ] } },
{ "type": "Feature", "properties": { "内容": "アルテンハイム・ラポール吉井　ケアマネジメントセンター【居宅介護支援】南さつま市加世田本町54-6", "url": "https://www.kaigokensaku.mhlw.go.jp/46/index.php?action_kouhyou_detail_004_kani=true&JigyosyoCd=4671100032-00&ServiceCd=430&Type=search", "url2": "http://www.nonohanakai.or.jp/" }, "geometry": { "type": "Point", "coordinates": [ 130.320548015522036, 31.415490344111554 ] } },
{ "type": "Feature", "properties": { "内容": "金峰苑指定居宅介護支援事業所【居宅介護支援】鹿児島県南さつま市金峰町宮崎4019番地", "url": "https://www.kaigokensaku.mhlw.go.jp/46/index.php?action_kouhyou_detail_004_kani=true&JigyosyoCd=4673500015-00&ServiceCd=430&Type=search", "url2": null }, "geometry": { "type": "Point", "coordinates": [ 130.335844100000031, 31.4352288 ] } },
{ "type": "Feature", "properties": { "内容": "養徳園指定居宅介護支援事業所【居宅介護支援】鹿児島県南さつま市加世田小湊528番地", "url": "https://www.kaigokensaku.mhlw.go.jp/46/index.php?action_kouhyou_detail_004_kani=true&JigyosyoCd=4671100024-00&ServiceCd=430&Type=search", "url2": "http://youtokuen.com/" }, "geometry": { "type": "Point", "coordinates": [ 130.293036799999982, 31.4203972 ] } },
{ "type": "Feature", "properties": { "内容": "居宅介護支援事業所ライフデザイン【居宅介護支援】南さつま市金峰町中津野1207番地1", "url": "https://www.kaigokensaku.mhlw.go.jp/46/index.php?action_kouhyou_detail_004_kani=true&JigyosyoCd=4673500056-00&ServiceCd=430&Type=search", "url2": null }, "geometry": { "type": "Point", "coordinates": [ 130.346925899999974, 31.4485049 ] } },
{ "type": "Feature", "properties": { "内容": "まごころ居宅介護支援センター【居宅介護支援】鹿児島県南さつま市加世田地頭所1600番地", "url": "https://www.kaigokensaku.mhlw.go.jp/46/index.php?action_kouhyou_detail_004_kani=true&JigyosyoCd=4674000163-00&ServiceCd=430&Type=search", "url2": "https://magokoro.or.jp" }, "geometry": { "type": "Point", "coordinates": [ 130.319867188829221, 31.423816009643399 ] } },
{ "type": "Feature", "properties": { "内容": "小山クリニック【居宅介護支援】鹿児島県南さつま市金峰町尾下３５４番地", "url": "https://www.kaigokensaku.mhlw.go.jp/46/index.php?action_kouhyou_detail_004_kani=true&JigyosyoCd=4614010389-00&ServiceCd=430&Type=search", "url2": null }, "geometry": { "type": "Point", "coordinates": [ 130.3450868, 31.4592564 ] } },
{ "type": "Feature", "properties": { "内容": "曽於医師会立居宅介護支援事業所【居宅介護支援】志布志市有明町野井倉8288番地1", "url": "https://www.kaigokensaku.mhlw.go.jp/46/index.php?action_kouhyou_detail_004_kani=true&JigyosyoCd=4676900105-00&ServiceCd=430&Type=search", "url2": "http://www.ne.jp/~r-ariake/" }, "geometry": { "type": "Point", "coordinates": [ 131.066721, 31.455654 ] } },
{ "type": "Feature", "properties": { "内容": "小松の里居宅介護支援事業所【居宅介護支援】鹿児島県志布志市有明町野井倉2006番地1", "url": "https://www.kaigokensaku.mhlw.go.jp/46/index.php?action_kouhyou_detail_004_kani=true&JigyosyoCd=4676900022-00&ServiceCd=430&Type=search", "url2": "https:/kinseikai.jp/" }, "geometry": { "type": "Point", "coordinates": [ 131.040539299999978, 31.4969806 ] } },
{ "type": "Feature", "properties": { "内容": "左右会介護支援センター【居宅介護支援】志布志町志布志1丁目13番1号", "url": "https://www.kaigokensaku.mhlw.go.jp/46/index.php?action_kouhyou_detail_004_kani=true&JigyosyoCd=4671700260-00&ServiceCd=430&Type=search", "url2": "http://www.sayuukai.or.jp" }, "geometry": { "type": "Point", "coordinates": [ 131.103069, 31.4767387 ] } },
{ "type": "Feature", "properties": { "内容": "在宅介護センターやっちく居宅介護支援事業所【居宅介護支援】鹿児島県志布志市松山町泰野字松ヶ迫1111番地", "url": "https://www.kaigokensaku.mhlw.go.jp/46/index.php?action_kouhyou_detail_004_kani=true&JigyosyoCd=4676700026-00&ServiceCd=430&Type=search", "url2": "https://yattikukai.or.jp/" }, "geometry": { "type": "Point", "coordinates": [ 131.0814225124725, 31.574601119840288 ] } },
{ "type": "Feature", "properties": { "内容": "介護相談センターみんなの樹【居宅介護支援】志布志町安楽２３２０番地２５", "url": "https://www.kaigokensaku.mhlw.go.jp/46/index.php?action_kouhyou_detail_004_kani=true&JigyosyoCd=4671700294-00&ServiceCd=430&Type=search", "url2": "https://minnanoki.co.jp/" }, "geometry": { "type": "Point", "coordinates": [ 131.079657797600447, 31.481577969584038 ] } },
{ "type": "Feature", "properties": { "内容": "志布志在宅介護総合センター賀寿園【居宅介護支援】鹿児島県志布志市志布志町安楽２９０３番地１特別養護老人ホーム賀寿園内", "url": "https://www.kaigokensaku.mhlw.go.jp/46/index.php?action_kouhyou_detail_004_kani=true&JigyosyoCd=4676800024-00&ServiceCd=430&Type=search", "url2": "http://www.ryuai.jp" }, "geometry": { "type": "Point", "coordinates": [ 131.087409100000059, 31.5013806 ] } },
{ "type": "Feature", "properties": { "内容": "びろうの樹【居宅介護支援】鹿児島県志布志市有明町野井倉５７７７番地７", "url": "https://www.kaigokensaku.mhlw.go.jp/46/index.php?action_kouhyou_detail_004_kani=true&JigyosyoCd=4614110171-00&ServiceCd=430&Type=search", "url2": "http://www.birounoki.com" }, "geometry": { "type": "Point", "coordinates": [ 131.057473155782645, 31.468275954835999 ] } },
{ "type": "Feature", "properties": { "内容": "志布志中央クリニック居宅介護支援事業所【居宅介護支援】鹿児島県志布志市志布志町志布志1290-1", "url": "https://www.kaigokensaku.mhlw.go.jp/46/index.php?action_kouhyou_detail_004_kani=true&JigyosyoCd=4676800164-00&ServiceCd=430&Type=search", "url2": null }, "geometry": { "type": "Point", "coordinates": [ 131.086259700000028, 31.483735 ] } },
{ "type": "Feature", "properties": { "内容": "社会福祉法人　志布志市社会福祉協議会　指定居宅介護支援事業所【居宅介護支援】鹿児島県志布志市志布志町志布志3222番地1志布志健康ふれあいプラザ", "url": "https://www.kaigokensaku.mhlw.go.jp/46/index.php?action_kouhyou_detail_004_kani=true&JigyosyoCd=4671700393-00&ServiceCd=430&Type=search", "url2": "http://shibushi-syakyo.jp/" }, "geometry": { "type": "Point", "coordinates": [ 131.099079800881071, 31.471707822346925 ] } },
{ "type": "Feature", "properties": { "内容": "指定居宅介護支援事業所　つばさ【居宅介護支援】鹿児島県奄美市名瀬小浜町３０番６号", "url": "https://www.kaigokensaku.mhlw.go.jp/46/index.php?action_kouhyou_detail_004_kani=true&JigyosyoCd=4670700790-00&ServiceCd=430&Type=search", "url2": null }, "geometry": { "type": "Point", "coordinates": [ 129.501612, 28.3839281 ] } },
{ "type": "Feature", "properties": { "内容": "居宅介護支援事業所こころ【居宅介護支援】名瀬浦上町31-8名瀬浦上町31-8", "url": "https://www.kaigokensaku.mhlw.go.jp/46/index.php?action_kouhyou_detail_004_kani=true&JigyosyoCd=4670701293-00&ServiceCd=430&Type=search", "url2": null }, "geometry": { "type": "Point", "coordinates": [ 129.531927099999962, 28.393803 ] } },
{ "type": "Feature", "properties": { "内容": "名瀬徳洲会介護センター【居宅介護支援】鹿児島県奄美市名瀬朝日町28-1名瀬徳洲会病院内", "url": "https://www.kaigokensaku.mhlw.go.jp/46/index.php?action_kouhyou_detail_004_kani=true&JigyosyoCd=4670700956-00&ServiceCd=430&Type=search", "url2": "www.nazetokushukai.jp" }, "geometry": { "type": "Point", "coordinates": [ 129.526325400000019, 28.3987104 ] } },
{ "type": "Feature", "properties": { "内容": "奄美市社協居宅介護支援事業所【居宅介護支援】奄美市名瀬長浜町５番６号奄美市社会福祉センター", "url": "https://www.kaigokensaku.mhlw.go.jp/46/index.php?action_kouhyou_detail_004_kani=true&JigyosyoCd=4670700584-00&ServiceCd=430&Type=search", "url2": "info@amamishakyo.org" }, "geometry": { "type": "Point", "coordinates": [ 129.494912500000027, 28.3903856 ] } },
{ "type": "Feature", "properties": { "内容": "笠利ケアプランセンター【居宅介護支援】奄美市笠利町中金久120", "url": "https://www.kaigokensaku.mhlw.go.jp/46/index.php?action_kouhyou_detail_004_kani=true&JigyosyoCd=4614210542-00&ServiceCd=430&Type=search", "url2": "kyotaku@kasarihp.jp" }, "geometry": { "type": "Point", "coordinates": [ 129.6764875, 28.4535582 ] } },
{ "type": "Feature", "properties": { "内容": "居宅介護支援事業所わかば【居宅介護支援】鹿児島県奄美市名瀬浦上町56-24", "url": "https://www.kaigokensaku.mhlw.go.jp/46/index.php?action_kouhyou_detail_004_kani=true&JigyosyoCd=4670701079-00&ServiceCd=430&Type=search", "url2": null }, "geometry": { "type": "Point", "coordinates": [ 129.538197200000013, 28.3911087 ] } },
{ "type": "Feature", "properties": { "内容": "きずな【居宅介護支援】鹿児島県奄美市名瀬浜里町４９番地", "url": "https://www.kaigokensaku.mhlw.go.jp/46/index.php?action_kouhyou_detail_004_kani=true&JigyosyoCd=4670700915-00&ServiceCd=430&Type=search", "url2": null }, "geometry": { "type": "Point", "coordinates": [ 129.471493621070891, 28.399014287300581 ] } },
{ "type": "Feature", "properties": { "内容": "むかいクリニック【居宅介護支援】鹿児島県奄美市名瀬小浜町２４－７むかいクリニック", "url": "https://www.kaigokensaku.mhlw.go.jp/46/index.php?action_kouhyou_detail_004_kani=true&JigyosyoCd=4670701186-00&ServiceCd=430&Type=search", "url2": null }, "geometry": { "type": "Point", "coordinates": [ 129.50125198465571, 28.385784591899814 ] } },
{ "type": "Feature", "properties": { "内容": "在宅介護支援センター住用の園【居宅介護支援】鹿児島県奄美市住用町大字摺勝字俊勝袋４５１番３", "url": "https://www.kaigokensaku.mhlw.go.jp/46/index.php?action_kouhyou_detail_004_kani=true&JigyosyoCd=4678700032-00&ServiceCd=430&Type=search", "url2": "http://sumiyounosono.jp/" }, "geometry": { "type": "Point", "coordinates": [ 129.442165757116754, 28.294715278851637 ] } },
{ "type": "Feature", "properties": { "内容": "らいふぴあ【居宅介護支援】鹿児島県奄美市名瀬和光町5-12", "url": "https://www.kaigokensaku.mhlw.go.jp/46/index.php?action_kouhyou_detail_004_kani=true&JigyosyoCd=4670701343-00&ServiceCd=430&Type=search", "url2": "lifepeer@knh.biglobe.ne.jp" }, "geometry": { "type": "Point", "coordinates": [ 129.5228669, 28.3897395 ] } },
{ "type": "Feature", "properties": { "内容": "奄美佳南園在宅介護支援センター【居宅介護支援】鹿児島県奄美市名瀬真名津町3番19号　辺木ビル1階", "url": "https://www.kaigokensaku.mhlw.go.jp/46/index.php?action_kouhyou_detail_004_kani=true&JigyosyoCd=4670700097-00&ServiceCd=430&Type=search", "url2": "http://www.seirei.or.jp/elderlyhome/amami/" }, "geometry": { "type": "Point", "coordinates": [ 129.499535705387899, 28.367459720408377 ] } },
{ "type": "Feature", "properties": { "内容": "居宅介護支援事業所　奄美中央病院【居宅介護支援】鹿児島県奄美市名瀬長浜町8-7", "url": "https://www.kaigokensaku.mhlw.go.jp/46/index.php?action_kouhyou_detail_004_kani=true&JigyosyoCd=4670700030-00&ServiceCd=430&Type=search", "url2": "http://amami-hca.or.jp" }, "geometry": { "type": "Point", "coordinates": [ 129.492954199999986, 28.3959849 ] } },
{ "type": "Feature", "properties": { "内容": "居宅介護支援事業所　しおさい【居宅介護支援】鹿児島県奄美市名瀬朝仁町２番１０号", "url": "https://www.kaigokensaku.mhlw.go.jp/46/index.php?action_kouhyou_detail_004_kani=true&JigyosyoCd=4670700881-00&ServiceCd=430&Type=search", "url2": null }, "geometry": { "type": "Point", "coordinates": [ 129.481342700000027, 28.399819900000011 ] } },
{ "type": "Feature", "properties": { "内容": "医療法人碧山会　居宅介護支援事業所たちがみ【居宅介護支援】鹿児島県奄美市笠利町節田1450-1", "url": "https://www.kaigokensaku.mhlw.go.jp/46/index.php?action_kouhyou_detail_004_kani=true&JigyosyoCd=4678900160-00&ServiceCd=430&Type=search", "url2": "https://amande.synapse.kagoshima.jp" }, "geometry": { "type": "Point", "coordinates": [ 129.6788444, 28.4132084 ] } },
{ "type": "Feature", "properties": { "内容": "芦穂の里在宅介護支援センター【居宅介護支援】名瀬大字芦花部字不津1470番地", "url": "https://www.kaigokensaku.mhlw.go.jp/46/index.php?action_kouhyou_detail_004_kani=true&JigyosyoCd=4670700055-00&ServiceCd=430&Type=search", "url2": null }, "geometry": { "type": "Point", "coordinates": [ 129.539118, 28.445751 ] } },
{ "type": "Feature", "properties": { "内容": "シダマ調剤薬局【居宅介護支援】鹿児島県奄美市名瀬幸町20番17号", "url": "https://www.kaigokensaku.mhlw.go.jp/46/index.php?action_kouhyou_detail_004_kani=true&JigyosyoCd=4670700816-00&ServiceCd=430&Type=search", "url2": null }, "geometry": { "type": "Point", "coordinates": [ 129.49329339999997, 28.3778249 ] } },
{ "type": "Feature", "properties": { "内容": "わんわん支援ネット【居宅介護支援】奄美市名瀬永田町4番15号", "url": "https://www.kaigokensaku.mhlw.go.jp/46/index.php?action_kouhyou_detail_004_kani=true&JigyosyoCd=4670700337-00&ServiceCd=430&Type=search", "url2": "http://wanwan.amamin.jp/" }, "geometry": { "type": "Point", "coordinates": [ 129.495042567675426, 28.376242179442592 ] } },
{ "type": "Feature", "properties": { "内容": "ケアサービスてて居宅介護支援事業所【居宅介護支援】鹿児島県奄美市笠利町大字屋仁8番地4", "url": "https://www.kaigokensaku.mhlw.go.jp/46/index.php?action_kouhyou_detail_004_kani=true&JigyosyoCd=4670700865-00&ServiceCd=430&Type=search", "url2": null }, "geometry": { "type": "Point", "coordinates": [ 129.657855989670821, 28.498636909558115 ] } },
{ "type": "Feature", "properties": { "内容": "居宅介護支援事業所　ほほえみ【居宅介護支援】鹿児島県奄美市名瀬有屋町29番地31号", "url": "https://www.kaigokensaku.mhlw.go.jp/46/index.php?action_kouhyou_detail_004_kani=true&JigyosyoCd=4670701301-00&ServiceCd=430&Type=search", "url2": null }, "geometry": { "type": "Point", "coordinates": [ 129.5279534, 28.3910261 ] } },
{ "type": "Feature", "properties": { "内容": "大島郡医師会居宅介護支援事業所【居宅介護支援】鹿児島県奄美市名瀬小宿3411番地", "url": "https://www.kaigokensaku.mhlw.go.jp/46/index.php?action_kouhyou_detail_004_kani=true&JigyosyoCd=4670700428-00&ServiceCd=430&Type=search", "url2": "http://hp.oshima-med.or.jp/kaigo/kkj" }, "geometry": { "type": "Point", "coordinates": [ 129.474406199999947, 28.3863716 ] } },
{ "type": "Feature", "properties": { "内容": "居宅介護支援元気力発電所【居宅介護支援】鹿児島県奄美市笠利町５１－７", "url": "https://www.kaigokensaku.mhlw.go.jp/46/index.php?action_kouhyou_detail_004_kani=true&JigyosyoCd=4670701384-00&ServiceCd=430&Type=search", "url2": null }, "geometry": { "type": "Point", "coordinates": [ 129.6905123, 28.4903671 ] } },
{ "type": "Feature", "properties": { "内容": "居宅介護支援事業所ゆい【居宅介護支援】笠利町喜瀬２４３１－７", "url": "https://www.kaigokensaku.mhlw.go.jp/46/index.php?action_kouhyou_detail_004_kani=true&JigyosyoCd=4670701038-00&ServiceCd=430&Type=search", "url2": null }, "geometry": { "type": "Point", "coordinates": [ 129.658427800000027, 28.4299152 ] } },
{ "type": "Feature", "properties": { "内容": "居宅介護支援事業所ひより【居宅介護支援】鹿児島県奄美市名瀬朝仁新町35番地23", "url": "https://www.kaigokensaku.mhlw.go.jp/46/index.php?action_kouhyou_detail_004_kani=true&JigyosyoCd=4670701392-00&ServiceCd=430&Type=search", "url2": "https://firm.mirai-amami.com/" }, "geometry": { "type": "Point", "coordinates": [ 129.4861682, 28.3946389 ] } },
{ "type": "Feature", "properties": { "内容": "指定居宅介護支援事業所　なら【居宅介護支援】鹿児島県奄美市名瀬久里町１０番７号", "url": "https://www.kaigokensaku.mhlw.go.jp/46/index.php?action_kouhyou_detail_004_kani=true&JigyosyoCd=4670700998-00&ServiceCd=430&Type=search", "url2": null }, "geometry": { "type": "Point", "coordinates": [ 129.4976378, 28.3747291 ] } },
{ "type": "Feature", "properties": { "内容": "ケアプランセンター　音野舎【居宅介護支援】鹿児島県南九州市知覧町郡2072-2", "url": "https://www.kaigokensaku.mhlw.go.jp/46/index.php?action_kouhyou_detail_004_kani=true&JigyosyoCd=4672600022-00&ServiceCd=430&Type=search", "url2": "ｈｔｔｐ：/ｗｗｗ．ｎｏｎｎｏｓｙａ．ｃｏｍ" }, "geometry": { "type": "Point", "coordinates": [ 130.432869200000027, 31.3543562 ] } },
{ "type": "Feature", "properties": { "内容": "望洋の里居宅介護支援事業所【居宅介護支援】南九州市頴娃町牧之内3769-1", "url": "https://www.kaigokensaku.mhlw.go.jp/46/index.php?action_kouhyou_detail_004_kani=true&JigyosyoCd=4672100015-00&ServiceCd=430&Type=search", "url2": "https://bouyou.synapse.kagoshima.jp/index.html" }, "geometry": { "type": "Point", "coordinates": [ 130.495603, 31.2486219 ] } },
{ "type": "Feature", "properties": { "内容": "憩いの里居宅介護支援事業所【居宅介護支援】鹿児島県南九州市知覧町永里４５７７番地３", "url": "https://www.kaigokensaku.mhlw.go.jp/46/index.php?action_kouhyou_detail_004_kani=true&JigyosyoCd=4672600014-00&ServiceCd=430&Type=search", "url2": "http://www.ikoi-chiran.com/" }, "geometry": { "type": "Point", "coordinates": [ 130.449425, 31.3684026 ] } },
{ "type": "Feature", "properties": { "内容": "川辺みどり園指定居宅介護支援事業所【居宅介護支援】南九州市川辺町清水10131番地2", "url": "https://www.kaigokensaku.mhlw.go.jp/46/index.php?action_kouhyou_detail_004_kani=true&JigyosyoCd=4672700012-00&ServiceCd=430&Type=search", "url2": "https://keijin-kai.org/" }, "geometry": { "type": "Point", "coordinates": [ 130.463250857810976, 31.433296679257232 ] } },
{ "type": "Feature", "properties": { "内容": "こぎく園居宅介護支援事業所【居宅介護支援】頴娃町別府６６１１番地３", "url": "https://www.kaigokensaku.mhlw.go.jp/46/index.php?action_kouhyou_detail_004_kani=true&JigyosyoCd=4672100031-00&ServiceCd=430&Type=search", "url2": "https://ookawafukushikai.jp/" }, "geometry": { "type": "Point", "coordinates": [ 130.4148963, 31.2563308 ] } },
{ "type": "Feature", "properties": { "内容": "居宅介護支援事業所こころ【居宅介護支援】鹿児島県南九州市頴娃町上別府2193番地1", "url": "https://www.kaigokensaku.mhlw.go.jp/46/index.php?action_kouhyou_detail_004_kani=true&JigyosyoCd=4674300480-00&ServiceCd=430&Type=search", "url2": null }, "geometry": { "type": "Point", "coordinates": [ 130.483329294974709, 31.29772293316929 ] } },
{ "type": "Feature", "properties": { "内容": "しせいそう居宅介護支援事業所【居宅介護支援】鹿児島県　南九州市　頴娃町　牧之内2228番地5", "url": "https://www.kaigokensaku.mhlw.go.jp/46/index.php?action_kouhyou_detail_004_kani=true&JigyosyoCd=4674300274-00&ServiceCd=430&Type=search", "url2": null }, "geometry": { "type": "Point", "coordinates": [ 130.486495734961323, 31.241069504131008 ] } },
{ "type": "Feature", "properties": { "内容": "川辺生協クリニック【居宅介護支援】鹿児島県南九州市川辺町両添1118番地", "url": "https://www.kaigokensaku.mhlw.go.jp/46/index.php?action_kouhyou_detail_004_kani=true&JigyosyoCd=4612310773-00&ServiceCd=430&Type=search", "url2": "http://kawanabe-seikyo.jp/" }, "geometry": { "type": "Point", "coordinates": [ 130.403254100000026, 31.3916423 ] } },
{ "type": "Feature", "properties": { "内容": "サザン地域医療・介護支援センター南九州【居宅介護支援】鹿児島県南九州市知覧町郡17810番地1", "url": "https://www.kaigokensaku.mhlw.go.jp/46/index.php?action_kouhyou_detail_004_kani=true&JigyosyoCd=4674300514-00&ServiceCd=430&Type=search", "url2": "なし" }, "geometry": { "type": "Point", "coordinates": [ 130.431997062078977, 31.360232482926119 ] } },
{ "type": "Feature", "properties": { "内容": "一歩居宅介護支援事業所【居宅介護支援】鹿児島県南九州市頴娃町上別府8413-1", "url": "https://www.kaigokensaku.mhlw.go.jp/46/index.php?action_kouhyou_detail_004_kani=true&JigyosyoCd=4674300191-00&ServiceCd=430&Type=search", "url2": "ippoyume66@yahoo.co.jp" }, "geometry": { "type": "Point", "coordinates": [ 130.441988680486986, 31.305774908277503 ] } },
{ "type": "Feature", "properties": { "内容": "寿光苑指定居宅介護支援事業所【居宅介護支援】南九州市川辺町田部田4848-4", "url": "https://www.kaigokensaku.mhlw.go.jp/46/index.php?action_kouhyou_detail_004_kani=true&JigyosyoCd=4672700020-00&ServiceCd=430&Type=search", "url2": "https://kikunokai.jp/related-facilities/jukouen/" }, "geometry": { "type": "Point", "coordinates": [ 130.389656100000025, 31.3868176 ] } },
{ "type": "Feature", "properties": { "内容": "シルバーライフちらん居宅介護支援事業所【居宅介護支援】鹿児島県南九州市知覧町塩屋１６０１６番地", "url": "https://www.kaigokensaku.mhlw.go.jp/46/index.php?action_kouhyou_detail_004_kani=true&JigyosyoCd=4672600071-00&ServiceCd=430&Type=search", "url2": null }, "geometry": { "type": "Point", "coordinates": [ 130.38199910000003, 31.2893897 ] } },
{ "type": "Feature", "properties": { "内容": "伊佐ガーデン歩【居宅介護支援】鹿児島県伊佐市菱刈前目654-51", "url": "https://www.kaigokensaku.mhlw.go.jp/46/index.php?action_kouhyou_detail_004_kani=true&JigyosyoCd=4674400181-00&ServiceCd=430&Type=search", "url2": null }, "geometry": { "type": "Point", "coordinates": [ 130.642616842050188, 32.008927127827789 ] } },
{ "type": "Feature", "properties": { "内容": "すずらんの里指定居宅介護支援事業所【居宅介護支援】伊佐市大口堂崎559番地2", "url": "https://www.kaigokensaku.mhlw.go.jp/46/index.php?action_kouhyou_detail_004_kani=true&JigyosyoCd=4670900010-00&ServiceCd=430&Type=search", "url2": "http://www.daiichikai.or.jp/" }, "geometry": { "type": "Point", "coordinates": [ 130.597840200000064, 32.0346601 ] } },
{ "type": "Feature", "properties": { "内容": "伊佐市社会福祉協議会居宅介護支援事業所【居宅介護支援】鹿児島県伊佐市菱刈前目７１１番地１", "url": "https://www.kaigokensaku.mhlw.go.jp/46/index.php?action_kouhyou_detail_004_kani=true&JigyosyoCd=4675100228-00&ServiceCd=430&Type=search", "url2": "https://sites.google.com/site/isashakyo/" }, "geometry": { "type": "Point", "coordinates": [ 130.637922717196716, 32.012505494735969 ] } },
{ "type": "Feature", "properties": { "内容": "居宅介護支援事業所　おうち生活応援団　伊佐事業所【居宅介護支援】鹿児島県伊佐市大口里3111-1", "url": "https://www.kaigokensaku.mhlw.go.jp/46/index.php?action_kouhyou_detail_004_kani=true&JigyosyoCd=4674400199-00&ServiceCd=430&Type=search", "url2": null }, "geometry": { "type": "Point", "coordinates": [ 130.611696199999983, 32.0627681 ] } },
{ "type": "Feature", "properties": { "内容": "はやひと居宅介護支援事業所【居宅介護支援】鹿児島県伊佐市大口青木3023番地14", "url": "https://www.kaigokensaku.mhlw.go.jp/46/index.php?action_kouhyou_detail_004_kani=true&JigyosyoCd=4670900028-00&ServiceCd=430&Type=search", "url2": "http://www.hayahito.com/" }, "geometry": { "type": "Point", "coordinates": [ 130.633281300000021, 32.0575841 ] } },
{ "type": "Feature", "properties": { "内容": "居宅介護支援事業所さざんか園【居宅介護支援】鹿児島県姶良市船津1700-11", "url": "https://www.kaigokensaku.mhlw.go.jp/46/index.php?action_kouhyou_detail_004_kani=true&JigyosyoCd=4675300026-00&ServiceCd=430&Type=search", "url2": "http://kenshofukushikai.com" }, "geometry": { "type": "Point", "coordinates": [ 130.633310199999983, 31.7253951 ] } },
{ "type": "Feature", "properties": { "内容": "よしどめ居宅介護支援事業所【居宅介護支援】姶良市蒲生町上久徳2561番地", "url": "https://www.kaigokensaku.mhlw.go.jp/46/index.php?action_kouhyou_detail_004_kani=true&JigyosyoCd=4675400016-00&ServiceCd=430&Type=search", "url2": "http://www.ichioukai.or.jp/" }, "geometry": { "type": "Point", "coordinates": [ 130.573034463079807, 31.760285065507738 ] } },
{ "type": "Feature", "properties": { "内容": "居宅介護支援事業所　ぬく杜【居宅介護支援】鹿児島県姶良市加治木町反土2156-5", "url": "https://www.kaigokensaku.mhlw.go.jp/46/index.php?action_kouhyou_detail_004_kani=true&JigyosyoCd=4675200325-00&ServiceCd=430&Type=search", "url2": "http://www.gyokushoukai.com/" }, "geometry": { "type": "Point", "coordinates": [ 130.6548914, 31.7451955 ] } },
{ "type": "Feature", "properties": { "内容": "居宅介護支援事業所　はな・はな【居宅介護支援】鹿児島県姶良市蒲生町上久徳４７番地1", "url": "https://www.kaigokensaku.mhlw.go.jp/46/index.php?action_kouhyou_detail_004_kani=true&JigyosyoCd=4674500998-00&ServiceCd=430&Type=search", "url2": null }, "geometry": { "type": "Point", "coordinates": [ 130.578851295535173, 31.761718941078176 ] } },
{ "type": "Feature", "properties": { "内容": "居宅介護支援事業所みんなのケアマネ【居宅介護支援】姶良市東餅田461-1ディアス姶良202", "url": "https://www.kaigokensaku.mhlw.go.jp/46/index.php?action_kouhyou_detail_004_kani=true&JigyosyoCd=4674500816-00&ServiceCd=430&Type=search", "url2": null }, "geometry": { "type": "Point", "coordinates": [ 130.631479197344959, 31.733948499490797 ] } },
{ "type": "Feature", "properties": { "内容": "ろうけん大楠居宅介護支援事業所【居宅介護支援】鹿児島県姶良市蒲生町下久徳１２５１番地", "url": "https://www.kaigokensaku.mhlw.go.jp/46/index.php?action_kouhyou_detail_004_kani=true&JigyosyoCd=4675400131-00&ServiceCd=430&Type=search", "url2": null }, "geometry": { "type": "Point", "coordinates": [ 130.595290400000067, 31.7511395 ] } },
{ "type": "Feature", "properties": { "内容": "大楠苑居宅介護支援事業所【居宅介護支援】蒲生町白男３２５番地１", "url": "https://www.kaigokensaku.mhlw.go.jp/46/index.php?action_kouhyou_detail_004_kani=true&JigyosyoCd=4675400024-00&ServiceCd=430&Type=search", "url2": "http://ookusuen.com/" }, "geometry": { "type": "Point", "coordinates": [ 130.567120299999942, 31.7619634 ] } },
{ "type": "Feature", "properties": { "内容": "まほろあいらケアプランセンター【居宅介護支援】鹿児島県姶良市平松3415番地1", "url": "https://www.kaigokensaku.mhlw.go.jp/46/index.php?action_kouhyou_detail_004_kani=true&JigyosyoCd=4675300406-00&ServiceCd=430&Type=search", "url2": "http://mahoro-aira.jp" }, "geometry": { "type": "Point", "coordinates": [ 130.597580431062624, 31.719441076531641 ] } },
{ "type": "Feature", "properties": { "内容": "たけうちクリニック居宅介護支援事業所【居宅介護支援】鹿児島県姶良市西餅田140番地", "url": "https://www.kaigokensaku.mhlw.go.jp/46/index.php?action_kouhyou_detail_004_kani=true&JigyosyoCd=4675300398-00&ServiceCd=430&Type=search", "url2": "http://www.kagoshima-med.jp/takeuchi-c/" }, "geometry": { "type": "Point", "coordinates": [ 130.628923799999939, 31.7356721 ] } },
{ "type": "Feature", "properties": { "内容": "医療法人　こころの陽　居宅介護支援事業所　虹の陽【居宅介護支援】姶良市宮島町55-8在宅医療支援センター　あいら", "url": "https://www.kaigokensaku.mhlw.go.jp/46/index.php?action_kouhyou_detail_004_kani=true&JigyosyoCd=4674500162-00&ServiceCd=430&Type=search", "url2": "http://www.kokoronohi.net" }, "geometry": { "type": "Point", "coordinates": [ 130.624446831877123, 31.72496390238037 ] } },
{ "type": "Feature", "properties": { "内容": "居宅介護支援事業所やすらぎの里【居宅介護支援】姶良市下名2992", "url": "https://www.kaigokensaku.mhlw.go.jp/46/index.php?action_kouhyou_detail_004_kani=true&JigyosyoCd=4674500857-00&ServiceCd=430&Type=search", "url2": "https://www.aira-yasuragi.com/service/care-support/" }, "geometry": { "type": "Point", "coordinates": [ 130.6190958, 31.7676758 ] } },
{ "type": "Feature", "properties": { "内容": "介護相談所さち【居宅介護支援】鹿児島県姶良市宮島町31-12", "url": "https://www.kaigokensaku.mhlw.go.jp/46/index.php?action_kouhyou_detail_004_kani=true&JigyosyoCd=4674500675-00&ServiceCd=430&Type=search", "url2": "https://careline-group.jp" }, "geometry": { "type": "Point", "coordinates": [ 130.627968844734653, 31.727087314694941 ] } },
{ "type": "Feature", "properties": { "内容": "居宅介護支援事業所　青雲【居宅介護支援】鹿児島県姶良市西餅田３０２４－１", "url": "https://www.kaigokensaku.mhlw.go.jp/46/index.php?action_kouhyou_detail_004_kani=true&JigyosyoCd=4675300372-00&ServiceCd=430&Type=search", "url2": null }, "geometry": { "type": "Point", "coordinates": [ 130.613400899999988, 31.7215178 ] } },
{ "type": "Feature", "properties": { "内容": "介護相談所クオラあいら【居宅介護支援】姶良市西餅田２３００番地１", "url": "https://www.kaigokensaku.mhlw.go.jp/46/index.php?action_kouhyou_detail_004_kani=true&JigyosyoCd=4675300356-00&ServiceCd=430&Type=search", "url2": "http://www.qoler.jp" }, "geometry": { "type": "Point", "coordinates": [ 130.618010773263507, 31.728637069400584 ] } },
{ "type": "Feature", "properties": { "内容": "ケアプランセンターぷらす【居宅介護支援】鹿児島県姶良市加治木町木田1133番地", "url": "https://www.kaigokensaku.mhlw.go.jp/46/index.php?action_kouhyou_detail_004_kani=true&JigyosyoCd=4674500790-00&ServiceCd=430&Type=search", "url2": "http://carenet-group.jp/" }, "geometry": { "type": "Point", "coordinates": [ 130.650782, 31.7309865 ] } },
{ "type": "Feature", "properties": { "内容": "ザ王病院【居宅介護支援】鹿児島県姶良市加治木町反土２１５１－１", "url": "https://www.kaigokensaku.mhlw.go.jp/46/index.php?action_kouhyou_detail_004_kani=true&JigyosyoCd=4675200333-00&ServiceCd=430&Type=search", "url2": "http://zaouhp.jp/" }, "geometry": { "type": "Point", "coordinates": [ 130.6656408, 31.7463845 ] } },
{ "type": "Feature", "properties": { "内容": "尾田内科胃腸科　居宅介護支援事業所【居宅介護支援】鹿児島県姶良市平松４７３０", "url": "https://www.kaigokensaku.mhlw.go.jp/46/index.php?action_kouhyou_detail_004_kani=true&JigyosyoCd=4675300380-00&ServiceCd=430&Type=search", "url2": "https://odanaika-ityouka.com/" }, "geometry": { "type": "Point", "coordinates": [ 130.6033579, 31.7124405 ] } },
{ "type": "Feature", "properties": { "内容": "ケアプランセンター心乃音【居宅介護支援】鹿児島県姶良市平松6320番地4", "url": "https://www.kaigokensaku.mhlw.go.jp/46/index.php?action_kouhyou_detail_004_kani=true&JigyosyoCd=4674501111-00&ServiceCd=430&Type=search", "url2": null }, "geometry": { "type": "Point", "coordinates": [ 130.6080754, 31.71052 ] } },
{ "type": "Feature", "properties": { "内容": "ケアプランセンターウイング【居宅介護支援】鹿児島県姶良市東餅田1442-1", "url": "https://www.kaigokensaku.mhlw.go.jp/46/index.php?action_kouhyou_detail_004_kani=true&JigyosyoCd=4674500287-00&ServiceCd=430&Type=search", "url2": "http://wing-smile.com/" }, "geometry": { "type": "Point", "coordinates": [ 130.637604099999976, 31.7301501 ] } },
{ "type": "Feature", "properties": { "内容": "ろうけん姶良【居宅介護支援】鹿児島県姶良市平松5062番地", "url": "https://www.kaigokensaku.mhlw.go.jp/46/index.php?action_kouhyou_detail_004_kani=true&JigyosyoCd=4652880065-00&ServiceCd=430&Type=search", "url2": "https://www.daishin-kibou.com/" }, "geometry": { "type": "Point", "coordinates": [ 130.59741669999994, 31.7124431 ] } },
{ "type": "Feature", "properties": { "内容": "介護相談所　まつのき【居宅介護支援】鹿児島県姶良市加治木町木田707番地2", "url": "https://www.kaigokensaku.mhlw.go.jp/46/index.php?action_kouhyou_detail_004_kani=true&JigyosyoCd=4674500543-00&ServiceCd=430&Type=search", "url2": null }, "geometry": { "type": "Point", "coordinates": [ 130.652736299999987, 31.7330772 ] } },
{ "type": "Feature", "properties": { "内容": "居宅介護支援事業所ひかり【居宅介護支援】加治木町錦江町94番地", "url": "https://www.kaigokensaku.mhlw.go.jp/46/index.php?action_kouhyou_detail_004_kani=true&JigyosyoCd=4674500741-00&ServiceCd=430&Type=search", "url2": null }, "geometry": { "type": "Point", "coordinates": [ 130.660697900000059, 31.735392 ] } },
{ "type": "Feature", "properties": { "内容": "ひびき居宅介護支援事業所【居宅介護支援】鹿児島県姶良市三拾町25番地4", "url": "https://www.kaigokensaku.mhlw.go.jp/46/index.php?action_kouhyou_detail_004_kani=true&JigyosyoCd=4674500238-00&ServiceCd=430&Type=search", "url2": "https://greenleaf-life.com" }, "geometry": { "type": "Point", "coordinates": [ 130.61796030000005, 31.7510152 ] } },
{ "type": "Feature", "properties": { "内容": "ケアプランセンター楓凛【居宅介護支援】鹿児島県姶良市西姶良4丁目15－14", "url": "https://www.kaigokensaku.mhlw.go.jp/46/index.php?action_kouhyou_detail_004_kani=true&JigyosyoCd=4674501079-00&ServiceCd=430&Type=search", "url2": null }, "geometry": { "type": "Point", "coordinates": [ 130.601369, 31.7350336 ] } },
{ "type": "Feature", "properties": { "内容": "晶貴会居宅支援事業所【居宅介護支援】鹿児島県姶良市加治木町木田4719-1", "url": "https://www.kaigokensaku.mhlw.go.jp/46/index.php?action_kouhyou_detail_004_kani=true&JigyosyoCd=4675200028-00&ServiceCd=430&Type=search", "url2": "http://bougakuen.jp/kyotaku/" }, "geometry": { "type": "Point", "coordinates": [ 130.662796807409677, 31.750612677675637 ] } },
{ "type": "Feature", "properties": { "内容": "ｱﾙﾃﾝﾊｲﾑ鶴宮園居宅介護支援ｾﾝﾀｰ【居宅介護支援】鹿児島県薩摩郡さつま町紫尾4088-1", "url": "https://www.kaigokensaku.mhlw.go.jp/46/index.php?action_kouhyou_detail_004_kani=true&JigyosyoCd=4674000023-00&ServiceCd=430&Type=search", "url2": "tsurumiyaen.jp/" }, "geometry": { "type": "Point", "coordinates": [ 130.435605900000041, 31.9508318 ] } },
{ "type": "Feature", "properties": { "内容": "居宅介護支援事業所さつま園【居宅介護支援】鹿児島県薩摩郡さつま町求名13341番地1", "url": "https://www.kaigokensaku.mhlw.go.jp/46/index.php?action_kouhyou_detail_004_kani=true&JigyosyoCd=4674100039-00&ServiceCd=430&Type=search", "url2": "http://www.satsumaen.jp/" }, "geometry": { "type": "Point", "coordinates": [ 130.536606200000051, 31.9176492 ] } },
{ "type": "Feature", "properties": { "内容": "稲津内科病院居宅介護支援事業所【居宅介護支援】鹿児島県薩摩郡さつま町宮之城屋地1378", "url": "https://www.kaigokensaku.mhlw.go.jp/46/index.php?action_kouhyou_detail_004_kani=true&JigyosyoCd=4673900256-00&ServiceCd=430&Type=search", "url2": null }, "geometry": { "type": "Point", "coordinates": [ 130.45388509999998, 31.8977713 ] } },
{ "type": "Feature", "properties": { "内容": "介護相談所クオラ　さつま【居宅介護支援】薩摩郡さつま町船木2311番地6", "url": "https://www.kaigokensaku.mhlw.go.jp/46/index.php?action_kouhyou_detail_004_kani=true&JigyosyoCd=4673900033-00&ServiceCd=430&Type=search", "url2": "kyotaku-s@qoler.jp" }, "geometry": { "type": "Point", "coordinates": [ 130.439926300000025, 31.8733988 ] } },
{ "type": "Feature", "properties": { "内容": "居宅介護支援事業所　パラディーノ　ほたるの里【居宅介護支援】鹿児島県薩摩郡さつま町柏原493-5", "url": "https://www.kaigokensaku.mhlw.go.jp/46/index.php?action_kouhyou_detail_004_kani=true&JigyosyoCd=4652580020-00&ServiceCd=430&Type=search", "url2": null }, "geometry": { "type": "Point", "coordinates": [ 130.457508700000062, 31.9314979 ] } },
{ "type": "Feature", "properties": { "内容": "居宅介護支援事業所ツナグ【居宅介護支援】鹿児島県薩摩郡さつま町宮之城屋地2818番地", "url": "https://www.kaigokensaku.mhlw.go.jp/46/index.php?action_kouhyou_detail_004_kani=true&JigyosyoCd=4673900322-00&ServiceCd=430&Type=search", "url2": null }, "geometry": { "type": "Point", "coordinates": [ 130.459466099999986, 31.9104095 ] } },
{ "type": "Feature", "properties": { "内容": "介護相談所ひかり【居宅介護支援】鹿児島県薩摩郡さつま町虎居町２番地５", "url": "https://www.kaigokensaku.mhlw.go.jp/46/index.php?action_kouhyou_detail_004_kani=true&JigyosyoCd=4673900348-00&ServiceCd=430&Type=search", "url2": null }, "geometry": { "type": "Point", "coordinates": [ 130.4515941, 31.9071306 ] } },
{ "type": "Feature", "properties": { "内容": "居宅介護支援事業所桃源郷【居宅介護支援】鹿児島県出水郡長島町鷹巣740－2", "url": "https://www.kaigokensaku.mhlw.go.jp/46/index.php?action_kouhyou_detail_004_kani=true&JigyosyoCd=4674900016-00&ServiceCd=430&Type=search", "url2": null }, "geometry": { "type": "Point", "coordinates": [ 130.179571500000065, 32.196461 ] } },
{ "type": "Feature", "properties": { "内容": "あかね園居宅介護支援センター【居宅介護支援】鹿児島県出水郡長島町城川内2331-8", "url": "https://www.kaigokensaku.mhlw.go.jp/46/index.php?action_kouhyou_detail_004_kani=true&JigyosyoCd=4675000063-00&ServiceCd=430&Type=search", "url2": null }, "geometry": { "type": "Point", "coordinates": [ 130.1192863, 32.1199304 ] } },
{ "type": "Feature", "properties": { "内容": "居宅介護支援センター達者の家【居宅介護支援】鹿児島県出水郡長島町鷹巣1799-1", "url": "https://www.kaigokensaku.mhlw.go.jp/46/index.php?action_kouhyou_detail_004_kani=true&JigyosyoCd=4675000188-00&ServiceCd=430&Type=search", "url2": "http://www.carecraftsman.com/" }, "geometry": { "type": "Point", "coordinates": [ 130.177260883127474, 32.19785791425312 ] } },
{ "type": "Feature", "properties": { "内容": "ケアプランセンター和【居宅介護支援】鹿児島県姶良郡湧水町木場3210-7", "url": "https://www.kaigokensaku.mhlw.go.jp/46/index.php?action_kouhyou_detail_004_kani=true&JigyosyoCd=4675700340-00&ServiceCd=430&Type=search", "url2": null }, "geometry": { "type": "Point", "coordinates": [ 130.738289900000012, 31.944387 ] } },
{ "type": "Feature", "properties": { "内容": "生活サポートセンター　えがお【居宅介護支援】鹿児島県姶良郡湧水町木場956番地6", "url": "https://www.kaigokensaku.mhlw.go.jp/46/index.php?action_kouhyou_detail_004_kani=true&JigyosyoCd=4675700241-00&ServiceCd=430&Type=search", "url2": "https://smilelifecare.jp/" }, "geometry": { "type": "Point", "coordinates": [ 130.72442419999993, 31.9521885 ] } },
{ "type": "Feature", "properties": { "内容": "つつはの園居宅介護支援事業所【居宅介護支援】鹿児島県姶良郡湧水町般若寺３５８番地", "url": "https://www.kaigokensaku.mhlw.go.jp/46/index.php?action_kouhyou_detail_004_kani=true&JigyosyoCd=4675800025-00&ServiceCd=430&Type=search", "url2": null }, "geometry": { "type": "Point", "coordinates": [ 130.745011081089814, 32.039400821379786 ] } },
{ "type": "Feature", "properties": { "内容": "在宅介護支援センターグリーン光芳【居宅介護支援】鹿児島県姶良郡湧水町米永2387番地", "url": "https://www.kaigokensaku.mhlw.go.jp/46/index.php?action_kouhyou_detail_004_kani=true&JigyosyoCd=4675700076-00&ServiceCd=430&Type=search", "url2": "http://greenkouhouyusui.ec-net.jp/" }, "geometry": { "type": "Point", "coordinates": [ 130.721105800000032, 31.9252629 ] } },
{ "type": "Feature", "properties": { "内容": "居宅介護支援事業所　ほほえみ【居宅介護支援】鹿児島県姶良郡湧水町中津川1086-1", "url": "https://www.kaigokensaku.mhlw.go.jp/46/index.php?action_kouhyou_detail_004_kani=true&JigyosyoCd=4675700308-00&ServiceCd=430&Type=search", "url2": null }, "geometry": { "type": "Point", "coordinates": [ 130.745383700000048, 32.0190034 ] } },
{ "type": "Feature", "properties": { "内容": "居宅介護支援事業所さくら【居宅介護支援】鹿児島県姶良郡湧水町鶴丸６２２－５", "url": "https://www.kaigokensaku.mhlw.go.jp/46/index.php?action_kouhyou_detail_004_kani=true&JigyosyoCd=4675700167-00&ServiceCd=430&Type=search", "url2": null }, "geometry": { "type": "Point", "coordinates": [ 130.7483827, 32.030601400000016 ] } },
{ "type": "Feature", "properties": { "内容": "回生園介護センター【居宅介護支援】曽於郡大崎町菱田家戸原３０６３番地", "url": "https://www.kaigokensaku.mhlw.go.jp/46/index.php?action_kouhyou_detail_004_kani=true&JigyosyoCd=4677000012-00&ServiceCd=430&Type=search", "url2": "http://www.kaiseien-sanpokai.jp" }, "geometry": { "type": "Point", "coordinates": [ 131.022613880412337, 31.452765150041159 ] } },
{ "type": "Feature", "properties": { "内容": "居宅介護支援事業所　茶の花【居宅介護支援】持留1167-4", "url": "https://www.kaigokensaku.mhlw.go.jp/46/index.php?action_kouhyou_detail_004_kani=true&JigyosyoCd=4677000244-00&ServiceCd=430&Type=search", "url2": "https://happy-support-web.com/" }, "geometry": { "type": "Point", "coordinates": [ 130.954397373426445, 31.450829695374544 ] } },
{ "type": "Feature", "properties": { "内容": "社会福祉法人大崎町社会福祉協議会　指定居宅介護支援事業所【居宅介護支援】鹿児島県曽於郡大崎町仮宿１８７０番地", "url": "https://www.kaigokensaku.mhlw.go.jp/46/index.php?action_kouhyou_detail_004_kani=true&JigyosyoCd=4677000038-00&ServiceCd=430&Type=search", "url2": null }, "geometry": { "type": "Point", "coordinates": [ 131.012221935365233, 31.430978794597319 ] } },
{ "type": "Feature", "properties": { "内容": "居宅介護支援事業所　サンセリテのがた【居宅介護支援】鹿児島県曽於郡大崎町野方6047番地3", "url": "https://www.kaigokensaku.mhlw.go.jp/46/index.php?action_kouhyou_detail_004_kani=true&JigyosyoCd=4677000046-00&ServiceCd=430&Type=search", "url2": "http://www.reishinkai.or.jp/" }, "geometry": { "type": "Point", "coordinates": [ 130.942177018754563, 31.509039434515007 ] } },
{ "type": "Feature", "properties": { "内容": "明光園居宅介護支援事業所【居宅介護支援】鹿児島県肝属郡東串良町川東3800番地養護老人ホーム明光園", "url": "https://www.kaigokensaku.mhlw.go.jp/46/index.php?action_kouhyou_detail_004_kani=true&JigyosyoCd=4677200307-00&ServiceCd=430&Type=search", "url2": null }, "geometry": { "type": "Point", "coordinates": [ 131.007825700000012, 31.3730853 ] } },
{ "type": "Feature", "properties": { "内容": "居宅介護支援事業所　南の太陽【居宅介護支援】鹿児島県肝属郡東串良町池之原2761-2", "url": "https://www.kaigokensaku.mhlw.go.jp/46/index.php?action_kouhyou_detail_004_kani=true&JigyosyoCd=4677200125-00&ServiceCd=430&Type=search", "url2": "http://www.minaminotaiyo.co.jp/" }, "geometry": { "type": "Point", "coordinates": [ 130.969741977826374, 31.397943140360464 ] } },
{ "type": "Feature", "properties": { "内容": "ルーピンの里居宅介護支援事業所【居宅介護支援】鹿児島県肝属郡東串良町池之原2077番地1", "url": "https://www.kaigokensaku.mhlw.go.jp/46/index.php?action_kouhyou_detail_004_kani=true&JigyosyoCd=4677200034-00&ServiceCd=430&Type=search", "url2": "http://www.ru-pin.jp" }, "geometry": { "type": "Point", "coordinates": [ 130.978752500000041, 31.3941942 ] } },
{ "type": "Feature", "properties": { "内容": "社会福祉法人錦江町社会福祉協議会指定居宅介護支援事業所【居宅介護支援】鹿児島県肝属郡錦江町城元963番地", "url": "https://www.kaigokensaku.mhlw.go.jp/46/index.php?action_kouhyou_detail_004_kani=true&JigyosyoCd=4677600118-00&ServiceCd=430&Type=search", "url2": null }, "geometry": { "type": "Point", "coordinates": [ 130.787231315760749, 31.243155814659872 ] } },
{ "type": "Feature", "properties": { "内容": "青山荘指定居宅介護支援事業所【居宅介護支援】馬場１１３４－１", "url": "https://www.kaigokensaku.mhlw.go.jp/46/index.php?action_kouhyou_detail_004_kani=true&JigyosyoCd=4677600019-00&ServiceCd=430&Type=search", "url2": "http://www.k-seizanso.jp/index.htm" }, "geometry": { "type": "Point", "coordinates": [ 130.774411641565052, 31.238490210089783 ] } },
{ "type": "Feature", "properties": { "内容": "居宅介護支援事業所南松園【居宅介護支援】鹿児島県肝属郡錦江町田代川原369番地", "url": "https://www.kaigokensaku.mhlw.go.jp/46/index.php?action_kouhyou_detail_004_kani=true&JigyosyoCd=4677800015-00&ServiceCd=430&Type=search", "url2": "http://nansyouen.jp" }, "geometry": { "type": "Point", "coordinates": [ 130.835848700000042, 31.1905602 ] } },
{ "type": "Feature", "properties": { "内容": "肝属郡医師会立指定居宅介護支援事業所みなみかぜ【居宅介護支援】鹿児島県肝属郡錦江町神川88番地1", "url": "https://www.kaigokensaku.mhlw.go.jp/46/index.php?action_kouhyou_detail_004_kani=true&JigyosyoCd=4677600027-00&ServiceCd=430&Type=search", "url2": "http://k-minamikaze.jp/" }, "geometry": { "type": "Point", "coordinates": [ 130.791361234918213, 31.260240533091981 ] } },
{ "type": "Feature", "properties": { "内容": "ケアリンク　菜の花【居宅介護支援】鹿児島県肝属郡錦江町馬場998-1", "url": "https://www.kaigokensaku.mhlw.go.jp/46/index.php?action_kouhyou_detail_004_kani=true&JigyosyoCd=4677600159-00&ServiceCd=430&Type=search", "url2": "https://nanohana.aply.jp/" }, "geometry": { "type": "Point", "coordinates": [ 130.7780381, 31.2375698 ] } },
{ "type": "Feature", "properties": { "内容": "ケアプランセンター奏でる【居宅介護支援】鹿児島県肝属郡南大隅町根占川北91-2", "url": "https://www.kaigokensaku.mhlw.go.jp/46/index.php?action_kouhyou_detail_004_kani=true&JigyosyoCd=4677700207-00&ServiceCd=430&Type=search", "url2": null }, "geometry": { "type": "Point", "coordinates": [ 130.7646273, 31.2190094 ] } },
{ "type": "Feature", "properties": { "内容": "社会福祉法人南大隅町社会福祉協議会居宅介護支援事業所【居宅介護支援】鹿児島県肝属郡南大隅町根占川南3256番地3南大隅町老人福祉センター内", "url": "https://www.kaigokensaku.mhlw.go.jp/46/index.php?action_kouhyou_detail_004_kani=true&JigyosyoCd=4677700157-00&ServiceCd=430&Type=search", "url2": null }, "geometry": { "type": "Point", "coordinates": [ 130.778097200000047, 31.2115191 ] } },
{ "type": "Feature", "properties": { "内容": "蒼水園指定居宅介護支援事業所【居宅介護支援】鹿児島県肝属郡南大隅町根占山本1250番地1", "url": "https://www.kaigokensaku.mhlw.go.jp/46/index.php?action_kouhyou_detail_004_kani=true&JigyosyoCd=4677700017-00&ServiceCd=430&Type=search", "url2": "https://sousuien.org" }, "geometry": { "type": "Point", "coordinates": [ 130.774892099999988, 31.203528 ] } },
{ "type": "Feature", "properties": { "内容": "介護相談　かたりば【居宅介護支援】鹿児島県肝属郡肝付町新富726-1", "url": "https://www.kaigokensaku.mhlw.go.jp/46/index.php?action_kouhyou_detail_004_kani=true&JigyosyoCd=4677300396-00&ServiceCd=430&Type=search", "url2": "http://ww.kk-thmm.com" }, "geometry": { "type": "Point", "coordinates": [ 130.95056790000001, 31.3461295 ] } },
{ "type": "Feature", "properties": { "内容": "居宅介護支援事業所　結芽【居宅介護支援】鹿児島県肝属郡肝付町後田５５６８番地１", "url": "https://www.kaigokensaku.mhlw.go.jp/46/index.php?action_kouhyou_detail_004_kani=true&JigyosyoCd=4677300297-00&ServiceCd=430&Type=search", "url2": null }, "geometry": { "type": "Point", "coordinates": [ 130.92366549999997, 31.3125204 ] } },
{ "type": "Feature", "properties": { "内容": "社会福祉法人肝付町社会福祉協議会居宅介護支援内之浦事業所【居宅介護支援】鹿児島県肝属郡肝付町南方2,643番地", "url": "https://www.kaigokensaku.mhlw.go.jp/46/index.php?action_kouhyou_detail_004_kani=true&JigyosyoCd=4677300073-00&ServiceCd=430&Type=search", "url2": "http://www5.synapse.ne.jp/kt-syakyou/" }, "geometry": { "type": "Point", "coordinates": [ 131.077314399999977, 31.2752861 ] } },
{ "type": "Feature", "properties": { "内容": "在宅介護支援センター老春苑居宅介護支援事業所【居宅介護支援】鹿児島県肝属郡肝付町新富525番地", "url": "https://www.kaigokensaku.mhlw.go.jp/46/index.php?action_kouhyou_detail_004_kani=true&JigyosyoCd=4677400097-00&ServiceCd=430&Type=search", "url2": "http://www.synapse.ne.jp/syunyoukai/" }, "geometry": { "type": "Point", "coordinates": [ 130.9470781, 31.3518693 ] } },
{ "type": "Feature", "properties": { "内容": "花神荘居宅支援事業所【居宅介護支援】肝属郡肝付町後田5375番地", "url": "https://www.kaigokensaku.mhlw.go.jp/46/index.php?action_kouhyou_detail_004_kani=true&JigyosyoCd=4677400022-00&ServiceCd=430&Type=search", "url2": "https://kasinsou.com/" }, "geometry": { "type": "Point", "coordinates": [ 130.92187, 31.3327513 ] } },
{ "type": "Feature", "properties": { "内容": "居宅介護支援事業所　こころ【居宅介護支援】鹿児島県肝属郡肝付町新富4390番地", "url": "https://www.kaigokensaku.mhlw.go.jp/46/index.php?action_kouhyou_detail_004_kani=true&JigyosyoCd=4677300339-00&ServiceCd=430&Type=search", "url2": null }, "geometry": { "type": "Point", "coordinates": [ 130.962185, 31.34667 ] } },
{ "type": "Feature", "properties": { "内容": "居宅介護支援事業所はる【居宅介護支援】後田2363-13住宅型有料老人ホームはる", "url": "https://www.kaigokensaku.mhlw.go.jp/46/index.php?action_kouhyou_detail_004_kani=true&JigyosyoCd=4677300206-00&ServiceCd=430&Type=search", "url2": "PC-care.haru@po2.synapse.ne.jp" }, "geometry": { "type": "Point", "coordinates": [ 130.926236, 31.3386396 ] } },
{ "type": "Feature", "properties": { "内容": "居宅介護支援事業所千乃華【居宅介護支援】鹿児島県肝属郡肝付町後田3239−１鹿児島県肝属郡肝付町後田3239−１", "url": "https://www.kaigokensaku.mhlw.go.jp/46/index.php?action_kouhyou_detail_004_kani=true&JigyosyoCd=4677300420-00&ServiceCd=430&Type=search", "url2": null }, "geometry": { "type": "Point", "coordinates": [ 130.948590599999989, 31.2784321 ] } },
{ "type": "Feature", "properties": { "内容": "中種子町社会福祉協議会居宅介護支援事業所【居宅介護支援】野間６５８４－２中種子町福祉センター", "url": "https://www.kaigokensaku.mhlw.go.jp/46/index.php?action_kouhyou_detail_004_kani=true&JigyosyoCd=4678000052-00&ServiceCd=430&Type=search", "url2": "http://nakatane-shakyo.jp" }, "geometry": { "type": "Point", "coordinates": [ 130.953864599999946, 30.5214677 ] } },
{ "type": "Feature", "properties": { "内容": "種子屋久農業協同組合指定居宅介護支援事業くまげ事業所【居宅介護支援】鹿児島県熊毛郡中種子町野間5281番地", "url": "https://www.kaigokensaku.mhlw.go.jp/46/index.php?action_kouhyou_detail_004_kani=true&JigyosyoCd=4678000250-00&ServiceCd=430&Type=search", "url2": null }, "geometry": { "type": "Point", "coordinates": [ 130.959620808004018, 30.531776497946225 ] } },
{ "type": "Feature", "properties": { "内容": "南界園居宅介護支援センター【居宅介護支援】熊毛郡中種子町田島327-1", "url": "https://www.kaigokensaku.mhlw.go.jp/46/index.php?action_kouhyou_detail_004_kani=true&JigyosyoCd=4678000011-00&ServiceCd=430&Type=search", "url2": "https://nankaien.jiaikai-k.or.jp/kyotaku" }, "geometry": { "type": "Point", "coordinates": [ 130.940920600000027, 30.4812014 ] } },
{ "type": "Feature", "properties": { "内容": "種子屋久農業協同組合【居宅介護支援】鹿児島県熊毛郡中種子町野間5281番地", "url": "https://www.kaigokensaku.mhlw.go.jp/46/index.php?action_kouhyou_detail_004_kani=true&JigyosyoCd=4671300269-00&ServiceCd=430&Type=search", "url2": "www.ks--ja.or.jp/taneyaku" }, "geometry": { "type": "Point", "coordinates": [ 130.95964140000001, 30.5318169 ] } },
{ "type": "Feature", "properties": { "内容": "芙蓉苑居宅介護支援センター【居宅介護支援】熊毛郡南種子町中之上1702-4", "url": "https://www.kaigokensaku.mhlw.go.jp/46/index.php?action_kouhyou_detail_004_kani=true&JigyosyoCd=4678100019-00&ServiceCd=430&Type=search", "url2": null }, "geometry": { "type": "Point", "coordinates": [ 130.913335299999972, 30.4361034 ] } },
{ "type": "Feature", "properties": { "内容": "社会福祉法人　南種子町社会福祉協議会指定居宅介護支援事業所【居宅介護支援】鹿児島県熊毛郡南種子町中之上2283番地", "url": "https://www.kaigokensaku.mhlw.go.jp/46/index.php?action_kouhyou_detail_004_kani=true&JigyosyoCd=4678100035-00&ServiceCd=430&Type=search", "url2": "http://minamitaneshakyo.sakura.ne.jp" }, "geometry": { "type": "Point", "coordinates": [ 130.903534799999989, 30.4133323 ] } },
{ "type": "Feature", "properties": { "内容": "居宅介護支援事業所　がじゅまる【居宅介護支援】鹿児島県熊毛郡南種子町中之上2759番地8", "url": "https://www.kaigokensaku.mhlw.go.jp/46/index.php?action_kouhyou_detail_004_kani=true&JigyosyoCd=4678100183-00&ServiceCd=430&Type=search", "url2": "https://roots-2018.jp/" }, "geometry": { "type": "Point", "coordinates": [ 130.900916379271905, 30.416841264138213 ] } },
{ "type": "Feature", "properties": { "内容": "居宅介護支援事業所　スケッチライフ竜天館【居宅介護支援】鹿児島県熊毛郡屋久島町船行1068番3", "url": "https://www.kaigokensaku.mhlw.go.jp/46/index.php?action_kouhyou_detail_004_kani=true&JigyosyoCd=4678300015-00&ServiceCd=430&Type=search", "url2": null }, "geometry": { "type": "Point", "coordinates": [ 130.6546998, 30.3438181 ] } },
{ "type": "Feature", "properties": { "内容": "屋久島町社協　居宅介護支援事業所【居宅介護支援】鹿児島県熊毛郡屋久島町尾之間459-1", "url": "https://www.kaigokensaku.mhlw.go.jp/46/index.php?action_kouhyou_detail_004_kani=true&JigyosyoCd=4678200223-00&ServiceCd=430&Type=search", "url2": null }, "geometry": { "type": "Point", "coordinates": [ 130.556851199999983, 30.2357105 ] } },
{ "type": "Feature", "properties": { "内容": "医療法人徳洲会　屋久島徳洲会介護センター【居宅介護支援】宮之浦2467番地", "url": "https://www.kaigokensaku.mhlw.go.jp/46/index.php?action_kouhyou_detail_004_kani=true&JigyosyoCd=4678200124-00&ServiceCd=430&Type=search", "url2": "http://yakutoku.com/" }, "geometry": { "type": "Point", "coordinates": [ 130.586549800000057, 30.4183409 ] } },
{ "type": "Feature", "properties": { "内容": "大和村社会福祉協議会　居宅介護支援事業所【居宅介護支援】鹿児島県大島郡大和村戸円１８８２－３大和村老人福祉センター", "url": "https://www.kaigokensaku.mhlw.go.jp/46/index.php?action_kouhyou_detail_004_kani=true&JigyosyoCd=4678400013-00&ServiceCd=430&Type=search", "url2": null }, "geometry": { "type": "Point", "coordinates": [ 129.315994600000067, 28.346787900000017 ] } },
{ "type": "Feature", "properties": { "内容": "社会福祉法人　宇検村社会福祉協議会【居宅介護支援】鹿児島県大島郡宇検村湯湾2937-87宇検村地域福祉センター　やけうちの里", "url": "https://www.kaigokensaku.mhlw.go.jp/46/index.php?action_kouhyou_detail_004_kani=true&JigyosyoCd=4678500010-00&ServiceCd=430&Type=search", "url2": null }, "geometry": { "type": "Point", "coordinates": [ 129.295736799999986, 28.27424 ] } },
{ "type": "Feature", "properties": { "内容": "居宅介護支援事業所　虹の園【居宅介護支援】鹿児島県大島郡宇検村須古2番地4号", "url": "https://www.kaigokensaku.mhlw.go.jp/46/index.php?action_kouhyou_detail_004_kani=true&JigyosyoCd=4678500028-00&ServiceCd=430&Type=search", "url2": null }, "geometry": { "type": "Point", "coordinates": [ 129.29953660000001, 28.2719265 ] } },
{ "type": "Feature", "properties": { "内容": "加計呂麻園居宅介護支援事業所【居宅介護支援】大島郡瀬戸内町伊子茂187番地1", "url": "https://www.kaigokensaku.mhlw.go.jp/46/index.php?action_kouhyou_detail_004_kani=true&JigyosyoCd=4678600091-00&ServiceCd=430&Type=search", "url2": "https://www.kakeromaen.jp" }, "geometry": { "type": "Point", "coordinates": [ 129.243878, 28.1085957 ] } },
{ "type": "Feature", "properties": { "内容": "社会福祉法人瀬戸内町社会福祉協議会居宅介護支援事業所【居宅介護支援】鹿児島県大島郡瀬戸内町古仁屋船津16番地1", "url": "https://www.kaigokensaku.mhlw.go.jp/46/index.php?action_kouhyou_detail_004_kani=true&JigyosyoCd=4678600034-00&ServiceCd=430&Type=search", "url2": null }, "geometry": { "type": "Point", "coordinates": [ 129.314453626409005, 28.147821671816548 ] } },
{ "type": "Feature", "properties": { "内容": "医療法人徳洲会瀬戸内徳洲会介護センター【居宅介護支援】大島郡瀬戸内町古仁屋トンキャン原１３５８番地１", "url": "https://www.kaigokensaku.mhlw.go.jp/46/index.php?action_kouhyou_detail_004_kani=true&JigyosyoCd=4678600141-00&ServiceCd=430&Type=search", "url2": "www.setouchitokushukai.or.jp" }, "geometry": { "type": "Point", "coordinates": [ 129.322351127075223, 28.137553826773228 ] } },
{ "type": "Feature", "properties": { "内容": "龍郷在宅介護支援センター【居宅介護支援】鹿児島県大島郡龍郷町浦561番地", "url": "https://www.kaigokensaku.mhlw.go.jp/46/index.php?action_kouhyou_detail_004_kani=true&JigyosyoCd=4678800022-00&ServiceCd=430&Type=search", "url2": "ryuusenkai.org" }, "geometry": { "type": "Point", "coordinates": [ 129.58460690000004, 28.4041617 ] } },
{ "type": "Feature", "properties": { "内容": "ライフアシスト和月【居宅介護支援】大島郡竜郷町浦1068番3和月リハビリサポート龍郷", "url": "https://www.kaigokensaku.mhlw.go.jp/46/index.php?action_kouhyou_detail_004_kani=true&JigyosyoCd=4678800287-00&ServiceCd=430&Type=search", "url2": "http://www5.synapse.ne.jp/waduki/index.html" }, "geometry": { "type": "Point", "coordinates": [ 129.586980823942554, 28.404150879382009 ] } },
{ "type": "Feature", "properties": { "内容": "徳洲会　介護センター【居宅介護支援】鹿児島県大島郡喜界町赤連１０５番５喜界徳洲会病院　居宅", "url": "https://www.kaigokensaku.mhlw.go.jp/46/index.php?action_kouhyou_detail_004_kani=true&JigyosyoCd=4679000143-00&ServiceCd=430&Type=search", "url2": null }, "geometry": { "type": "Point", "coordinates": [ 129.943482649898016, 28.31402983494247 ] } },
{ "type": "Feature", "properties": { "内容": "ひまわり介護支援事業所【居宅介護支援】鹿児島県大島郡喜界町湾33番地", "url": "https://www.kaigokensaku.mhlw.go.jp/46/index.php?action_kouhyou_detail_004_kani=true&JigyosyoCd=4679000036-00&ServiceCd=430&Type=search", "url2": null }, "geometry": { "type": "Point", "coordinates": [ 129.938783265673806, 28.321761170348665 ] } },
{ "type": "Feature", "properties": { "内容": "社会福祉法人　喜界町社会協議会　居宅介護支援事業所【居宅介護支援】大島郡喜界町赤連22番地", "url": "https://www.kaigokensaku.mhlw.go.jp/46/index.php?action_kouhyou_detail_004_kani=true&JigyosyoCd=4679000028-00&ServiceCd=430&Type=search", "url2": "http://kikai-shakyo.org/" }, "geometry": { "type": "Point", "coordinates": [ 129.941840100000036, 28.318122 ] } },
{ "type": "Feature", "properties": { "内容": "医療法人徳洲会徳之島徳洲会介護センター【居宅介護支援】鹿児島県大島郡徳之島町亀徳2277番1徳之島徳洲会病院2階", "url": "https://www.kaigokensaku.mhlw.go.jp/46/index.php?action_kouhyou_detail_004_kani=true&JigyosyoCd=4679100182-00&ServiceCd=430&Type=search", "url2": null }, "geometry": { "type": "Point", "coordinates": [ 129.02575752231914, 27.746633330090717 ] } },
{ "type": "Feature", "properties": { "内容": "居宅介護支援事業所　南風【居宅介護支援】大島郡徳之島町亀津２８８２―1総合施設　南風園", "url": "https://www.kaigokensaku.mhlw.go.jp/46/index.php?action_kouhyou_detail_004_kani=true&JigyosyoCd=4679100133-00&ServiceCd=430&Type=search", "url2": "https://www.nanpuuen.org/facility.html" }, "geometry": { "type": "Point", "coordinates": [ 128.9661946, 27.8198466 ] } },
{ "type": "Feature", "properties": { "内容": "社会福祉法人　徳之島町社会福祉協議会　居宅介護支援事業所【居宅介護支援】鹿児島県大島郡徳之島町亀津7674番地徳之島町地域福祉センター", "url": "https://www.kaigokensaku.mhlw.go.jp/46/index.php?action_kouhyou_detail_004_kani=true&JigyosyoCd=4679100026-00&ServiceCd=430&Type=search", "url2": "http://www.tokunoshima-shakyo.com/" }, "geometry": { "type": "Point", "coordinates": [ 129.022745500000042, 27.7364194 ] } },
{ "type": "Feature", "properties": { "内容": "生協在宅サービスセンターとくのしま【居宅介護支援】鹿児島県大島郡天城町平土野7番1号", "url": "https://www.kaigokensaku.mhlw.go.jp/46/index.php?action_kouhyou_detail_004_kani=true&JigyosyoCd=4679200024-00&ServiceCd=430&Type=search", "url2": "http://ｗｗｗ2.synapse.ne.jp/iryouseikyou/" }, "geometry": { "type": "Point", "coordinates": [ 128.896399, 27.8118485 ] } },
{ "type": "Feature", "properties": { "内容": "天城町社会福祉協議会指定居宅介護支援事業所【居宅介護支援】鹿児島県大島郡天城町天城４６２番地", "url": "https://www.kaigokensaku.mhlw.go.jp/46/index.php?action_kouhyou_detail_004_kani=true&JigyosyoCd=4679200032-00&ServiceCd=430&Type=search", "url2": null }, "geometry": { "type": "Point", "coordinates": [ 128.894229499999938, 27.8153927 ] } },
{ "type": "Feature", "properties": { "内容": "伊仙町社会福祉協議会指定居宅介護支援事業所【居宅介護支援】大島郡伊仙町伊仙2571番地", "url": "https://www.kaigokensaku.mhlw.go.jp/46/index.php?action_kouhyou_detail_004_kani=true&JigyosyoCd=4679300014-00&ServiceCd=430&Type=search", "url2": "isenn@t1.toku-vision.com" }, "geometry": { "type": "Point", "coordinates": [ 128.936228600000049, 27.6756777 ] } },
{ "type": "Feature", "properties": { "内容": "和泊町社会福祉協議会　指定　居宅介護支援事業所【居宅介護支援】鹿児島県大島郡和泊町和泊39-3", "url": "https://www.kaigokensaku.mhlw.go.jp/46/index.php?action_kouhyou_detail_004_kani=true&JigyosyoCd=4679400012-00&ServiceCd=430&Type=search", "url2": "https://wasyakyo.jimdofree.com/" }, "geometry": { "type": "Point", "coordinates": [ 128.654125099999987, 27.391448200000021 ] } },
{ "type": "Feature", "properties": { "内容": "ケアサポートひまわり【居宅介護支援】和泊14番地", "url": "https://www.kaigokensaku.mhlw.go.jp/46/index.php?action_kouhyou_detail_004_kani=true&JigyosyoCd=4679400111-00&ServiceCd=430&Type=search", "url2": null }, "geometry": { "type": "Point", "coordinates": [ 128.654605599999968, 27.3927814 ] } },
{ "type": "Feature", "properties": { "内容": "沖永良部寿恵苑居宅介護支援事業所【居宅介護支援】鹿児島県大島郡和泊町和泊95-1", "url": "https://www.kaigokensaku.mhlw.go.jp/46/index.php?action_kouhyou_detail_004_kani=true&JigyosyoCd=4679400202-00&ServiceCd=430&Type=search", "url2": null }, "geometry": { "type": "Point", "coordinates": [ 128.6528597, 27.3880013 ] } },
{ "type": "Feature", "properties": { "内容": "さくら園指定居宅介護支援事業所【居宅介護支援】大島郡知名町知名1952-1", "url": "https://www.kaigokensaku.mhlw.go.jp/46/index.php?action_kouhyou_detail_004_kani=true&JigyosyoCd=4679500027-00&ServiceCd=430&Type=search", "url2": null }, "geometry": { "type": "Point", "coordinates": [ 128.562903399999982, 27.3342811 ] } },
{ "type": "Feature", "properties": { "内容": "医療法人徳洲会　沖永良部徳洲会介護センター　居宅介護支援事業所【居宅介護支援】瀬利覚2279番地オーシャンハイツ101号", "url": "https://www.kaigokensaku.mhlw.go.jp/46/index.php?action_kouhyou_detail_004_kani=true&JigyosyoCd=4679500167-00&ServiceCd=430&Type=search", "url2": "http://www.okitoku.net" }, "geometry": { "type": "Point", "coordinates": [ 128.5770188, 27.3359448 ] } },
{ "type": "Feature", "properties": { "内容": "社会福祉法人知名町社会福祉協議会指定居宅介護支援事業所【居宅介護支援】鹿児島県大島郡知名町瀬利覚287", "url": "https://www.kaigokensaku.mhlw.go.jp/46/index.php?action_kouhyou_detail_004_kani=true&JigyosyoCd=4679500019-00&ServiceCd=430&Type=search", "url2": "https://china-shakyo.net/" }, "geometry": { "type": "Point", "coordinates": [ 128.584495899999979, 27.3414055 ] } },
{ "type": "Feature", "properties": { "内容": "医療法人　徳洲会　与論徳洲会病院【居宅介護支援】鹿児島県大島郡与論町茶花403-1", "url": "https://www.kaigokensaku.mhlw.go.jp/46/index.php?action_kouhyou_detail_004_kani=true&JigyosyoCd=4613211376-00&ServiceCd=430&Type=search", "url2": "http://yorontokushukai.jp/" }, "geometry": { "type": "Point", "coordinates": [ 127.714906499999984, 26.1756539 ] } },
{ "type": "Feature", "properties": { "内容": "指定居宅介護支援事業所　かざはな【居宅介護支援】鹿児島県大島郡与論町大字麦屋字風花１３０５番５", "url": "https://www.kaigokensaku.mhlw.go.jp/46/index.php?action_kouhyou_detail_004_kani=true&JigyosyoCd=4679600108-00&ServiceCd=430&Type=search", "url2": "http://www.kazahanaen.com" }, "geometry": { "type": "Point", "coordinates": [ 128.4455572, 27.0309072 ] } },
{ "type": "Feature", "properties": { "内容": "合同会社　居宅介護支援事業所　輝【居宅介護支援】鹿児島県大島郡与論町麦屋８６８番地２", "url": "https://www.kaigokensaku.mhlw.go.jp/46/index.php?action_kouhyou_detail_004_kani=true&JigyosyoCd=4679600132-00&ServiceCd=430&Type=search", "url2": null }, "geometry": { "type": "Point", "coordinates": [ 128.4511286, 27.0248658 ] } }
]
}
