{
  "type": "FeatureCollection",
  "features": [
    {
      "type": "Feature",
      "geometry": {
        "type": "Point",
        "coordinates": [
          130.5434963,
          31.5846568
        ]
      },
      "properties": {
        "内容": "バス停: 鹿児島中央駅バスターミナル",
        "name": "鹿児島中央駅バスターミナル",
        "operator": "事業者不明",
        "ref": "",
        "url": "",
        "url2": ""
      }
    },
    {
      "type": "Feature",
      "geometry": {
        "type": "Point",
        "coordinates": [
          130.715689,
          31.8010402
        ]
      },
      "properties": {
        "内容": "バス停: 鹿児島空港",
        "name": "鹿児島空港",
        "operator": "事業者不明",
        "ref": "7",
        "url": "",
        "url2": ""
      }
    },
    {
      "type": "Feature",
      "geometry": {
        "type": "Point",
        "coordinates": [
          130.7157715,
          31.800919
        ]
      },
      "properties": {
        "内容": "バス停: 鹿児島空港",
        "name": "鹿児島空港",
        "operator": "事業者不明",
        "ref": "8",
        "url": "",
        "url2": ""
      }
    },
    {
      "type": "Feature",
      "geometry": {
        "type": "Point",
        "coordinates": [
          130.7158985,
          31.8007325
        ]
      },
      "properties": {
        "内容": "バス停: 鹿児島空港",
        "name": "鹿児島空港",
        "operator": "事業者不明",
        "ref": "9",
        "url": "",
        "url2": ""
      }
    },
    {
      "type": "Feature",
      "geometry": {
        "type": "Point",
        "coordinates": [
          130.7159961,
          31.8005891
        ]
      },
      "properties": {
        "内容": "バス停: 鹿児島空港",
        "name": "鹿児島空港",
        "operator": "事業者不明",
        "ref": "10",
        "url": "",
        "url2": ""
      }
    },
    {
      "type": "Feature",
      "geometry": {
        "type": "Point",
        "coordinates": [
          130.7155871,
          31.8011899
        ]
      },
      "properties": {
        "内容": "バス停: 鹿児島空港",
        "name": "鹿児島空港",
        "operator": "事業者不明",
        "ref": "6",
        "url": "",
        "url2": ""
      }
    },
    {
      "type": "Feature",
      "geometry": {
        "type": "Point",
        "coordinates": [
          130.5074555,
          31.5799704
        ]
      },
      "properties": {
        "内容": "バス停: 西陵6丁目",
        "name": "西陵6丁目",
        "operator": "事業者不明",
        "ref": "",
        "url": "",
        "url2": ""
      }
    },
    {
      "type": "Feature",
      "geometry": {
        "type": "Point",
        "coordinates": [
          130.5113582,
          31.5797055
        ]
      },
      "properties": {
        "内容": "バス停: 西陵二丁目",
        "name": "西陵二丁目",
        "operator": "事業者不明",
        "ref": "",
        "url": "",
        "url2": ""
      }
    },
    {
      "type": "Feature",
      "geometry": {
        "type": "Point",
        "coordinates": [
          130.5153061,
          31.5830756
        ]
      },
      "properties": {
        "内容": "バス停: 西陵1丁目",
        "name": "西陵1丁目",
        "operator": "事業者不明",
        "ref": "",
        "url": "",
        "url2": ""
      }
    },
    {
      "type": "Feature",
      "geometry": {
        "type": "Point",
        "coordinates": [
          130.5147429,
          31.5824723
        ]
      },
      "properties": {
        "内容": "バス停: 西陵1丁目",
        "name": "西陵1丁目",
        "operator": "事業者不明",
        "ref": "",
        "url": "",
        "url2": ""
      }
    },
    {
      "type": "Feature",
      "geometry": {
        "type": "Point",
        "coordinates": [
          130.5326521,
          31.5486734
        ]
      },
      "properties": {
        "内容": "バス停: 宇宿住宅",
        "name": "宇宿住宅",
        "operator": "事業者不明",
        "ref": "",
        "url": "",
        "url2": ""
      }
    },
    {
      "type": "Feature",
      "geometry": {
        "type": "Point",
        "coordinates": [
          130.5430483,
          31.5800779
        ]
      },
      "properties": {
        "内容": "バス停: 都通",
        "name": "都通",
        "operator": "事業者不明",
        "ref": "",
        "url": "",
        "url2": ""
      }
    },
    {
      "type": "Feature",
      "geometry": {
        "type": "Point",
        "coordinates": [
          130.5340739,
          31.5356733
        ]
      },
      "properties": {
        "内容": "バス停: 第1木材団地",
        "name": "第1木材団地",
        "operator": "事業者不明",
        "ref": "",
        "url": "",
        "url2": ""
      }
    },
    {
      "type": "Feature",
      "geometry": {
        "type": "Point",
        "coordinates": [
          130.5340252,
          31.5359007
        ]
      },
      "properties": {
        "内容": "バス停: 第1木材団地",
        "name": "第1木材団地",
        "operator": "事業者不明",
        "ref": "",
        "url": "",
        "url2": ""
      }
    },
    {
      "type": "Feature",
      "geometry": {
        "type": "Point",
        "coordinates": [
          130.5579214,
          31.5912946
        ]
      },
      "properties": {
        "内容": "バス停: いづろ",
        "name": "いづろ",
        "operator": "事業者不明",
        "ref": "",
        "url": "",
        "url2": ""
      }
    },
    {
      "type": "Feature",
      "geometry": {
        "type": "Point",
        "coordinates": [
          130.5576977,
          31.5958517
        ]
      },
      "properties": {
        "内容": "バス停: 市役所前",
        "name": "市役所前",
        "operator": "事業者不明",
        "ref": "4 明和・原良方面",
        "url": "",
        "url2": ""
      }
    },
    {
      "type": "Feature",
      "geometry": {
        "type": "Point",
        "coordinates": [
          130.5554265,
          31.5909487
        ]
      },
      "properties": {
        "内容": "バス停: 天文館",
        "name": "天文館",
        "operator": "事業者不明",
        "ref": "鹿児島駅まで",
        "url": "",
        "url2": ""
      }
    },
    {
      "type": "Feature",
      "geometry": {
        "type": "Point",
        "coordinates": [
          130.5571059,
          31.5986827
        ]
      },
      "properties": {
        "内容": "バス停: 県民交流センター前",
        "name": "県民交流センター前",
        "operator": "事業者不明",
        "ref": "",
        "url": "",
        "url2": ""
      }
    },
    {
      "type": "Feature",
      "geometry": {
        "type": "Point",
        "coordinates": [
          130.5572426,
          31.5936246
        ]
      },
      "properties": {
        "内容": "バス停: 金生町",
        "name": "金生町",
        "operator": "事業者不明",
        "ref": "鹿児島駅まで",
        "url": "",
        "url2": ""
      }
    },
    {
      "type": "Feature",
      "geometry": {
        "type": "Point",
        "coordinates": [
          130.5573777,
          31.595821
        ]
      },
      "properties": {
        "内容": "バス停: 市役所前",
        "name": "市役所前",
        "operator": "事業者不明",
        "ref": "鹿児島駅まで",
        "url": "",
        "url2": ""
      }
    },
    {
      "type": "Feature",
      "geometry": {
        "type": "Point",
        "coordinates": [
          130.538282,
          31.5436978
        ]
      },
      "properties": {
        "内容": "バス停: 脇田電停前",
        "name": "脇田電停前",
        "operator": "事業者不明",
        "ref": "",
        "url": "",
        "url2": ""
      }
    },
    {
      "type": "Feature",
      "geometry": {
        "type": "Point",
        "coordinates": [
          130.5185329,
          31.586446
        ]
      },
      "properties": {
        "内容": "バス停: 後庵",
        "name": "後庵",
        "operator": "事業者不明",
        "ref": "",
        "url": "",
        "url2": ""
      }
    },
    {
      "type": "Feature",
      "geometry": {
        "type": "Point",
        "coordinates": [
          130.5116049,
          31.5797831
        ]
      },
      "properties": {
        "内容": "バス停: 西陵2丁目 (Seiryo 2 Chome)",
        "name": "西陵2丁目 (Seiryo 2 Chome)",
        "operator": "事業者不明",
        "ref": "",
        "url": "",
        "url2": ""
      }
    },
    {
      "type": "Feature",
      "geometry": {
        "type": "Point",
        "coordinates": [
          130.5064717,
          31.5801596
        ]
      },
      "properties": {
        "内容": "バス停: 西陵六丁目",
        "name": "西陵六丁目",
        "operator": "事業者不明",
        "ref": "",
        "url": "",
        "url2": ""
      }
    },
    {
      "type": "Feature",
      "geometry": {
        "type": "Point",
        "coordinates": [
          130.5388986,
          31.5793286
        ]
      },
      "properties": {
        "内容": "バス停: 柳田通り",
        "name": "柳田通り",
        "operator": "事業者不明",
        "ref": "",
        "url": "",
        "url2": ""
      }
    },
    {
      "type": "Feature",
      "geometry": {
        "type": "Point",
        "coordinates": [
          130.5389204,
          31.543346
        ]
      },
      "properties": {
        "内容": "バス停: 脇田電停前",
        "name": "脇田電停前",
        "operator": "事業者不明",
        "ref": "",
        "url": "",
        "url2": ""
      }
    },
    {
      "type": "Feature",
      "geometry": {
        "type": "Point",
        "coordinates": [
          130.504864,
          31.5818169
        ]
      },
      "properties": {
        "内容": "バス停: 西陵中前",
        "name": "西陵中前",
        "operator": "事業者不明",
        "ref": "",
        "url": "",
        "url2": ""
      }
    },
    {
      "type": "Feature",
      "geometry": {
        "type": "Point",
        "coordinates": [
          130.5711204,
          31.6304357
        ]
      },
      "properties": {
        "内容": "バス停: 早馬",
        "name": "早馬",
        "operator": "事業者不明",
        "ref": "",
        "url": "",
        "url2": ""
      }
    },
    {
      "type": "Feature",
      "geometry": {
        "type": "Point",
        "coordinates": [
          130.5697686,
          31.6102499
        ]
      },
      "properties": {
        "内容": "バス停: 稲荷町",
        "name": "稲荷町",
        "operator": "事業者不明",
        "ref": "",
        "url": "",
        "url2": ""
      }
    },
    {
      "type": "Feature",
      "geometry": {
        "type": "Point",
        "coordinates": [
          130.54398,
          31.5884312
        ]
      },
      "properties": {
        "内容": "バス停: 西田橋",
        "name": "西田橋",
        "operator": "事業者不明",
        "ref": "",
        "url": "",
        "url2": ""
      }
    },
    {
      "type": "Feature",
      "geometry": {
        "type": "Point",
        "coordinates": [
          130.5384886,
          31.5845701
        ]
      },
      "properties": {
        "内容": "バス停: 武町",
        "name": "武町",
        "operator": "事業者不明",
        "ref": "",
        "url": "",
        "url2": ""
      }
    },
    {
      "type": "Feature",
      "geometry": {
        "type": "Point",
        "coordinates": [
          130.553538,
          31.5768843
        ]
      },
      "properties": {
        "内容": "バス停: 二中通",
        "name": "二中通",
        "operator": "事業者不明",
        "ref": "",
        "url": "",
        "url2": ""
      }
    },
    {
      "type": "Feature",
      "geometry": {
        "type": "Point",
        "coordinates": [
          130.5539677,
          31.5822052
        ]
      },
      "properties": {
        "内容": "バス停: 新屋敷",
        "name": "新屋敷",
        "operator": "事業者不明",
        "ref": "",
        "url": "",
        "url2": ""
      }
    },
    {
      "type": "Feature",
      "geometry": {
        "type": "Point",
        "coordinates": [
          130.5528392,
          31.5736676
        ]
      },
      "properties": {
        "内容": "バス停: 荒田八幡",
        "name": "荒田八幡",
        "operator": "事業者不明",
        "ref": "",
        "url": "",
        "url2": ""
      }
    },
    {
      "type": "Feature",
      "geometry": {
        "type": "Point",
        "coordinates": [
          130.5468626,
          31.588813
        ]
      },
      "properties": {
        "内容": "バス停: 千石馬場",
        "name": "千石馬場",
        "operator": "事業者不明",
        "ref": "",
        "url": "",
        "url2": ""
      }
    },
    {
      "type": "Feature",
      "geometry": {
        "type": "Point",
        "coordinates": [
          130.530492,
          31.614172
        ]
      },
      "properties": {
        "内容": "バス停: 下伊敷",
        "name": "下伊敷",
        "operator": "事業者不明",
        "ref": "",
        "url": "",
        "url2": ""
      }
    },
    {
      "type": "Feature",
      "geometry": {
        "type": "Point",
        "coordinates": [
          130.5492684,
          31.5772192
        ]
      },
      "properties": {
        "内容": "バス停: サンエールかごしま",
        "name": "サンエールかごしま",
        "operator": "事業者不明",
        "ref": "",
        "url": "",
        "url2": ""
      }
    },
    {
      "type": "Feature",
      "geometry": {
        "type": "Point",
        "coordinates": [
          130.5457119,
          31.5778791
        ]
      },
      "properties": {
        "内容": "バス停: 甲南高校前",
        "name": "甲南高校前",
        "operator": "事業者不明",
        "ref": "",
        "url": "",
        "url2": ""
      }
    },
    {
      "type": "Feature",
      "geometry": {
        "type": "Point",
        "coordinates": [
          130.5355932,
          31.5785686
        ]
      },
      "properties": {
        "内容": "バス停: 武中学校下",
        "name": "武中学校下",
        "operator": "事業者不明",
        "ref": "",
        "url": "",
        "url2": ""
      }
    },
    {
      "type": "Feature",
      "geometry": {
        "type": "Point",
        "coordinates": [
          130.5273119,
          31.579093
        ]
      },
      "properties": {
        "内容": "バス停: 田上小前",
        "name": "田上小前",
        "operator": "事業者不明",
        "ref": "",
        "url": "",
        "url2": ""
      }
    },
    {
      "type": "Feature",
      "geometry": {
        "type": "Point",
        "coordinates": [
          130.524119,
          31.5819498
        ]
      },
      "properties": {
        "内容": "バス停: 堀之内",
        "name": "堀之内",
        "operator": "事業者不明",
        "ref": "",
        "url": "",
        "url2": ""
      }
    },
    {
      "type": "Feature",
      "geometry": {
        "type": "Point",
        "coordinates": [
          130.5318263,
          31.5774433
        ]
      },
      "properties": {
        "内容": "バス停: 田上",
        "name": "田上",
        "operator": "事業者不明",
        "ref": "",
        "url": "",
        "url2": ""
      }
    },
    {
      "type": "Feature",
      "geometry": {
        "type": "Point",
        "coordinates": [
          130.5541137,
          31.5827407
        ]
      },
      "properties": {
        "内容": "バス停: 新屋敷",
        "name": "新屋敷",
        "operator": "事業者不明",
        "ref": "",
        "url": "",
        "url2": ""
      }
    },
    {
      "type": "Feature",
      "geometry": {
        "type": "Point",
        "coordinates": [
          130.6008286,
          31.5817253
        ]
      },
      "properties": {
        "内容": "バス停: 名称不明バス停",
        "name": "名称不明バス停",
        "operator": "事業者不明",
        "ref": "",
        "url": "",
        "url2": ""
      }
    },
    {
      "type": "Feature",
      "geometry": {
        "type": "Point",
        "coordinates": [
          130.4883426,
          31.5819782
        ]
      },
      "properties": {
        "内容": "バス停: 星ヶ峯四丁目",
        "name": "星ヶ峯四丁目",
        "operator": "事業者不明",
        "ref": "",
        "url": "",
        "url2": ""
      }
    },
    {
      "type": "Feature",
      "geometry": {
        "type": "Point",
        "coordinates": [
          130.867178,
          31.393227
        ]
      },
      "properties": {
        "内容": "バス停: 札元",
        "name": "札元",
        "operator": "事業者不明",
        "ref": "",
        "url": "",
        "url2": ""
      }
    },
    {
      "type": "Feature",
      "geometry": {
        "type": "Point",
        "coordinates": [
          130.867381,
          31.393199
        ]
      },
      "properties": {
        "内容": "バス停: 札元",
        "name": "札元",
        "operator": "事業者不明",
        "ref": "",
        "url": "",
        "url2": ""
      }
    },
    {
      "type": "Feature",
      "geometry": {
        "type": "Point",
        "coordinates": [
          130.87162,
          31.398018
        ]
      },
      "properties": {
        "内容": "バス停: 北札元",
        "name": "北札元",
        "operator": "事業者不明",
        "ref": "",
        "url": "",
        "url2": ""
      }
    },
    {
      "type": "Feature",
      "geometry": {
        "type": "Point",
        "coordinates": [
          130.871843,
          31.398475
        ]
      },
      "properties": {
        "内容": "バス停: 北札元",
        "name": "北札元",
        "operator": "事業者不明",
        "ref": "",
        "url": "",
        "url2": ""
      }
    },
    {
      "type": "Feature",
      "geometry": {
        "type": "Point",
        "coordinates": [
          130.6194783,
          31.1869018
        ]
      },
      "properties": {
        "内容": "バス停: 名称不明バス停",
        "name": "名称不明バス停",
        "operator": "事業者不明",
        "ref": "",
        "url": "",
        "url2": ""
      }
    },
    {
      "type": "Feature",
      "geometry": {
        "type": "Point",
        "coordinates": [
          130.600182,
          31.5923565
        ]
      },
      "properties": {
        "内容": "バス停: 名称不明バス停",
        "name": "名称不明バス停",
        "operator": "事業者不明",
        "ref": "",
        "url": "",
        "url2": ""
      }
    },
    {
      "type": "Feature",
      "geometry": {
        "type": "Point",
        "coordinates": [
          130.5444832,
          31.5832861
        ]
      },
      "properties": {
        "内容": "バス停: 鹿児島空港連絡バス・福岡・宮崎・熊本方面",
        "name": "鹿児島空港連絡バス・福岡・宮崎・熊本方面",
        "operator": "事業者不明",
        "ref": "東21",
        "url": "",
        "url2": ""
      }
    },
    {
      "type": "Feature",
      "geometry": {
        "type": "Point",
        "coordinates": [
          130.5749978,
          30.3805805
        ]
      },
      "properties": {
        "内容": "バス停: 白谷雲水峽",
        "name": "白谷雲水峽",
        "operator": "事業者不明",
        "ref": "",
        "url": "",
        "url2": ""
      }
    },
    {
      "type": "Feature",
      "geometry": {
        "type": "Point",
        "coordinates": [
          130.5692066,
          30.4299852
        ]
      },
      "properties": {
        "内容": "バス停: 宮之浦港入口",
        "name": "宮之浦港入口",
        "operator": "事業者不明",
        "ref": "21",
        "url": "",
        "url2": ""
      }
    },
    {
      "type": "Feature",
      "geometry": {
        "type": "Point",
        "coordinates": [
          130.502556,
          31.5639881
        ]
      },
      "properties": {
        "内容": "バス停: 山田",
        "name": "山田",
        "operator": "事業者不明",
        "ref": "",
        "url": "",
        "url2": ""
      }
    },
    {
      "type": "Feature",
      "geometry": {
        "type": "Point",
        "coordinates": [
          130.501797,
          31.5641367
        ]
      },
      "properties": {
        "内容": "バス停: 山田",
        "name": "山田",
        "operator": "事業者不明",
        "ref": "",
        "url": "",
        "url2": ""
      }
    },
    {
      "type": "Feature",
      "geometry": {
        "type": "Point",
        "coordinates": [
          130.5202984,
          31.5267953
        ]
      },
      "properties": {
        "内容": "バス停: 谷山駅前",
        "name": "谷山駅前",
        "operator": "事業者不明",
        "ref": "",
        "url": "",
        "url2": ""
      }
    },
    {
      "type": "Feature",
      "geometry": {
        "type": "Point",
        "coordinates": [
          130.5201067,
          31.5268932
        ]
      },
      "properties": {
        "内容": "バス停: 谷山駅前",
        "name": "谷山駅前",
        "operator": "事業者不明",
        "ref": "",
        "url": "",
        "url2": ""
      }
    },
    {
      "type": "Feature",
      "geometry": {
        "type": "Point",
        "coordinates": [
          130.7063685,
          31.6095877
        ]
      },
      "properties": {
        "内容": "バス停: 東園山",
        "name": "東園山",
        "operator": "事業者不明",
        "ref": "",
        "url": "",
        "url2": ""
      }
    },
    {
      "type": "Feature",
      "geometry": {
        "type": "Point",
        "coordinates": [
          130.6497702,
          31.622179
        ]
      },
      "properties": {
        "内容": "バス停: 松浦",
        "name": "松浦",
        "operator": "事業者不明",
        "ref": "",
        "url": "",
        "url2": ""
      }
    },
    {
      "type": "Feature",
      "geometry": {
        "type": "Point",
        "coordinates": [
          130.7032437,
          31.5570288
        ]
      },
      "properties": {
        "内容": "バス停: 桜島口",
        "name": "桜島口",
        "operator": "事業者不明",
        "ref": "",
        "url": "",
        "url2": ""
      }
    },
    {
      "type": "Feature",
      "geometry": {
        "type": "Point",
        "coordinates": [
          130.6396721,
          31.620593
        ]
      },
      "properties": {
        "内容": "バス停: 西道",
        "name": "西道",
        "operator": "事業者不明",
        "ref": "",
        "url": "",
        "url2": ""
      }
    },
    {
      "type": "Feature",
      "geometry": {
        "type": "Point",
        "coordinates": [
          130.6859031,
          31.6185757
        ]
      },
      "properties": {
        "内容": "バス停: 高免",
        "name": "高免",
        "operator": "事業者不明",
        "ref": "",
        "url": "",
        "url2": ""
      }
    },
    {
      "type": "Feature",
      "geometry": {
        "type": "Point",
        "coordinates": [
          130.7038098,
          31.5576266
        ]
      },
      "properties": {
        "内容": "バス停: 黒神口",
        "name": "黒神口",
        "operator": "事業者不明",
        "ref": "",
        "url": "",
        "url2": ""
      }
    },
    {
      "type": "Feature",
      "geometry": {
        "type": "Point",
        "coordinates": [
          130.5542481,
          31.5904338
        ]
      },
      "properties": {
        "内容": "バス停: 天文館空港バス停",
        "name": "天文館空港バス停",
        "operator": "事業者不明",
        "ref": "",
        "url": "",
        "url2": ""
      }
    },
    {
      "type": "Feature",
      "geometry": {
        "type": "Point",
        "coordinates": [
          130.5048407,
          31.57638
        ]
      },
      "properties": {
        "内容": "バス停: 広木駅",
        "name": "広木駅",
        "operator": "事業者不明",
        "ref": "",
        "url": "",
        "url2": ""
      }
    },
    {
      "type": "Feature",
      "geometry": {
        "type": "Point",
        "coordinates": [
          130.4344371,
          31.6045388
        ]
      },
      "properties": {
        "内容": "バス停: 松元支所",
        "name": "松元支所",
        "operator": "事業者不明",
        "ref": "",
        "url": "",
        "url2": ""
      }
    },
    {
      "type": "Feature",
      "geometry": {
        "type": "Point",
        "coordinates": [
          130.4383156,
          31.6053201
        ]
      },
      "properties": {
        "内容": "バス停: 松元 (南国交通)",
        "name": "松元",
        "operator": "南国交通",
        "ref": "",
        "url": "",
        "url2": ""
      }
    },
    {
      "type": "Feature",
      "geometry": {
        "type": "Point",
        "coordinates": [
          130.4382647,
          31.6053178
        ]
      },
      "properties": {
        "内容": "バス停: 薩摩松元駅前 (鹿児島市)",
        "name": "薩摩松元駅前",
        "operator": "鹿児島市",
        "ref": "",
        "url": "",
        "url2": ""
      }
    },
    {
      "type": "Feature",
      "geometry": {
        "type": "Point",
        "coordinates": [
          130.4557463,
          31.5757966
        ]
      },
      "properties": {
        "内容": "バス停: 春山東 (鹿児島交通)",
        "name": "春山東",
        "operator": "鹿児島交通",
        "ref": "",
        "url": "",
        "url2": ""
      }
    },
    {
      "type": "Feature",
      "geometry": {
        "type": "Point",
        "coordinates": [
          130.4567992,
          31.5800034
        ]
      },
      "properties": {
        "内容": "バス停: 春山 (鹿児島交通)",
        "name": "春山",
        "operator": "鹿児島交通",
        "ref": "",
        "url": "",
        "url2": ""
      }
    },
    {
      "type": "Feature",
      "geometry": {
        "type": "Point",
        "coordinates": [
          130.4569043,
          31.5800631
        ]
      },
      "properties": {
        "内容": "バス停: 春山 (鹿児島交通)",
        "name": "春山",
        "operator": "鹿児島交通",
        "ref": "",
        "url": "",
        "url2": ""
      }
    },
    {
      "type": "Feature",
      "geometry": {
        "type": "Point",
        "coordinates": [
          130.5006216,
          31.5659135
        ]
      },
      "properties": {
        "内容": "バス停: 鹿倉 (鹿児島交通)",
        "name": "鹿倉",
        "operator": "鹿児島交通",
        "ref": "",
        "url": "",
        "url2": ""
      }
    },
    {
      "type": "Feature",
      "geometry": {
        "type": "Point",
        "coordinates": [
          130.5005367,
          31.5662634
        ]
      },
      "properties": {
        "内容": "バス停: 鹿倉 (鹿児島交通)",
        "name": "鹿倉",
        "operator": "鹿児島交通",
        "ref": "",
        "url": "",
        "url2": ""
      }
    },
    {
      "type": "Feature",
      "geometry": {
        "type": "Point",
        "coordinates": [
          130.4947475,
          31.5700818
        ]
      },
      "properties": {
        "内容": "バス停: 大河内",
        "name": "大河内",
        "operator": "事業者不明",
        "ref": "",
        "url": "",
        "url2": ""
      }
    },
    {
      "type": "Feature",
      "geometry": {
        "type": "Point",
        "coordinates": [
          130.4947958,
          31.5699676
        ]
      },
      "properties": {
        "内容": "バス停: 大河内",
        "name": "大河内",
        "operator": "事業者不明",
        "ref": "",
        "url": "",
        "url2": ""
      }
    },
    {
      "type": "Feature",
      "geometry": {
        "type": "Point",
        "coordinates": [
          130.4891793,
          31.568729
        ]
      },
      "properties": {
        "内容": "バス停: 品戸",
        "name": "品戸",
        "operator": "事業者不明",
        "ref": "",
        "url": "",
        "url2": ""
      }
    },
    {
      "type": "Feature",
      "geometry": {
        "type": "Point",
        "coordinates": [
          130.4840938,
          31.5703378
        ]
      },
      "properties": {
        "内容": "バス停: 上品戸",
        "name": "上品戸",
        "operator": "事業者不明",
        "ref": "",
        "url": "",
        "url2": ""
      }
    },
    {
      "type": "Feature",
      "geometry": {
        "type": "Point",
        "coordinates": [
          130.4757355,
          31.5717285
        ]
      },
      "properties": {
        "内容": "バス停: 川口",
        "name": "川口",
        "operator": "事業者不明",
        "ref": "",
        "url": "",
        "url2": ""
      }
    },
    {
      "type": "Feature",
      "geometry": {
        "type": "Point",
        "coordinates": [
          130.476047,
          31.5714179
        ]
      },
      "properties": {
        "内容": "バス停: 川口",
        "name": "川口",
        "operator": "事業者不明",
        "ref": "",
        "url": "",
        "url2": ""
      }
    },
    {
      "type": "Feature",
      "geometry": {
        "type": "Point",
        "coordinates": [
          130.4695353,
          31.575084
        ]
      },
      "properties": {
        "内容": "バス停: 春山口",
        "name": "春山口",
        "operator": "事業者不明",
        "ref": "",
        "url": "",
        "url2": ""
      }
    },
    {
      "type": "Feature",
      "geometry": {
        "type": "Point",
        "coordinates": [
          130.4692345,
          31.5749739
        ]
      },
      "properties": {
        "内容": "バス停: 春山口",
        "name": "春山口",
        "operator": "事業者不明",
        "ref": "",
        "url": "",
        "url2": ""
      }
    },
    {
      "type": "Feature",
      "geometry": {
        "type": "Point",
        "coordinates": [
          130.5156933,
          31.5640944
        ]
      },
      "properties": {
        "内容": "バス停: 広木農協前",
        "name": "広木農協前",
        "operator": "事業者不明",
        "ref": "",
        "url": "",
        "url2": ""
      }
    },
    {
      "type": "Feature",
      "geometry": {
        "type": "Point",
        "coordinates": [
          130.3458278,
          31.5086143
        ]
      },
      "properties": {
        "内容": "バス停: 伊作 (鹿児島交通)",
        "name": "伊作",
        "operator": "鹿児島交通",
        "ref": "",
        "url": "",
        "url2": "Q11378900"
      }
    },
    {
      "type": "Feature",
      "geometry": {
        "type": "Point",
        "coordinates": [
          130.3358542,
          31.6712338
        ]
      },
      "properties": {
        "内容": "バス停: 湯之元",
        "name": "湯之元",
        "operator": "事業者不明",
        "ref": "",
        "url": "",
        "url2": ""
      }
    },
    {
      "type": "Feature",
      "geometry": {
        "type": "Point",
        "coordinates": [
          130.5412242,
          31.5842591
        ]
      },
      "properties": {
        "内容": "バス停: 西1",
        "name": "西1",
        "operator": "事業者不明",
        "ref": "",
        "url": "",
        "url2": ""
      }
    },
    {
      "type": "Feature",
      "geometry": {
        "type": "Point",
        "coordinates": [
          130.5412834,
          31.5844273
        ]
      },
      "properties": {
        "内容": "バス停: 西2",
        "name": "西2",
        "operator": "事業者不明",
        "ref": "",
        "url": "",
        "url2": ""
      }
    },
    {
      "type": "Feature",
      "geometry": {
        "type": "Point",
        "coordinates": [
          130.3947317,
          31.6181996
        ]
      },
      "properties": {
        "内容": "バス停: 伊集院 (西日本高速道路)",
        "name": "伊集院",
        "operator": "西日本高速道路",
        "ref": "",
        "url": "",
        "url2": ""
      }
    },
    {
      "type": "Feature",
      "geometry": {
        "type": "Point",
        "coordinates": [
          130.3946227,
          31.618
        ]
      },
      "properties": {
        "内容": "バス停: 伊集院 (西日本高速道路)",
        "name": "伊集院",
        "operator": "西日本高速道路",
        "ref": "",
        "url": "",
        "url2": ""
      }
    },
    {
      "type": "Feature",
      "geometry": {
        "type": "Point",
        "coordinates": [
          130.3324562,
          31.6644192
        ]
      },
      "properties": {
        "内容": "バス停: 東市来 (西日本高速道路)",
        "name": "東市来",
        "operator": "西日本高速道路",
        "ref": "",
        "url": "",
        "url2": ""
      }
    },
    {
      "type": "Feature",
      "geometry": {
        "type": "Point",
        "coordinates": [
          130.3323768,
          31.6640495
        ]
      },
      "properties": {
        "内容": "バス停: 東市来 (西日本高速道路)",
        "name": "東市来",
        "operator": "西日本高速道路",
        "ref": "",
        "url": "",
        "url2": ""
      }
    },
    {
      "type": "Feature",
      "geometry": {
        "type": "Point",
        "coordinates": [
          130.4287121,
          31.5953204
        ]
      },
      "properties": {
        "内容": "バス停: 松元平野岡体育館 (鹿児島市)",
        "name": "松元平野岡体育館",
        "operator": "鹿児島市",
        "ref": "",
        "url": "",
        "url2": ""
      }
    },
    {
      "type": "Feature",
      "geometry": {
        "type": "Point",
        "coordinates": [
          130.5246374,
          31.6210483
        ]
      },
      "properties": {
        "内容": "バス停: 伊敷",
        "name": "伊敷",
        "operator": "事業者不明",
        "ref": "",
        "url": "",
        "url2": ""
      }
    },
    {
      "type": "Feature",
      "geometry": {
        "type": "Point",
        "coordinates": [
          130.5243521,
          31.6211621
        ]
      },
      "properties": {
        "内容": "バス停: 伊敷",
        "name": "伊敷",
        "operator": "事業者不明",
        "ref": "",
        "url": "",
        "url2": ""
      }
    },
    {
      "type": "Feature",
      "geometry": {
        "type": "Point",
        "coordinates": [
          130.4547913,
          31.5794052
        ]
      },
      "properties": {
        "内容": "バス停: 春山三文字 (南国交通)",
        "name": "春山三文字",
        "operator": "南国交通",
        "ref": "",
        "url": "",
        "url2": ""
      }
    },
    {
      "type": "Feature",
      "geometry": {
        "type": "Point",
        "coordinates": [
          130.461234,
          31.5791257
        ]
      },
      "properties": {
        "内容": "バス停: 北ヶ迫 (鹿児島交通)",
        "name": "北ヶ迫",
        "operator": "鹿児島交通",
        "ref": "",
        "url": "",
        "url2": ""
      }
    },
    {
      "type": "Feature",
      "geometry": {
        "type": "Point",
        "coordinates": [
          130.4655776,
          31.590674
        ]
      },
      "properties": {
        "内容": "バス停: 春山口 (南国交通;鹿児島市)",
        "name": "春山口",
        "operator": "南国交通;鹿児島市",
        "ref": "",
        "url": "",
        "url2": ""
      }
    },
    {
      "type": "Feature",
      "geometry": {
        "type": "Point",
        "coordinates": [
          130.4664264,
          31.591342
        ]
      },
      "properties": {
        "内容": "バス停: 春山口 (南国交通)",
        "name": "春山口",
        "operator": "南国交通",
        "ref": "",
        "url": "",
        "url2": ""
      }
    },
    {
      "type": "Feature",
      "geometry": {
        "type": "Point",
        "coordinates": [
          130.4592642,
          31.5936235
        ]
      },
      "properties": {
        "内容": "バス停: 上伊集院駅前 (鹿児島市)",
        "name": "上伊集院駅前",
        "operator": "鹿児島市",
        "ref": "",
        "url": "",
        "url2": ""
      }
    },
    {
      "type": "Feature",
      "geometry": {
        "type": "Point",
        "coordinates": [
          130.4576267,
          31.5968628
        ]
      },
      "properties": {
        "内容": "バス停: ガーデンヒルズ松陽台 (鹿児島市)",
        "name": "ガーデンヒルズ松陽台",
        "operator": "鹿児島市",
        "ref": "",
        "url": "",
        "url2": ""
      }
    },
    {
      "type": "Feature",
      "geometry": {
        "type": "Point",
        "coordinates": [
          130.4592917,
          31.5936115
        ]
      },
      "properties": {
        "内容": "バス停: 上伊集院 (南国交通)",
        "name": "上伊集院",
        "operator": "南国交通",
        "ref": "",
        "url": "",
        "url2": ""
      }
    },
    {
      "type": "Feature",
      "geometry": {
        "type": "Point",
        "coordinates": [
          130.4564012,
          31.5941053
        ]
      },
      "properties": {
        "内容": "バス停: 松陽高校入口 (南国交通)",
        "name": "松陽高校入口",
        "operator": "南国交通",
        "ref": "",
        "url": "",
        "url2": ""
      }
    },
    {
      "type": "Feature",
      "geometry": {
        "type": "Point",
        "coordinates": [
          130.4570455,
          31.5941862
        ]
      },
      "properties": {
        "内容": "バス停: 松陽高校入口 (南国交通)",
        "name": "松陽高校入口",
        "operator": "南国交通",
        "ref": "",
        "url": "",
        "url2": ""
      }
    },
    {
      "type": "Feature",
      "geometry": {
        "type": "Point",
        "coordinates": [
          130.4526711,
          31.5959661
        ]
      },
      "properties": {
        "内容": "バス停: 柿元陶苑前 (南国交通;鹿児島市)",
        "name": "柿元陶苑前",
        "operator": "南国交通;鹿児島市",
        "ref": "",
        "url": "",
        "url2": ""
      }
    },
    {
      "type": "Feature",
      "geometry": {
        "type": "Point",
        "coordinates": [
          130.4661134,
          31.5937342
        ]
      },
      "properties": {
        "内容": "バス停: Aコープ前 (鹿児島市)",
        "name": "Aコープ前",
        "operator": "鹿児島市",
        "ref": "",
        "url": "",
        "url2": ""
      }
    },
    {
      "type": "Feature",
      "geometry": {
        "type": "Point",
        "coordinates": [
          130.4630549,
          31.59803
        ]
      },
      "properties": {
        "内容": "バス停: 駅上 (鹿児島市;南国交通)",
        "name": "駅上",
        "operator": "鹿児島市;南国交通",
        "ref": "",
        "url": "",
        "url2": ""
      }
    },
    {
      "type": "Feature",
      "geometry": {
        "type": "Point",
        "coordinates": [
          130.4646333,
          31.6152231
        ]
      },
      "properties": {
        "内容": "バス停: タイヨー松元店",
        "name": "タイヨー松元店",
        "operator": "事業者不明",
        "ref": "",
        "url": "",
        "url2": ""
      }
    },
    {
      "type": "Feature",
      "geometry": {
        "type": "Point",
        "coordinates": [
          130.4344777,
          31.6018537
        ]
      },
      "properties": {
        "内容": "バス停: 内田三文字 (南国交通;鹿児島交通)",
        "name": "内田三文字",
        "operator": "南国交通;鹿児島交通",
        "ref": "",
        "url": "",
        "url2": ""
      }
    },
    {
      "type": "Feature",
      "geometry": {
        "type": "Point",
        "coordinates": [
          130.4343902,
          31.6017612
        ]
      },
      "properties": {
        "内容": "バス停: 内田三文字 (南国交通;鹿児島市)",
        "name": "内田三文字",
        "operator": "南国交通;鹿児島市",
        "ref": "",
        "url": "",
        "url2": ""
      }
    },
    {
      "type": "Feature",
      "geometry": {
        "type": "Point",
        "coordinates": [
          130.4303142,
          31.59814
        ]
      },
      "properties": {
        "内容": "バス停: 平野 (鹿児島市)",
        "name": "平野",
        "operator": "鹿児島市",
        "ref": "",
        "url": "",
        "url2": ""
      }
    },
    {
      "type": "Feature",
      "geometry": {
        "type": "Point",
        "coordinates": [
          130.4305923,
          31.596419
        ]
      },
      "properties": {
        "内容": "バス停: 松元公民館 (鹿児島市)",
        "name": "松元公民館",
        "operator": "鹿児島市",
        "ref": "",
        "url": "",
        "url2": ""
      }
    },
    {
      "type": "Feature",
      "geometry": {
        "type": "Point",
        "coordinates": [
          130.4340297,
          31.5963882
        ]
      },
      "properties": {
        "内容": "バス停: 中原橋 (南国交通)",
        "name": "中原橋",
        "operator": "南国交通",
        "ref": "",
        "url": "",
        "url2": ""
      }
    },
    {
      "type": "Feature",
      "geometry": {
        "type": "Point",
        "coordinates": [
          130.4367364,
          31.5972388
        ]
      },
      "properties": {
        "内容": "バス停: 内田集会施設前 (鹿児島市)",
        "name": "内田集会施設前",
        "operator": "鹿児島市",
        "ref": "",
        "url": "",
        "url2": ""
      }
    },
    {
      "type": "Feature",
      "geometry": {
        "type": "Point",
        "coordinates": [
          130.4535761,
          31.582986
        ]
      },
      "properties": {
        "内容": "バス停: 平和団地入口 (鹿児島市)",
        "name": "平和団地入口",
        "operator": "鹿児島市",
        "ref": "",
        "url": "",
        "url2": ""
      }
    },
    {
      "type": "Feature",
      "geometry": {
        "type": "Point",
        "coordinates": [
          130.4564337,
          31.5799635
        ]
      },
      "properties": {
        "内容": "バス停: お茶の里 (鹿児島市)",
        "name": "お茶の里",
        "operator": "鹿児島市",
        "ref": "",
        "url": "",
        "url2": ""
      }
    },
    {
      "type": "Feature",
      "geometry": {
        "type": "Point",
        "coordinates": [
          130.455502,
          31.5764394
        ]
      },
      "properties": {
        "内容": "バス停: 春山公民館 (鹿児島市)",
        "name": "春山公民館",
        "operator": "鹿児島市",
        "ref": "",
        "url": "",
        "url2": ""
      }
    },
    {
      "type": "Feature",
      "geometry": {
        "type": "Point",
        "coordinates": [
          130.4569557,
          31.5748399
        ]
      },
      "properties": {
        "内容": "バス停: 馬場 (鹿児島市)",
        "name": "馬場",
        "operator": "鹿児島市",
        "ref": "",
        "url": "",
        "url2": ""
      }
    },
    {
      "type": "Feature",
      "geometry": {
        "type": "Point",
        "coordinates": [
          130.4576746,
          31.571892
        ]
      },
      "properties": {
        "内容": "バス停: 下り山三文字 (鹿児島市)",
        "name": "下り山三文字",
        "operator": "鹿児島市",
        "ref": "",
        "url": "",
        "url2": ""
      }
    },
    {
      "type": "Feature",
      "geometry": {
        "type": "Point",
        "coordinates": [
          130.455526,
          31.5678546
        ]
      },
      "properties": {
        "内容": "バス停: 天野印刷 (鹿児島市)",
        "name": "天野印刷",
        "operator": "鹿児島市",
        "ref": "",
        "url": "",
        "url2": ""
      }
    },
    {
      "type": "Feature",
      "geometry": {
        "type": "Point",
        "coordinates": [
          130.453998,
          31.5661256
        ]
      },
      "properties": {
        "内容": "バス停: 下り山 (鹿児島市)",
        "name": "下り山",
        "operator": "鹿児島市",
        "ref": "",
        "url": "",
        "url2": ""
      }
    },
    {
      "type": "Feature",
      "geometry": {
        "type": "Point",
        "coordinates": [
          130.4598566,
          31.5663228
        ]
      },
      "properties": {
        "内容": "バス停: 城 (鹿児島市)",
        "name": "城",
        "operator": "鹿児島市",
        "ref": "",
        "url": "",
        "url2": ""
      }
    },
    {
      "type": "Feature",
      "geometry": {
        "type": "Point",
        "coordinates": [
          130.4602044,
          31.5736179
        ]
      },
      "properties": {
        "内容": "バス停: 寺脇三文字 (鹿児島市)",
        "name": "寺脇三文字",
        "operator": "鹿児島市",
        "ref": "",
        "url": "",
        "url2": ""
      }
    },
    {
      "type": "Feature",
      "geometry": {
        "type": "Point",
        "coordinates": [
          130.4650806,
          31.573074
        ]
      },
      "properties": {
        "内容": "バス停: 春山水源地 (鹿児島市)",
        "name": "春山水源地",
        "operator": "鹿児島市",
        "ref": "",
        "url": "",
        "url2": ""
      }
    },
    {
      "type": "Feature",
      "geometry": {
        "type": "Point",
        "coordinates": [
          130.4623796,
          31.5757865
        ]
      },
      "properties": {
        "内容": "バス停: 瀬戸山養鶏場前",
        "name": "瀬戸山養鶏場前",
        "operator": "事業者不明",
        "ref": "",
        "url": "",
        "url2": ""
      }
    },
    {
      "type": "Feature",
      "geometry": {
        "type": "Point",
        "coordinates": [
          130.4588418,
          31.5781447
        ]
      },
      "properties": {
        "内容": "バス停: 寺脇 (鹿児島市)",
        "name": "寺脇",
        "operator": "鹿児島市",
        "ref": "",
        "url": "",
        "url2": ""
      }
    },
    {
      "type": "Feature",
      "geometry": {
        "type": "Point",
        "coordinates": [
          130.457844,
          31.5795705
        ]
      },
      "properties": {
        "内容": "バス停: お茶の里広場前 (鹿児島市)",
        "name": "お茶の里広場前",
        "operator": "鹿児島市",
        "ref": "",
        "url": "",
        "url2": ""
      }
    },
    {
      "type": "Feature",
      "geometry": {
        "type": "Point",
        "coordinates": [
          130.9454159,
          31.346953
        ]
      },
      "properties": {
        "内容": "バス停: 高山 (三州自動車)",
        "name": "高山",
        "operator": "三州自動車",
        "ref": "",
        "url": "",
        "url2": ""
      }
    },
    {
      "type": "Feature",
      "geometry": {
        "type": "Point",
        "coordinates": [
          130.9454977,
          31.3470568
        ]
      },
      "properties": {
        "内容": "バス停: 高山 (三州自動車)",
        "name": "高山",
        "operator": "三州自動車",
        "ref": "",
        "url": "",
        "url2": ""
      }
    },
    {
      "type": "Feature",
      "geometry": {
        "type": "Point",
        "coordinates": [
          130.9567252,
          31.345802
        ]
      },
      "properties": {
        "内容": "バス停: 警察署前 (三州自動車)",
        "name": "警察署前",
        "operator": "三州自動車",
        "ref": "",
        "url": "",
        "url2": ""
      }
    },
    {
      "type": "Feature",
      "geometry": {
        "type": "Point",
        "coordinates": [
          130.9593337,
          31.3453713
        ]
      },
      "properties": {
        "内容": "バス停: 丸岡 (三州自動車)",
        "name": "丸岡",
        "operator": "三州自動車",
        "ref": "",
        "url": "",
        "url2": ""
      }
    },
    {
      "type": "Feature",
      "geometry": {
        "type": "Point",
        "coordinates": [
          130.964169,
          31.3428949
        ]
      },
      "properties": {
        "内容": "バス停: 東迫",
        "name": "東迫",
        "operator": "事業者不明",
        "ref": "",
        "url": "",
        "url2": ""
      }
    },
    {
      "type": "Feature",
      "geometry": {
        "type": "Point",
        "coordinates": [
          130.9699723,
          31.3423013
        ]
      },
      "properties": {
        "内容": "バス停: 塚崎 (三州自動車)",
        "name": "塚崎",
        "operator": "三州自動車",
        "ref": "",
        "url": "",
        "url2": ""
      }
    },
    {
      "type": "Feature",
      "geometry": {
        "type": "Point",
        "coordinates": [
          130.9368734,
          31.3458767
        ]
      },
      "properties": {
        "内容": "バス停: 上の原 (三州自動車)",
        "name": "上の原",
        "operator": "三州自動車",
        "ref": "",
        "url": "",
        "url2": ""
      }
    },
    {
      "type": "Feature",
      "geometry": {
        "type": "Point",
        "coordinates": [
          130.9418798,
          31.3474014
        ]
      },
      "properties": {
        "内容": "バス停: 坂下 (三州自動車)",
        "name": "坂下",
        "operator": "三州自動車",
        "ref": "",
        "url": "",
        "url2": ""
      }
    },
    {
      "type": "Feature",
      "geometry": {
        "type": "Point",
        "coordinates": [
          130.94175,
          31.3476944
        ]
      },
      "properties": {
        "内容": "バス停: 坂下 (三州自動車)",
        "name": "坂下",
        "operator": "三州自動車",
        "ref": "",
        "url": "",
        "url2": ""
      }
    },
    {
      "type": "Feature",
      "geometry": {
        "type": "Point",
        "coordinates": [
          130.9411116,
          31.3469984
        ]
      },
      "properties": {
        "内容": "バス停: 坂下 (三州自動車)",
        "name": "坂下",
        "operator": "三州自動車",
        "ref": "",
        "url": "",
        "url2": ""
      }
    },
    {
      "type": "Feature",
      "geometry": {
        "type": "Point",
        "coordinates": [
          130.9411425,
          31.3470683
        ]
      },
      "properties": {
        "内容": "バス停: 坂下 (三州自動車)",
        "name": "坂下",
        "operator": "三州自動車",
        "ref": "",
        "url": "",
        "url2": ""
      }
    },
    {
      "type": "Feature",
      "geometry": {
        "type": "Point",
        "coordinates": [
          130.9324126,
          31.343801
        ]
      },
      "properties": {
        "内容": "バス停: 高山高校前 (三州自動車)",
        "name": "高山高校前",
        "operator": "三州自動車",
        "ref": "",
        "url": "",
        "url2": ""
      }
    },
    {
      "type": "Feature",
      "geometry": {
        "type": "Point",
        "coordinates": [
          130.9327415,
          31.343852
        ]
      },
      "properties": {
        "内容": "バス停: 高山高校前 (三州自動車)",
        "name": "高山高校前",
        "operator": "三州自動車",
        "ref": "",
        "url": "",
        "url2": ""
      }
    },
    {
      "type": "Feature",
      "geometry": {
        "type": "Point",
        "coordinates": [
          130.6636602,
          30.3783718
        ]
      },
      "properties": {
        "内容": "バス停: 大川",
        "name": "大川",
        "operator": "事業者不明",
        "ref": "51",
        "url": "",
        "url2": ""
      }
    },
    {
      "type": "Feature",
      "geometry": {
        "type": "Point",
        "coordinates": [
          130.6610636,
          30.3806932
        ]
      },
      "properties": {
        "内容": "バス停: 長峰",
        "name": "長峰",
        "operator": "事業者不明",
        "ref": "50",
        "url": "",
        "url2": ""
      }
    },
    {
      "type": "Feature",
      "geometry": {
        "type": "Point",
        "coordinates": [
          130.6633692,
          30.3740601
        ]
      },
      "properties": {
        "内容": "バス停: 早崎",
        "name": "早崎",
        "operator": "事業者不明",
        "ref": "52",
        "url": "",
        "url2": ""
      }
    },
    {
      "type": "Feature",
      "geometry": {
        "type": "Point",
        "coordinates": [
          130.6618246,
          30.3703781
        ]
      },
      "properties": {
        "内容": "バス停: 高見橋",
        "name": "高見橋",
        "operator": "事業者不明",
        "ref": "53",
        "url": "",
        "url2": ""
      }
    },
    {
      "type": "Feature",
      "geometry": {
        "type": "Point",
        "coordinates": [
          130.6589878,
          30.3831096
        ]
      },
      "properties": {
        "内容": "バス停: 空港",
        "name": "空港",
        "operator": "事業者不明",
        "ref": "49",
        "url": "",
        "url2": ""
      }
    },
    {
      "type": "Feature",
      "geometry": {
        "type": "Point",
        "coordinates": [
          130.6584139,
          30.3830142
        ]
      },
      "properties": {
        "内容": "バス停: 塩の道",
        "name": "塩の道",
        "operator": "事業者不明",
        "ref": "48",
        "url": "",
        "url2": ""
      }
    },
    {
      "type": "Feature",
      "geometry": {
        "type": "Point",
        "coordinates": [
          130.6548863,
          30.3871333
        ]
      },
      "properties": {
        "内容": "バス停: 長峰北",
        "name": "長峰北",
        "operator": "事業者不明",
        "ref": "47",
        "url": "",
        "url2": ""
      }
    },
    {
      "type": "Feature",
      "geometry": {
        "type": "Point",
        "coordinates": [
          130.652623,
          30.3893247
        ]
      },
      "properties": {
        "内容": "バス停: 診療所前",
        "name": "診療所前",
        "operator": "事業者不明",
        "ref": "46",
        "url": "",
        "url2": ""
      }
    },
    {
      "type": "Feature",
      "geometry": {
        "type": "Point",
        "coordinates": [
          130.647532,
          30.3938911
        ]
      },
      "properties": {
        "内容": "バス停: 女川",
        "name": "女川",
        "operator": "事業者不明",
        "ref": "45",
        "url": "",
        "url2": ""
      }
    },
    {
      "type": "Feature",
      "geometry": {
        "type": "Point",
        "coordinates": [
          130.5466073,
          31.6040195
        ]
      },
      "properties": {
        "内容": "バス停: 草牟田小学校前",
        "name": "草牟田小学校前",
        "operator": "事業者不明",
        "ref": "",
        "url": "",
        "url2": ""
      }
    },
    {
      "type": "Feature",
      "geometry": {
        "type": "Point",
        "coordinates": [
          130.5468266,
          31.6039853
        ]
      },
      "properties": {
        "内容": "バス停: 草牟田小学校前",
        "name": "草牟田小学校前",
        "operator": "事業者不明",
        "ref": "",
        "url": "",
        "url2": ""
      }
    },
    {
      "type": "Feature",
      "geometry": {
        "type": "Point",
        "coordinates": [
          130.567853,
          30.3941164
        ]
      },
      "properties": {
        "内容": "バス停: 雲の展望台",
        "name": "雲の展望台",
        "operator": "事業者不明",
        "ref": "",
        "url": "",
        "url2": ""
      }
    },
    {
      "type": "Feature",
      "geometry": {
        "type": "Point",
        "coordinates": [
          130.5713756,
          30.4326809
        ]
      },
      "properties": {
        "内容": "バス停: 宮之浦港",
        "name": "宮之浦港",
        "operator": "事業者不明",
        "ref": "20",
        "url": "",
        "url2": "Q30928962"
      }
    },
    {
      "type": "Feature",
      "geometry": {
        "type": "Point",
        "coordinates": [
          130.6382609,
          30.3987728
        ]
      },
      "properties": {
        "内容": "バス停: 西小瀬田",
        "name": "西小瀬田",
        "operator": "事業者不明",
        "ref": "43",
        "url": "",
        "url2": ""
      }
    },
    {
      "type": "Feature",
      "geometry": {
        "type": "Point",
        "coordinates": [
          130.6412623,
          30.3975994
        ]
      },
      "properties": {
        "内容": "バス停: 小瀬田",
        "name": "小瀬田",
        "operator": "事業者不明",
        "ref": "44",
        "url": "",
        "url2": ""
      }
    },
    {
      "type": "Feature",
      "geometry": {
        "type": "Point",
        "coordinates": [
          130.5594462,
          30.4354077
        ]
      },
      "properties": {
        "内容": "バス停: 深川",
        "name": "深川",
        "operator": "事業者不明",
        "ref": "17",
        "url": "",
        "url2": ""
      }
    },
    {
      "type": "Feature",
      "geometry": {
        "type": "Point",
        "coordinates": [
          130.5524635,
          30.4392263
        ]
      },
      "properties": {
        "内容": "バス停: 振腰橋",
        "name": "振腰橋",
        "operator": "事業者不明",
        "ref": "16",
        "url": "",
        "url2": ""
      }
    },
    {
      "type": "Feature",
      "geometry": {
        "type": "Point",
        "coordinates": [
          130.6323114,
          30.4003984
        ]
      },
      "properties": {
        "内容": "バス停: 男川",
        "name": "男川",
        "operator": "事業者不明",
        "ref": "42",
        "url": "",
        "url2": ""
      }
    },
    {
      "type": "Feature",
      "geometry": {
        "type": "Point",
        "coordinates": [
          130.6178997,
          30.4040857
        ]
      },
      "properties": {
        "内容": "バス停: 下牧野",
        "name": "下牧野",
        "operator": "事業者不明",
        "ref": "40",
        "url": "",
        "url2": ""
      }
    },
    {
      "type": "Feature",
      "geometry": {
        "type": "Point",
        "coordinates": [
          130.6221694,
          30.4023225
        ]
      },
      "properties": {
        "内容": "バス停: 椨川",
        "name": "椨川",
        "operator": "事業者不明",
        "ref": "41",
        "url": "",
        "url2": ""
      }
    },
    {
      "type": "Feature",
      "geometry": {
        "type": "Point",
        "coordinates": [
          130.6062604,
          30.4064313
        ]
      },
      "properties": {
        "内容": "バス停: 湯ノ川温泉",
        "name": "湯ノ川温泉",
        "operator": "事業者不明",
        "ref": "38",
        "url": "",
        "url2": ""
      }
    },
    {
      "type": "Feature",
      "geometry": {
        "type": "Point",
        "coordinates": [
          130.6145243,
          30.4051084
        ]
      },
      "properties": {
        "内容": "バス停: 牧ノ川",
        "name": "牧ノ川",
        "operator": "事業者不明",
        "ref": "39",
        "url": "",
        "url2": ""
      }
    },
    {
      "type": "Feature",
      "geometry": {
        "type": "Point",
        "coordinates": [
          130.594876,
          30.4126875
        ]
      },
      "properties": {
        "内容": "バス停: 楠川",
        "name": "楠川",
        "operator": "事業者不明",
        "ref": "37",
        "url": "",
        "url2": ""
      }
    },
    {
      "type": "Feature",
      "geometry": {
        "type": "Point",
        "coordinates": [
          130.5915652,
          30.4173063
        ]
      },
      "properties": {
        "内容": "バス停: 楠川入口",
        "name": "楠川入口",
        "operator": "事業者不明",
        "ref": "36",
        "url": "",
        "url2": ""
      }
    },
    {
      "type": "Feature",
      "geometry": {
        "type": "Point",
        "coordinates": [
          130.5879005,
          30.4184163
        ]
      },
      "properties": {
        "内容": "バス停: 鳥越",
        "name": "鳥越",
        "operator": "事業者不明",
        "ref": "35",
        "url": "",
        "url2": ""
      }
    },
    {
      "type": "Feature",
      "geometry": {
        "type": "Point",
        "coordinates": [
          130.5858642,
          30.4189862
        ]
      },
      "properties": {
        "内容": "バス停: 旭町",
        "name": "旭町",
        "operator": "事業者不明",
        "ref": "34",
        "url": "",
        "url2": ""
      }
    },
    {
      "type": "Feature",
      "geometry": {
        "type": "Point",
        "coordinates": [
          130.5831526,
          30.419811
        ]
      },
      "properties": {
        "内容": "バス停: 営団",
        "name": "営団",
        "operator": "事業者不明",
        "ref": "33",
        "url": "",
        "url2": ""
      }
    },
    {
      "type": "Feature",
      "geometry": {
        "type": "Point",
        "coordinates": [
          130.580196,
          30.4209365
        ]
      },
      "properties": {
        "内容": "バス停: 高校前",
        "name": "高校前",
        "operator": "事業者不明",
        "ref": "32",
        "url": "",
        "url2": ""
      }
    },
    {
      "type": "Feature",
      "geometry": {
        "type": "Point",
        "coordinates": [
          130.5742454,
          30.4216988
        ]
      },
      "properties": {
        "内容": "バス停: 宮浦小前",
        "name": "宮浦小前",
        "operator": "事業者不明",
        "ref": "31",
        "url": "",
        "url2": ""
      }
    },
    {
      "type": "Feature",
      "geometry": {
        "type": "Point",
        "coordinates": [
          130.5714263,
          30.4194506
        ]
      },
      "properties": {
        "内容": "バス停: Aコープ前",
        "name": "Aコープ前",
        "operator": "事業者不明",
        "ref": "",
        "url": "",
        "url2": ""
      }
    },
    {
      "type": "Feature",
      "geometry": {
        "type": "Point",
        "coordinates": [
          130.5617221,
          30.3971703
        ]
      },
      "properties": {
        "内容": "バス停: 森の展望台",
        "name": "森の展望台",
        "operator": "事業者不明",
        "ref": "27",
        "url": "",
        "url2": ""
      }
    },
    {
      "type": "Feature",
      "geometry": {
        "type": "Point",
        "coordinates": [
          130.568724,
          30.4327497
        ]
      },
      "properties": {
        "内容": "バス停: シーサイドホテル前",
        "name": "シーサイドホテル前",
        "operator": "事業者不明",
        "ref": "19",
        "url": "",
        "url2": ""
      }
    },
    {
      "type": "Feature",
      "geometry": {
        "type": "Point",
        "coordinates": [
          130.5669309,
          30.4101549
        ]
      },
      "properties": {
        "内容": "バス停: 牛床公園",
        "name": "牛床公園",
        "operator": "事業者不明",
        "ref": "26",
        "url": "",
        "url2": ""
      }
    },
    {
      "type": "Feature",
      "geometry": {
        "type": "Point",
        "coordinates": [
          130.5692322,
          30.4210574
        ]
      },
      "properties": {
        "内容": "バス停: 宮之浦支所前",
        "name": "宮之浦支所前",
        "operator": "事業者不明",
        "ref": "24",
        "url": "",
        "url2": ""
      }
    },
    {
      "type": "Feature",
      "geometry": {
        "type": "Point",
        "coordinates": [
          130.5675901,
          30.4188934
        ]
      },
      "properties": {
        "内容": "バス停: 小原町",
        "name": "小原町",
        "operator": "事業者不明",
        "ref": "25",
        "url": "",
        "url2": ""
      }
    },
    {
      "type": "Feature",
      "geometry": {
        "type": "Point",
        "coordinates": [
          130.5702299,
          30.4245297
        ]
      },
      "properties": {
        "内容": "バス停: 宮之浦",
        "name": "宮之浦",
        "operator": "事業者不明",
        "ref": "23",
        "url": "",
        "url2": ""
      }
    },
    {
      "type": "Feature",
      "geometry": {
        "type": "Point",
        "coordinates": [
          130.5706395,
          30.4273063
        ]
      },
      "properties": {
        "内容": "バス停: 登上",
        "name": "登上",
        "operator": "事業者不明",
        "ref": "22",
        "url": "",
        "url2": ""
      }
    },
    {
      "type": "Feature",
      "geometry": {
        "type": "Point",
        "coordinates": [
          130.5643134,
          30.4328687
        ]
      },
      "properties": {
        "内容": "バス停: 屋久電前",
        "name": "屋久電前",
        "operator": "事業者不明",
        "ref": "18",
        "url": "",
        "url2": ""
      }
    },
    {
      "type": "Feature",
      "geometry": {
        "type": "Point",
        "coordinates": [
          130.5476045,
          30.4409408
        ]
      },
      "properties": {
        "内容": "バス停: 泊川",
        "name": "泊川",
        "operator": "事業者不明",
        "ref": "15",
        "url": "",
        "url2": ""
      }
    },
    {
      "type": "Feature",
      "geometry": {
        "type": "Point",
        "coordinates": [
          130.5194979,
          30.4471396
        ]
      },
      "properties": {
        "内容": "バス停: 志戸子",
        "name": "志戸子",
        "operator": "事業者不明",
        "ref": "14",
        "url": "",
        "url2": ""
      }
    },
    {
      "type": "Feature",
      "geometry": {
        "type": "Point",
        "coordinates": [
          130.4963429,
          30.4542136
        ]
      },
      "properties": {
        "内容": "バス停: 矢筈",
        "name": "矢筈",
        "operator": "事業者不明",
        "ref": "13",
        "url": "",
        "url2": ""
      }
    },
    {
      "type": "Feature",
      "geometry": {
        "type": "Point",
        "coordinates": [
          130.4913762,
          30.4523718
        ]
      },
      "properties": {
        "内容": "バス停: 一湊入口",
        "name": "一湊入口",
        "operator": "事業者不明",
        "ref": "12",
        "url": "",
        "url2": ""
      }
    },
    {
      "type": "Feature",
      "geometry": {
        "type": "Point",
        "coordinates": [
          130.4871154,
          30.4515218
        ]
      },
      "properties": {
        "内容": "バス停: 一湊",
        "name": "一湊",
        "operator": "事業者不明",
        "ref": "11",
        "url": "",
        "url2": ""
      }
    },
    {
      "type": "Feature",
      "geometry": {
        "type": "Point",
        "coordinates": [
          130.4760585,
          30.4535024
        ]
      },
      "properties": {
        "内容": "バス停: 大浦",
        "name": "大浦",
        "operator": "事業者不明",
        "ref": "10",
        "url": "",
        "url2": ""
      }
    },
    {
      "type": "Feature",
      "geometry": {
        "type": "Point",
        "coordinates": [
          130.4701627,
          30.4471118
        ]
      },
      "properties": {
        "内容": "バス停: 白河",
        "name": "白河",
        "operator": "事業者不明",
        "ref": "9",
        "url": "",
        "url2": ""
      }
    },
    {
      "type": "Feature",
      "geometry": {
        "type": "Point",
        "coordinates": [
          130.4616892,
          30.4328229
        ]
      },
      "properties": {
        "内容": "バス停: 吉田",
        "name": "吉田",
        "operator": "事業者不明",
        "ref": "8",
        "url": "",
        "url2": ""
      }
    },
    {
      "type": "Feature",
      "geometry": {
        "type": "Point",
        "coordinates": [
          130.4414424,
          30.4186709
        ]
      },
      "properties": {
        "内容": "バス停: 四ツ瀬",
        "name": "四ツ瀬",
        "operator": "事業者不明",
        "ref": "7",
        "url": "",
        "url2": ""
      }
    },
    {
      "type": "Feature",
      "geometry": {
        "type": "Point",
        "coordinates": [
          130.4373386,
          30.4112353
        ]
      },
      "properties": {
        "内容": "バス停: 中野口",
        "name": "中野口",
        "operator": "事業者不明",
        "ref": "6",
        "url": "",
        "url2": ""
      }
    },
    {
      "type": "Feature",
      "geometry": {
        "type": "Point",
        "coordinates": [
          130.434456,
          30.4072573
        ]
      },
      "properties": {
        "内容": "バス停: 中野橋",
        "name": "中野橋",
        "operator": "事業者不明",
        "ref": "5",
        "url": "",
        "url2": ""
      }
    },
    {
      "type": "Feature",
      "geometry": {
        "type": "Point",
        "coordinates": [
          130.4302894,
          30.4049932
        ]
      },
      "properties": {
        "内容": "バス停: 田舎浜",
        "name": "田舎浜",
        "operator": "事業者不明",
        "ref": "4",
        "url": "",
        "url2": ""
      }
    },
    {
      "type": "Feature",
      "geometry": {
        "type": "Point",
        "coordinates": [
          130.4261764,
          30.3991813
        ]
      },
      "properties": {
        "内容": "バス停: 永田入口",
        "name": "永田入口",
        "operator": "事業者不明",
        "ref": "2",
        "url": "",
        "url2": ""
      }
    },
    {
      "type": "Feature",
      "geometry": {
        "type": "Point",
        "coordinates": [
          130.4270577,
          30.401611
        ]
      },
      "properties": {
        "内容": "バス停: エビス町",
        "name": "エビス町",
        "operator": "事業者不明",
        "ref": "3",
        "url": "",
        "url2": ""
      }
    },
    {
      "type": "Feature",
      "geometry": {
        "type": "Point",
        "coordinates": [
          130.4262866,
          30.3962763
        ]
      },
      "properties": {
        "内容": "バス停: 永田",
        "name": "永田",
        "operator": "事業者不明",
        "ref": "1",
        "url": "",
        "url2": ""
      }
    },
    {
      "type": "Feature",
      "geometry": {
        "type": "Point",
        "coordinates": [
          130.5951974,
          30.3399211
        ]
      },
      "properties": {
        "内容": "バス停: 荒川登山口 (種子島・屋久島交通)",
        "name": "荒川登山口",
        "operator": "種子島・屋久島交通",
        "ref": "70",
        "url": "",
        "url2": ""
      }
    },
    {
      "type": "Feature",
      "geometry": {
        "type": "Point",
        "coordinates": [
          130.5528403,
          30.2389222
        ]
      },
      "properties": {
        "内容": "バス停: 尾の間温泉入口",
        "name": "尾の間温泉入口",
        "operator": "事業者不明",
        "ref": "98",
        "url": "",
        "url2": ""
      }
    },
    {
      "type": "Feature",
      "geometry": {
        "type": "Point",
        "coordinates": [
          130.4801558,
          30.2349184
        ]
      },
      "properties": {
        "内容": "バス停: 湯泊",
        "name": "湯泊",
        "operator": "事業者不明",
        "ref": "114",
        "url": "",
        "url2": ""
      }
    },
    {
      "type": "Feature",
      "geometry": {
        "type": "Point",
        "coordinates": [
          130.4309913,
          30.2554466
        ]
      },
      "properties": {
        "内容": "バス停: 中間",
        "name": "中間",
        "operator": "事業者不明",
        "ref": "",
        "url": "",
        "url2": ""
      }
    },
    {
      "type": "Feature",
      "geometry": {
        "type": "Point",
        "coordinates": [
          130.2893272,
          31.8491104
        ]
      },
      "properties": {
        "内容": "バス停: 妹背橋",
        "name": "妹背橋",
        "operator": "事業者不明",
        "ref": "",
        "url": "",
        "url2": ""
      }
    },
    {
      "type": "Feature",
      "geometry": {
        "type": "Point",
        "coordinates": [
          130.5430655,
          31.5845783
        ]
      },
      "properties": {
        "内容": "バス停: カゴシマシティビューのりば",
        "name": "カゴシマシティビューのりば",
        "operator": "事業者不明",
        "ref": "東4",
        "url": "",
        "url2": ""
      }
    },
    {
      "type": "Feature",
      "geometry": {
        "type": "Point",
        "coordinates": [
          130.894795,
          31.3886
        ]
      },
      "properties": {
        "内容": "バス停: 東笠之原(下り)",
        "name": "東笠之原(下り)",
        "operator": "事業者不明",
        "ref": "",
        "url": "",
        "url2": ""
      }
    },
    {
      "type": "Feature",
      "geometry": {
        "type": "Point",
        "coordinates": [
          130.894517,
          31.388372
        ]
      },
      "properties": {
        "内容": "バス停: 東笠之原",
        "name": "東笠之原",
        "operator": "事業者不明",
        "ref": "",
        "url": "",
        "url2": ""
      }
    },
    {
      "type": "Feature",
      "geometry": {
        "type": "Point",
        "coordinates": [
          130.900486,
          31.38077
        ]
      },
      "properties": {
        "内容": "バス停: 北富山(上り)",
        "name": "北富山(上り)",
        "operator": "事業者不明",
        "ref": "",
        "url": "",
        "url2": ""
      }
    },
    {
      "type": "Feature",
      "geometry": {
        "type": "Point",
        "coordinates": [
          130.5595677,
          31.5566245
        ]
      },
      "properties": {
        "内容": "バス停: 名称不明バス停",
        "name": "名称不明バス停",
        "operator": "事業者不明",
        "ref": "",
        "url": "",
        "url2": ""
      }
    },
    {
      "type": "Feature",
      "geometry": {
        "type": "Point",
        "coordinates": [
          130.6001317,
          31.5924876
        ]
      },
      "properties": {
        "内容": "バス停: 名称不明バス停",
        "name": "名称不明バス停",
        "operator": "事業者不明",
        "ref": "",
        "url": "",
        "url2": ""
      }
    },
    {
      "type": "Feature",
      "geometry": {
        "type": "Point",
        "coordinates": [
          130.6002034,
          31.5924871
        ]
      },
      "properties": {
        "内容": "バス停: 名称不明バス停",
        "name": "名称不明バス停",
        "operator": "事業者不明",
        "ref": "",
        "url": "",
        "url2": ""
      }
    },
    {
      "type": "Feature",
      "geometry": {
        "type": "Point",
        "coordinates": [
          130.6674387,
          31.011842
        ]
      },
      "properties": {
        "内容": "バス停: 名称不明バス停",
        "name": "名称不明バス停",
        "operator": "事業者不明",
        "ref": "",
        "url": "",
        "url2": ""
      }
    },
    {
      "type": "Feature",
      "geometry": {
        "type": "Point",
        "coordinates": [
          130.5457947,
          31.5840174
        ]
      },
      "properties": {
        "内容": "バス停: 共研公園前",
        "name": "共研公園前",
        "operator": "事業者不明",
        "ref": "",
        "url": "",
        "url2": ""
      }
    },
    {
      "type": "Feature",
      "geometry": {
        "type": "Point",
        "coordinates": [
          130.2917524,
          31.8504751
        ]
      },
      "properties": {
        "内容": "バス停: 高来住宅前(バス停)",
        "name": "高来住宅前(バス停)",
        "operator": "事業者不明",
        "ref": "",
        "url": "",
        "url2": ""
      }
    },
    {
      "type": "Feature",
      "geometry": {
        "type": "Point",
        "coordinates": [
          130.6554763,
          30.3148834
        ]
      },
      "properties": {
        "内容": "バス停: 安房 (種子島・屋久島交通)",
        "name": "安房",
        "operator": "種子島・屋久島交通",
        "ref": "66",
        "url": "",
        "url2": ""
      }
    },
    {
      "type": "Feature",
      "geometry": {
        "type": "Point",
        "coordinates": [
          130.6475275,
          30.3112362
        ]
      },
      "properties": {
        "内容": "バス停: 盛久神社 (種子島・屋久島交通)",
        "name": "盛久神社",
        "operator": "種子島・屋久島交通",
        "ref": "73",
        "url": "",
        "url2": ""
      }
    },
    {
      "type": "Feature",
      "geometry": {
        "type": "Point",
        "coordinates": [
          130.6352363,
          30.2968164
        ]
      },
      "properties": {
        "内容": "バス停: SakaemachiI",
        "name": "SakaemachiI",
        "operator": "事業者不明",
        "ref": "77",
        "url": "",
        "url2": ""
      }
    },
    {
      "type": "Feature",
      "geometry": {
        "type": "Point",
        "coordinates": [
          130.6230827,
          30.2801683
        ]
      },
      "properties": {
        "内容": "バス停: Shochugawa",
        "name": "Shochugawa",
        "operator": "事業者不明",
        "ref": "80",
        "url": "",
        "url2": ""
      }
    },
    {
      "type": "Feature",
      "geometry": {
        "type": "Point",
        "coordinates": [
          130.6127925,
          30.26922
        ]
      },
      "properties": {
        "内容": "バス停: Takahira",
        "name": "Takahira",
        "operator": "事業者不明",
        "ref": "83",
        "url": "",
        "url2": ""
      }
    },
    {
      "type": "Feature",
      "geometry": {
        "type": "Point",
        "coordinates": [
          130.6558658,
          30.3211443
        ]
      },
      "properties": {
        "内容": "バス停: 合庁前",
        "name": "合庁前",
        "operator": "事業者不明",
        "ref": "62",
        "url": "",
        "url2": ""
      }
    },
    {
      "type": "Feature",
      "geometry": {
        "type": "Point",
        "coordinates": [
          130.4801474,
          30.2349188
        ]
      },
      "properties": {
        "内容": "バス停: 湯泊",
        "name": "湯泊",
        "operator": "事業者不明",
        "ref": "",
        "url": "",
        "url2": ""
      }
    },
    {
      "type": "Feature",
      "geometry": {
        "type": "Point",
        "coordinates": [
          130.6596175,
          30.3173093
        ]
      },
      "properties": {
        "内容": "バス停: 安房港 (種子島・屋久島交通)",
        "name": "安房港",
        "operator": "種子島・屋久島交通",
        "ref": "64",
        "url": "",
        "url2": ""
      }
    },
    {
      "type": "Feature",
      "geometry": {
        "type": "Point",
        "coordinates": [
          130.6631532,
          30.3618263
        ]
      },
      "properties": {
        "内容": "バス停: 大迫",
        "name": "大迫",
        "operator": "事業者不明",
        "ref": "55",
        "url": "",
        "url2": ""
      }
    },
    {
      "type": "Feature",
      "geometry": {
        "type": "Point",
        "coordinates": [
          130.6543002,
          30.3432327
        ]
      },
      "properties": {
        "内容": "バス停: 竜天",
        "name": "竜天",
        "operator": "事業者不明",
        "ref": "58",
        "url": "",
        "url2": ""
      }
    },
    {
      "type": "Feature",
      "geometry": {
        "type": "Point",
        "coordinates": [
          130.6583534,
          30.32759
        ]
      },
      "properties": {
        "内容": "バス停: 中央",
        "name": "中央",
        "operator": "事業者不明",
        "ref": "61",
        "url": "",
        "url2": ""
      }
    },
    {
      "type": "Feature",
      "geometry": {
        "type": "Point",
        "coordinates": [
          130.6181084,
          30.2760012
        ]
      },
      "properties": {
        "内容": "バス停: Nakabashi",
        "name": "Nakabashi",
        "operator": "事業者不明",
        "ref": "81",
        "url": "",
        "url2": ""
      }
    },
    {
      "type": "Feature",
      "geometry": {
        "type": "Point",
        "coordinates": [
          130.6058879,
          30.2637169
        ]
      },
      "properties": {
        "内容": "バス停: Hotogawa",
        "name": "Hotogawa",
        "operator": "事業者不明",
        "ref": "84",
        "url": "",
        "url2": ""
      }
    },
    {
      "type": "Feature",
      "geometry": {
        "type": "Point",
        "coordinates": [
          130.584419,
          30.2485223
        ]
      },
      "properties": {
        "内容": "バス停: Hara Iriguchi",
        "name": "Hara Iriguchi",
        "operator": "事業者不明",
        "ref": "88",
        "url": "",
        "url2": ""
      }
    },
    {
      "type": "Feature",
      "geometry": {
        "type": "Point",
        "coordinates": [
          130.5568123,
          30.2379929
        ]
      },
      "properties": {
        "内容": "バス停: Onoaida",
        "name": "Onoaida",
        "operator": "事業者不明",
        "ref": "94",
        "url": "",
        "url2": ""
      }
    },
    {
      "type": "Feature",
      "geometry": {
        "type": "Point",
        "coordinates": [
          130.5502018,
          30.236942
        ]
      },
      "properties": {
        "内容": "バス停: Hotel Iriguchi",
        "name": "Hotel Iriguchi",
        "operator": "事業者不明",
        "ref": "100",
        "url": "",
        "url2": ""
      }
    },
    {
      "type": "Feature",
      "geometry": {
        "type": "Point",
        "coordinates": [
          130.5464067,
          30.2349871
        ]
      },
      "properties": {
        "内容": "バス停: Yaishi",
        "name": "Yaishi",
        "operator": "事業者不明",
        "ref": "101",
        "url": "",
        "url2": ""
      }
    },
    {
      "type": "Feature",
      "geometry": {
        "type": "Point",
        "coordinates": [
          130.4859817,
          30.2346184
        ]
      },
      "properties": {
        "内容": "バス停: Nishikaikon",
        "name": "Nishikaikon",
        "operator": "事業者不明",
        "ref": "113",
        "url": "",
        "url2": ""
      }
    },
    {
      "type": "Feature",
      "geometry": {
        "type": "Point",
        "coordinates": [
          130.6615958,
          30.3550823
        ]
      },
      "properties": {
        "内容": "バス停: Nagakubo",
        "name": "Nagakubo",
        "operator": "事業者不明",
        "ref": "56",
        "url": "",
        "url2": ""
      }
    },
    {
      "type": "Feature",
      "geometry": {
        "type": "Point",
        "coordinates": [
          130.6574391,
          30.3381205
        ]
      },
      "properties": {
        "内容": "バス停: 船行",
        "name": "船行",
        "operator": "事業者不明",
        "ref": "59",
        "url": "",
        "url2": ""
      }
    },
    {
      "type": "Feature",
      "geometry": {
        "type": "Point",
        "coordinates": [
          130.6552395,
          30.3142646
        ]
      },
      "properties": {
        "内容": "バス停: 安房 (種子島・屋久島交通)",
        "name": "安房",
        "operator": "種子島・屋久島交通",
        "ref": "66",
        "url": "",
        "url2": ""
      }
    },
    {
      "type": "Feature",
      "geometry": {
        "type": "Point",
        "coordinates": [
          130.6394601,
          30.304294
        ]
      },
      "properties": {
        "内容": "バス停: Yokomine",
        "name": "Yokomine",
        "operator": "事業者不明",
        "ref": "75",
        "url": "",
        "url2": ""
      }
    },
    {
      "type": "Feature",
      "geometry": {
        "type": "Point",
        "coordinates": [
          130.6330721,
          30.2896889
        ]
      },
      "properties": {
        "内容": "バス停: 平野 (種子島・屋久島交通)",
        "name": "平野",
        "operator": "種子島・屋久島交通",
        "ref": "78",
        "url": "",
        "url2": ""
      }
    },
    {
      "type": "Feature",
      "geometry": {
        "type": "Point",
        "coordinates": [
          130.6154011,
          30.2734194
        ]
      },
      "properties": {
        "内容": "バス停: Odakumi",
        "name": "Odakumi",
        "operator": "事業者不明",
        "ref": "82",
        "url": "",
        "url2": ""
      }
    },
    {
      "type": "Feature",
      "geometry": {
        "type": "Point",
        "coordinates": [
          130.6000159,
          30.2560577
        ]
      },
      "properties": {
        "内容": "バス停: 麦生 (種子島・屋久島交通)",
        "name": "麦生",
        "operator": "種子島・屋久島交通",
        "ref": "85",
        "url": "",
        "url2": ""
      }
    },
    {
      "type": "Feature",
      "geometry": {
        "type": "Point",
        "coordinates": [
          130.5760337,
          30.2435206
        ]
      },
      "properties": {
        "内容": "バス停: Dorobuchigawa",
        "name": "Dorobuchigawa",
        "operator": "事業者不明",
        "ref": "91",
        "url": "",
        "url2": ""
      }
    },
    {
      "type": "Feature",
      "geometry": {
        "type": "Point",
        "coordinates": [
          130.5557013,
          30.237414
        ]
      },
      "properties": {
        "内容": "バス停: Onoaida Shisho-mae",
        "name": "Onoaida Shisho-mae",
        "operator": "事業者不明",
        "ref": "95",
        "url": "",
        "url2": ""
      }
    },
    {
      "type": "Feature",
      "geometry": {
        "type": "Point",
        "coordinates": [
          130.556452,
          30.2344315
        ]
      },
      "properties": {
        "内容": "バス停: Onoaida Shinryojo-mae",
        "name": "Onoaida Shinryojo-mae",
        "operator": "事業者不明",
        "ref": "96",
        "url": "",
        "url2": ""
      }
    },
    {
      "type": "Feature",
      "geometry": {
        "type": "Point",
        "coordinates": [
          130.5353276,
          30.2346754
        ]
      },
      "properties": {
        "内容": "バス停: Koshima",
        "name": "Koshima",
        "operator": "事業者不明",
        "ref": "102",
        "url": "",
        "url2": ""
      }
    },
    {
      "type": "Feature",
      "geometry": {
        "type": "Point",
        "coordinates": [
          130.6304401,
          30.2858305
        ]
      },
      "properties": {
        "内容": "バス停: Hinokuchi",
        "name": "Hinokuchi",
        "operator": "事業者不明",
        "ref": "79",
        "url": "",
        "url2": ""
      }
    },
    {
      "type": "Feature",
      "geometry": {
        "type": "Point",
        "coordinates": [
          130.659249,
          30.3517801
        ]
      },
      "properties": {
        "内容": "バス停: 桑野",
        "name": "桑野",
        "operator": "事業者不明",
        "ref": "57",
        "url": "",
        "url2": ""
      }
    },
    {
      "type": "Feature",
      "geometry": {
        "type": "Point",
        "coordinates": [
          130.6594696,
          30.3305821
        ]
      },
      "properties": {
        "内容": "バス停: 磯辺",
        "name": "磯辺",
        "operator": "事業者不明",
        "ref": "60",
        "url": "",
        "url2": ""
      }
    },
    {
      "type": "Feature",
      "geometry": {
        "type": "Point",
        "coordinates": [
          130.6553077,
          30.3162915
        ]
      },
      "properties": {
        "内容": "バス停: 警察署前",
        "name": "警察署前",
        "operator": "事業者不明",
        "ref": "63",
        "url": "",
        "url2": ""
      }
    },
    {
      "type": "Feature",
      "geometry": {
        "type": "Point",
        "coordinates": [
          130.6499901,
          30.312254
        ]
      },
      "properties": {
        "内容": "バス停: 牧野 (種子島・屋久島交通)",
        "name": "牧野",
        "operator": "種子島・屋久島交通",
        "ref": "67",
        "url": "",
        "url2": ""
      }
    },
    {
      "type": "Feature",
      "geometry": {
        "type": "Point",
        "coordinates": [
          130.63617,
          30.3005264
        ]
      },
      "properties": {
        "内容": "バス停: Naka-aza",
        "name": "Naka-aza",
        "operator": "事業者不明",
        "ref": "76",
        "url": "",
        "url2": ""
      }
    },
    {
      "type": "Feature",
      "geometry": {
        "type": "Point",
        "coordinates": [
          130.5939198,
          30.2518493
        ]
      },
      "properties": {
        "内容": "バス停: ボタニカルリサーチパーク (種子島・屋久島交通)",
        "name": "ボタニカルリサーチパーク",
        "operator": "種子島・屋久島交通",
        "ref": "86",
        "url": "",
        "url2": ""
      }
    },
    {
      "type": "Feature",
      "geometry": {
        "type": "Point",
        "coordinates": [
          130.5636517,
          30.241618
        ]
      },
      "properties": {
        "内容": "バス停: Nakano",
        "name": "Nakano",
        "operator": "事業者不明",
        "ref": "92",
        "url": "",
        "url2": ""
      }
    },
    {
      "type": "Feature",
      "geometry": {
        "type": "Point",
        "coordinates": [
          130.5561368,
          30.2338307
        ]
      },
      "properties": {
        "内容": "バス停: JR Hotel",
        "name": "JR Hotel",
        "operator": "事業者不明",
        "ref": "97",
        "url": "",
        "url2": ""
      }
    },
    {
      "type": "Feature",
      "geometry": {
        "type": "Point",
        "coordinates": [
          130.5464141,
          30.2393596
        ]
      },
      "properties": {
        "内容": "バス停: Iwasaki Hotel",
        "name": "Iwasaki Hotel",
        "operator": "事業者不明",
        "ref": "99",
        "url": "",
        "url2": ""
      }
    },
    {
      "type": "Feature",
      "geometry": {
        "type": "Point",
        "coordinates": [
          130.5242286,
          30.2356819
        ]
      },
      "properties": {
        "内容": "バス停: Koidomari",
        "name": "Koidomari",
        "operator": "事業者不明",
        "ref": "105",
        "url": "",
        "url2": ""
      }
    },
    {
      "type": "Feature",
      "geometry": {
        "type": "Point",
        "coordinates": [
          130.6578222,
          30.3191985
        ]
      },
      "properties": {
        "内容": "バス停: 仲医院前",
        "name": "仲医院前",
        "operator": "事業者不明",
        "ref": "65",
        "url": "",
        "url2": ""
      }
    },
    {
      "type": "Feature",
      "geometry": {
        "type": "Point",
        "coordinates": [
          130.6314444,
          30.3100652
        ]
      },
      "properties": {
        "内容": "バス停: 名称不明バス停",
        "name": "名称不明バス停",
        "operator": "事業者不明",
        "ref": "",
        "url": "",
        "url2": ""
      }
    },
    {
      "type": "Feature",
      "geometry": {
        "type": "Point",
        "coordinates": [
          130.5704278,
          30.4240852
        ]
      },
      "properties": {
        "内容": "バス停: 宮之浦",
        "name": "宮之浦",
        "operator": "事業者不明",
        "ref": "",
        "url": "",
        "url2": ""
      }
    },
    {
      "type": "Feature",
      "geometry": {
        "type": "Point",
        "coordinates": [
          130.5744536,
          31.6161786
        ]
      },
      "properties": {
        "内容": "バス停: 異人館前",
        "name": "異人館前",
        "operator": "事業者不明",
        "ref": "",
        "url": "",
        "url2": ""
      }
    },
    {
      "type": "Feature",
      "geometry": {
        "type": "Point",
        "coordinates": [
          130.559108,
          31.5982077
        ]
      },
      "properties": {
        "内容": "バス停: 水族館口",
        "name": "水族館口",
        "operator": "事業者不明",
        "ref": "",
        "url": "",
        "url2": ""
      }
    },
    {
      "type": "Feature",
      "geometry": {
        "type": "Point",
        "coordinates": [
          130.712521,
          31.8005067
        ]
      },
      "properties": {
        "内容": "バス停: 鹿児島空港南",
        "name": "鹿児島空港南",
        "operator": "事業者不明",
        "ref": "",
        "url": "",
        "url2": ""
      }
    },
    {
      "type": "Feature",
      "geometry": {
        "type": "Point",
        "coordinates": [
          130.5909871,
          30.2512165
        ]
      },
      "properties": {
        "内容": "バス停: 鯛ノ川",
        "name": "鯛ノ川",
        "operator": "事業者不明",
        "ref": "",
        "url": "",
        "url2": ""
      }
    },
    {
      "type": "Feature",
      "geometry": {
        "type": "Point",
        "coordinates": [
          130.5367397,
          31.5614466
        ]
      },
      "properties": {
        "内容": "バス停: 平和公園前",
        "name": "平和公園前",
        "operator": "事業者不明",
        "ref": "",
        "url": "",
        "url2": ""
      }
    },
    {
      "type": "Feature",
      "geometry": {
        "type": "Point",
        "coordinates": [
          130.5495174,
          31.5590541
        ]
      },
      "properties": {
        "内容": "バス停: 郡元",
        "name": "郡元",
        "operator": "事業者不明",
        "ref": "",
        "url": "",
        "url2": ""
      }
    },
    {
      "type": "Feature",
      "geometry": {
        "type": "Point",
        "coordinates": [
          130.5379245,
          31.5632677
        ]
      },
      "properties": {
        "内容": "バス停: 純心女子学園前 (鹿児島市;鹿児島交通)",
        "name": "純心女子学園前",
        "operator": "鹿児島市;鹿児島交通",
        "ref": "",
        "url": "",
        "url2": ""
      }
    },
    {
      "type": "Feature",
      "geometry": {
        "type": "Point",
        "coordinates": [
          130.5381355,
          31.5627218
        ]
      },
      "properties": {
        "内容": "バス停: 純心女子学園前 (鹿児島市;鹿児島交通)",
        "name": "純心女子学園前",
        "operator": "鹿児島市;鹿児島交通",
        "ref": "",
        "url": "",
        "url2": ""
      }
    },
    {
      "type": "Feature",
      "geometry": {
        "type": "Point",
        "coordinates": [
          130.4889558,
          30.2330444
        ]
      },
      "properties": {
        "内容": "バス停: 海中温泉",
        "name": "海中温泉",
        "operator": "事業者不明",
        "ref": "",
        "url": "",
        "url2": ""
      }
    },
    {
      "type": "Feature",
      "geometry": {
        "type": "Point",
        "coordinates": [
          130.4149967,
          30.2959596
        ]
      },
      "properties": {
        "内容": "バス停: 名称不明バス停",
        "name": "名称不明バス停",
        "operator": "事業者不明",
        "ref": "",
        "url": "",
        "url2": ""
      }
    },
    {
      "type": "Feature",
      "geometry": {
        "type": "Point",
        "coordinates": [
          130.4248029,
          30.2732823
        ]
      },
      "properties": {
        "内容": "バス停: 栗生小前",
        "name": "栗生小前",
        "operator": "事業者不明",
        "ref": "",
        "url": "",
        "url2": ""
      }
    },
    {
      "type": "Feature",
      "geometry": {
        "type": "Point",
        "coordinates": [
          130.424399,
          30.2709933
        ]
      },
      "properties": {
        "内容": "バス停: 栗生",
        "name": "栗生",
        "operator": "事業者不明",
        "ref": "",
        "url": "",
        "url2": ""
      }
    },
    {
      "type": "Feature",
      "geometry": {
        "type": "Point",
        "coordinates": [
          130.4226003,
          30.2681149
        ]
      },
      "properties": {
        "内容": "バス停: 栗生入口",
        "name": "栗生入口",
        "operator": "事業者不明",
        "ref": "",
        "url": "",
        "url2": ""
      }
    },
    {
      "type": "Feature",
      "geometry": {
        "type": "Point",
        "coordinates": [
          130.5176883,
          31.5165052
        ]
      },
      "properties": {
        "内容": "バス停: 松崎",
        "name": "松崎",
        "operator": "事業者不明",
        "ref": "",
        "url": "",
        "url2": ""
      }
    },
    {
      "type": "Feature",
      "geometry": {
        "type": "Point",
        "coordinates": [
          130.5174831,
          31.5165532
        ]
      },
      "properties": {
        "内容": "バス停: 松崎",
        "name": "松崎",
        "operator": "事業者不明",
        "ref": "",
        "url": "",
        "url2": ""
      }
    },
    {
      "type": "Feature",
      "geometry": {
        "type": "Point",
        "coordinates": [
          130.5139205,
          31.5139555
        ]
      },
      "properties": {
        "内容": "バス停: 大御堂",
        "name": "大御堂",
        "operator": "事業者不明",
        "ref": "",
        "url": "",
        "url2": ""
      }
    },
    {
      "type": "Feature",
      "geometry": {
        "type": "Point",
        "coordinates": [
          130.5139292,
          31.5136443
        ]
      },
      "properties": {
        "内容": "バス停: 大御堂",
        "name": "大御堂",
        "operator": "事業者不明",
        "ref": "",
        "url": "",
        "url2": ""
      }
    },
    {
      "type": "Feature",
      "geometry": {
        "type": "Point",
        "coordinates": [
          130.5034823,
          31.483397
        ]
      },
      "properties": {
        "内容": "バス停: 影原",
        "name": "影原",
        "operator": "事業者不明",
        "ref": "",
        "url": "",
        "url2": ""
      }
    },
    {
      "type": "Feature",
      "geometry": {
        "type": "Point",
        "coordinates": [
          130.5037582,
          31.4837321
        ]
      },
      "properties": {
        "内容": "バス停: 影原",
        "name": "影原",
        "operator": "事業者不明",
        "ref": "",
        "url": "",
        "url2": ""
      }
    },
    {
      "type": "Feature",
      "geometry": {
        "type": "Point",
        "coordinates": [
          130.5083467,
          31.5013617
        ]
      },
      "properties": {
        "内容": "バス停: 坂之上",
        "name": "坂之上",
        "operator": "事業者不明",
        "ref": "",
        "url": "",
        "url2": ""
      }
    },
    {
      "type": "Feature",
      "geometry": {
        "type": "Point",
        "coordinates": [
          130.5086559,
          31.5016868
        ]
      },
      "properties": {
        "内容": "バス停: 坂之上",
        "name": "坂之上",
        "operator": "事業者不明",
        "ref": "",
        "url": "",
        "url2": ""
      }
    },
    {
      "type": "Feature",
      "geometry": {
        "type": "Point",
        "coordinates": [
          130.2732212,
          31.3451957
        ]
      },
      "properties": {
        "内容": "バス停: 上津貫",
        "name": "上津貫",
        "operator": "事業者不明",
        "ref": "",
        "url": "",
        "url2": "Q11359545"
      }
    },
    {
      "type": "Feature",
      "geometry": {
        "type": "Point",
        "coordinates": [
          130.2731327,
          31.3447259
        ]
      },
      "properties": {
        "内容": "バス停: 上津貫",
        "name": "上津貫",
        "operator": "事業者不明",
        "ref": "",
        "url": "",
        "url2": "Q11359545"
      }
    },
    {
      "type": "Feature",
      "geometry": {
        "type": "Point",
        "coordinates": [
          130.3152118,
          31.3951583
        ]
      },
      "properties": {
        "内容": "バス停: 内山田下",
        "name": "内山田下",
        "operator": "事業者不明",
        "ref": "",
        "url": "",
        "url2": ""
      }
    },
    {
      "type": "Feature",
      "geometry": {
        "type": "Point",
        "coordinates": [
          130.3153683,
          31.3946751
        ]
      },
      "properties": {
        "内容": "バス停: 内山田下",
        "name": "内山田下",
        "operator": "事業者不明",
        "ref": "",
        "url": "",
        "url2": ""
      }
    },
    {
      "type": "Feature",
      "geometry": {
        "type": "Point",
        "coordinates": [
          130.3195833,
          31.4208229
        ]
      },
      "properties": {
        "内容": "バス停: 加世田",
        "name": "加世田",
        "operator": "事業者不明",
        "ref": "",
        "url": "",
        "url2": "Q11398467"
      }
    },
    {
      "type": "Feature",
      "geometry": {
        "type": "Point",
        "coordinates": [
          130.3401361,
          31.4553451
        ]
      },
      "properties": {
        "内容": "バス停: 金峰支所前",
        "name": "金峰支所前",
        "operator": "事業者不明",
        "ref": "",
        "url": "",
        "url2": ""
      }
    },
    {
      "type": "Feature",
      "geometry": {
        "type": "Point",
        "coordinates": [
          130.3403961,
          31.4552647
        ]
      },
      "properties": {
        "内容": "バス停: 金峰支所前",
        "name": "金峰支所前",
        "operator": "事業者不明",
        "ref": "",
        "url": "",
        "url2": ""
      }
    },
    {
      "type": "Feature",
      "geometry": {
        "type": "Point",
        "coordinates": [
          130.414463,
          31.5278739
        ]
      },
      "properties": {
        "内容": "バス停: 藤元",
        "name": "藤元",
        "operator": "事業者不明",
        "ref": "",
        "url": "",
        "url2": ""
      }
    },
    {
      "type": "Feature",
      "geometry": {
        "type": "Point",
        "coordinates": [
          130.4140276,
          31.5276806
        ]
      },
      "properties": {
        "内容": "バス停: 藤元",
        "name": "藤元",
        "operator": "事業者不明",
        "ref": "",
        "url": "",
        "url2": ""
      }
    },
    {
      "type": "Feature",
      "geometry": {
        "type": "Point",
        "coordinates": [
          130.2987861,
          31.2727734
        ]
      },
      "properties": {
        "内容": "バス停: 枕崎 (鹿児島交通)",
        "name": "枕崎",
        "operator": "鹿児島交通",
        "ref": "",
        "url": "",
        "url2": ""
      }
    },
    {
      "type": "Feature",
      "geometry": {
        "type": "Point",
        "coordinates": [
          130.3012049,
          31.293386
        ]
      },
      "properties": {
        "内容": "バス停: 平門",
        "name": "平門",
        "operator": "事業者不明",
        "ref": "",
        "url": "",
        "url2": ""
      }
    },
    {
      "type": "Feature",
      "geometry": {
        "type": "Point",
        "coordinates": [
          130.3002575,
          31.2927253
        ]
      },
      "properties": {
        "内容": "バス停: 平門",
        "name": "平門",
        "operator": "事業者不明",
        "ref": "",
        "url": "",
        "url2": ""
      }
    },
    {
      "type": "Feature",
      "geometry": {
        "type": "Point",
        "coordinates": [
          130.2933004,
          31.2768555
        ]
      },
      "properties": {
        "内容": "バス停: 枕崎中前",
        "name": "枕崎中前",
        "operator": "事業者不明",
        "ref": "",
        "url": "",
        "url2": ""
      }
    },
    {
      "type": "Feature",
      "geometry": {
        "type": "Point",
        "coordinates": [
          130.2931354,
          31.2767597
        ]
      },
      "properties": {
        "内容": "バス停: 枕崎中前",
        "name": "枕崎中前",
        "operator": "事業者不明",
        "ref": "",
        "url": "",
        "url2": ""
      }
    },
    {
      "type": "Feature",
      "geometry": {
        "type": "Point",
        "coordinates": [
          130.3365651,
          31.3300116
        ]
      },
      "properties": {
        "内容": "バス停: 庭月野",
        "name": "庭月野",
        "operator": "事業者不明",
        "ref": "",
        "url": "",
        "url2": ""
      }
    },
    {
      "type": "Feature",
      "geometry": {
        "type": "Point",
        "coordinates": [
          130.336674,
          31.3301202
        ]
      },
      "properties": {
        "内容": "バス停: 庭月野",
        "name": "庭月野",
        "operator": "事業者不明",
        "ref": "",
        "url": "",
        "url2": ""
      }
    },
    {
      "type": "Feature",
      "geometry": {
        "type": "Point",
        "coordinates": [
          130.3472623,
          31.3507294
        ]
      },
      "properties": {
        "内容": "バス停: 小原",
        "name": "小原",
        "operator": "事業者不明",
        "ref": "",
        "url": "",
        "url2": ""
      }
    },
    {
      "type": "Feature",
      "geometry": {
        "type": "Point",
        "coordinates": [
          130.3462981,
          31.3504397
        ]
      },
      "properties": {
        "内容": "バス停: 小原",
        "name": "小原",
        "operator": "事業者不明",
        "ref": "",
        "url": "",
        "url2": ""
      }
    },
    {
      "type": "Feature",
      "geometry": {
        "type": "Point",
        "coordinates": [
          130.3562858,
          31.3715039
        ]
      },
      "properties": {
        "内容": "バス停: 勝目麓",
        "name": "勝目麓",
        "operator": "事業者不明",
        "ref": "",
        "url": "",
        "url2": ""
      }
    },
    {
      "type": "Feature",
      "geometry": {
        "type": "Point",
        "coordinates": [
          130.3557029,
          31.3700549
        ]
      },
      "properties": {
        "内容": "バス停: 勝目麓",
        "name": "勝目麓",
        "operator": "事業者不明",
        "ref": "",
        "url": "",
        "url2": ""
      }
    },
    {
      "type": "Feature",
      "geometry": {
        "type": "Point",
        "coordinates": [
          130.3700501,
          31.3867218
        ]
      },
      "properties": {
        "内容": "バス停: 松岡救急クリニック前",
        "name": "松岡救急クリニック前",
        "operator": "事業者不明",
        "ref": "",
        "url": "",
        "url2": ""
      }
    },
    {
      "type": "Feature",
      "geometry": {
        "type": "Point",
        "coordinates": [
          130.3702229,
          31.3866965
        ]
      },
      "properties": {
        "内容": "バス停: 松岡救急クリニック前",
        "name": "松岡救急クリニック前",
        "operator": "事業者不明",
        "ref": "",
        "url": "",
        "url2": ""
      }
    },
    {
      "type": "Feature",
      "geometry": {
        "type": "Point",
        "coordinates": [
          130.3739464,
          31.3915471
        ]
      },
      "properties": {
        "内容": "バス停: 永田",
        "name": "永田",
        "operator": "事業者不明",
        "ref": "",
        "url": "",
        "url2": ""
      }
    },
    {
      "type": "Feature",
      "geometry": {
        "type": "Point",
        "coordinates": [
          130.3741153,
          31.3915537
        ]
      },
      "properties": {
        "内容": "バス停: 永田",
        "name": "永田",
        "operator": "事業者不明",
        "ref": "",
        "url": "",
        "url2": ""
      }
    },
    {
      "type": "Feature",
      "geometry": {
        "type": "Point",
        "coordinates": [
          130.3883429,
          31.390604
        ]
      },
      "properties": {
        "内容": "バス停: 川辺",
        "name": "川辺",
        "operator": "事業者不明",
        "ref": "",
        "url": "",
        "url2": ""
      }
    },
    {
      "type": "Feature",
      "geometry": {
        "type": "Point",
        "coordinates": [
          130.3882951,
          31.390469
        ]
      },
      "properties": {
        "内容": "バス停: 川辺",
        "name": "川辺",
        "operator": "事業者不明",
        "ref": "",
        "url": "",
        "url2": ""
      }
    },
    {
      "type": "Feature",
      "geometry": {
        "type": "Point",
        "coordinates": [
          130.389652,
          31.3937121
        ]
      },
      "properties": {
        "内容": "バス停: 川辺高校",
        "name": "川辺高校",
        "operator": "事業者不明",
        "ref": "",
        "url": "",
        "url2": ""
      }
    },
    {
      "type": "Feature",
      "geometry": {
        "type": "Point",
        "coordinates": [
          130.3897659,
          31.3938001
        ]
      },
      "properties": {
        "内容": "バス停: 川辺高校",
        "name": "川辺高校",
        "operator": "事業者不明",
        "ref": "",
        "url": "",
        "url2": ""
      }
    },
    {
      "type": "Feature",
      "geometry": {
        "type": "Point",
        "coordinates": [
          130.4031952,
          31.3935492
        ]
      },
      "properties": {
        "内容": "バス停: 広瀬橋",
        "name": "広瀬橋",
        "operator": "事業者不明",
        "ref": "",
        "url": "",
        "url2": ""
      }
    },
    {
      "type": "Feature",
      "geometry": {
        "type": "Point",
        "coordinates": [
          130.4031729,
          31.3934691
        ]
      },
      "properties": {
        "内容": "バス停: 広瀬橋",
        "name": "広瀬橋",
        "operator": "事業者不明",
        "ref": "",
        "url": "",
        "url2": ""
      }
    },
    {
      "type": "Feature",
      "geometry": {
        "type": "Point",
        "coordinates": [
          130.4200605,
          31.4002933
        ]
      },
      "properties": {
        "内容": "バス停: 野崎",
        "name": "野崎",
        "operator": "事業者不明",
        "ref": "",
        "url": "",
        "url2": ""
      }
    },
    {
      "type": "Feature",
      "geometry": {
        "type": "Point",
        "coordinates": [
          130.4202578,
          31.4002073
        ]
      },
      "properties": {
        "内容": "バス停: 野崎",
        "name": "野崎",
        "operator": "事業者不明",
        "ref": "",
        "url": "",
        "url2": ""
      }
    },
    {
      "type": "Feature",
      "geometry": {
        "type": "Point",
        "coordinates": [
          130.4382816,
          31.4179999
        ]
      },
      "properties": {
        "内容": "バス停: 田代",
        "name": "田代",
        "operator": "事業者不明",
        "ref": "",
        "url": "",
        "url2": ""
      }
    },
    {
      "type": "Feature",
      "geometry": {
        "type": "Point",
        "coordinates": [
          130.4382429,
          31.418229
        ]
      },
      "properties": {
        "内容": "バス停: 田代",
        "name": "田代",
        "operator": "事業者不明",
        "ref": "",
        "url": "",
        "url2": ""
      }
    },
    {
      "type": "Feature",
      "geometry": {
        "type": "Point",
        "coordinates": [
          130.4552486,
          31.4287179
        ]
      },
      "properties": {
        "内容": "バス停: 仁ノ野",
        "name": "仁ノ野",
        "operator": "事業者不明",
        "ref": "",
        "url": "",
        "url2": ""
      }
    },
    {
      "type": "Feature",
      "geometry": {
        "type": "Point",
        "coordinates": [
          130.4554185,
          31.4286092
        ]
      },
      "properties": {
        "内容": "バス停: 仁ノ野",
        "name": "仁ノ野",
        "operator": "事業者不明",
        "ref": "",
        "url": "",
        "url2": ""
      }
    },
    {
      "type": "Feature",
      "geometry": {
        "type": "Point",
        "coordinates": [
          130.4748215,
          31.4374714
        ]
      },
      "properties": {
        "内容": "バス停: 鏡石湯",
        "name": "鏡石湯",
        "operator": "事業者不明",
        "ref": "",
        "url": "",
        "url2": ""
      }
    },
    {
      "type": "Feature",
      "geometry": {
        "type": "Point",
        "coordinates": [
          130.4747623,
          31.4372591
        ]
      },
      "properties": {
        "内容": "バス停: 鏡石湯",
        "name": "鏡石湯",
        "operator": "事業者不明",
        "ref": "",
        "url": "",
        "url2": ""
      }
    },
    {
      "type": "Feature",
      "geometry": {
        "type": "Point",
        "coordinates": [
          130.3527087,
          31.5080054
        ]
      },
      "properties": {
        "内容": "バス停: 東本町",
        "name": "東本町",
        "operator": "事業者不明",
        "ref": "",
        "url": "",
        "url2": ""
      }
    },
    {
      "type": "Feature",
      "geometry": {
        "type": "Point",
        "coordinates": [
          130.353217,
          31.5078898
        ]
      },
      "properties": {
        "内容": "バス停: 東本町",
        "name": "東本町",
        "operator": "事業者不明",
        "ref": "",
        "url": "",
        "url2": ""
      }
    },
    {
      "type": "Feature",
      "geometry": {
        "type": "Point",
        "coordinates": [
          130.2917977,
          31.2894076
        ]
      },
      "properties": {
        "内容": "バス停: 鹿篭",
        "name": "鹿篭",
        "operator": "事業者不明",
        "ref": "",
        "url": "",
        "url2": ""
      }
    },
    {
      "type": "Feature",
      "geometry": {
        "type": "Point",
        "coordinates": [
          130.29157,
          31.2895292
        ]
      },
      "properties": {
        "内容": "バス停: 鹿篭",
        "name": "鹿篭",
        "operator": "事業者不明",
        "ref": "",
        "url": "",
        "url2": ""
      }
    },
    {
      "type": "Feature",
      "geometry": {
        "type": "Point",
        "coordinates": [
          130.5159668,
          31.5049646
        ]
      },
      "properties": {
        "内容": "バス停: 市民体育館前",
        "name": "市民体育館前",
        "operator": "事業者不明",
        "ref": "",
        "url": "",
        "url2": ""
      }
    },
    {
      "type": "Feature",
      "geometry": {
        "type": "Point",
        "coordinates": [
          130.5157976,
          31.5043251
        ]
      },
      "properties": {
        "内容": "バス停: 市民体育館前",
        "name": "市民体育館前",
        "operator": "事業者不明",
        "ref": "",
        "url": "",
        "url2": ""
      }
    },
    {
      "type": "Feature",
      "geometry": {
        "type": "Point",
        "coordinates": [
          130.5410351,
          31.5431659
        ]
      },
      "properties": {
        "内容": "バス停: 脇田",
        "name": "脇田",
        "operator": "事業者不明",
        "ref": "",
        "url": "",
        "url2": ""
      }
    },
    {
      "type": "Feature",
      "geometry": {
        "type": "Point",
        "coordinates": [
          130.5408301,
          31.5433063
        ]
      },
      "properties": {
        "内容": "バス停: 脇田",
        "name": "脇田",
        "operator": "事業者不明",
        "ref": "",
        "url": "",
        "url2": ""
      }
    },
    {
      "type": "Feature",
      "geometry": {
        "type": "Point",
        "coordinates": [
          130.5013361,
          31.4642617
        ]
      },
      "properties": {
        "内容": "バス停: 動物園",
        "name": "動物園",
        "operator": "事業者不明",
        "ref": "",
        "url": "",
        "url2": ""
      }
    },
    {
      "type": "Feature",
      "geometry": {
        "type": "Point",
        "coordinates": [
          130.5221488,
          31.5149004
        ]
      },
      "properties": {
        "内容": "バス停: 卸本町中央",
        "name": "卸本町中央",
        "operator": "事業者不明",
        "ref": "",
        "url": "",
        "url2": ""
      }
    },
    {
      "type": "Feature",
      "geometry": {
        "type": "Point",
        "coordinates": [
          130.5233625,
          31.521454
        ]
      },
      "properties": {
        "内容": "バス停: 二号用地入口",
        "name": "二号用地入口",
        "operator": "事業者不明",
        "ref": "",
        "url": "",
        "url2": ""
      }
    },
    {
      "type": "Feature",
      "geometry": {
        "type": "Point",
        "coordinates": [
          130.5235593,
          31.5213211
        ]
      },
      "properties": {
        "内容": "バス停: 二号用地入口",
        "name": "二号用地入口",
        "operator": "事業者不明",
        "ref": "",
        "url": "",
        "url2": ""
      }
    },
    {
      "type": "Feature",
      "geometry": {
        "type": "Point",
        "coordinates": [
          130.3328816,
          31.3939317
        ]
      },
      "properties": {
        "内容": "バス停: 舞敷野",
        "name": "舞敷野",
        "operator": "事業者不明",
        "ref": "",
        "url": "",
        "url2": ""
      }
    },
    {
      "type": "Feature",
      "geometry": {
        "type": "Point",
        "coordinates": [
          130.3326425,
          31.3941394
        ]
      },
      "properties": {
        "内容": "バス停: 舞敷野",
        "name": "舞敷野",
        "operator": "事業者不明",
        "ref": "",
        "url": "",
        "url2": ""
      }
    },
    {
      "type": "Feature",
      "geometry": {
        "type": "Point",
        "coordinates": [
          130.3501666,
          31.4032421
        ]
      },
      "properties": {
        "内容": "バス停: 高倉",
        "name": "高倉",
        "operator": "事業者不明",
        "ref": "",
        "url": "",
        "url2": ""
      }
    },
    {
      "type": "Feature",
      "geometry": {
        "type": "Point",
        "coordinates": [
          130.3502911,
          31.4033817
        ]
      },
      "properties": {
        "内容": "バス停: 高倉",
        "name": "高倉",
        "operator": "事業者不明",
        "ref": "",
        "url": "",
        "url2": ""
      }
    },
    {
      "type": "Feature",
      "geometry": {
        "type": "Point",
        "coordinates": [
          130.5239284,
          31.5302225
        ]
      },
      "properties": {
        "内容": "バス停: 谷山電停前",
        "name": "谷山電停前",
        "operator": "事業者不明",
        "ref": "",
        "url": "",
        "url2": ""
      }
    },
    {
      "type": "Feature",
      "geometry": {
        "type": "Point",
        "coordinates": [
          130.5241503,
          31.5302252
        ]
      },
      "properties": {
        "内容": "バス停: 谷山電停前",
        "name": "谷山電停前",
        "operator": "事業者不明",
        "ref": "",
        "url": "",
        "url2": ""
      }
    },
    {
      "type": "Feature",
      "geometry": {
        "type": "Point",
        "coordinates": [
          130.5343661,
          31.5389082
        ]
      },
      "properties": {
        "内容": "バス停: 笹貫",
        "name": "笹貫",
        "operator": "事業者不明",
        "ref": "",
        "url": "",
        "url2": ""
      }
    },
    {
      "type": "Feature",
      "geometry": {
        "type": "Point",
        "coordinates": [
          130.5344941,
          31.5387563
        ]
      },
      "properties": {
        "内容": "バス停: 笹貫",
        "name": "笹貫",
        "operator": "事業者不明",
        "ref": "",
        "url": "",
        "url2": ""
      }
    },
    {
      "type": "Feature",
      "geometry": {
        "type": "Point",
        "coordinates": [
          130.5565603,
          31.5617098
        ]
      },
      "properties": {
        "内容": "バス停: 日赤前",
        "name": "日赤前",
        "operator": "事業者不明",
        "ref": "",
        "url": "",
        "url2": ""
      }
    },
    {
      "type": "Feature",
      "geometry": {
        "type": "Point",
        "coordinates": [
          130.5568868,
          31.5613919
        ]
      },
      "properties": {
        "内容": "バス停: 日赤前",
        "name": "日赤前",
        "operator": "事業者不明",
        "ref": "",
        "url": "",
        "url2": ""
      }
    },
    {
      "type": "Feature",
      "geometry": {
        "type": "Point",
        "coordinates": [
          130.5532513,
          31.5633264
        ]
      },
      "properties": {
        "内容": "バス停: 市営プール前",
        "name": "市営プール前",
        "operator": "事業者不明",
        "ref": "",
        "url": "",
        "url2": ""
      }
    },
    {
      "type": "Feature",
      "geometry": {
        "type": "Point",
        "coordinates": [
          130.5534619,
          31.5631976
        ]
      },
      "properties": {
        "内容": "バス停: 市営プール前",
        "name": "市営プール前",
        "operator": "事業者不明",
        "ref": "",
        "url": "",
        "url2": ""
      }
    },
    {
      "type": "Feature",
      "geometry": {
        "type": "Point",
        "coordinates": [
          130.6282256,
          31.7359145
        ]
      },
      "properties": {
        "内容": "バス停: 高速帖佐",
        "name": "高速帖佐",
        "operator": "事業者不明",
        "ref": "",
        "url": "",
        "url2": ""
      }
    },
    {
      "type": "Feature",
      "geometry": {
        "type": "Point",
        "coordinates": [
          130.6284477,
          31.7356824
        ]
      },
      "properties": {
        "内容": "バス停: 高速帖佐",
        "name": "高速帖佐",
        "operator": "事業者不明",
        "ref": "",
        "url": "",
        "url2": ""
      }
    },
    {
      "type": "Feature",
      "geometry": {
        "type": "Point",
        "coordinates": [
          130.7635338,
          31.7434797
        ]
      },
      "properties": {
        "内容": "バス停: 国分駅",
        "name": "国分駅",
        "operator": "事業者不明",
        "ref": "",
        "url": "",
        "url2": ""
      }
    },
    {
      "type": "Feature",
      "geometry": {
        "type": "Point",
        "coordinates": [
          130.3963604,
          31.6299269
        ]
      },
      "properties": {
        "内容": "バス停: 伊集院",
        "name": "伊集院",
        "operator": "事業者不明",
        "ref": "",
        "url": "",
        "url2": ""
      }
    },
    {
      "type": "Feature",
      "geometry": {
        "type": "Point",
        "coordinates": [
          130.3689218,
          31.6129142
        ]
      },
      "properties": {
        "内容": "バス停: 上日置",
        "name": "上日置",
        "operator": "事業者不明",
        "ref": "",
        "url": "",
        "url2": ""
      }
    },
    {
      "type": "Feature",
      "geometry": {
        "type": "Point",
        "coordinates": [
          130.3687991,
          31.6127997
        ]
      },
      "properties": {
        "内容": "バス停: 上日置",
        "name": "上日置",
        "operator": "事業者不明",
        "ref": "",
        "url": "",
        "url2": ""
      }
    },
    {
      "type": "Feature",
      "geometry": {
        "type": "Point",
        "coordinates": [
          130.3467774,
          31.5886281
        ]
      },
      "properties": {
        "内容": "バス停: 日置",
        "name": "日置",
        "operator": "事業者不明",
        "ref": "",
        "url": "",
        "url2": ""
      }
    },
    {
      "type": "Feature",
      "geometry": {
        "type": "Point",
        "coordinates": [
          130.3465208,
          31.5883947
        ]
      },
      "properties": {
        "内容": "バス停: 日置",
        "name": "日置",
        "operator": "事業者不明",
        "ref": "",
        "url": "",
        "url2": ""
      }
    },
    {
      "type": "Feature",
      "geometry": {
        "type": "Point",
        "coordinates": [
          130.3418455,
          31.5681908
        ]
      },
      "properties": {
        "内容": "バス停: 吉利",
        "name": "吉利",
        "operator": "事業者不明",
        "ref": "",
        "url": "",
        "url2": ""
      }
    },
    {
      "type": "Feature",
      "geometry": {
        "type": "Point",
        "coordinates": [
          130.3415826,
          31.5682489
        ]
      },
      "properties": {
        "内容": "バス停: 吉利",
        "name": "吉利",
        "operator": "事業者不明",
        "ref": "",
        "url": "",
        "url2": ""
      }
    },
    {
      "type": "Feature",
      "geometry": {
        "type": "Point",
        "coordinates": [
          130.3392799,
          31.548731
        ]
      },
      "properties": {
        "内容": "バス停: 永吉十文字",
        "name": "永吉十文字",
        "operator": "事業者不明",
        "ref": "",
        "url": "",
        "url2": ""
      }
    },
    {
      "type": "Feature",
      "geometry": {
        "type": "Point",
        "coordinates": [
          130.3391611,
          31.5485191
        ]
      },
      "properties": {
        "内容": "バス停: 永吉十文字",
        "name": "永吉十文字",
        "operator": "事業者不明",
        "ref": "",
        "url": "",
        "url2": ""
      }
    },
    {
      "type": "Feature",
      "geometry": {
        "type": "Point",
        "coordinates": [
          130.3417318,
          31.5270389
        ]
      },
      "properties": {
        "内容": "バス停: 花熟里",
        "name": "花熟里",
        "operator": "事業者不明",
        "ref": "",
        "url": "",
        "url2": ""
      }
    },
    {
      "type": "Feature",
      "geometry": {
        "type": "Point",
        "coordinates": [
          130.3415059,
          31.526892
        ]
      },
      "properties": {
        "内容": "バス停: 花熟里",
        "name": "花熟里",
        "operator": "事業者不明",
        "ref": "",
        "url": "",
        "url2": ""
      }
    },
    {
      "type": "Feature",
      "geometry": {
        "type": "Point",
        "coordinates": [
          130.3379608,
          31.5129803
        ]
      },
      "properties": {
        "内容": "バス停: さつま湖",
        "name": "さつま湖",
        "operator": "事業者不明",
        "ref": "",
        "url": "",
        "url2": "Q11622335"
      }
    },
    {
      "type": "Feature",
      "geometry": {
        "type": "Point",
        "coordinates": [
          130.3377889,
          31.5129306
        ]
      },
      "properties": {
        "内容": "バス停: さつま湖",
        "name": "さつま湖",
        "operator": "事業者不明",
        "ref": "",
        "url": "",
        "url2": "Q11622335"
      }
    },
    {
      "type": "Feature",
      "geometry": {
        "type": "Point",
        "coordinates": [
          130.5294154,
          31.5599386
        ]
      },
      "properties": {
        "内容": "バス停: 紫原",
        "name": "紫原",
        "operator": "事業者不明",
        "ref": "",
        "url": "",
        "url2": ""
      }
    },
    {
      "type": "Feature",
      "geometry": {
        "type": "Point",
        "coordinates": [
          130.5294546,
          31.559841
        ]
      },
      "properties": {
        "内容": "バス停: 紫原",
        "name": "紫原",
        "operator": "事業者不明",
        "ref": "",
        "url": "",
        "url2": ""
      }
    },
    {
      "type": "Feature",
      "geometry": {
        "type": "Point",
        "coordinates": [
          130.5507525,
          31.5521228
        ]
      },
      "properties": {
        "内容": "バス停: 鶴ケ崎橋",
        "name": "鶴ケ崎橋",
        "operator": "事業者不明",
        "ref": "",
        "url": "",
        "url2": ""
      }
    },
    {
      "type": "Feature",
      "geometry": {
        "type": "Point",
        "coordinates": [
          130.5507253,
          31.5523258
        ]
      },
      "properties": {
        "内容": "バス停: 鶴ケ崎橋",
        "name": "鶴ケ崎橋",
        "operator": "事業者不明",
        "ref": "",
        "url": "",
        "url2": ""
      }
    },
    {
      "type": "Feature",
      "geometry": {
        "type": "Point",
        "coordinates": [
          130.3551006,
          31.5599353
        ]
      },
      "properties": {
        "内容": "バス停: 永吉麓",
        "name": "永吉麓",
        "operator": "事業者不明",
        "ref": "",
        "url": "",
        "url2": ""
      }
    },
    {
      "type": "Feature",
      "geometry": {
        "type": "Point",
        "coordinates": [
          130.3550359,
          31.559988
        ]
      },
      "properties": {
        "内容": "バス停: 永吉麓",
        "name": "永吉麓",
        "operator": "事業者不明",
        "ref": "",
        "url": "",
        "url2": ""
      }
    },
    {
      "type": "Feature",
      "geometry": {
        "type": "Point",
        "coordinates": [
          130.431089,
          31.3625979
        ]
      },
      "properties": {
        "内容": "バス停: 特攻観音入口 (鹿児島交通)",
        "name": "特攻観音入口",
        "operator": "鹿児島交通",
        "ref": "",
        "url": "",
        "url2": ""
      }
    },
    {
      "type": "Feature",
      "geometry": {
        "type": "Point",
        "coordinates": [
          130.4313042,
          31.3627447
        ]
      },
      "properties": {
        "内容": "バス停: 特攻観音入口 (鹿児島交通)",
        "name": "特攻観音入口",
        "operator": "鹿児島交通",
        "ref": "",
        "url": "",
        "url2": ""
      }
    },
    {
      "type": "Feature",
      "geometry": {
        "type": "Point",
        "coordinates": [
          130.5770762,
          31.6172392
        ]
      },
      "properties": {
        "内容": "バス停: 仙巌園前 (まち巡りバス (Machimeguri Bus);シティビュー (City View))",
        "name": "仙巌園前",
        "operator": "まち巡りバス (Machimeguri Bus);シティビュー (City View)",
        "ref": "",
        "url": "",
        "url2": ""
      }
    },
    {
      "type": "Feature",
      "geometry": {
        "type": "Point",
        "coordinates": [
          130.3212143,
          31.4166365
        ]
      },
      "properties": {
        "内容": "バス停: 加世田大橋",
        "name": "加世田大橋",
        "operator": "事業者不明",
        "ref": "",
        "url": "",
        "url2": ""
      }
    },
    {
      "type": "Feature",
      "geometry": {
        "type": "Point",
        "coordinates": [
          130.3210859,
          31.4167182
        ]
      },
      "properties": {
        "内容": "バス停: 加世田大橋",
        "name": "加世田大橋",
        "operator": "事業者不明",
        "ref": "",
        "url": "",
        "url2": ""
      }
    },
    {
      "type": "Feature",
      "geometry": {
        "type": "Point",
        "coordinates": [
          130.5226531,
          31.5830815
        ]
      },
      "properties": {
        "内容": "バス停: 堀之内",
        "name": "堀之内",
        "operator": "事業者不明",
        "ref": "",
        "url": "",
        "url2": ""
      }
    },
    {
      "type": "Feature",
      "geometry": {
        "type": "Point",
        "coordinates": [
          130.5396985,
          31.5998089
        ]
      },
      "properties": {
        "内容": "バス停: 草牟田",
        "name": "草牟田",
        "operator": "事業者不明",
        "ref": "",
        "url": "",
        "url2": ""
      }
    },
    {
      "type": "Feature",
      "geometry": {
        "type": "Point",
        "coordinates": [
          130.5177042,
          31.5866884
        ]
      },
      "properties": {
        "内容": "バス停: 後庵",
        "name": "後庵",
        "operator": "事業者不明",
        "ref": "",
        "url": "",
        "url2": ""
      }
    },
    {
      "type": "Feature",
      "geometry": {
        "type": "Point",
        "coordinates": [
          130.5390597,
          31.5794949
        ]
      },
      "properties": {
        "内容": "バス停: 柳田通り",
        "name": "柳田通り",
        "operator": "事業者不明",
        "ref": "",
        "url": "",
        "url2": ""
      }
    },
    {
      "type": "Feature",
      "geometry": {
        "type": "Point",
        "coordinates": [
          130.5428018,
          31.5801906
        ]
      },
      "properties": {
        "内容": "バス停: 都通",
        "name": "都通",
        "operator": "事業者不明",
        "ref": "",
        "url": "",
        "url2": ""
      }
    },
    {
      "type": "Feature",
      "geometry": {
        "type": "Point",
        "coordinates": [
          130.5453936,
          31.5441867
        ]
      },
      "properties": {
        "内容": "バス停: オプシアミスミ前",
        "name": "オプシアミスミ前",
        "operator": "事業者不明",
        "ref": "",
        "url": "",
        "url2": ""
      }
    },
    {
      "type": "Feature",
      "geometry": {
        "type": "Point",
        "coordinates": [
          130.5419286,
          31.545534
        ]
      },
      "properties": {
        "内容": "バス停: 南港",
        "name": "南港",
        "operator": "事業者不明",
        "ref": "",
        "url": "",
        "url2": ""
      }
    },
    {
      "type": "Feature",
      "geometry": {
        "type": "Point",
        "coordinates": [
          130.5418929,
          31.546256
        ]
      },
      "properties": {
        "内容": "バス停: 南港",
        "name": "南港",
        "operator": "事業者不明",
        "ref": "",
        "url": "",
        "url2": ""
      }
    },
    {
      "type": "Feature",
      "geometry": {
        "type": "Point",
        "coordinates": [
          130.5408994,
          31.5461332
        ]
      },
      "properties": {
        "内容": "バス停: 南港",
        "name": "南港",
        "operator": "事業者不明",
        "ref": "",
        "url": "",
        "url2": ""
      }
    },
    {
      "type": "Feature",
      "geometry": {
        "type": "Point",
        "coordinates": [
          130.5492698,
          31.5591252
        ]
      },
      "properties": {
        "内容": "バス停: 郡元",
        "name": "郡元",
        "operator": "事業者不明",
        "ref": "",
        "url": "",
        "url2": ""
      }
    },
    {
      "type": "Feature",
      "geometry": {
        "type": "Point",
        "coordinates": [
          130.5452531,
          31.5548452
        ]
      },
      "properties": {
        "内容": "バス停: 南鹿児島駅前",
        "name": "南鹿児島駅前",
        "operator": "事業者不明",
        "ref": "",
        "url": "",
        "url2": ""
      }
    },
    {
      "type": "Feature",
      "geometry": {
        "type": "Point",
        "coordinates": [
          130.5454639,
          31.5547585
        ]
      },
      "properties": {
        "内容": "バス停: 南鹿児島駅前",
        "name": "南鹿児島駅前",
        "operator": "事業者不明",
        "ref": "",
        "url": "",
        "url2": ""
      }
    },
    {
      "type": "Feature",
      "geometry": {
        "type": "Point",
        "coordinates": [
          130.3572911,
          32.0903471
        ]
      },
      "properties": {
        "内容": "バス停: 南国交通 出水バスセンター",
        "name": "南国交通 出水バスセンター",
        "operator": "事業者不明",
        "ref": "",
        "url": "",
        "url2": ""
      }
    },
    {
      "type": "Feature",
      "geometry": {
        "type": "Point",
        "coordinates": [
          130.2856115,
          31.3590468
        ]
      },
      "properties": {
        "内容": "バス停: 津貫",
        "name": "津貫",
        "operator": "事業者不明",
        "ref": "",
        "url": "",
        "url2": "Q11556377"
      }
    },
    {
      "type": "Feature",
      "geometry": {
        "type": "Point",
        "coordinates": [
          130.2918626,
          31.3719699
        ]
      },
      "properties": {
        "内容": "バス停: 干河",
        "name": "干河",
        "operator": "事業者不明",
        "ref": "",
        "url": "",
        "url2": "Q11481907"
      }
    },
    {
      "type": "Feature",
      "geometry": {
        "type": "Point",
        "coordinates": [
          130.3096473,
          31.3690244
        ]
      },
      "properties": {
        "内容": "バス停: 田之野",
        "name": "田之野",
        "operator": "事業者不明",
        "ref": "",
        "url": "",
        "url2": ""
      }
    },
    {
      "type": "Feature",
      "geometry": {
        "type": "Point",
        "coordinates": [
          130.3127052,
          31.4049636
        ]
      },
      "properties": {
        "内容": "バス停: 上加世田",
        "name": "上加世田",
        "operator": "事業者不明",
        "ref": "",
        "url": "",
        "url2": "Q11358508"
      }
    },
    {
      "type": "Feature",
      "geometry": {
        "type": "Point",
        "coordinates": [
          130.3165722,
          31.4105348
        ]
      },
      "properties": {
        "内容": "バス停: 竹田神社前",
        "name": "竹田神社前",
        "operator": "事業者不明",
        "ref": "",
        "url": "",
        "url2": ""
      }
    },
    {
      "type": "Feature",
      "geometry": {
        "type": "Point",
        "coordinates": [
          130.3249203,
          31.4232544
        ]
      },
      "properties": {
        "内容": "バス停: 保健所前",
        "name": "保健所前",
        "operator": "事業者不明",
        "ref": "",
        "url": "",
        "url2": ""
      }
    },
    {
      "type": "Feature",
      "geometry": {
        "type": "Point",
        "coordinates": [
          130.5099857,
          31.5272453
        ]
      },
      "properties": {
        "内容": "バス停: 南高校前",
        "name": "南高校前",
        "operator": "事業者不明",
        "ref": "",
        "url": "",
        "url2": ""
      }
    },
    {
      "type": "Feature",
      "geometry": {
        "type": "Point",
        "coordinates": [
          130.5108036,
          31.5270671
        ]
      },
      "properties": {
        "内容": "バス停: 南高校前",
        "name": "南高校前",
        "operator": "事業者不明",
        "ref": "",
        "url": "",
        "url2": ""
      }
    },
    {
      "type": "Feature",
      "geometry": {
        "type": "Point",
        "coordinates": [
          130.5376194,
          31.544303
        ]
      },
      "properties": {
        "内容": "バス停: 脇田電停",
        "name": "脇田電停",
        "operator": "事業者不明",
        "ref": "",
        "url": "",
        "url2": ""
      }
    },
    {
      "type": "Feature",
      "geometry": {
        "type": "Point",
        "coordinates": [
          130.3460413,
          31.4478928
        ]
      },
      "properties": {
        "内容": "バス停: 中津野",
        "name": "中津野",
        "operator": "事業者不明",
        "ref": "",
        "url": "",
        "url2": ""
      }
    },
    {
      "type": "Feature",
      "geometry": {
        "type": "Point",
        "coordinates": [
          130.3202788,
          31.4147247
        ]
      },
      "properties": {
        "内容": "バス停: 麓",
        "name": "麓",
        "operator": "事業者不明",
        "ref": "",
        "url": "",
        "url2": ""
      }
    },
    {
      "type": "Feature",
      "geometry": {
        "type": "Point",
        "coordinates": [
          130.4362378,
          31.3734029
        ]
      },
      "properties": {
        "内容": "バス停: 知覧",
        "name": "知覧",
        "operator": "事業者不明",
        "ref": "",
        "url": "",
        "url2": "Q11584657"
      }
    },
    {
      "type": "Feature",
      "geometry": {
        "type": "Point",
        "coordinates": [
          130.4515171,
          31.423737
        ]
      },
      "properties": {
        "内容": "バス停: 八瀬尾",
        "name": "八瀬尾",
        "operator": "事業者不明",
        "ref": "",
        "url": "",
        "url2": ""
      }
    },
    {
      "type": "Feature",
      "geometry": {
        "type": "Point",
        "coordinates": [
          130.4628087,
          31.4336842
        ]
      },
      "properties": {
        "内容": "バス停: みどり園前",
        "name": "みどり園前",
        "operator": "事業者不明",
        "ref": "",
        "url": "",
        "url2": ""
      }
    },
    {
      "type": "Feature",
      "geometry": {
        "type": "Point",
        "coordinates": [
          130.4678865,
          31.4340459
        ]
      },
      "properties": {
        "内容": "バス停: 市之瀬",
        "name": "市之瀬",
        "operator": "事業者不明",
        "ref": "",
        "url": "",
        "url2": ""
      }
    },
    {
      "type": "Feature",
      "geometry": {
        "type": "Point",
        "coordinates": [
          130.4331242,
          31.4121089
        ]
      },
      "properties": {
        "内容": "バス停: 道の駅川辺やすらぎの郷",
        "name": "道の駅川辺やすらぎの郷",
        "operator": "事業者不明",
        "ref": "",
        "url": "",
        "url2": ""
      }
    },
    {
      "type": "Feature",
      "geometry": {
        "type": "Point",
        "coordinates": [
          130.4307391,
          31.4079712
        ]
      },
      "properties": {
        "内容": "バス停: 桑水流",
        "name": "桑水流",
        "operator": "事業者不明",
        "ref": "",
        "url": "",
        "url2": ""
      }
    },
    {
      "type": "Feature",
      "geometry": {
        "type": "Point",
        "coordinates": [
          130.4234792,
          31.4008655
        ]
      },
      "properties": {
        "内容": "バス停: 野崎公民館前",
        "name": "野崎公民館前",
        "operator": "事業者不明",
        "ref": "",
        "url": "",
        "url2": ""
      }
    },
    {
      "type": "Feature",
      "geometry": {
        "type": "Point",
        "coordinates": [
          130.2257654,
          31.3785064
        ]
      },
      "properties": {
        "内容": "バス停: 大浦",
        "name": "大浦",
        "operator": "事業者不明",
        "ref": "",
        "url": "",
        "url2": ""
      }
    },
    {
      "type": "Feature",
      "geometry": {
        "type": "Point",
        "coordinates": [
          130.5445719,
          30.3026963
        ]
      },
      "properties": {
        "内容": "バス停: 紀元杉",
        "name": "紀元杉",
        "operator": "事業者不明",
        "ref": "",
        "url": "",
        "url2": ""
      }
    },
    {
      "type": "Feature",
      "geometry": {
        "type": "Point",
        "coordinates": [
          130.5754855,
          30.3046276
        ]
      },
      "properties": {
        "内容": "バス停: ヤクスギランド",
        "name": "ヤクスギランド",
        "operator": "事業者不明",
        "ref": "",
        "url": "",
        "url2": ""
      }
    },
    {
      "type": "Feature",
      "geometry": {
        "type": "Point",
        "coordinates": [
          130.3140605,
          31.3916814
        ]
      },
      "properties": {
        "内容": "バス停: 内山田",
        "name": "内山田",
        "operator": "事業者不明",
        "ref": "",
        "url": "",
        "url2": "Q11393991"
      }
    },
    {
      "type": "Feature",
      "geometry": {
        "type": "Point",
        "coordinates": [
          130.2117561,
          31.3257225
        ]
      },
      "properties": {
        "内容": "バス停: 今岳",
        "name": "今岳",
        "operator": "事業者不明",
        "ref": "",
        "url": "",
        "url2": ""
      }
    },
    {
      "type": "Feature",
      "geometry": {
        "type": "Point",
        "coordinates": [
          130.3527113,
          31.4883607
        ]
      },
      "properties": {
        "内容": "バス停: 苙岡",
        "name": "苙岡",
        "operator": "事業者不明",
        "ref": "",
        "url": "",
        "url2": ""
      }
    },
    {
      "type": "Feature",
      "geometry": {
        "type": "Point",
        "coordinates": [
          130.3508219,
          31.4846558
        ]
      },
      "properties": {
        "内容": "バス停: 農業大学前",
        "name": "農業大学前",
        "operator": "事業者不明",
        "ref": "",
        "url": "",
        "url2": ""
      }
    },
    {
      "type": "Feature",
      "geometry": {
        "type": "Point",
        "coordinates": [
          130.5106451,
          30.2365906
        ]
      },
      "properties": {
        "内容": "バス停: 平内入口",
        "name": "平内入口",
        "operator": "事業者不明",
        "ref": "",
        "url": "",
        "url2": ""
      }
    },
    {
      "type": "Feature",
      "geometry": {
        "type": "Point",
        "coordinates": [
          130.3467419,
          31.4754928
        ]
      },
      "properties": {
        "内容": "バス停: 大野",
        "name": "大野",
        "operator": "事業者不明",
        "ref": "",
        "url": "",
        "url2": ""
      }
    },
    {
      "type": "Feature",
      "geometry": {
        "type": "Point",
        "coordinates": [
          130.3468124,
          31.4748103
        ]
      },
      "properties": {
        "内容": "バス停: 大野",
        "name": "大野",
        "operator": "事業者不明",
        "ref": "",
        "url": "",
        "url2": ""
      }
    },
    {
      "type": "Feature",
      "geometry": {
        "type": "Point",
        "coordinates": [
          130.3449394,
          31.4681024
        ]
      },
      "properties": {
        "内容": "バス停: 池辺",
        "name": "池辺",
        "operator": "事業者不明",
        "ref": "",
        "url": "",
        "url2": ""
      }
    },
    {
      "type": "Feature",
      "geometry": {
        "type": "Point",
        "coordinates": [
          130.3436948,
          31.4558883
        ]
      },
      "properties": {
        "内容": "バス停: 尾下",
        "name": "尾下",
        "operator": "事業者不明",
        "ref": "",
        "url": "",
        "url2": ""
      }
    },
    {
      "type": "Feature",
      "geometry": {
        "type": "Point",
        "coordinates": [
          130.274366,
          31.328221
        ]
      },
      "properties": {
        "内容": "バス停: 下木屋",
        "name": "下木屋",
        "operator": "事業者不明",
        "ref": "",
        "url": "",
        "url2": ""
      }
    },
    {
      "type": "Feature",
      "geometry": {
        "type": "Point",
        "coordinates": [
          130.2247227,
          31.3111296
        ]
      },
      "properties": {
        "内容": "バス停: 久志",
        "name": "久志",
        "operator": "事業者不明",
        "ref": "",
        "url": "",
        "url2": ""
      }
    },
    {
      "type": "Feature",
      "geometry": {
        "type": "Point",
        "coordinates": [
          130.2414702,
          31.2881886
        ]
      },
      "properties": {
        "内容": "バス停: 清原",
        "name": "清原",
        "operator": "事業者不明",
        "ref": "",
        "url": "",
        "url2": ""
      }
    },
    {
      "type": "Feature",
      "geometry": {
        "type": "Point",
        "coordinates": [
          130.1325751,
          31.4131622
        ]
      },
      "properties": {
        "内容": "バス停: 野間池",
        "name": "野間池",
        "operator": "事業者不明",
        "ref": "",
        "url": "",
        "url2": ""
      }
    },
    {
      "type": "Feature",
      "geometry": {
        "type": "Point",
        "coordinates": [
          130.103457,
          32.1880727
        ]
      },
      "properties": {
        "内容": "バス停: 蔵之元港 (南国交通)",
        "name": "蔵之元港",
        "operator": "南国交通",
        "ref": "",
        "url": "",
        "url2": ""
      }
    },
    {
      "type": "Feature",
      "geometry": {
        "type": "Point",
        "coordinates": [
          130.1029813,
          32.1879105
        ]
      },
      "properties": {
        "内容": "バス停: 蔵之元 (南国交通)",
        "name": "蔵之元",
        "operator": "南国交通",
        "ref": "",
        "url": "",
        "url2": ""
      }
    },
    {
      "type": "Feature",
      "geometry": {
        "type": "Point",
        "coordinates": [
          130.1114565,
          32.161279
        ]
      },
      "properties": {
        "内容": "バス停: 温泉センター前 (南国交通)",
        "name": "温泉センター前",
        "operator": "南国交通",
        "ref": "",
        "url": "",
        "url2": ""
      }
    },
    {
      "type": "Feature",
      "geometry": {
        "type": "Point",
        "coordinates": [
          130.1181339,
          32.1551595
        ]
      },
      "properties": {
        "内容": "バス停: 指江庁舎前 (南国交通)",
        "name": "指江庁舎前",
        "operator": "南国交通",
        "ref": "",
        "url": "",
        "url2": ""
      }
    },
    {
      "type": "Feature",
      "geometry": {
        "type": "Point",
        "coordinates": [
          130.1696345,
          32.10848
        ]
      },
      "properties": {
        "内容": "バス停: だんだん市場前 (南国交通)",
        "name": "だんだん市場前",
        "operator": "南国交通",
        "ref": "",
        "url": "",
        "url2": ""
      }
    },
    {
      "type": "Feature",
      "geometry": {
        "type": "Point",
        "coordinates": [
          130.2031782,
          32.0811319
        ]
      },
      "properties": {
        "内容": "バス停: 三笠中前 (南国交通)",
        "name": "三笠中前",
        "operator": "南国交通",
        "ref": "",
        "url": "",
        "url2": ""
      }
    },
    {
      "type": "Feature",
      "geometry": {
        "type": "Point",
        "coordinates": [
          130.2286646,
          32.0632469
        ]
      },
      "properties": {
        "内容": "バス停: 筒田前 (南国交通)",
        "name": "筒田前",
        "operator": "南国交通",
        "ref": "",
        "url": "",
        "url2": ""
      }
    },
    {
      "type": "Feature",
      "geometry": {
        "type": "Point",
        "coordinates": [
          130.2690479,
          32.0809842
        ]
      },
      "properties": {
        "内容": "バス停: 屋地 (南国交通)",
        "name": "屋地",
        "operator": "南国交通",
        "ref": "",
        "url": "",
        "url2": ""
      }
    },
    {
      "type": "Feature",
      "geometry": {
        "type": "Point",
        "coordinates": [
          130.2873835,
          32.0894062
        ]
      },
      "properties": {
        "内容": "バス停: 古浜入口 (南国交通)",
        "name": "古浜入口",
        "operator": "南国交通",
        "ref": "",
        "url": "",
        "url2": ""
      }
    },
    {
      "type": "Feature",
      "geometry": {
        "type": "Point",
        "coordinates": [
          130.3286037,
          32.1094422
        ]
      },
      "properties": {
        "内容": "バス停: 今村西 (南国交通)",
        "name": "今村西",
        "operator": "南国交通",
        "ref": "",
        "url": "",
        "url2": ""
      }
    },
    {
      "type": "Feature",
      "geometry": {
        "type": "Point",
        "coordinates": [
          130.3443804,
          32.0842363
        ]
      },
      "properties": {
        "内容": "バス停: 八幡神社東 (南国交通)",
        "name": "八幡神社東",
        "operator": "南国交通",
        "ref": "",
        "url": "",
        "url2": ""
      }
    },
    {
      "type": "Feature",
      "geometry": {
        "type": "Point",
        "coordinates": [
          130.3573503,
          32.0898862
        ]
      },
      "properties": {
        "内容": "バス停: 出水駅 (南国交通)",
        "name": "出水駅",
        "operator": "南国交通",
        "ref": "",
        "url": "",
        "url2": ""
      }
    },
    {
      "type": "Feature",
      "geometry": {
        "type": "Point",
        "coordinates": [
          130.3740414,
          31.3922159
        ]
      },
      "properties": {
        "内容": "バス停: 永田",
        "name": "永田",
        "operator": "事業者不明",
        "ref": "",
        "url": "",
        "url2": ""
      }
    },
    {
      "type": "Feature",
      "geometry": {
        "type": "Point",
        "coordinates": [
          130.3740749,
          31.3923608
        ]
      },
      "properties": {
        "内容": "バス停: 永田",
        "name": "永田",
        "operator": "事業者不明",
        "ref": "",
        "url": "",
        "url2": ""
      }
    },
    {
      "type": "Feature",
      "geometry": {
        "type": "Point",
        "coordinates": [
          130.6126037,
          31.5746793
        ]
      },
      "properties": {
        "内容": "バス停: Akamizu yonohira guchi",
        "name": "Akamizu yonohira guchi",
        "operator": "事業者不明",
        "ref": "",
        "url": "",
        "url2": ""
      }
    },
    {
      "type": "Feature",
      "geometry": {
        "type": "Point",
        "coordinates": [
          130.5125091,
          31.5100129
        ]
      },
      "properties": {
        "内容": "バス停: 和田名",
        "name": "和田名",
        "operator": "事業者不明",
        "ref": "",
        "url": "",
        "url2": ""
      }
    },
    {
      "type": "Feature",
      "geometry": {
        "type": "Point",
        "coordinates": [
          130.5127174,
          31.5099818
        ]
      },
      "properties": {
        "内容": "バス停: 和田名",
        "name": "和田名",
        "operator": "事業者不明",
        "ref": "",
        "url": "",
        "url2": ""
      }
    },
    {
      "type": "Feature",
      "geometry": {
        "type": "Point",
        "coordinates": [
          130.5432136,
          31.5493406
        ]
      },
      "properties": {
        "内容": "バス停: 二軒茶屋",
        "name": "二軒茶屋",
        "operator": "事業者不明",
        "ref": "",
        "url": "",
        "url2": ""
      }
    },
    {
      "type": "Feature",
      "geometry": {
        "type": "Point",
        "coordinates": [
          130.5427619,
          31.5488578
        ]
      },
      "properties": {
        "内容": "バス停: 二軒茶屋",
        "name": "二軒茶屋",
        "operator": "事業者不明",
        "ref": "",
        "url": "",
        "url2": ""
      }
    },
    {
      "type": "Feature",
      "geometry": {
        "type": "Point",
        "coordinates": [
          130.5440664,
          31.5511976
        ]
      },
      "properties": {
        "内容": "バス停: 南小前",
        "name": "南小前",
        "operator": "事業者不明",
        "ref": "",
        "url": "",
        "url2": ""
      }
    },
    {
      "type": "Feature",
      "geometry": {
        "type": "Point",
        "coordinates": [
          130.5446989,
          31.5529443
        ]
      },
      "properties": {
        "内容": "バス停: 南小前",
        "name": "南小前",
        "operator": "事業者不明",
        "ref": "",
        "url": "",
        "url2": ""
      }
    },
    {
      "type": "Feature",
      "geometry": {
        "type": "Point",
        "coordinates": [
          130.5449324,
          31.5519053
        ]
      },
      "properties": {
        "内容": "バス停: 南小前",
        "name": "南小前",
        "operator": "事業者不明",
        "ref": "",
        "url": "",
        "url2": ""
      }
    },
    {
      "type": "Feature",
      "geometry": {
        "type": "Point",
        "coordinates": [
          130.5490074,
          31.5875946
        ]
      },
      "properties": {
        "内容": "バス停: 加治屋町",
        "name": "加治屋町",
        "operator": "事業者不明",
        "ref": "",
        "url": "",
        "url2": ""
      }
    },
    {
      "type": "Feature",
      "geometry": {
        "type": "Point",
        "coordinates": [
          130.3948488,
          31.3893501
        ]
      },
      "properties": {
        "内容": "バス停: 中津町",
        "name": "中津町",
        "operator": "事業者不明",
        "ref": "",
        "url": "",
        "url2": ""
      }
    },
    {
      "type": "Feature",
      "geometry": {
        "type": "Point",
        "coordinates": [
          130.3958208,
          31.3897475
        ]
      },
      "properties": {
        "内容": "バス停: 平山",
        "name": "平山",
        "operator": "事業者不明",
        "ref": "",
        "url": "",
        "url2": ""
      }
    },
    {
      "type": "Feature",
      "geometry": {
        "type": "Point",
        "coordinates": [
          130.3972157,
          31.3900025
        ]
      },
      "properties": {
        "内容": "バス停: 平山",
        "name": "平山",
        "operator": "事業者不明",
        "ref": "",
        "url": "",
        "url2": ""
      }
    },
    {
      "type": "Feature",
      "geometry": {
        "type": "Point",
        "coordinates": [
          130.5627627,
          31.5961446
        ]
      },
      "properties": {
        "内容": "バス停: かごしま水族館前",
        "name": "かごしま水族館前",
        "operator": "事業者不明",
        "ref": "",
        "url": "",
        "url2": ""
      }
    },
    {
      "type": "Feature",
      "geometry": {
        "type": "Point",
        "coordinates": [
          130.5678815,
          31.6036691
        ]
      },
      "properties": {
        "内容": "バス停: 名称不明バス停",
        "name": "名称不明バス停",
        "operator": "事業者不明",
        "ref": "",
        "url": "",
        "url2": ""
      }
    },
    {
      "type": "Feature",
      "geometry": {
        "type": "Point",
        "coordinates": [
          130.5501187,
          31.5996198
        ]
      },
      "properties": {
        "内容": "バス停: 西郷洞窟前",
        "name": "西郷洞窟前",
        "operator": "事業者不明",
        "ref": "",
        "url": "",
        "url2": ""
      }
    },
    {
      "type": "Feature",
      "geometry": {
        "type": "Point",
        "coordinates": [
          129.3093612,
          28.1475316
        ]
      },
      "properties": {
        "内容": "バス停: 古仁屋港前 (しまバス)",
        "name": "古仁屋港前",
        "operator": "しまバス",
        "ref": "",
        "url": "",
        "url2": ""
      }
    },
    {
      "type": "Feature",
      "geometry": {
        "type": "Point",
        "coordinates": [
          129.3091895,
          28.145736
        ]
      },
      "properties": {
        "内容": "バス停: 海の駅",
        "name": "海の駅",
        "operator": "事業者不明",
        "ref": "",
        "url": "",
        "url2": ""
      }
    },
    {
      "type": "Feature",
      "geometry": {
        "type": "Point",
        "coordinates": [
          129.3111445,
          28.1476152
        ]
      },
      "properties": {
        "内容": "バス停: 古仁屋",
        "name": "古仁屋",
        "operator": "事業者不明",
        "ref": "",
        "url": "",
        "url2": ""
      }
    },
    {
      "type": "Feature",
      "geometry": {
        "type": "Point",
        "coordinates": [
          129.3122785,
          28.1473401
        ]
      },
      "properties": {
        "内容": "バス停: 古仁屋郵便局前",
        "name": "古仁屋郵便局前",
        "operator": "事業者不明",
        "ref": "",
        "url": "",
        "url2": ""
      }
    },
    {
      "type": "Feature",
      "geometry": {
        "type": "Point",
        "coordinates": [
          129.3110521,
          28.1475102
        ]
      },
      "properties": {
        "内容": "バス停: 古仁屋",
        "name": "古仁屋",
        "operator": "事業者不明",
        "ref": "",
        "url": "",
        "url2": ""
      }
    },
    {
      "type": "Feature",
      "geometry": {
        "type": "Point",
        "coordinates": [
          129.3122685,
          28.1474595
        ]
      },
      "properties": {
        "内容": "バス停: 古仁屋郵便局前",
        "name": "古仁屋郵便局前",
        "operator": "事業者不明",
        "ref": "",
        "url": "",
        "url2": ""
      }
    },
    {
      "type": "Feature",
      "geometry": {
        "type": "Point",
        "coordinates": [
          129.3135915,
          28.1471004
        ]
      },
      "properties": {
        "内容": "バス停: 古仁屋ジョイフル前",
        "name": "古仁屋ジョイフル前",
        "operator": "事業者不明",
        "ref": "",
        "url": "",
        "url2": ""
      }
    },
    {
      "type": "Feature",
      "geometry": {
        "type": "Point",
        "coordinates": [
          129.313201,
          28.146552
        ]
      },
      "properties": {
        "内容": "バス停: 合同庁舎前",
        "name": "合同庁舎前",
        "operator": "事業者不明",
        "ref": "",
        "url": "",
        "url2": ""
      }
    },
    {
      "type": "Feature",
      "geometry": {
        "type": "Point",
        "coordinates": [
          129.3107488,
          28.1497714
        ]
      },
      "properties": {
        "内容": "バス停: 信愛幼稚園前",
        "name": "信愛幼稚園前",
        "operator": "事業者不明",
        "ref": "",
        "url": "",
        "url2": ""
      }
    },
    {
      "type": "Feature",
      "geometry": {
        "type": "Point",
        "coordinates": [
          129.3108505,
          28.1496371
        ]
      },
      "properties": {
        "内容": "バス停: 信愛幼稚園前",
        "name": "信愛幼稚園前",
        "operator": "事業者不明",
        "ref": "",
        "url": "",
        "url2": ""
      }
    },
    {
      "type": "Feature",
      "geometry": {
        "type": "Point",
        "coordinates": [
          129.3129131,
          28.1495866
        ]
      },
      "properties": {
        "内容": "バス停: 古仁屋小前",
        "name": "古仁屋小前",
        "operator": "事業者不明",
        "ref": "",
        "url": "",
        "url2": ""
      }
    },
    {
      "type": "Feature",
      "geometry": {
        "type": "Point",
        "coordinates": [
          129.3130214,
          28.1494456
        ]
      },
      "properties": {
        "内容": "バス停: 古仁屋小前",
        "name": "古仁屋小前",
        "operator": "事業者不明",
        "ref": "",
        "url": "",
        "url2": ""
      }
    },
    {
      "type": "Feature",
      "geometry": {
        "type": "Point",
        "coordinates": [
          129.3134753,
          28.1470206
        ]
      },
      "properties": {
        "内容": "バス停: 古仁屋ジョイフル前",
        "name": "古仁屋ジョイフル前",
        "operator": "事業者不明",
        "ref": "",
        "url": "",
        "url2": ""
      }
    },
    {
      "type": "Feature",
      "geometry": {
        "type": "Point",
        "coordinates": [
          129.3132495,
          28.1464672
        ]
      },
      "properties": {
        "内容": "バス停: 合同庁舎前",
        "name": "合同庁舎前",
        "operator": "事業者不明",
        "ref": "",
        "url": "",
        "url2": ""
      }
    },
    {
      "type": "Feature",
      "geometry": {
        "type": "Point",
        "coordinates": [
          129.3094899,
          28.1488873
        ]
      },
      "properties": {
        "内容": "バス停: 大湊",
        "name": "大湊",
        "operator": "事業者不明",
        "ref": "",
        "url": "",
        "url2": ""
      }
    },
    {
      "type": "Feature",
      "geometry": {
        "type": "Point",
        "coordinates": [
          129.3096187,
          28.1490012
        ]
      },
      "properties": {
        "内容": "バス停: 大湊",
        "name": "大湊",
        "operator": "事業者不明",
        "ref": "",
        "url": "",
        "url2": ""
      }
    },
    {
      "type": "Feature",
      "geometry": {
        "type": "Point",
        "coordinates": [
          130.3358633,
          31.4382013
        ]
      },
      "properties": {
        "内容": "バス停: 阿多",
        "name": "阿多",
        "operator": "事業者不明",
        "ref": "",
        "url": "",
        "url2": ""
      }
    },
    {
      "type": "Feature",
      "geometry": {
        "type": "Point",
        "coordinates": [
          130.3296689,
          31.43362
        ]
      },
      "properties": {
        "内容": "バス停: 松田",
        "name": "松田",
        "operator": "事業者不明",
        "ref": "",
        "url": "",
        "url2": ""
      }
    },
    {
      "type": "Feature",
      "geometry": {
        "type": "Point",
        "coordinates": [
          130.3325416,
          31.4347731
        ]
      },
      "properties": {
        "内容": "バス停: 本町",
        "name": "本町",
        "operator": "事業者不明",
        "ref": "",
        "url": "",
        "url2": ""
      }
    },
    {
      "type": "Feature",
      "geometry": {
        "type": "Point",
        "coordinates": [
          130.3323847,
          31.4345369
        ]
      },
      "properties": {
        "内容": "バス停: 本町",
        "name": "本町",
        "operator": "事業者不明",
        "ref": "",
        "url": "",
        "url2": ""
      }
    },
    {
      "type": "Feature",
      "geometry": {
        "type": "Point",
        "coordinates": [
          130.3661731,
          31.3797613
        ]
      },
      "properties": {
        "内容": "バス停: 大山",
        "name": "大山",
        "operator": "事業者不明",
        "ref": "",
        "url": "",
        "url2": ""
      }
    },
    {
      "type": "Feature",
      "geometry": {
        "type": "Point",
        "coordinates": [
          130.3608921,
          31.3745185
        ]
      },
      "properties": {
        "内容": "バス停: 田ノ畑",
        "name": "田ノ畑",
        "operator": "事業者不明",
        "ref": "",
        "url": "",
        "url2": ""
      }
    },
    {
      "type": "Feature",
      "geometry": {
        "type": "Point",
        "coordinates": [
          130.3543162,
          31.3663913
        ]
      },
      "properties": {
        "内容": "バス停: 上之口",
        "name": "上之口",
        "operator": "事業者不明",
        "ref": "",
        "url": "",
        "url2": ""
      }
    },
    {
      "type": "Feature",
      "geometry": {
        "type": "Point",
        "coordinates": [
          130.3497445,
          31.351697
        ]
      },
      "properties": {
        "内容": "バス停: 中之薗",
        "name": "中之薗",
        "operator": "事業者不明",
        "ref": "",
        "url": "",
        "url2": ""
      }
    },
    {
      "type": "Feature",
      "geometry": {
        "type": "Point",
        "coordinates": [
          130.3413602,
          31.3446063
        ]
      },
      "properties": {
        "内容": "バス停: 大丸校",
        "name": "大丸校",
        "operator": "事業者不明",
        "ref": "",
        "url": "",
        "url2": ""
      }
    },
    {
      "type": "Feature",
      "geometry": {
        "type": "Point",
        "coordinates": [
          130.3367324,
          31.3361354
        ]
      },
      "properties": {
        "内容": "バス停: 川原山",
        "name": "川原山",
        "operator": "事業者不明",
        "ref": "",
        "url": "",
        "url2": ""
      }
    },
    {
      "type": "Feature",
      "geometry": {
        "type": "Point",
        "coordinates": [
          130.3942128,
          31.6356109
        ]
      },
      "properties": {
        "内容": "バス停: パナソニック前",
        "name": "パナソニック前",
        "operator": "事業者不明",
        "ref": "",
        "url": "",
        "url2": ""
      }
    },
    {
      "type": "Feature",
      "geometry": {
        "type": "Point",
        "coordinates": [
          130.4372945,
          31.6533143
        ]
      },
      "properties": {
        "内容": "バス停: つつじケ丘団地入口",
        "name": "つつじケ丘団地入口",
        "operator": "事業者不明",
        "ref": "",
        "url": "",
        "url2": ""
      }
    },
    {
      "type": "Feature",
      "geometry": {
        "type": "Point",
        "coordinates": [
          130.4012473,
          31.6352691
        ]
      },
      "properties": {
        "内容": "バス停: 伊集院高校前",
        "name": "伊集院高校前",
        "operator": "事業者不明",
        "ref": "",
        "url": "",
        "url2": ""
      }
    },
    {
      "type": "Feature",
      "geometry": {
        "type": "Point",
        "coordinates": [
          130.345443,
          31.589506
        ]
      },
      "properties": {
        "内容": "バス停: 日吉支所前",
        "name": "日吉支所前",
        "operator": "事業者不明",
        "ref": "",
        "url": "",
        "url2": ""
      }
    },
    {
      "type": "Feature",
      "geometry": {
        "type": "Point",
        "coordinates": [
          130.2829363,
          31.3108148
        ]
      },
      "properties": {
        "内容": "バス停: 金山入口",
        "name": "金山入口",
        "operator": "事業者不明",
        "ref": "",
        "url": "",
        "url2": ""
      }
    },
    {
      "type": "Feature",
      "geometry": {
        "type": "Point",
        "coordinates": [
          130.4116322,
          31.3972484
        ]
      },
      "properties": {
        "内容": "バス停: 川辺宿舎前",
        "name": "川辺宿舎前",
        "operator": "事業者不明",
        "ref": "",
        "url": "",
        "url2": ""
      }
    },
    {
      "type": "Feature",
      "geometry": {
        "type": "Point",
        "coordinates": [
          130.4071789,
          31.3948157
        ]
      },
      "properties": {
        "内容": "バス停: 両添",
        "name": "両添",
        "operator": "事業者不明",
        "ref": "",
        "url": "",
        "url2": ""
      }
    },
    {
      "type": "Feature",
      "geometry": {
        "type": "Point",
        "coordinates": [
          130.3796519,
          31.3923938
        ]
      },
      "properties": {
        "内容": "バス停: 田部田",
        "name": "田部田",
        "operator": "事業者不明",
        "ref": "",
        "url": "",
        "url2": "Q11577458"
      }
    },
    {
      "type": "Feature",
      "geometry": {
        "type": "Point",
        "coordinates": [
          130.3797522,
          31.3947568
        ]
      },
      "properties": {
        "内容": "バス停: 田部田中通り",
        "name": "田部田中通り",
        "operator": "事業者不明",
        "ref": "",
        "url": "",
        "url2": ""
      }
    },
    {
      "type": "Feature",
      "geometry": {
        "type": "Point",
        "coordinates": [
          129.4964258,
          28.3576749
        ]
      },
      "properties": {
        "内容": "バス停: 与儀又（上り） (しまバス)",
        "name": "与儀又（上り）",
        "operator": "しまバス",
        "ref": "",
        "url": "",
        "url2": ""
      }
    },
    {
      "type": "Feature",
      "geometry": {
        "type": "Point",
        "coordinates": [
          129.4966179,
          28.3577302
        ]
      },
      "properties": {
        "内容": "バス停: 与儀又（下り） (しまバス)",
        "name": "与儀又（下り）",
        "operator": "しまバス",
        "ref": "",
        "url": "",
        "url2": ""
      }
    },
    {
      "type": "Feature",
      "geometry": {
        "type": "Point",
        "coordinates": [
          129.4985892,
          28.3587479
        ]
      },
      "properties": {
        "内容": "バス停: 奥又（上り） (しまバス)",
        "name": "奥又（上り）",
        "operator": "しまバス",
        "ref": "",
        "url": "",
        "url2": ""
      }
    },
    {
      "type": "Feature",
      "geometry": {
        "type": "Point",
        "coordinates": [
          129.4985966,
          28.3586357
        ]
      },
      "properties": {
        "内容": "バス停: 奥又（下り） (しまバス)",
        "name": "奥又（下り）",
        "operator": "しまバス",
        "ref": "",
        "url": "",
        "url2": ""
      }
    },
    {
      "type": "Feature",
      "geometry": {
        "type": "Point",
        "coordinates": [
          129.4997213,
          28.3611551
        ]
      },
      "properties": {
        "内容": "バス停: 浄水場前（上り） (しまバス)",
        "name": "浄水場前（上り）",
        "operator": "しまバス",
        "ref": "",
        "url": "",
        "url2": ""
      }
    },
    {
      "type": "Feature",
      "geometry": {
        "type": "Point",
        "coordinates": [
          129.4998092,
          28.3611459
        ]
      },
      "properties": {
        "内容": "バス停: 浄水場前（下り） (しまバス)",
        "name": "浄水場前（下り）",
        "operator": "しまバス",
        "ref": "",
        "url": "",
        "url2": ""
      }
    },
    {
      "type": "Feature",
      "geometry": {
        "type": "Point",
        "coordinates": [
          129.4997925,
          28.3622228
        ]
      },
      "properties": {
        "内容": "バス停: 平田町（上り） (しまバス)",
        "name": "平田町（上り）",
        "operator": "しまバス",
        "ref": "",
        "url": "",
        "url2": ""
      }
    },
    {
      "type": "Feature",
      "geometry": {
        "type": "Point",
        "coordinates": [
          129.4998636,
          28.362151
        ]
      },
      "properties": {
        "内容": "バス停: 平田町（下り） (しまバス)",
        "name": "平田町（下り）",
        "operator": "しまバス",
        "ref": "",
        "url": "",
        "url2": ""
      }
    },
    {
      "type": "Feature",
      "geometry": {
        "type": "Point",
        "coordinates": [
          129.4999405,
          28.3639367
        ]
      },
      "properties": {
        "内容": "バス停: 真名津町（上り） (しまバス)",
        "name": "真名津町（上り）",
        "operator": "しまバス",
        "ref": "",
        "url": "",
        "url2": ""
      }
    },
    {
      "type": "Feature",
      "geometry": {
        "type": "Point",
        "coordinates": [
          129.5000559,
          28.364057
        ]
      },
      "properties": {
        "内容": "バス停: 真名津町（下り） (しまバス)",
        "name": "真名津町（下り）",
        "operator": "しまバス",
        "ref": "",
        "url": "",
        "url2": ""
      }
    },
    {
      "type": "Feature",
      "geometry": {
        "type": "Point",
        "coordinates": [
          129.4994151,
          28.3668951
        ]
      },
      "properties": {
        "内容": "バス停: 県病院前（上り） (しまバス)",
        "name": "県病院前（上り）",
        "operator": "しまバス",
        "ref": "",
        "url": "",
        "url2": ""
      }
    },
    {
      "type": "Feature",
      "geometry": {
        "type": "Point",
        "coordinates": [
          129.4994941,
          28.3670902
        ]
      },
      "properties": {
        "内容": "バス停: 県病院前（下り） (しまバス)",
        "name": "県病院前（下り）",
        "operator": "しまバス",
        "ref": "",
        "url": "",
        "url2": ""
      }
    },
    {
      "type": "Feature",
      "geometry": {
        "type": "Point",
        "coordinates": [
          129.499157,
          28.3683249
        ]
      },
      "properties": {
        "内容": "バス停: 四谷公民館前（上り） (しまバス)",
        "name": "四谷公民館前（上り）",
        "operator": "しまバス",
        "ref": "",
        "url": "",
        "url2": ""
      }
    },
    {
      "type": "Feature",
      "geometry": {
        "type": "Point",
        "coordinates": [
          129.4992511,
          28.3685627
        ]
      },
      "properties": {
        "内容": "バス停: 四谷公民館前（下り） (しまバス)",
        "name": "四谷公民館前（下り）",
        "operator": "しまバス",
        "ref": "",
        "url": "",
        "url2": ""
      }
    },
    {
      "type": "Feature",
      "geometry": {
        "type": "Point",
        "coordinates": [
          129.4988654,
          28.3701928
        ]
      },
      "properties": {
        "内容": "バス停: 古田局（上り） (しまバス)",
        "name": "古田局（上り）",
        "operator": "しまバス",
        "ref": "",
        "url": "",
        "url2": ""
      }
    },
    {
      "type": "Feature",
      "geometry": {
        "type": "Point",
        "coordinates": [
          129.4990689,
          28.3696316
        ]
      },
      "properties": {
        "内容": "バス停: 古田局前（下り） (しまバス)",
        "name": "古田局前（下り）",
        "operator": "しまバス",
        "ref": "",
        "url": "",
        "url2": ""
      }
    },
    {
      "type": "Feature",
      "geometry": {
        "type": "Point",
        "coordinates": [
          129.4996915,
          28.3698134
        ]
      },
      "properties": {
        "内容": "バス停: 小俣町（上り） (しまバス)",
        "name": "小俣町（上り）",
        "operator": "しまバス",
        "ref": "",
        "url": "",
        "url2": ""
      }
    },
    {
      "type": "Feature",
      "geometry": {
        "type": "Point",
        "coordinates": [
          129.4997613,
          28.3698829
        ]
      },
      "properties": {
        "内容": "バス停: 小俣町（下り） (しまバス)",
        "name": "小俣町（下り）",
        "operator": "しまバス",
        "ref": "",
        "url": "",
        "url2": ""
      }
    },
    {
      "type": "Feature",
      "geometry": {
        "type": "Point",
        "coordinates": [
          129.4987311,
          28.3714698
        ]
      },
      "properties": {
        "内容": "バス停: 奄美小前（下り） (しまバス)",
        "name": "奄美小前（下り）",
        "operator": "しまバス",
        "ref": "",
        "url": "",
        "url2": ""
      }
    },
    {
      "type": "Feature",
      "geometry": {
        "type": "Point",
        "coordinates": [
          129.4983502,
          28.3722628
        ]
      },
      "properties": {
        "内容": "バス停: 奄美小前（上り） (しまバス)",
        "name": "奄美小前（上り）",
        "operator": "しまバス",
        "ref": "",
        "url": "",
        "url2": ""
      }
    },
    {
      "type": "Feature",
      "geometry": {
        "type": "Point",
        "coordinates": [
          129.4979961,
          28.3735561
        ]
      },
      "properties": {
        "内容": "バス停: 久里町（上り） (しまバス)",
        "name": "久里町（上り）",
        "operator": "しまバス",
        "ref": "",
        "url": "",
        "url2": ""
      }
    },
    {
      "type": "Feature",
      "geometry": {
        "type": "Point",
        "coordinates": [
          129.4981571,
          28.3734522
        ]
      },
      "properties": {
        "内容": "バス停: 久里町（下り） (しまバス)",
        "name": "久里町（下り）",
        "operator": "しまバス",
        "ref": "",
        "url": "",
        "url2": ""
      }
    },
    {
      "type": "Feature",
      "geometry": {
        "type": "Point",
        "coordinates": [
          129.4978593,
          28.3744529
        ]
      },
      "properties": {
        "内容": "バス停: 大島高校前（下り） (しまバス)",
        "name": "大島高校前（下り）",
        "operator": "しまバス",
        "ref": "",
        "url": "",
        "url2": ""
      }
    },
    {
      "type": "Feature",
      "geometry": {
        "type": "Point",
        "coordinates": [
          129.4974516,
          28.3754488
        ]
      },
      "properties": {
        "内容": "バス停: 大島高校前（上り） (しまバス)",
        "name": "大島高校前（上り）",
        "operator": "しまバス",
        "ref": "",
        "url": "",
        "url2": ""
      }
    },
    {
      "type": "Feature",
      "geometry": {
        "type": "Point",
        "coordinates": [
          129.4972022,
          28.3762747
        ]
      },
      "properties": {
        "内容": "バス停: 永田橋（上り） (しまバス)",
        "name": "永田橋（上り）",
        "operator": "しまバス",
        "ref": "",
        "url": "",
        "url2": ""
      }
    },
    {
      "type": "Feature",
      "geometry": {
        "type": "Point",
        "coordinates": [
          129.4972719,
          28.37648
        ]
      },
      "properties": {
        "内容": "バス停: 永田橋（下り） (しまバス)",
        "name": "永田橋（下り）",
        "operator": "しまバス",
        "ref": "",
        "url": "",
        "url2": ""
      }
    },
    {
      "type": "Feature",
      "geometry": {
        "type": "Point",
        "coordinates": [
          129.4957994,
          28.3770724
        ]
      },
      "properties": {
        "内容": "バス停: 末広通り (しまバス)",
        "name": "末広通り",
        "operator": "しまバス",
        "ref": "",
        "url": "",
        "url2": ""
      }
    },
    {
      "type": "Feature",
      "geometry": {
        "type": "Point",
        "coordinates": [
          129.4953756,
          28.3769379
        ]
      },
      "properties": {
        "内容": "バス停: 末広通り (しまバス)",
        "name": "末広通り",
        "operator": "しまバス",
        "ref": "",
        "url": "",
        "url2": ""
      }
    },
    {
      "type": "Feature",
      "geometry": {
        "type": "Point",
        "coordinates": [
          129.4942732,
          28.3775892
        ]
      },
      "properties": {
        "内容": "バス停: 市役所前 (しまバス)",
        "name": "市役所前",
        "operator": "しまバス",
        "ref": "",
        "url": "",
        "url2": ""
      }
    },
    {
      "type": "Feature",
      "geometry": {
        "type": "Point",
        "coordinates": [
          129.4943939,
          28.3776765
        ]
      },
      "properties": {
        "内容": "バス停: 市役所前（青葉社側） (しまバス)",
        "name": "市役所前（青葉社側）",
        "operator": "しまバス",
        "ref": "",
        "url": "",
        "url2": ""
      }
    },
    {
      "type": "Feature",
      "geometry": {
        "type": "Point",
        "coordinates": [
          129.4943591,
          28.379168
        ]
      },
      "properties": {
        "内容": "バス停: 名瀬郵便局前 (しまバス)",
        "name": "名瀬郵便局前",
        "operator": "しまバス",
        "ref": "",
        "url": "",
        "url2": ""
      }
    },
    {
      "type": "Feature",
      "geometry": {
        "type": "Point",
        "coordinates": [
          129.4944985,
          28.3793119
        ]
      },
      "properties": {
        "内容": "バス停: 名瀬郵便局前（補聴器センター側） (しまバス)",
        "name": "名瀬郵便局前（補聴器センター側）",
        "operator": "しまバス",
        "ref": "",
        "url": "",
        "url2": ""
      }
    },
    {
      "type": "Feature",
      "geometry": {
        "type": "Point",
        "coordinates": [
          129.4948806,
          28.3797077
        ]
      },
      "properties": {
        "内容": "バス停: 港町待合所(上り) (しまバス)",
        "name": "港町待合所(上り)",
        "operator": "しまバス",
        "ref": "",
        "url": "",
        "url2": ""
      }
    },
    {
      "type": "Feature",
      "geometry": {
        "type": "Point",
        "coordinates": [
          129.495082,
          28.3795284
        ]
      },
      "properties": {
        "内容": "バス停: 港町待合所（のせ文具側） (しまバス)",
        "name": "港町待合所（のせ文具側）",
        "operator": "しまバス",
        "ref": "",
        "url": "",
        "url2": ""
      }
    },
    {
      "type": "Feature",
      "geometry": {
        "type": "Point",
        "coordinates": [
          129.4936844,
          28.3810977
        ]
      },
      "properties": {
        "内容": "バス停: 入舟町(上り) (しまバス)",
        "name": "入舟町(上り)",
        "operator": "しまバス",
        "ref": "",
        "url": "",
        "url2": ""
      }
    },
    {
      "type": "Feature",
      "geometry": {
        "type": "Point",
        "coordinates": [
          129.4935565,
          28.3811624
        ]
      },
      "properties": {
        "内容": "バス停: 入舟町（下り） (しまバス)",
        "name": "入舟町（下り）",
        "operator": "しまバス",
        "ref": "",
        "url": "",
        "url2": ""
      }
    },
    {
      "type": "Feature",
      "geometry": {
        "type": "Point",
        "coordinates": [
          129.4931549,
          28.3817054
        ]
      },
      "properties": {
        "内容": "バス停: ウエストコート前（下り） (しまバス)",
        "name": "ウエストコート前（下り）",
        "operator": "しまバス",
        "ref": "",
        "url": "",
        "url2": ""
      }
    },
    {
      "type": "Feature",
      "geometry": {
        "type": "Point",
        "coordinates": [
          129.4930419,
          28.3821342
        ]
      },
      "properties": {
        "内容": "バス停: ウエストコート前(上り) (しまバス)",
        "name": "ウエストコート前(上り)",
        "operator": "しまバス",
        "ref": "",
        "url": "",
        "url2": ""
      }
    },
    {
      "type": "Feature",
      "geometry": {
        "type": "Point",
        "coordinates": [
          129.4926465,
          28.3837612
        ]
      },
      "properties": {
        "内容": "バス停: 矢之脇町（下り） (しまバス)",
        "name": "矢之脇町（下り）",
        "operator": "しまバス",
        "ref": "",
        "url": "",
        "url2": ""
      }
    },
    {
      "type": "Feature",
      "geometry": {
        "type": "Point",
        "coordinates": [
          129.4926424,
          28.3843778
        ]
      },
      "properties": {
        "内容": "バス停: 矢之脇町(上り) (しまバス)",
        "name": "矢之脇町(上り)",
        "operator": "しまバス",
        "ref": "",
        "url": "",
        "url2": ""
      }
    },
    {
      "type": "Feature",
      "geometry": {
        "type": "Point",
        "coordinates": [
          129.4936713,
          28.3861426
        ]
      },
      "properties": {
        "内容": "バス停: 塩浜入口(上り) (しまバス)",
        "name": "塩浜入口(上り)",
        "operator": "しまバス",
        "ref": "",
        "url": "",
        "url2": ""
      }
    },
    {
      "type": "Feature",
      "geometry": {
        "type": "Point",
        "coordinates": [
          129.4934768,
          28.3864857
        ]
      },
      "properties": {
        "内容": "バス停: 塩浜入口（下り） (しまバス)",
        "name": "塩浜入口（下り）",
        "operator": "しまバス",
        "ref": "",
        "url": "",
        "url2": ""
      }
    },
    {
      "type": "Feature",
      "geometry": {
        "type": "Point",
        "coordinates": [
          129.4932767,
          28.3878686
        ]
      },
      "properties": {
        "内容": "バス停: 塩浜（下り） (しまバス)",
        "name": "塩浜（下り）",
        "operator": "しまバス",
        "ref": "",
        "url": "",
        "url2": ""
      }
    },
    {
      "type": "Feature",
      "geometry": {
        "type": "Point",
        "coordinates": [
          129.4934554,
          28.3874591
        ]
      },
      "properties": {
        "内容": "バス停: 塩浜（上り） (しまバス)",
        "name": "塩浜（上り）",
        "operator": "しまバス",
        "ref": "",
        "url": "",
        "url2": ""
      }
    },
    {
      "type": "Feature",
      "geometry": {
        "type": "Point",
        "coordinates": [
          129.4947851,
          28.3900235
        ]
      },
      "properties": {
        "内容": "バス停: 長浜入口（上り） (しまバス)",
        "name": "長浜入口（上り）",
        "operator": "しまバス",
        "ref": "",
        "url": "",
        "url2": ""
      }
    },
    {
      "type": "Feature",
      "geometry": {
        "type": "Point",
        "coordinates": [
          129.4946637,
          28.3903735
        ]
      },
      "properties": {
        "内容": "バス停: 長浜入口（下り） (しまバス)",
        "name": "長浜入口（下り）",
        "operator": "しまバス",
        "ref": "",
        "url": "",
        "url2": ""
      }
    },
    {
      "type": "Feature",
      "geometry": {
        "type": "Point",
        "coordinates": [
          129.4948098,
          28.3924579
        ]
      },
      "properties": {
        "内容": "バス停: 南海日日新聞社前（上り） (しまバス)",
        "name": "南海日日新聞社前（上り）",
        "operator": "しまバス",
        "ref": "",
        "url": "",
        "url2": ""
      }
    },
    {
      "type": "Feature",
      "geometry": {
        "type": "Point",
        "coordinates": [
          129.4946677,
          28.3924995
        ]
      },
      "properties": {
        "内容": "バス停: 南海日日新聞社前（下り） (しまバス)",
        "name": "南海日日新聞社前（下り）",
        "operator": "しまバス",
        "ref": "",
        "url": "",
        "url2": ""
      }
    },
    {
      "type": "Feature",
      "geometry": {
        "type": "Point",
        "coordinates": [
          129.4946843,
          28.3939436
        ]
      },
      "properties": {
        "内容": "バス停: 中央病院前（下り） (しまバス)",
        "name": "中央病院前（下り）",
        "operator": "しまバス",
        "ref": "",
        "url": "",
        "url2": ""
      }
    },
    {
      "type": "Feature",
      "geometry": {
        "type": "Point",
        "coordinates": [
          129.4947956,
          28.3946334
        ]
      },
      "properties": {
        "内容": "バス停: 中央病院前（上り） (しまバス)",
        "name": "中央病院前（上り）",
        "operator": "しまバス",
        "ref": "",
        "url": "",
        "url2": ""
      }
    },
    {
      "type": "Feature",
      "geometry": {
        "type": "Point",
        "coordinates": [
          129.4941489,
          28.3964463
        ]
      },
      "properties": {
        "内容": "バス停: 長浜（上り） (しまバス)",
        "name": "長浜（上り）",
        "operator": "しまバス",
        "ref": "",
        "url": "",
        "url2": ""
      }
    },
    {
      "type": "Feature",
      "geometry": {
        "type": "Point",
        "coordinates": [
          129.4923818,
          28.3963442
        ]
      },
      "properties": {
        "内容": "バス停: 福祉会館前（下り） (しまバス)",
        "name": "福祉会館前（下り）",
        "operator": "しまバス",
        "ref": "",
        "url": "",
        "url2": ""
      }
    },
    {
      "type": "Feature",
      "geometry": {
        "type": "Point",
        "coordinates": [
          129.4920478,
          28.3964671
        ]
      },
      "properties": {
        "内容": "バス停: 福祉会館前（上り） (しまバス)",
        "name": "福祉会館前（上り）",
        "operator": "しまバス",
        "ref": "",
        "url": "",
        "url2": ""
      }
    },
    {
      "type": "Feature",
      "geometry": {
        "type": "Point",
        "coordinates": [
          129.4868269,
          28.3957198
        ]
      },
      "properties": {
        "内容": "バス停: 朝仁トンネル前（上り） (しまバス)",
        "name": "朝仁トンネル前（上り）",
        "operator": "しまバス",
        "ref": "",
        "url": "",
        "url2": ""
      }
    },
    {
      "type": "Feature",
      "geometry": {
        "type": "Point",
        "coordinates": [
          129.486373,
          28.3955655
        ]
      },
      "properties": {
        "内容": "バス停: 朝仁トンネル前（下り） (しまバス)",
        "name": "朝仁トンネル前（下り）",
        "operator": "しまバス",
        "ref": "",
        "url": "",
        "url2": ""
      }
    },
    {
      "type": "Feature",
      "geometry": {
        "type": "Point",
        "coordinates": [
          129.4854512,
          28.3958566
        ]
      },
      "properties": {
        "内容": "バス停: 朝仁入口（下り） (しまバス)",
        "name": "朝仁入口（下り）",
        "operator": "しまバス",
        "ref": "",
        "url": "",
        "url2": ""
      }
    },
    {
      "type": "Feature",
      "geometry": {
        "type": "Point",
        "coordinates": [
          129.4854962,
          28.3959191
        ]
      },
      "properties": {
        "内容": "バス停: 朝仁入口（上り） (しまバス)",
        "name": "朝仁入口（上り）",
        "operator": "しまバス",
        "ref": "",
        "url": "",
        "url2": ""
      }
    },
    {
      "type": "Feature",
      "geometry": {
        "type": "Point",
        "coordinates": [
          129.4845984,
          28.3972236
        ]
      },
      "properties": {
        "内容": "バス停: 朝仁中央（上り） (しまバス)",
        "name": "朝仁中央（上り）",
        "operator": "しまバス",
        "ref": "",
        "url": "",
        "url2": ""
      }
    },
    {
      "type": "Feature",
      "geometry": {
        "type": "Point",
        "coordinates": [
          129.4842881,
          28.3974986
        ]
      },
      "properties": {
        "内容": "バス停: 朝仁見取橋（下り） (しまバス)",
        "name": "朝仁見取橋（下り）",
        "operator": "しまバス",
        "ref": "",
        "url": "",
        "url2": ""
      }
    },
    {
      "type": "Feature",
      "geometry": {
        "type": "Point",
        "coordinates": [
          129.483144,
          28.398628
        ]
      },
      "properties": {
        "内容": "バス停: 朝仁見取橋（上り） (しまバス)",
        "name": "朝仁見取橋（上り）",
        "operator": "しまバス",
        "ref": "",
        "url": "",
        "url2": ""
      }
    },
    {
      "type": "Feature",
      "geometry": {
        "type": "Point",
        "coordinates": [
          129.4804507,
          28.3986403
        ]
      },
      "properties": {
        "内容": "バス停: 朝仁（上り） (しまバス)",
        "name": "朝仁（上り）",
        "operator": "しまバス",
        "ref": "",
        "url": "",
        "url2": ""
      }
    },
    {
      "type": "Feature",
      "geometry": {
        "type": "Point",
        "coordinates": [
          129.4803398,
          28.3985883
        ]
      },
      "properties": {
        "内容": "バス停: 朝仁（下り） (しまバス)",
        "name": "朝仁（下り）",
        "operator": "しまバス",
        "ref": "",
        "url": "",
        "url2": ""
      }
    },
    {
      "type": "Feature",
      "geometry": {
        "type": "Point",
        "coordinates": [
          129.4769521,
          28.3985784
        ]
      },
      "properties": {
        "内容": "バス停: 朝仁タイヨー前（上り） (しまバス)",
        "name": "朝仁タイヨー前（上り）",
        "operator": "しまバス",
        "ref": "",
        "url": "",
        "url2": ""
      }
    },
    {
      "type": "Feature",
      "geometry": {
        "type": "Point",
        "coordinates": [
          129.4767834,
          28.3990619
        ]
      },
      "properties": {
        "内容": "バス停: 朝仁タイヨー前（下り） (しまバス)",
        "name": "朝仁タイヨー前（下り）",
        "operator": "しまバス",
        "ref": "",
        "url": "",
        "url2": ""
      }
    },
    {
      "type": "Feature",
      "geometry": {
        "type": "Point",
        "coordinates": [
          129.4735871,
          28.3966967
        ]
      },
      "properties": {
        "内容": "バス停: 運動公園入口（下り） (しまバス)",
        "name": "運動公園入口（下り）",
        "operator": "しまバス",
        "ref": "",
        "url": "",
        "url2": ""
      }
    },
    {
      "type": "Feature",
      "geometry": {
        "type": "Point",
        "coordinates": [
          129.4724323,
          28.3982572
        ]
      },
      "properties": {
        "内容": "バス停: 浜里入口（上り） (しまバス)",
        "name": "浜里入口（上り）",
        "operator": "しまバス",
        "ref": "",
        "url": "",
        "url2": ""
      }
    },
    {
      "type": "Feature",
      "geometry": {
        "type": "Point",
        "coordinates": [
          129.471539,
          28.3973334
        ]
      },
      "properties": {
        "内容": "バス停: 小宿トンネル前（上り） (しまバス)",
        "name": "小宿トンネル前（上り）",
        "operator": "しまバス",
        "ref": "",
        "url": "",
        "url2": ""
      }
    },
    {
      "type": "Feature",
      "geometry": {
        "type": "Point",
        "coordinates": [
          129.4714323,
          28.3974494
        ]
      },
      "properties": {
        "内容": "バス停: 小宿トンネル前（下り） (しまバス)",
        "name": "小宿トンネル前（下り）",
        "operator": "しまバス",
        "ref": "",
        "url": "",
        "url2": ""
      }
    },
    {
      "type": "Feature",
      "geometry": {
        "type": "Point",
        "coordinates": [
          129.4685642,
          28.3984192
        ]
      },
      "properties": {
        "内容": "バス停: 平松局前（上り） (しまバス)",
        "name": "平松局前（上り）",
        "operator": "しまバス",
        "ref": "",
        "url": "",
        "url2": ""
      }
    },
    {
      "type": "Feature",
      "geometry": {
        "type": "Point",
        "coordinates": [
          129.468537,
          28.3985462
        ]
      },
      "properties": {
        "内容": "バス停: 平松局前（下り） (しまバス)",
        "name": "平松局前（下り）",
        "operator": "しまバス",
        "ref": "",
        "url": "",
        "url2": ""
      }
    },
    {
      "type": "Feature",
      "geometry": {
        "type": "Point",
        "coordinates": [
          129.468673,
          28.3994405
        ]
      },
      "properties": {
        "内容": "バス停: 平松交番前（下り） (しまバス)",
        "name": "平松交番前（下り）",
        "operator": "しまバス",
        "ref": "",
        "url": "",
        "url2": ""
      }
    },
    {
      "type": "Feature",
      "geometry": {
        "type": "Point",
        "coordinates": [
          129.46865,
          28.3996245
        ]
      },
      "properties": {
        "内容": "バス停: 平松交番前（上り） (しまバス)",
        "name": "平松交番前（上り）",
        "operator": "しまバス",
        "ref": "",
        "url": "",
        "url2": ""
      }
    },
    {
      "type": "Feature",
      "geometry": {
        "type": "Point",
        "coordinates": [
          129.4695161,
          28.4002723
        ]
      },
      "properties": {
        "内容": "バス停: 平松町入口（上り） (しまバス)",
        "name": "平松町入口（上り）",
        "operator": "しまバス",
        "ref": "",
        "url": "",
        "url2": ""
      }
    },
    {
      "type": "Feature",
      "geometry": {
        "type": "Point",
        "coordinates": [
          129.4711185,
          28.3994
        ]
      },
      "properties": {
        "内容": "バス停: 浜里町（上り） (しまバス)",
        "name": "浜里町（上り）",
        "operator": "しまバス",
        "ref": "",
        "url": "",
        "url2": ""
      }
    },
    {
      "type": "Feature",
      "geometry": {
        "type": "Point",
        "coordinates": [
          129.4714114,
          28.3991442
        ]
      },
      "properties": {
        "内容": "バス停: 浜里町（下り） (しまバス)",
        "name": "浜里町（下り）",
        "operator": "しまバス",
        "ref": "",
        "url": "",
        "url2": ""
      }
    },
    {
      "type": "Feature",
      "geometry": {
        "type": "Point",
        "coordinates": [
          129.4666593,
          28.3953892
        ]
      },
      "properties": {
        "内容": "バス停: 小宿農協前（上り） (しまバス)",
        "name": "小宿農協前（上り）",
        "operator": "しまバス",
        "ref": "",
        "url": "",
        "url2": ""
      }
    },
    {
      "type": "Feature",
      "geometry": {
        "type": "Point",
        "coordinates": [
          129.4668109,
          28.3954767
        ]
      },
      "properties": {
        "内容": "バス停: 小宿農協前（下り） (しまバス)",
        "name": "小宿農協前（下り）",
        "operator": "しまバス",
        "ref": "",
        "url": "",
        "url2": ""
      }
    },
    {
      "type": "Feature",
      "geometry": {
        "type": "Point",
        "coordinates": [
          129.4663881,
          28.3937241
        ]
      },
      "properties": {
        "内容": "バス停: 小宿浜田（上り） (しまバス)",
        "name": "小宿浜田（上り）",
        "operator": "しまバス",
        "ref": "",
        "url": "",
        "url2": ""
      }
    },
    {
      "type": "Feature",
      "geometry": {
        "type": "Point",
        "coordinates": [
          129.4683748,
          28.3881674
        ]
      },
      "properties": {
        "内容": "バス停: 福里（上り） (しまバス)",
        "name": "福里（上り）",
        "operator": "しまバス",
        "ref": "",
        "url": "",
        "url2": ""
      }
    },
    {
      "type": "Feature",
      "geometry": {
        "type": "Point",
        "coordinates": [
          129.4666456,
          28.3868253
        ]
      },
      "properties": {
        "内容": "バス停: 里（上り） (しまバス)",
        "name": "里（上り）",
        "operator": "しまバス",
        "ref": "",
        "url": "",
        "url2": ""
      }
    },
    {
      "type": "Feature",
      "geometry": {
        "type": "Point",
        "coordinates": [
          129.4742612,
          28.3857521
        ]
      },
      "properties": {
        "内容": "バス停: 虹の丘（上り） (しまバス)",
        "name": "虹の丘（上り）",
        "operator": "しまバス",
        "ref": "",
        "url": "",
        "url2": ""
      }
    },
    {
      "type": "Feature",
      "geometry": {
        "type": "Point",
        "coordinates": [
          129.474067,
          28.3864231
        ]
      },
      "properties": {
        "内容": "バス停: 医師会病院（上り） (しまバス)",
        "name": "医師会病院（上り）",
        "operator": "しまバス",
        "ref": "",
        "url": "",
        "url2": ""
      }
    },
    {
      "type": "Feature",
      "geometry": {
        "type": "Point",
        "coordinates": [
          129.4748558,
          28.3921726
        ]
      },
      "properties": {
        "内容": "バス停: テニス場（上り） (しまバス)",
        "name": "テニス場（上り）",
        "operator": "しまバス",
        "ref": "",
        "url": "",
        "url2": ""
      }
    },
    {
      "type": "Feature",
      "geometry": {
        "type": "Point",
        "coordinates": [
          129.4749411,
          28.3922226
        ]
      },
      "properties": {
        "内容": "バス停: テニス場（下り） (しまバス)",
        "name": "テニス場（下り）",
        "operator": "しまバス",
        "ref": "",
        "url": "",
        "url2": ""
      }
    },
    {
      "type": "Feature",
      "geometry": {
        "type": "Point",
        "coordinates": [
          129.4751278,
          28.393805
        ]
      },
      "properties": {
        "内容": "バス停: 陸上競技場（下り） (しまバス)",
        "name": "陸上競技場（下り）",
        "operator": "しまバス",
        "ref": "",
        "url": "",
        "url2": ""
      }
    },
    {
      "type": "Feature",
      "geometry": {
        "type": "Point",
        "coordinates": [
          129.4750908,
          28.3938472
        ]
      },
      "properties": {
        "内容": "バス停: 陸上競技場（上り） (しまバス)",
        "name": "陸上競技場（上り）",
        "operator": "しまバス",
        "ref": "",
        "url": "",
        "url2": ""
      }
    },
    {
      "type": "Feature",
      "geometry": {
        "type": "Point",
        "coordinates": [
          129.4726854,
          28.3958073
        ]
      },
      "properties": {
        "内容": "バス停: 運動公園（下り） (しまバス)",
        "name": "運動公園（下り）",
        "operator": "しまバス",
        "ref": "",
        "url": "",
        "url2": ""
      }
    },
    {
      "type": "Feature",
      "geometry": {
        "type": "Point",
        "coordinates": [
          129.4725985,
          28.3958902
        ]
      },
      "properties": {
        "内容": "バス停: 運動公園（上り） (しまバス)",
        "name": "運動公園（上り）",
        "operator": "しまバス",
        "ref": "",
        "url": "",
        "url2": ""
      }
    },
    {
      "type": "Feature",
      "geometry": {
        "type": "Point",
        "coordinates": [
          129.5059449,
          28.3649759
        ]
      },
      "properties": {
        "内容": "バス停: 田雲団地（上り) (しまバス)",
        "name": "田雲団地（上り)",
        "operator": "しまバス",
        "ref": "",
        "url": "",
        "url2": ""
      }
    },
    {
      "type": "Feature",
      "geometry": {
        "type": "Point",
        "coordinates": [
          129.5047171,
          28.3667099
        ]
      },
      "properties": {
        "内容": "バス停: 中春日（上り） (しまバス)",
        "name": "中春日（上り）",
        "operator": "しまバス",
        "ref": "",
        "url": "",
        "url2": ""
      }
    },
    {
      "type": "Feature",
      "geometry": {
        "type": "Point",
        "coordinates": [
          129.5048031,
          28.3667976
        ]
      },
      "properties": {
        "内容": "バス停: 中春日（下り） (しまバス)",
        "name": "中春日（下り）",
        "operator": "しまバス",
        "ref": "",
        "url": "",
        "url2": ""
      }
    },
    {
      "type": "Feature",
      "geometry": {
        "type": "Point",
        "coordinates": [
          129.5024615,
          28.3690991
        ]
      },
      "properties": {
        "内容": "バス停: 四谷住宅（上り） (しまバス)",
        "name": "四谷住宅（上り）",
        "operator": "しまバス",
        "ref": "",
        "url": "",
        "url2": ""
      }
    },
    {
      "type": "Feature",
      "geometry": {
        "type": "Point",
        "coordinates": [
          129.5024887,
          28.3691654
        ]
      },
      "properties": {
        "内容": "バス停: 四谷住宅（下り） (しまバス)",
        "name": "四谷住宅（下り）",
        "operator": "しまバス",
        "ref": "",
        "url": "",
        "url2": ""
      }
    },
    {
      "type": "Feature",
      "geometry": {
        "type": "Point",
        "coordinates": [
          129.4970342,
          28.3796011
        ]
      },
      "properties": {
        "内容": "バス停: 本社営業所前 (しまバス)",
        "name": "本社営業所前",
        "operator": "しまバス",
        "ref": "",
        "url": "",
        "url2": ""
      }
    },
    {
      "type": "Feature",
      "geometry": {
        "type": "Point",
        "coordinates": [
          129.4969127,
          28.3797748
        ]
      },
      "properties": {
        "内容": "バス停: 朝日通り(下り) (しまバス)",
        "name": "朝日通り(下り)",
        "operator": "しまバス",
        "ref": "",
        "url": "",
        "url2": ""
      }
    },
    {
      "type": "Feature",
      "geometry": {
        "type": "Point",
        "coordinates": [
          129.498574,
          28.3805578
        ]
      },
      "properties": {
        "内容": "バス停: 御殿浜（上り） (しまバス)",
        "name": "御殿浜（上り）",
        "operator": "しまバス",
        "ref": "",
        "url": "",
        "url2": ""
      }
    },
    {
      "type": "Feature",
      "geometry": {
        "type": "Point",
        "coordinates": [
          129.4991602,
          28.3808437
        ]
      },
      "properties": {
        "内容": "バス停: 御殿浜(下り) (しまバス)",
        "name": "御殿浜(下り)",
        "operator": "しまバス",
        "ref": "",
        "url": "",
        "url2": ""
      }
    },
    {
      "type": "Feature",
      "geometry": {
        "type": "Point",
        "coordinates": [
          129.5014836,
          28.3829279
        ]
      },
      "properties": {
        "内容": "バス停: 唐浜（上り） (しまバス)",
        "name": "唐浜（上り）",
        "operator": "しまバス",
        "ref": "",
        "url": "",
        "url2": ""
      }
    },
    {
      "type": "Feature",
      "geometry": {
        "type": "Point",
        "coordinates": [
          129.5017266,
          28.3839593
        ]
      },
      "properties": {
        "内容": "バス停: 唐浜(下り) (しまバス)",
        "name": "唐浜(下り)",
        "operator": "しまバス",
        "ref": "",
        "url": "",
        "url2": ""
      }
    },
    {
      "type": "Feature",
      "geometry": {
        "type": "Point",
        "coordinates": [
          129.5007638,
          28.3837615
        ]
      },
      "properties": {
        "内容": "バス停: イオンプラザ大島前(上り・下り両方) (しまバス)",
        "name": "イオンプラザ大島前(上り・下り両方)",
        "operator": "しまバス",
        "ref": "",
        "url": "",
        "url2": ""
      }
    },
    {
      "type": "Feature",
      "geometry": {
        "type": "Point",
        "coordinates": [
          129.5025609,
          28.386172
        ]
      },
      "properties": {
        "内容": "バス停: 小浜町(下り) (しまバス)",
        "name": "小浜町(下り)",
        "operator": "しまバス",
        "ref": "",
        "url": "",
        "url2": ""
      }
    },
    {
      "type": "Feature",
      "geometry": {
        "type": "Point",
        "coordinates": [
          129.502695,
          28.3862569
        ]
      },
      "properties": {
        "内容": "バス停: 小浜町（上り） (しまバス)",
        "name": "小浜町（上り）",
        "operator": "しまバス",
        "ref": "",
        "url": "",
        "url2": ""
      }
    },
    {
      "type": "Feature",
      "geometry": {
        "type": "Point",
        "coordinates": [
          129.5049132,
          28.390627
        ]
      },
      "properties": {
        "内容": "バス停: 佐大熊国道（上り） (しまバス)",
        "name": "佐大熊国道（上り）",
        "operator": "しまバス",
        "ref": "",
        "url": "",
        "url2": ""
      }
    },
    {
      "type": "Feature",
      "geometry": {
        "type": "Point",
        "coordinates": [
          129.5055247,
          28.3903604
        ]
      },
      "properties": {
        "内容": "バス停: 佐大熊入口(下り) (しまバス)",
        "name": "佐大熊入口(下り)",
        "operator": "しまバス",
        "ref": "",
        "url": "",
        "url2": ""
      }
    },
    {
      "type": "Feature",
      "geometry": {
        "type": "Point",
        "coordinates": [
          129.505632,
          28.390417
        ]
      },
      "properties": {
        "内容": "バス停: 佐大熊入口（上り） (しまバス)",
        "name": "佐大熊入口（上り）",
        "operator": "しまバス",
        "ref": "",
        "url": "",
        "url2": ""
      }
    },
    {
      "type": "Feature",
      "geometry": {
        "type": "Point",
        "coordinates": [
          129.5050634,
          28.3912452
        ]
      },
      "properties": {
        "内容": "バス停: 佐大熊国道沿い(下り) (しまバス)",
        "name": "佐大熊国道沿い(下り)",
        "operator": "しまバス",
        "ref": "",
        "url": "",
        "url2": ""
      }
    },
    {
      "type": "Feature",
      "geometry": {
        "type": "Point",
        "coordinates": [
          129.5058015,
          28.3924305
        ]
      },
      "properties": {
        "内容": "バス停: 佐大熊団地国道（上り） (しまバス)",
        "name": "佐大熊団地国道（上り）",
        "operator": "しまバス",
        "ref": "",
        "url": "",
        "url2": ""
      }
    },
    {
      "type": "Feature",
      "geometry": {
        "type": "Point",
        "coordinates": [
          129.5058157,
          28.3927451
        ]
      },
      "properties": {
        "内容": "バス停: 佐大熊団地国道沿い(下り) (しまバス)",
        "name": "佐大熊団地国道沿い(下り)",
        "operator": "しまバス",
        "ref": "",
        "url": "",
        "url2": ""
      }
    },
    {
      "type": "Feature",
      "geometry": {
        "type": "Point",
        "coordinates": [
          129.5063369,
          28.3926764
        ]
      },
      "properties": {
        "内容": "バス停: 佐大熊平井ストアー前(下り) (しまバス)",
        "name": "佐大熊平井ストアー前(下り)",
        "operator": "しまバス",
        "ref": "",
        "url": "",
        "url2": ""
      }
    },
    {
      "type": "Feature",
      "geometry": {
        "type": "Point",
        "coordinates": [
          129.5064174,
          28.3927243
        ]
      },
      "properties": {
        "内容": "バス停: 佐大熊平井ストアー前（上り） (しまバス)",
        "name": "佐大熊平井ストアー前（上り）",
        "operator": "しまバス",
        "ref": "",
        "url": "",
        "url2": ""
      }
    },
    {
      "type": "Feature",
      "geometry": {
        "type": "Point",
        "coordinates": [
          129.5149853,
          28.3983672
        ]
      },
      "properties": {
        "内容": "バス停: 鳩浜入口（上り） (しまバス)",
        "name": "鳩浜入口（上り）",
        "operator": "しまバス",
        "ref": "",
        "url": "",
        "url2": ""
      }
    },
    {
      "type": "Feature",
      "geometry": {
        "type": "Point",
        "coordinates": [
          129.5178918,
          28.3994257
        ]
      },
      "properties": {
        "内容": "バス停: 鳩浜（上り） (しまバス)",
        "name": "鳩浜（上り）",
        "operator": "しまバス",
        "ref": "",
        "url": "",
        "url2": ""
      }
    },
    {
      "type": "Feature",
      "geometry": {
        "type": "Point",
        "coordinates": [
          129.5179699,
          28.399532
        ]
      },
      "properties": {
        "内容": "バス停: 鳩浜(下り) (しまバス)",
        "name": "鳩浜(下り)",
        "operator": "しまバス",
        "ref": "",
        "url": "",
        "url2": ""
      }
    },
    {
      "type": "Feature",
      "geometry": {
        "type": "Point",
        "coordinates": [
          129.5197892,
          28.3991486
        ]
      },
      "properties": {
        "内容": "バス停: 鳩浜団地（上り） (しまバス)",
        "name": "鳩浜団地（上り）",
        "operator": "しまバス",
        "ref": "",
        "url": "",
        "url2": ""
      }
    },
    {
      "type": "Feature",
      "geometry": {
        "type": "Point",
        "coordinates": [
          129.5198744,
          28.3992382
        ]
      },
      "properties": {
        "内容": "バス停: 鳩浜団地(下り) (しまバス)",
        "name": "鳩浜団地(下り)",
        "operator": "しまバス",
        "ref": "",
        "url": "",
        "url2": ""
      }
    },
    {
      "type": "Feature",
      "geometry": {
        "type": "Point",
        "coordinates": [
          129.5225654,
          28.3992611
        ]
      },
      "properties": {
        "内容": "バス停: 水間内科前（上り） (しまバス)",
        "name": "水間内科前（上り）",
        "operator": "しまバス",
        "ref": "",
        "url": "",
        "url2": ""
      }
    },
    {
      "type": "Feature",
      "geometry": {
        "type": "Point",
        "coordinates": [
          129.5225156,
          28.3993694
        ]
      },
      "properties": {
        "内容": "バス停: 水間内科前(下り) (しまバス)",
        "name": "水間内科前(下り)",
        "operator": "しまバス",
        "ref": "",
        "url": "",
        "url2": ""
      }
    },
    {
      "type": "Feature",
      "geometry": {
        "type": "Point",
        "coordinates": [
          129.5228828,
          28.3987506
        ]
      },
      "properties": {
        "内容": "バス停: 輪内保育所前(下り) (しまバス)",
        "name": "輪内保育所前(下り)",
        "operator": "しまバス",
        "ref": "",
        "url": "",
        "url2": ""
      }
    },
    {
      "type": "Feature",
      "geometry": {
        "type": "Point",
        "coordinates": [
          129.5232926,
          28.3985839
        ]
      },
      "properties": {
        "内容": "バス停: 輪内保育所前（上り） (しまバス)",
        "name": "輪内保育所前（上り）",
        "operator": "しまバス",
        "ref": "",
        "url": "",
        "url2": ""
      }
    },
    {
      "type": "Feature",
      "geometry": {
        "type": "Point",
        "coordinates": [
          129.5255192,
          28.3973586
        ]
      },
      "properties": {
        "内容": "バス停: ダイワ前(上り) (しまバス)",
        "name": "ダイワ前(上り)",
        "operator": "しまバス",
        "ref": "",
        "url": "",
        "url2": ""
      }
    },
    {
      "type": "Feature",
      "geometry": {
        "type": "Point",
        "coordinates": [
          129.525884,
          28.3972336
        ]
      },
      "properties": {
        "内容": "バス停: ダイワ前(下り) (しまバス)",
        "name": "ダイワ前(下り)",
        "operator": "しまバス",
        "ref": "",
        "url": "",
        "url2": ""
      }
    },
    {
      "type": "Feature",
      "geometry": {
        "type": "Point",
        "coordinates": [
          129.5261233,
          28.3966689
        ]
      },
      "properties": {
        "内容": "バス停: モスバーガー前（下り） (しまバス)",
        "name": "モスバーガー前（下り）",
        "operator": "しまバス",
        "ref": "",
        "url": "",
        "url2": ""
      }
    },
    {
      "type": "Feature",
      "geometry": {
        "type": "Point",
        "coordinates": [
          129.5259691,
          28.3964388
        ]
      },
      "properties": {
        "内容": "バス停: モスバーガー前（上り） (しまバス)",
        "name": "モスバーガー前（上り）",
        "operator": "しまバス",
        "ref": "",
        "url": "",
        "url2": ""
      }
    },
    {
      "type": "Feature",
      "geometry": {
        "type": "Point",
        "coordinates": [
          129.5272129,
          28.3964522
        ]
      },
      "properties": {
        "内容": "バス停: ひらます(上り・下り両方) (しまバス)",
        "name": "ひらます(上り・下り両方)",
        "operator": "しまバス",
        "ref": "",
        "url": "",
        "url2": ""
      }
    },
    {
      "type": "Feature",
      "geometry": {
        "type": "Point",
        "coordinates": [
          129.5262678,
          28.3995153
        ]
      },
      "properties": {
        "内容": "バス停: 名瀬病院前(上り) (しまバス)",
        "name": "名瀬病院前(上り)",
        "operator": "しまバス",
        "ref": "",
        "url": "",
        "url2": ""
      }
    },
    {
      "type": "Feature",
      "geometry": {
        "type": "Point",
        "coordinates": [
          129.5263957,
          28.399559
        ]
      },
      "properties": {
        "内容": "バス停: 名瀬病院前(下り) (しまバス)",
        "name": "名瀬病院前(下り)",
        "operator": "しまバス",
        "ref": "",
        "url": "",
        "url2": ""
      }
    },
    {
      "type": "Feature",
      "geometry": {
        "type": "Point",
        "coordinates": [
          129.5239819,
          28.4012823
        ]
      },
      "properties": {
        "内容": "バス停: 大熊入口（下り） (しまバス)",
        "name": "大熊入口（下り）",
        "operator": "しまバス",
        "ref": "",
        "url": "",
        "url2": ""
      }
    },
    {
      "type": "Feature",
      "geometry": {
        "type": "Point",
        "coordinates": [
          129.5236692,
          28.4013906
        ]
      },
      "properties": {
        "内容": "バス停: 大熊入口（上り） (しまバス)",
        "name": "大熊入口（上り）",
        "operator": "しまバス",
        "ref": "",
        "url": "",
        "url2": ""
      }
    },
    {
      "type": "Feature",
      "geometry": {
        "type": "Point",
        "coordinates": [
          129.5219021,
          28.4032805
        ]
      },
      "properties": {
        "内容": "バス停: 大熊(下り) (しまバス)",
        "name": "大熊(下り)",
        "operator": "しまバス",
        "ref": "",
        "url": "",
        "url2": ""
      }
    },
    {
      "type": "Feature",
      "geometry": {
        "type": "Point",
        "coordinates": [
          129.5218453,
          28.4035555
        ]
      },
      "properties": {
        "内容": "バス停: 大熊(上り) (しまバス)",
        "name": "大熊(上り)",
        "operator": "しまバス",
        "ref": "",
        "url": "",
        "url2": ""
      }
    },
    {
      "type": "Feature",
      "geometry": {
        "type": "Point",
        "coordinates": [
          129.5058308,
          28.3881044
        ]
      },
      "properties": {
        "内容": "バス停: 上佐大熊(上り・下り両方) (しまバス)",
        "name": "上佐大熊(上り・下り両方)",
        "operator": "しまバス",
        "ref": "",
        "url": "",
        "url2": ""
      }
    },
    {
      "type": "Feature",
      "geometry": {
        "type": "Point",
        "coordinates": [
          129.505751,
          28.3898174
        ]
      },
      "properties": {
        "内容": "バス停: 上佐大熊入口(上り・下り両方) (しまバス)",
        "name": "上佐大熊入口(上り・下り両方)",
        "operator": "しまバス",
        "ref": "",
        "url": "",
        "url2": ""
      }
    },
    {
      "type": "Feature",
      "geometry": {
        "type": "Point",
        "coordinates": [
          129.5265787,
          28.3861283
        ]
      },
      "properties": {
        "内容": "バス停: 仲勝（上り・下り両方） (しまバス)",
        "name": "仲勝（上り・下り両方）",
        "operator": "しまバス",
        "ref": "",
        "url": "",
        "url2": ""
      }
    },
    {
      "type": "Feature",
      "geometry": {
        "type": "Point",
        "coordinates": [
          129.5271005,
          28.3881598
        ]
      },
      "properties": {
        "内容": "バス停: 公務員住宅前（上り・下り両方） (しまバス)",
        "name": "公務員住宅前（上り・下り両方）",
        "operator": "しまバス",
        "ref": "",
        "url": "",
        "url2": ""
      }
    },
    {
      "type": "Feature",
      "geometry": {
        "type": "Point",
        "coordinates": [
          129.5282032,
          28.3902833
        ]
      },
      "properties": {
        "内容": "バス停: 有屋（上り・下り両方） (しまバス)",
        "name": "有屋（上り・下り両方）",
        "operator": "しまバス",
        "ref": "",
        "url": "",
        "url2": ""
      }
    },
    {
      "type": "Feature",
      "geometry": {
        "type": "Point",
        "coordinates": [
          129.526948,
          28.3925825
        ]
      },
      "properties": {
        "内容": "バス停: 有屋田袋（上り） (しまバス)",
        "name": "有屋田袋（上り）",
        "operator": "しまバス",
        "ref": "",
        "url": "",
        "url2": ""
      }
    },
    {
      "type": "Feature",
      "geometry": {
        "type": "Point",
        "coordinates": [
          129.5269755,
          28.3927731
        ]
      },
      "properties": {
        "内容": "バス停: 有屋田袋（下り） (しまバス)",
        "name": "有屋田袋（下り）",
        "operator": "しまバス",
        "ref": "",
        "url": "",
        "url2": ""
      }
    },
    {
      "type": "Feature",
      "geometry": {
        "type": "Point",
        "coordinates": [
          129.5291778,
          28.3930445
        ]
      },
      "properties": {
        "内容": "バス停: 有屋入口（下り） (しまバス)",
        "name": "有屋入口（下り）",
        "operator": "しまバス",
        "ref": "",
        "url": "",
        "url2": ""
      }
    },
    {
      "type": "Feature",
      "geometry": {
        "type": "Point",
        "coordinates": [
          129.5291869,
          28.3928682
        ]
      },
      "properties": {
        "内容": "バス停: 浦上農試前（下り） (しまバス)",
        "name": "浦上農試前（下り）",
        "operator": "しまバス",
        "ref": "",
        "url": "",
        "url2": ""
      }
    },
    {
      "type": "Feature",
      "geometry": {
        "type": "Point",
        "coordinates": [
          129.5292295,
          28.3929136
        ]
      },
      "properties": {
        "内容": "バス停: 有屋入口（上り） (有屋入口（上り）)",
        "name": "有屋入口（上り）",
        "operator": "有屋入口（上り）",
        "ref": "",
        "url": "",
        "url2": ""
      }
    },
    {
      "type": "Feature",
      "geometry": {
        "type": "Point",
        "coordinates": [
          129.5309694,
          28.3935648
        ]
      },
      "properties": {
        "内容": "バス停: 浦上入口（下り） (しまバス)",
        "name": "浦上入口（下り）",
        "operator": "しまバス",
        "ref": "",
        "url": "",
        "url2": ""
      }
    },
    {
      "type": "Feature",
      "geometry": {
        "type": "Point",
        "coordinates": [
          129.5308746,
          28.3935856
        ]
      },
      "properties": {
        "内容": "バス停: 浦上入口（上り） (しまバス)",
        "name": "浦上入口（上り）",
        "operator": "しまバス",
        "ref": "",
        "url": "",
        "url2": ""
      }
    },
    {
      "type": "Feature",
      "geometry": {
        "type": "Point",
        "coordinates": [
          129.52965,
          28.3945525
        ]
      },
      "properties": {
        "内容": "バス停: 病院前（上り・下り両方） (しまバス)",
        "name": "病院前（上り・下り両方）",
        "operator": "しまバス",
        "ref": "",
        "url": "",
        "url2": ""
      }
    },
    {
      "type": "Feature",
      "geometry": {
        "type": "Point",
        "coordinates": [
          129.5321664,
          28.3932849
        ]
      },
      "properties": {
        "内容": "バス停: 浦上組合前（上り） (しまバス)",
        "name": "浦上組合前（上り）",
        "operator": "しまバス",
        "ref": "",
        "url": "",
        "url2": ""
      }
    },
    {
      "type": "Feature",
      "geometry": {
        "type": "Point",
        "coordinates": [
          129.5321727,
          28.3933567
        ]
      },
      "properties": {
        "内容": "バス停: 浦上組合前（下り） (しまバス)",
        "name": "浦上組合前（下り）",
        "operator": "しまバス",
        "ref": "",
        "url": "",
        "url2": ""
      }
    },
    {
      "type": "Feature",
      "geometry": {
        "type": "Point",
        "coordinates": [
          129.5331245,
          28.3934321
        ]
      },
      "properties": {
        "内容": "バス停: 浦上（上り） (しまバス)",
        "name": "浦上（上り）",
        "operator": "しまバス",
        "ref": "",
        "url": "",
        "url2": ""
      }
    },
    {
      "type": "Feature",
      "geometry": {
        "type": "Point",
        "coordinates": [
          129.5331476,
          28.3934714
        ]
      },
      "properties": {
        "内容": "バス停: 浦上（下り） (しまバス)",
        "name": "浦上（下り）",
        "operator": "しまバス",
        "ref": "",
        "url": "",
        "url2": ""
      }
    },
    {
      "type": "Feature",
      "geometry": {
        "type": "Point",
        "coordinates": [
          129.5321922,
          28.3958558
        ]
      },
      "properties": {
        "内容": "バス停: 浦上農試前（上り） (しまバス)",
        "name": "浦上農試前（上り）",
        "operator": "しまバス",
        "ref": "",
        "url": "",
        "url2": ""
      }
    },
    {
      "type": "Feature",
      "geometry": {
        "type": "Point",
        "coordinates": [
          129.5344243,
          28.3949152
        ]
      },
      "properties": {
        "内容": "バス停: 有盛神社前（上り） (しまバス)",
        "name": "有盛神社前（上り）",
        "operator": "しまバス",
        "ref": "",
        "url": "",
        "url2": ""
      }
    },
    {
      "type": "Feature",
      "geometry": {
        "type": "Point",
        "coordinates": [
          129.5346404,
          28.3948886
        ]
      },
      "properties": {
        "内容": "バス停: 有盛神社前（下り） (しまバス)",
        "name": "有盛神社前（下り）",
        "operator": "しまバス",
        "ref": "",
        "url": "",
        "url2": ""
      }
    },
    {
      "type": "Feature",
      "geometry": {
        "type": "Point",
        "coordinates": [
          129.5367543,
          28.3917107
        ]
      },
      "properties": {
        "内容": "バス停: 紬指導センター前（上り） (しまバス)",
        "name": "紬指導センター前（上り）",
        "operator": "しまバス",
        "ref": "",
        "url": "",
        "url2": ""
      }
    },
    {
      "type": "Feature",
      "geometry": {
        "type": "Point",
        "coordinates": [
          129.5368177,
          28.3917512
        ]
      },
      "properties": {
        "内容": "バス停: 紬指導センター前（下り） (しまバス)",
        "name": "紬指導センター前（下り）",
        "operator": "しまバス",
        "ref": "",
        "url": "",
        "url2": ""
      }
    },
    {
      "type": "Feature",
      "geometry": {
        "type": "Point",
        "coordinates": [
          129.5390796,
          28.3910205
        ]
      },
      "properties": {
        "内容": "バス停: 竹の当橋（上り） (しまバス)",
        "name": "竹の当橋（上り）",
        "operator": "しまバス",
        "ref": "",
        "url": "",
        "url2": ""
      }
    },
    {
      "type": "Feature",
      "geometry": {
        "type": "Point",
        "coordinates": [
          129.539201,
          28.3909878
        ]
      },
      "properties": {
        "内容": "バス停: 竹の当橋（下り） (しまバス)",
        "name": "竹の当橋（下り）",
        "operator": "しまバス",
        "ref": "",
        "url": "",
        "url2": ""
      }
    },
    {
      "type": "Feature",
      "geometry": {
        "type": "Point",
        "coordinates": [
          129.5402698,
          28.3868234
        ]
      },
      "properties": {
        "内容": "バス停: 奥万田（上り） (しまバス)",
        "name": "奥万田（上り）",
        "operator": "しまバス",
        "ref": "",
        "url": "",
        "url2": ""
      }
    },
    {
      "type": "Feature",
      "geometry": {
        "type": "Point",
        "coordinates": [
          129.5402766,
          28.3868501
        ]
      },
      "properties": {
        "内容": "バス停: パーラーN1前（上り） (しまバス)",
        "name": "パーラーN1前（上り）",
        "operator": "しまバス",
        "ref": "",
        "url": "",
        "url2": ""
      }
    },
    {
      "type": "Feature",
      "geometry": {
        "type": "Point",
        "coordinates": [
          129.5403833,
          28.3868451
        ]
      },
      "properties": {
        "内容": "バス停: パーラーN1前（下り） (しまバス)",
        "name": "パーラーN1前（下り）",
        "operator": "しまバス",
        "ref": "",
        "url": "",
        "url2": ""
      }
    },
    {
      "type": "Feature",
      "geometry": {
        "type": "Point",
        "coordinates": [
          129.3340518,
          28.1675902
        ]
      },
      "properties": {
        "内容": "バス停: 大島保養院前 (しまバス)",
        "name": "大島保養院前",
        "operator": "しまバス",
        "ref": "",
        "url": "",
        "url2": ""
      }
    },
    {
      "type": "Feature",
      "geometry": {
        "type": "Point",
        "coordinates": [
          129.3350734,
          28.1686589
        ]
      },
      "properties": {
        "内容": "バス停: 阿木名 (しまバス)",
        "name": "阿木名",
        "operator": "しまバス",
        "ref": "",
        "url": "",
        "url2": ""
      }
    },
    {
      "type": "Feature",
      "geometry": {
        "type": "Point",
        "coordinates": [
          129.3351278,
          28.1685998
        ]
      },
      "properties": {
        "内容": "バス停: 阿木名 (しまバス)",
        "name": "阿木名",
        "operator": "しまバス",
        "ref": "",
        "url": "",
        "url2": ""
      }
    },
    {
      "type": "Feature",
      "geometry": {
        "type": "Point",
        "coordinates": [
          129.3365325,
          28.1701173
        ]
      },
      "properties": {
        "内容": "バス停: 阿木名小前 (しまバス)",
        "name": "阿木名小前",
        "operator": "しまバス",
        "ref": "",
        "url": "",
        "url2": ""
      }
    },
    {
      "type": "Feature",
      "geometry": {
        "type": "Point",
        "coordinates": [
          129.3388057,
          28.1702628
        ]
      },
      "properties": {
        "内容": "バス停: 阿木名住宅前 (しまバス)",
        "name": "阿木名住宅前",
        "operator": "しまバス",
        "ref": "",
        "url": "",
        "url2": ""
      }
    },
    {
      "type": "Feature",
      "geometry": {
        "type": "Point",
        "coordinates": [
          129.3478213,
          28.1744892
        ]
      },
      "properties": {
        "内容": "バス停: 名称不明バス停 (しまバス)",
        "name": "名称不明バス停",
        "operator": "しまバス",
        "ref": "",
        "url": "",
        "url2": ""
      }
    },
    {
      "type": "Feature",
      "geometry": {
        "type": "Point",
        "coordinates": [
          129.347826,
          28.1744286
        ]
      },
      "properties": {
        "内容": "バス停: 勝浦 (しまバス)",
        "name": "勝浦",
        "operator": "しまバス",
        "ref": "",
        "url": "",
        "url2": ""
      }
    },
    {
      "type": "Feature",
      "geometry": {
        "type": "Point",
        "coordinates": [
          129.3492402,
          28.1747063
        ]
      },
      "properties": {
        "内容": "バス停: 勝浦派出所前 (しまバス)",
        "name": "勝浦派出所前",
        "operator": "しまバス",
        "ref": "",
        "url": "",
        "url2": ""
      }
    },
    {
      "type": "Feature",
      "geometry": {
        "type": "Point",
        "coordinates": [
          129.349226,
          28.174652
        ]
      },
      "properties": {
        "内容": "バス停: 勝浦派出所前 (しまバス)",
        "name": "勝浦派出所前",
        "operator": "しまバス",
        "ref": "",
        "url": "",
        "url2": ""
      }
    },
    {
      "type": "Feature",
      "geometry": {
        "type": "Point",
        "coordinates": [
          129.3671004,
          28.2308871
        ]
      },
      "properties": {
        "内容": "バス停: 丸畑 (しまバス)",
        "name": "丸畑",
        "operator": "しまバス",
        "ref": "",
        "url": "",
        "url2": ""
      }
    },
    {
      "type": "Feature",
      "geometry": {
        "type": "Point",
        "coordinates": [
          129.3736735,
          28.2371244
        ]
      },
      "properties": {
        "内容": "バス停: 新村 (しまバス)",
        "name": "新村",
        "operator": "しまバス",
        "ref": "",
        "url": "",
        "url2": ""
      }
    },
    {
      "type": "Feature",
      "geometry": {
        "type": "Point",
        "coordinates": [
          129.3735996,
          28.237069
        ]
      },
      "properties": {
        "内容": "バス停: 新村 (しまバス)",
        "name": "新村",
        "operator": "しまバス",
        "ref": "",
        "url": "",
        "url2": ""
      }
    },
    {
      "type": "Feature",
      "geometry": {
        "type": "Point",
        "coordinates": [
          129.3922702,
          28.2544382
        ]
      },
      "properties": {
        "内容": "バス停: 下役勝 (しまバス)",
        "name": "下役勝",
        "operator": "しまバス",
        "ref": "",
        "url": "",
        "url2": ""
      }
    },
    {
      "type": "Feature",
      "geometry": {
        "type": "Point",
        "coordinates": [
          129.4038071,
          28.2551114
        ]
      },
      "properties": {
        "内容": "バス停: 越次橋 (しまバス)",
        "name": "越次橋",
        "operator": "しまバス",
        "ref": "",
        "url": "",
        "url2": ""
      }
    },
    {
      "type": "Feature",
      "geometry": {
        "type": "Point",
        "coordinates": [
          129.2752925,
          28.3256115
        ]
      },
      "properties": {
        "内容": "バス停: 今里 (しまバス)",
        "name": "今里",
        "operator": "しまバス",
        "ref": "",
        "url": "",
        "url2": ""
      }
    },
    {
      "type": "Feature",
      "geometry": {
        "type": "Point",
        "coordinates": [
          129.2769611,
          28.3259091
        ]
      },
      "properties": {
        "内容": "バス停: 今里入口 (しまバス)",
        "name": "今里入口",
        "operator": "しまバス",
        "ref": "",
        "url": "",
        "url2": ""
      }
    },
    {
      "type": "Feature",
      "geometry": {
        "type": "Point",
        "coordinates": [
          129.2910375,
          28.3268732
        ]
      },
      "properties": {
        "内容": "バス停: 志戸勘 (しまバス)",
        "name": "志戸勘",
        "operator": "しまバス",
        "ref": "",
        "url": "",
        "url2": ""
      }
    },
    {
      "type": "Feature",
      "geometry": {
        "type": "Point",
        "coordinates": [
          129.3136203,
          28.3372
        ]
      },
      "properties": {
        "内容": "バス停: 名音 (しまバス)",
        "name": "名音",
        "operator": "しまバス",
        "ref": "",
        "url": "",
        "url2": ""
      }
    },
    {
      "type": "Feature",
      "geometry": {
        "type": "Point",
        "coordinates": [
          129.3159905,
          28.3464869
        ]
      },
      "properties": {
        "内容": "バス停: 大和の園 (しまバス)",
        "name": "大和の園",
        "operator": "しまバス",
        "ref": "",
        "url": "",
        "url2": ""
      }
    },
    {
      "type": "Feature",
      "geometry": {
        "type": "Point",
        "coordinates": [
          129.328849,
          28.3507689
        ]
      },
      "properties": {
        "内容": "バス停: 戸円 (しまバス)",
        "name": "戸円",
        "operator": "しまバス",
        "ref": "",
        "url": "",
        "url2": ""
      }
    },
    {
      "type": "Feature",
      "geometry": {
        "type": "Point",
        "coordinates": [
          129.3524281,
          28.3603876
        ]
      },
      "properties": {
        "内容": "バス停: 大金久 (しまバス)",
        "name": "大金久",
        "operator": "しまバス",
        "ref": "",
        "url": "",
        "url2": ""
      }
    },
    {
      "type": "Feature",
      "geometry": {
        "type": "Point",
        "coordinates": [
          129.3587464,
          28.3572433
        ]
      },
      "properties": {
        "内容": "バス停: 大棚 (しまバス)",
        "name": "大棚",
        "operator": "しまバス",
        "ref": "",
        "url": "",
        "url2": ""
      }
    },
    {
      "type": "Feature",
      "geometry": {
        "type": "Point",
        "coordinates": [
          129.3954044,
          28.3578478
        ]
      },
      "properties": {
        "内容": "バス停: 大和村役場前 (しまバス)",
        "name": "大和村役場前",
        "operator": "しまバス",
        "ref": "",
        "url": "",
        "url2": ""
      }
    },
    {
      "type": "Feature",
      "geometry": {
        "type": "Point",
        "coordinates": [
          129.3966861,
          28.3576179
        ]
      },
      "properties": {
        "内容": "バス停: 大和浜 (しまバス)",
        "name": "大和浜",
        "operator": "しまバス",
        "ref": "",
        "url": "",
        "url2": ""
      }
    },
    {
      "type": "Feature",
      "geometry": {
        "type": "Point",
        "coordinates": [
          129.3972024,
          28.3570727
        ]
      },
      "properties": {
        "内容": "バス停: 思勝 (しまバス)",
        "name": "思勝",
        "operator": "しまバス",
        "ref": "",
        "url": "",
        "url2": ""
      }
    },
    {
      "type": "Feature",
      "geometry": {
        "type": "Point",
        "coordinates": [
          129.4011836,
          28.3558113
        ]
      },
      "properties": {
        "内容": "バス停: 津名久 (しまバス)",
        "name": "津名久",
        "operator": "しまバス",
        "ref": "",
        "url": "",
        "url2": ""
      }
    },
    {
      "type": "Feature",
      "geometry": {
        "type": "Point",
        "coordinates": [
          129.4110469,
          28.3627101
        ]
      },
      "properties": {
        "内容": "バス停: 湯湾釜(上り) (しまバス)",
        "name": "湯湾釜(上り)",
        "operator": "しまバス",
        "ref": "",
        "url": "",
        "url2": ""
      }
    },
    {
      "type": "Feature",
      "geometry": {
        "type": "Point",
        "coordinates": [
          129.4113406,
          28.3646455
        ]
      },
      "properties": {
        "内容": "バス停: 湯湾釜(上り) (しまバス)",
        "name": "湯湾釜(上り)",
        "operator": "しまバス",
        "ref": "",
        "url": "",
        "url2": ""
      }
    },
    {
      "type": "Feature",
      "geometry": {
        "type": "Point",
        "coordinates": [
          129.4084757,
          28.3713501
        ]
      },
      "properties": {
        "内容": "バス停: 国直 (しまバス)",
        "name": "国直",
        "operator": "しまバス",
        "ref": "",
        "url": "",
        "url2": ""
      }
    },
    {
      "type": "Feature",
      "geometry": {
        "type": "Point",
        "coordinates": [
          129.3714343,
          28.2406421
        ]
      },
      "properties": {
        "内容": "バス停: 上役勝 (しまバス)",
        "name": "上役勝",
        "operator": "しまバス",
        "ref": "",
        "url": "",
        "url2": ""
      }
    },
    {
      "type": "Feature",
      "geometry": {
        "type": "Point",
        "coordinates": [
          129.3736403,
          28.244434
        ]
      },
      "properties": {
        "内容": "バス停: 花勝 (しまバス)",
        "name": "花勝",
        "operator": "しまバス",
        "ref": "",
        "url": "",
        "url2": ""
      }
    },
    {
      "type": "Feature",
      "geometry": {
        "type": "Point",
        "coordinates": [
          129.3817806,
          28.2524766
        ]
      },
      "properties": {
        "内容": "バス停: 役勝 (しまバス)",
        "name": "役勝",
        "operator": "しまバス",
        "ref": "",
        "url": "",
        "url2": ""
      }
    },
    {
      "type": "Feature",
      "geometry": {
        "type": "Point",
        "coordinates": [
          129.4004102,
          28.2545166
        ]
      },
      "properties": {
        "内容": "バス停: 住用中学校前 (しまバス)",
        "name": "住用中学校前",
        "operator": "しまバス",
        "ref": "",
        "url": "",
        "url2": ""
      }
    },
    {
      "type": "Feature",
      "geometry": {
        "type": "Point",
        "coordinates": [
          129.4081991,
          28.2594724
        ]
      },
      "properties": {
        "内容": "バス停: マングローブパーク (しまバス)",
        "name": "マングローブパーク",
        "operator": "しまバス",
        "ref": "",
        "url": "",
        "url2": ""
      }
    },
    {
      "type": "Feature",
      "geometry": {
        "type": "Point",
        "coordinates": [
          129.4075464,
          28.2655506
        ]
      },
      "properties": {
        "内容": "バス停: 西仲間 (しまバス)",
        "name": "西仲間",
        "operator": "しまバス",
        "ref": "",
        "url": "",
        "url2": ""
      }
    },
    {
      "type": "Feature",
      "geometry": {
        "type": "Point",
        "coordinates": [
          129.4082872,
          28.2678241
        ]
      },
      "properties": {
        "内容": "バス停: 西仲間入口 (しまバス)",
        "name": "西仲間入口",
        "operator": "しまバス",
        "ref": "",
        "url": "",
        "url2": ""
      }
    },
    {
      "type": "Feature",
      "geometry": {
        "type": "Point",
        "coordinates": [
          129.4115667,
          28.27273
        ]
      },
      "properties": {
        "内容": "バス停: 神屋 (しまバス)",
        "name": "神屋",
        "operator": "しまバス",
        "ref": "",
        "url": "",
        "url2": ""
      }
    },
    {
      "type": "Feature",
      "geometry": {
        "type": "Point",
        "coordinates": [
          129.4410259,
          28.285093
        ]
      },
      "properties": {
        "内容": "バス停: 見里 (しまバス)",
        "name": "見里",
        "operator": "しまバス",
        "ref": "",
        "url": "",
        "url2": ""
      }
    },
    {
      "type": "Feature",
      "geometry": {
        "type": "Point",
        "coordinates": [
          129.4433645,
          28.289468
        ]
      },
      "properties": {
        "内容": "バス停: 見里入口 (しまバス)",
        "name": "見里入口",
        "operator": "しまバス",
        "ref": "",
        "url": "",
        "url2": ""
      }
    },
    {
      "type": "Feature",
      "geometry": {
        "type": "Point",
        "coordinates": [
          129.4443165,
          28.2924844
        ]
      },
      "properties": {
        "内容": "バス停: サン奄美前 (しまバス)",
        "name": "サン奄美前",
        "operator": "しまバス",
        "ref": "",
        "url": "",
        "url2": ""
      }
    },
    {
      "type": "Feature",
      "geometry": {
        "type": "Point",
        "coordinates": [
          129.4578316,
          28.2962348
        ]
      },
      "properties": {
        "内容": "バス停: 城 (しまバス)",
        "name": "城",
        "operator": "しまバス",
        "ref": "",
        "url": "",
        "url2": ""
      }
    },
    {
      "type": "Feature",
      "geometry": {
        "type": "Point",
        "coordinates": [
          129.4602953,
          28.297362
        ]
      },
      "properties": {
        "内容": "バス停: 城入口 (しまバス)",
        "name": "城入口",
        "operator": "しまバス",
        "ref": "",
        "url": "",
        "url2": ""
      }
    },
    {
      "type": "Feature",
      "geometry": {
        "type": "Point",
        "coordinates": [
          129.4736667,
          28.2966045
        ]
      },
      "properties": {
        "内容": "バス停: 和瀬 (しまバス)",
        "name": "和瀬",
        "operator": "しまバス",
        "ref": "",
        "url": "",
        "url2": ""
      }
    },
    {
      "type": "Feature",
      "geometry": {
        "type": "Point",
        "coordinates": [
          129.4357606,
          28.2921032
        ]
      },
      "properties": {
        "内容": "バス停: 東仲間 (しまバス)",
        "name": "東仲間",
        "operator": "しまバス",
        "ref": "",
        "url": "",
        "url2": ""
      }
    },
    {
      "type": "Feature",
      "geometry": {
        "type": "Point",
        "coordinates": [
          129.4322861,
          28.3052707
        ]
      },
      "properties": {
        "内容": "バス停: 川内 (しまバス)",
        "name": "川内",
        "operator": "しまバス",
        "ref": "",
        "url": "",
        "url2": ""
      }
    },
    {
      "type": "Feature",
      "geometry": {
        "type": "Point",
        "coordinates": [
          129.4094974,
          28.2467252
        ]
      },
      "properties": {
        "内容": "バス停: 奄美アイランド (しまバス)",
        "name": "奄美アイランド",
        "operator": "しまバス",
        "ref": "",
        "url": "",
        "url2": ""
      }
    },
    {
      "type": "Feature",
      "geometry": {
        "type": "Point",
        "coordinates": [
          129.4153565,
          28.2431821
        ]
      },
      "properties": {
        "内容": "バス停: 山間 (しまバス)",
        "name": "山間",
        "operator": "しまバス",
        "ref": "",
        "url": "",
        "url2": ""
      }
    },
    {
      "type": "Feature",
      "geometry": {
        "type": "Point",
        "coordinates": [
          129.4293317,
          28.2363554
        ]
      },
      "properties": {
        "内容": "バス停: 戸玉 (しまバス)",
        "name": "戸玉",
        "operator": "しまバス",
        "ref": "",
        "url": "",
        "url2": ""
      }
    },
    {
      "type": "Feature",
      "geometry": {
        "type": "Point",
        "coordinates": [
          129.447948,
          28.228342
        ]
      },
      "properties": {
        "内容": "バス停: 市(金久田) (しまバス)",
        "name": "市(金久田)",
        "operator": "しまバス",
        "ref": "",
        "url": "",
        "url2": ""
      }
    },
    {
      "type": "Feature",
      "geometry": {
        "type": "Point",
        "coordinates": [
          129.4484914,
          28.225512
        ]
      },
      "properties": {
        "内容": "バス停: 市(前山) (しまバス)",
        "name": "市(前山)",
        "operator": "しまバス",
        "ref": "",
        "url": "",
        "url2": ""
      }
    },
    {
      "type": "Feature",
      "geometry": {
        "type": "Point",
        "coordinates": [
          129.4517584,
          28.2263483
        ]
      },
      "properties": {
        "内容": "バス停: 市(仲里) (しまバス)",
        "name": "市(仲里)",
        "operator": "しまバス",
        "ref": "",
        "url": "",
        "url2": ""
      }
    },
    {
      "type": "Feature",
      "geometry": {
        "type": "Point",
        "coordinates": [
          130.3224558,
          31.4196222
        ]
      },
      "properties": {
        "内容": "バス停: 合庁前",
        "name": "合庁前",
        "operator": "事業者不明",
        "ref": "",
        "url": "",
        "url2": ""
      }
    },
    {
      "type": "Feature",
      "geometry": {
        "type": "Point",
        "coordinates": [
          130.563195,
          31.6020043
        ]
      },
      "properties": {
        "内容": "バス停: 栄町 (南国交通;鹿児島交通)",
        "name": "栄町",
        "operator": "南国交通;鹿児島交通",
        "ref": "",
        "url": "",
        "url2": ""
      }
    },
    {
      "type": "Feature",
      "geometry": {
        "type": "Point",
        "coordinates": [
          130.5770702,
          31.6172281
        ]
      },
      "properties": {
        "内容": "バス停: 仙巌園（礒庭園）前 (鹿児島交通)",
        "name": "仙巌園（礒庭園）前",
        "operator": "鹿児島交通",
        "ref": "12",
        "url": "",
        "url2": ""
      }
    },
    {
      "type": "Feature",
      "geometry": {
        "type": "Point",
        "coordinates": [
          130.5628529,
          31.5948773
        ]
      },
      "properties": {
        "内容": "バス停: ドルフィンポート",
        "name": "ドルフィンポート",
        "operator": "事業者不明",
        "ref": "",
        "url": "",
        "url2": ""
      }
    },
    {
      "type": "Feature",
      "geometry": {
        "type": "Point",
        "coordinates": [
          130.2921632,
          31.3715316
        ]
      },
      "properties": {
        "内容": "バス停: 干河",
        "name": "干河",
        "operator": "事業者不明",
        "ref": "",
        "url": "",
        "url2": "Q11481907"
      }
    },
    {
      "type": "Feature",
      "geometry": {
        "type": "Point",
        "coordinates": [
          130.508479,
          31.4322334
        ]
      },
      "properties": {
        "内容": "バス停: 平川星和台",
        "name": "平川星和台",
        "operator": "事業者不明",
        "ref": "",
        "url": "",
        "url2": ""
      }
    },
    {
      "type": "Feature",
      "geometry": {
        "type": "Point",
        "coordinates": [
          130.6426833,
          31.2379071
        ]
      },
      "properties": {
        "内容": "バス停: 指宿 (鹿児島交通)",
        "name": "指宿",
        "operator": "鹿児島交通",
        "ref": "",
        "url": "",
        "url2": ""
      }
    },
    {
      "type": "Feature",
      "geometry": {
        "type": "Point",
        "coordinates": [
          130.6430225,
          31.2376749
        ]
      },
      "properties": {
        "内容": "バス停: 指宿 (鹿児島交通)",
        "name": "指宿",
        "operator": "鹿児島交通",
        "ref": "",
        "url": "",
        "url2": ""
      }
    },
    {
      "type": "Feature",
      "geometry": {
        "type": "Point",
        "coordinates": [
          130.8276115,
          31.8935362
        ]
      },
      "properties": {
        "内容": "バス停: 丸尾温泉",
        "name": "丸尾温泉",
        "operator": "事業者不明",
        "ref": "",
        "url": "",
        "url2": ""
      }
    },
    {
      "type": "Feature",
      "geometry": {
        "type": "Point",
        "coordinates": [
          130.5218427,
          31.5708551
        ]
      },
      "properties": {
        "内容": "バス停: 前ケ迫",
        "name": "前ケ迫",
        "operator": "事業者不明",
        "ref": "",
        "url": "",
        "url2": ""
      }
    },
    {
      "type": "Feature",
      "geometry": {
        "type": "Point",
        "coordinates": [
          130.5222729,
          31.5713484
        ]
      },
      "properties": {
        "内容": "バス停: 前ケ迫",
        "name": "前ケ迫",
        "operator": "事業者不明",
        "ref": "",
        "url": "",
        "url2": ""
      }
    },
    {
      "type": "Feature",
      "geometry": {
        "type": "Point",
        "coordinates": [
          130.5218301,
          31.5690725
        ]
      },
      "properties": {
        "内容": "バス停: 天神ヶ瀬戸",
        "name": "天神ヶ瀬戸",
        "operator": "事業者不明",
        "ref": "",
        "url": "",
        "url2": ""
      }
    },
    {
      "type": "Feature",
      "geometry": {
        "type": "Point",
        "coordinates": [
          130.5215295,
          31.56909
        ]
      },
      "properties": {
        "内容": "バス停: 天神ヶ瀬戸",
        "name": "天神ヶ瀬戸",
        "operator": "事業者不明",
        "ref": "",
        "url": "",
        "url2": ""
      }
    },
    {
      "type": "Feature",
      "geometry": {
        "type": "Point",
        "coordinates": [
          130.5240982,
          31.5663726
        ]
      },
      "properties": {
        "内容": "バス停: 紫原7丁目",
        "name": "紫原7丁目",
        "operator": "事業者不明",
        "ref": "",
        "url": "",
        "url2": ""
      }
    },
    {
      "type": "Feature",
      "geometry": {
        "type": "Point",
        "coordinates": [
          130.5246469,
          31.5661124
        ]
      },
      "properties": {
        "内容": "バス停: 紫原7丁目",
        "name": "紫原7丁目",
        "operator": "事業者不明",
        "ref": "",
        "url": "",
        "url2": ""
      }
    },
    {
      "type": "Feature",
      "geometry": {
        "type": "Point",
        "coordinates": [
          130.5146529,
          31.5654472
        ]
      },
      "properties": {
        "内容": "バス停: 広木農協前",
        "name": "広木農協前",
        "operator": "事業者不明",
        "ref": "",
        "url": "",
        "url2": ""
      }
    },
    {
      "type": "Feature",
      "geometry": {
        "type": "Point",
        "coordinates": [
          130.5146646,
          31.5652813
        ]
      },
      "properties": {
        "内容": "バス停: 広木農協前",
        "name": "広木農協前",
        "operator": "事業者不明",
        "ref": "",
        "url": "",
        "url2": ""
      }
    },
    {
      "type": "Feature",
      "geometry": {
        "type": "Point",
        "coordinates": [
          130.5111091,
          31.5648042
        ]
      },
      "properties": {
        "内容": "バス停: 桜ヶ丘入口",
        "name": "桜ヶ丘入口",
        "operator": "事業者不明",
        "ref": "",
        "url": "",
        "url2": ""
      }
    },
    {
      "type": "Feature",
      "geometry": {
        "type": "Point",
        "coordinates": [
          130.5114372,
          31.5646961
        ]
      },
      "properties": {
        "内容": "バス停: 桜ヶ丘入口",
        "name": "桜ヶ丘入口",
        "operator": "事業者不明",
        "ref": "",
        "url": "",
        "url2": ""
      }
    },
    {
      "type": "Feature",
      "geometry": {
        "type": "Point",
        "coordinates": [
          130.5280059,
          31.5637795
        ]
      },
      "properties": {
        "内容": "バス停: 紫原中前",
        "name": "紫原中前",
        "operator": "事業者不明",
        "ref": "",
        "url": "",
        "url2": ""
      }
    },
    {
      "type": "Feature",
      "geometry": {
        "type": "Point",
        "coordinates": [
          130.5275362,
          31.5639288
        ]
      },
      "properties": {
        "内容": "バス停: 紫原中前",
        "name": "紫原中前",
        "operator": "事業者不明",
        "ref": "",
        "url": "",
        "url2": ""
      }
    },
    {
      "type": "Feature",
      "geometry": {
        "type": "Point",
        "coordinates": [
          130.5041788,
          31.5263238
        ]
      },
      "properties": {
        "内容": "バス停: 諏訪",
        "name": "諏訪",
        "operator": "事業者不明",
        "ref": "",
        "url": "",
        "url2": ""
      }
    },
    {
      "type": "Feature",
      "geometry": {
        "type": "Point",
        "coordinates": [
          130.5042529,
          31.5262023
        ]
      },
      "properties": {
        "内容": "バス停: 諏訪",
        "name": "諏訪",
        "operator": "事業者不明",
        "ref": "",
        "url": "",
        "url2": ""
      }
    },
    {
      "type": "Feature",
      "geometry": {
        "type": "Point",
        "coordinates": [
          130.5473067,
          31.6268514
        ]
      },
      "properties": {
        "内容": "バス停: 交通局北営業所前",
        "name": "交通局北営業所前",
        "operator": "事業者不明",
        "ref": "",
        "url": "",
        "url2": ""
      }
    },
    {
      "type": "Feature",
      "geometry": {
        "type": "Point",
        "coordinates": [
          130.5189062,
          31.5221389
        ]
      },
      "properties": {
        "内容": "バス停: 谷山支所通",
        "name": "谷山支所通",
        "operator": "事業者不明",
        "ref": "",
        "url": "",
        "url2": ""
      }
    },
    {
      "type": "Feature",
      "geometry": {
        "type": "Point",
        "coordinates": [
          130.5188234,
          31.5223323
        ]
      },
      "properties": {
        "内容": "バス停: 谷山支所通",
        "name": "谷山支所通",
        "operator": "事業者不明",
        "ref": "",
        "url": "",
        "url2": ""
      }
    },
    {
      "type": "Feature",
      "geometry": {
        "type": "Point",
        "coordinates": [
          130.516695,
          31.59584
        ]
      },
      "properties": {
        "内容": "バス停: 明和",
        "name": "明和",
        "operator": "事業者不明",
        "ref": "",
        "url": "",
        "url2": ""
      }
    },
    {
      "type": "Feature",
      "geometry": {
        "type": "Point",
        "coordinates": [
          130.5194398,
          31.5988904
        ]
      },
      "properties": {
        "内容": "バス停: 明和西",
        "name": "明和西",
        "operator": "事業者不明",
        "ref": "",
        "url": "",
        "url2": ""
      }
    },
    {
      "type": "Feature",
      "geometry": {
        "type": "Point",
        "coordinates": [
          130.518772,
          31.5318752
        ]
      },
      "properties": {
        "内容": "バス停: 薬師堂",
        "name": "薬師堂",
        "operator": "事業者不明",
        "ref": "",
        "url": "",
        "url2": ""
      }
    },
    {
      "type": "Feature",
      "geometry": {
        "type": "Point",
        "coordinates": [
          130.5183953,
          31.5315888
        ]
      },
      "properties": {
        "内容": "バス停: 薬師堂",
        "name": "薬師堂",
        "operator": "事業者不明",
        "ref": "",
        "url": "",
        "url2": ""
      }
    },
    {
      "type": "Feature",
      "geometry": {
        "type": "Point",
        "coordinates": [
          130.5183727,
          31.5313626
        ]
      },
      "properties": {
        "内容": "バス停: 薬師堂",
        "name": "薬師堂",
        "operator": "事業者不明",
        "ref": "",
        "url": "",
        "url2": ""
      }
    },
    {
      "type": "Feature",
      "geometry": {
        "type": "Point",
        "coordinates": [
          130.5445031,
          31.5834284
        ]
      },
      "properties": {
        "内容": "バス停: 鹿児島中央バスターミナル",
        "name": "鹿児島中央バスターミナル",
        "operator": "事業者不明",
        "ref": "",
        "url": "",
        "url2": "Q17228096"
      }
    },
    {
      "type": "Feature",
      "geometry": {
        "type": "Point",
        "coordinates": [
          130.5508176,
          31.5830463
        ]
      },
      "properties": {
        "内容": "バス停: 高麗橋",
        "name": "高麗橋",
        "operator": "事業者不明",
        "ref": "",
        "url": "",
        "url2": ""
      }
    },
    {
      "type": "Feature",
      "geometry": {
        "type": "Point",
        "coordinates": [
          130.7552403,
          32.0066242
        ]
      },
      "properties": {
        "内容": "バス停: 吉松",
        "name": "吉松",
        "operator": "事業者不明",
        "ref": "",
        "url": "",
        "url2": ""
      }
    },
    {
      "type": "Feature",
      "geometry": {
        "type": "Point",
        "coordinates": [
          130.7559808,
          32.0065138
        ]
      },
      "properties": {
        "内容": "バス停: 吉松",
        "name": "吉松",
        "operator": "事業者不明",
        "ref": "",
        "url": "",
        "url2": ""
      }
    },
    {
      "type": "Feature",
      "geometry": {
        "type": "Point",
        "coordinates": [
          130.5268368,
          31.5764806
        ]
      },
      "properties": {
        "内容": "バス停: 田上寺ノ下",
        "name": "田上寺ノ下",
        "operator": "事業者不明",
        "ref": "",
        "url": "",
        "url2": ""
      }
    },
    {
      "type": "Feature",
      "geometry": {
        "type": "Point",
        "coordinates": [
          130.526725,
          31.5765908
        ]
      },
      "properties": {
        "内容": "バス停: 田上寺ノ下",
        "name": "田上寺ノ下",
        "operator": "事業者不明",
        "ref": "",
        "url": "",
        "url2": ""
      }
    },
    {
      "type": "Feature",
      "geometry": {
        "type": "Point",
        "coordinates": [
          130.5317914,
          31.5772105
        ]
      },
      "properties": {
        "内容": "バス停: 田上",
        "name": "田上",
        "operator": "事業者不明",
        "ref": "",
        "url": "",
        "url2": ""
      }
    },
    {
      "type": "Feature",
      "geometry": {
        "type": "Point",
        "coordinates": [
          130.518296,
          31.5191247
        ]
      },
      "properties": {
        "内容": "バス停: 本町",
        "name": "本町",
        "operator": "事業者不明",
        "ref": "",
        "url": "",
        "url2": ""
      }
    },
    {
      "type": "Feature",
      "geometry": {
        "type": "Point",
        "coordinates": [
          130.5183527,
          31.519811
        ]
      },
      "properties": {
        "内容": "バス停: 本町",
        "name": "本町",
        "operator": "事業者不明",
        "ref": "",
        "url": "",
        "url2": ""
      }
    },
    {
      "type": "Feature",
      "geometry": {
        "type": "Point",
        "coordinates": [
          130.5263424,
          31.532254
        ]
      },
      "properties": {
        "内容": "バス停: 中塩屋",
        "name": "中塩屋",
        "operator": "事業者不明",
        "ref": "",
        "url": "",
        "url2": ""
      }
    },
    {
      "type": "Feature",
      "geometry": {
        "type": "Point",
        "coordinates": [
          130.5262529,
          31.5323021
        ]
      },
      "properties": {
        "内容": "バス停: 中塩屋",
        "name": "中塩屋",
        "operator": "事業者不明",
        "ref": "",
        "url": "",
        "url2": ""
      }
    },
    {
      "type": "Feature",
      "geometry": {
        "type": "Point",
        "coordinates": [
          130.8364054,
          31.8190653
        ]
      },
      "properties": {
        "内容": "バス停: Bus Station",
        "name": "Bus Station",
        "operator": "事業者不明",
        "ref": "",
        "url": "",
        "url2": ""
      }
    },
    {
      "type": "Feature",
      "geometry": {
        "type": "Point",
        "coordinates": [
          130.870211,
          31.8545626
        ]
      },
      "properties": {
        "内容": "バス停: Bus Stop",
        "name": "Bus Stop",
        "operator": "事業者不明",
        "ref": "",
        "url": "",
        "url2": ""
      }
    },
    {
      "type": "Feature",
      "geometry": {
        "type": "Point",
        "coordinates": [
          130.8385726,
          31.8251855
        ]
      },
      "properties": {
        "内容": "バス停: Bus Stop",
        "name": "Bus Stop",
        "operator": "事業者不明",
        "ref": "",
        "url": "",
        "url2": ""
      }
    },
    {
      "type": "Feature",
      "geometry": {
        "type": "Point",
        "coordinates": [
          130.8395348,
          31.8296812
        ]
      },
      "properties": {
        "内容": "バス停: Bus Stop",
        "name": "Bus Stop",
        "operator": "事業者不明",
        "ref": "",
        "url": "",
        "url2": ""
      }
    },
    {
      "type": "Feature",
      "geometry": {
        "type": "Point",
        "coordinates": [
          130.8672259,
          31.8510511
        ]
      },
      "properties": {
        "内容": "バス停: Bus Stop",
        "name": "Bus Stop",
        "operator": "事業者不明",
        "ref": "",
        "url": "",
        "url2": ""
      }
    },
    {
      "type": "Feature",
      "geometry": {
        "type": "Point",
        "coordinates": [
          130.8322542,
          31.8823987
        ]
      },
      "properties": {
        "内容": "バス停: Bus Stop",
        "name": "Bus Stop",
        "operator": "事業者不明",
        "ref": "",
        "url": "",
        "url2": ""
      }
    },
    {
      "type": "Feature",
      "geometry": {
        "type": "Point",
        "coordinates": [
          130.8507206,
          31.8414359
        ]
      },
      "properties": {
        "内容": "バス停: Bus Stop",
        "name": "Bus Stop",
        "operator": "事業者不明",
        "ref": "",
        "url": "",
        "url2": ""
      }
    },
    {
      "type": "Feature",
      "geometry": {
        "type": "Point",
        "coordinates": [
          130.8618999,
          31.8472349
        ]
      },
      "properties": {
        "内容": "バス停: Bus Stop",
        "name": "Bus Stop",
        "operator": "事業者不明",
        "ref": "",
        "url": "",
        "url2": ""
      }
    },
    {
      "type": "Feature",
      "geometry": {
        "type": "Point",
        "coordinates": [
          130.8577963,
          31.8442442
        ]
      },
      "properties": {
        "内容": "バス停: Bus Stop",
        "name": "Bus Stop",
        "operator": "事業者不明",
        "ref": "",
        "url": "",
        "url2": ""
      }
    },
    {
      "type": "Feature",
      "geometry": {
        "type": "Point",
        "coordinates": [
          130.8544699,
          31.8635652
        ]
      },
      "properties": {
        "内容": "バス停: Bus Stop",
        "name": "Bus Stop",
        "operator": "事業者不明",
        "ref": "",
        "url": "",
        "url2": ""
      }
    },
    {
      "type": "Feature",
      "geometry": {
        "type": "Point",
        "coordinates": [
          130.8584865,
          31.8640295
        ]
      },
      "properties": {
        "内容": "バス停: Bus Stop",
        "name": "Bus Stop",
        "operator": "事業者不明",
        "ref": "",
        "url": "",
        "url2": ""
      }
    },
    {
      "type": "Feature",
      "geometry": {
        "type": "Point",
        "coordinates": [
          130.8439969,
          31.8675954
        ]
      },
      "properties": {
        "内容": "バス停: Bus Stop",
        "name": "Bus Stop",
        "operator": "事業者不明",
        "ref": "",
        "url": "",
        "url2": ""
      }
    },
    {
      "type": "Feature",
      "geometry": {
        "type": "Point",
        "coordinates": [
          130.8341552,
          31.8743413
        ]
      },
      "properties": {
        "内容": "バス停: Bus Stop",
        "name": "Bus Stop",
        "operator": "事業者不明",
        "ref": "",
        "url": "",
        "url2": ""
      }
    },
    {
      "type": "Feature",
      "geometry": {
        "type": "Point",
        "coordinates": [
          130.5444186,
          31.5922511
        ]
      },
      "properties": {
        "内容": "バス停: 新上橋",
        "name": "新上橋",
        "operator": "事業者不明",
        "ref": "",
        "url": "",
        "url2": ""
      }
    },
    {
      "type": "Feature",
      "geometry": {
        "type": "Point",
        "coordinates": [
          130.5445939,
          31.5923551
        ]
      },
      "properties": {
        "内容": "バス停: 新上橋",
        "name": "新上橋",
        "operator": "事業者不明",
        "ref": "",
        "url": "",
        "url2": ""
      }
    },
    {
      "type": "Feature",
      "geometry": {
        "type": "Point",
        "coordinates": [
          130.5425256,
          31.595103
        ]
      },
      "properties": {
        "内容": "バス停: 新照院",
        "name": "新照院",
        "operator": "事業者不明",
        "ref": "",
        "url": "",
        "url2": ""
      }
    },
    {
      "type": "Feature",
      "geometry": {
        "type": "Point",
        "coordinates": [
          130.5430069,
          31.5948328
        ]
      },
      "properties": {
        "内容": "バス停: 新照院",
        "name": "新照院",
        "operator": "事業者不明",
        "ref": "",
        "url": "",
        "url2": ""
      }
    },
    {
      "type": "Feature",
      "geometry": {
        "type": "Point",
        "coordinates": [
          130.5139173,
          31.6428854
        ]
      },
      "properties": {
        "内容": "バス停: 河頭中前",
        "name": "河頭中前",
        "operator": "事業者不明",
        "ref": "",
        "url": "",
        "url2": ""
      }
    },
    {
      "type": "Feature",
      "geometry": {
        "type": "Point",
        "coordinates": [
          130.5141103,
          31.6428124
        ]
      },
      "properties": {
        "内容": "バス停: 河頭中前",
        "name": "河頭中前",
        "operator": "事業者不明",
        "ref": "",
        "url": "",
        "url2": ""
      }
    },
    {
      "type": "Feature",
      "geometry": {
        "type": "Point",
        "coordinates": [
          130.5115216,
          31.6522426
        ]
      },
      "properties": {
        "内容": "バス停: 河頭",
        "name": "河頭",
        "operator": "事業者不明",
        "ref": "",
        "url": "",
        "url2": ""
      }
    },
    {
      "type": "Feature",
      "geometry": {
        "type": "Point",
        "coordinates": [
          130.5117774,
          31.6519767
        ]
      },
      "properties": {
        "内容": "バス停: 河頭",
        "name": "河頭",
        "operator": "事業者不明",
        "ref": "",
        "url": "",
        "url2": ""
      }
    },
    {
      "type": "Feature",
      "geometry": {
        "type": "Point",
        "coordinates": [
          130.4976423,
          31.6543079
        ]
      },
      "properties": {
        "内容": "バス停: 塚田",
        "name": "塚田",
        "operator": "事業者不明",
        "ref": "",
        "url": "",
        "url2": ""
      }
    },
    {
      "type": "Feature",
      "geometry": {
        "type": "Point",
        "coordinates": [
          130.4965825,
          31.6552783
        ]
      },
      "properties": {
        "内容": "バス停: 塚田",
        "name": "塚田",
        "operator": "事業者不明",
        "ref": "",
        "url": "",
        "url2": ""
      }
    },
    {
      "type": "Feature",
      "geometry": {
        "type": "Point",
        "coordinates": [
          130.4913228,
          31.6613333
        ]
      },
      "properties": {
        "内容": "バス停: 名越",
        "name": "名越",
        "operator": "事業者不明",
        "ref": "",
        "url": "",
        "url2": ""
      }
    },
    {
      "type": "Feature",
      "geometry": {
        "type": "Point",
        "coordinates": [
          130.4909891,
          31.6613314
        ]
      },
      "properties": {
        "内容": "バス停: 名越",
        "name": "名越",
        "operator": "事業者不明",
        "ref": "",
        "url": "",
        "url2": ""
      }
    },
    {
      "type": "Feature",
      "geometry": {
        "type": "Point",
        "coordinates": [
          130.4882119,
          31.6626821
        ]
      },
      "properties": {
        "内容": "バス停: 小山田小前",
        "name": "小山田小前",
        "operator": "事業者不明",
        "ref": "",
        "url": "",
        "url2": ""
      }
    },
    {
      "type": "Feature",
      "geometry": {
        "type": "Point",
        "coordinates": [
          130.4890984,
          31.6623572
        ]
      },
      "properties": {
        "内容": "バス停: 小山田小前",
        "name": "小山田小前",
        "operator": "事業者不明",
        "ref": "",
        "url": "",
        "url2": ""
      }
    },
    {
      "type": "Feature",
      "geometry": {
        "type": "Point",
        "coordinates": [
          130.5596209,
          31.5531741
        ]
      },
      "properties": {
        "内容": "バス停: 鴨池港",
        "name": "鴨池港",
        "operator": "事業者不明",
        "ref": "",
        "url": "",
        "url2": ""
      }
    },
    {
      "type": "Feature",
      "geometry": {
        "type": "Point",
        "coordinates": [
          130.3408797,
          31.5268313
        ]
      },
      "properties": {
        "内容": "バス停: 花熟里",
        "name": "花熟里",
        "operator": "事業者不明",
        "ref": "",
        "url": "",
        "url2": ""
      }
    },
    {
      "type": "Feature",
      "geometry": {
        "type": "Point",
        "coordinates": [
          130.3746099,
          31.514308
        ]
      },
      "properties": {
        "内容": "バス停: 野首入口",
        "name": "野首入口",
        "operator": "事業者不明",
        "ref": "",
        "url": "",
        "url2": ""
      }
    },
    {
      "type": "Feature",
      "geometry": {
        "type": "Point",
        "coordinates": [
          130.3502657,
          31.5082024
        ]
      },
      "properties": {
        "内容": "バス停: 西本町",
        "name": "西本町",
        "operator": "事業者不明",
        "ref": "",
        "url": "",
        "url2": ""
      }
    },
    {
      "type": "Feature",
      "geometry": {
        "type": "Point",
        "coordinates": [
          130.420053,
          31.527078
        ]
      },
      "properties": {
        "内容": "バス停: 上与倉",
        "name": "上与倉",
        "operator": "事業者不明",
        "ref": "",
        "url": "",
        "url2": ""
      }
    },
    {
      "type": "Feature",
      "geometry": {
        "type": "Point",
        "coordinates": [
          130.4193387,
          31.5267819
        ]
      },
      "properties": {
        "内容": "バス停: 上与倉",
        "name": "上与倉",
        "operator": "事業者不明",
        "ref": "",
        "url": "",
        "url2": ""
      }
    },
    {
      "type": "Feature",
      "geometry": {
        "type": "Point",
        "coordinates": [
          130.3923687,
          31.5197876
        ]
      },
      "properties": {
        "内容": "バス停: 駒田",
        "name": "駒田",
        "operator": "事業者不明",
        "ref": "",
        "url": "",
        "url2": ""
      }
    },
    {
      "type": "Feature",
      "geometry": {
        "type": "Point",
        "coordinates": [
          130.3926997,
          31.5197309
        ]
      },
      "properties": {
        "内容": "バス停: 駒田",
        "name": "駒田",
        "operator": "事業者不明",
        "ref": "",
        "url": "",
        "url2": ""
      }
    },
    {
      "type": "Feature",
      "geometry": {
        "type": "Point",
        "coordinates": [
          130.3743686,
          31.5142492
        ]
      },
      "properties": {
        "内容": "バス停: 野首入口",
        "name": "野首入口",
        "operator": "事業者不明",
        "ref": "",
        "url": "",
        "url2": ""
      }
    },
    {
      "type": "Feature",
      "geometry": {
        "type": "Point",
        "coordinates": [
          130.3184388,
          31.3069846
        ]
      },
      "properties": {
        "内容": "バス停: 寺ノ前",
        "name": "寺ノ前",
        "operator": "事業者不明",
        "ref": "",
        "url": "",
        "url2": ""
      }
    },
    {
      "type": "Feature",
      "geometry": {
        "type": "Point",
        "coordinates": [
          130.2967357,
          31.2920824
        ]
      },
      "properties": {
        "内容": "バス停: 宇都",
        "name": "宇都",
        "operator": "事業者不明",
        "ref": "",
        "url": "",
        "url2": ""
      }
    },
    {
      "type": "Feature",
      "geometry": {
        "type": "Point",
        "coordinates": [
          130.3259976,
          31.4268827
        ]
      },
      "properties": {
        "内容": "バス停: 万之瀬橋",
        "name": "万之瀬橋",
        "operator": "事業者不明",
        "ref": "",
        "url": "",
        "url2": ""
      }
    },
    {
      "type": "Feature",
      "geometry": {
        "type": "Point",
        "coordinates": [
          130.5020983,
          31.4037411
        ]
      },
      "properties": {
        "内容": "バス停: 手蓑峠",
        "name": "手蓑峠",
        "operator": "事業者不明",
        "ref": "",
        "url": "",
        "url2": ""
      }
    },
    {
      "type": "Feature",
      "geometry": {
        "type": "Point",
        "coordinates": [
          130.4716099,
          31.3778747
        ]
      },
      "properties": {
        "内容": "バス停: 小田代",
        "name": "小田代",
        "operator": "事業者不明",
        "ref": "",
        "url": "",
        "url2": ""
      }
    },
    {
      "type": "Feature",
      "geometry": {
        "type": "Point",
        "coordinates": [
          130.4654259,
          31.3813132
        ]
      },
      "properties": {
        "内容": "バス停: 後岳",
        "name": "後岳",
        "operator": "事業者不明",
        "ref": "",
        "url": "",
        "url2": ""
      }
    },
    {
      "type": "Feature",
      "geometry": {
        "type": "Point",
        "coordinates": [
          130.5053472,
          31.4902272
        ]
      },
      "properties": {
        "内容": "バス停: まきば",
        "name": "まきば",
        "operator": "事業者不明",
        "ref": "",
        "url": "",
        "url2": ""
      }
    },
    {
      "type": "Feature",
      "geometry": {
        "type": "Point",
        "coordinates": [
          130.5046848,
          31.4873142
        ]
      },
      "properties": {
        "内容": "バス停: 向原",
        "name": "向原",
        "operator": "事業者不明",
        "ref": "",
        "url": "",
        "url2": ""
      }
    },
    {
      "type": "Feature",
      "geometry": {
        "type": "Point",
        "coordinates": [
          130.5046585,
          31.4880058
        ]
      },
      "properties": {
        "内容": "バス停: 向原",
        "name": "向原",
        "operator": "事業者不明",
        "ref": "",
        "url": "",
        "url2": ""
      }
    },
    {
      "type": "Feature",
      "geometry": {
        "type": "Point",
        "coordinates": [
          130.505305,
          31.4906398
        ]
      },
      "properties": {
        "内容": "バス停: まきば",
        "name": "まきば",
        "operator": "事業者不明",
        "ref": "",
        "url": "",
        "url2": ""
      }
    },
    {
      "type": "Feature",
      "geometry": {
        "type": "Point",
        "coordinates": [
          130.5062224,
          31.4939304
        ]
      },
      "properties": {
        "内容": "バス停: 光山入口",
        "name": "光山入口",
        "operator": "事業者不明",
        "ref": "",
        "url": "",
        "url2": ""
      }
    },
    {
      "type": "Feature",
      "geometry": {
        "type": "Point",
        "coordinates": [
          130.5060863,
          31.4940042
        ]
      },
      "properties": {
        "内容": "バス停: 光山入口",
        "name": "光山入口",
        "operator": "事業者不明",
        "ref": "",
        "url": "",
        "url2": ""
      }
    },
    {
      "type": "Feature",
      "geometry": {
        "type": "Point",
        "coordinates": [
          130.5068395,
          31.4964648
        ]
      },
      "properties": {
        "内容": "バス停: 坂之上南",
        "name": "坂之上南",
        "operator": "事業者不明",
        "ref": "",
        "url": "",
        "url2": ""
      }
    },
    {
      "type": "Feature",
      "geometry": {
        "type": "Point",
        "coordinates": [
          130.5068568,
          31.4970927
        ]
      },
      "properties": {
        "内容": "バス停: 坂之上南",
        "name": "坂之上南",
        "operator": "事業者不明",
        "ref": "",
        "url": "",
        "url2": ""
      }
    },
    {
      "type": "Feature",
      "geometry": {
        "type": "Point",
        "coordinates": [
          130.5029559,
          31.4771134
        ]
      },
      "properties": {
        "内容": "バス停: 五位野駅前",
        "name": "五位野駅前",
        "operator": "事業者不明",
        "ref": "",
        "url": "",
        "url2": ""
      }
    },
    {
      "type": "Feature",
      "geometry": {
        "type": "Point",
        "coordinates": [
          130.5033939,
          31.4766665
        ]
      },
      "properties": {
        "内容": "バス停: 五位野駅前",
        "name": "五位野駅前",
        "operator": "事業者不明",
        "ref": "",
        "url": "",
        "url2": ""
      }
    },
    {
      "type": "Feature",
      "geometry": {
        "type": "Point",
        "coordinates": [
          130.5128033,
          31.4609086
        ]
      },
      "properties": {
        "内容": "バス停: 平川日赤前",
        "name": "平川日赤前",
        "operator": "事業者不明",
        "ref": "",
        "url": "",
        "url2": ""
      }
    },
    {
      "type": "Feature",
      "geometry": {
        "type": "Point",
        "coordinates": [
          130.5123825,
          31.4616817
        ]
      },
      "properties": {
        "内容": "バス停: 平川日赤前",
        "name": "平川日赤前",
        "operator": "事業者不明",
        "ref": "",
        "url": "",
        "url2": ""
      }
    },
    {
      "type": "Feature",
      "geometry": {
        "type": "Point",
        "coordinates": [
          130.5133684,
          31.4577762
        ]
      },
      "properties": {
        "内容": "バス停: 浜平川",
        "name": "浜平川",
        "operator": "事業者不明",
        "ref": "",
        "url": "",
        "url2": ""
      }
    },
    {
      "type": "Feature",
      "geometry": {
        "type": "Point",
        "coordinates": [
          130.5147024,
          31.4551607
        ]
      },
      "properties": {
        "内容": "バス停: 浜平川",
        "name": "浜平川",
        "operator": "事業者不明",
        "ref": "",
        "url": "",
        "url2": ""
      }
    },
    {
      "type": "Feature",
      "geometry": {
        "type": "Point",
        "coordinates": [
          130.3985101,
          31.3926589
        ]
      },
      "properties": {
        "内容": "バス停: 川辺本町",
        "name": "川辺本町",
        "operator": "事業者不明",
        "ref": "",
        "url": "",
        "url2": ""
      }
    },
    {
      "type": "Feature",
      "geometry": {
        "type": "Point",
        "coordinates": [
          130.5320683,
          31.399381
        ]
      },
      "properties": {
        "内容": "バス停: 樋高",
        "name": "樋高",
        "operator": "事業者不明",
        "ref": "",
        "url": "",
        "url2": ""
      }
    },
    {
      "type": "Feature",
      "geometry": {
        "type": "Point",
        "coordinates": [
          130.5549394,
          31.6158782
        ]
      },
      "properties": {
        "内容": "バス停: 日枝神社前",
        "name": "日枝神社前",
        "operator": "事業者不明",
        "ref": "",
        "url": "",
        "url2": ""
      }
    },
    {
      "type": "Feature",
      "geometry": {
        "type": "Point",
        "coordinates": [
          130.5555081,
          31.6147564
        ]
      },
      "properties": {
        "内容": "バス停: 日枝神社前",
        "name": "日枝神社前",
        "operator": "事業者不明",
        "ref": "",
        "url": "",
        "url2": ""
      }
    },
    {
      "type": "Feature",
      "geometry": {
        "type": "Point",
        "coordinates": [
          130.5534031,
          31.6199457
        ]
      },
      "properties": {
        "内容": "バス停: 坂元郵便局前",
        "name": "坂元郵便局前",
        "operator": "事業者不明",
        "ref": "",
        "url": "",
        "url2": ""
      }
    },
    {
      "type": "Feature",
      "geometry": {
        "type": "Point",
        "coordinates": [
          130.5528165,
          31.6213639
        ]
      },
      "properties": {
        "内容": "バス停: 坂元郵便局前",
        "name": "坂元郵便局前",
        "operator": "事業者不明",
        "ref": "",
        "url": "",
        "url2": ""
      }
    },
    {
      "type": "Feature",
      "geometry": {
        "type": "Point",
        "coordinates": [
          130.5606067,
          31.6036214
        ]
      },
      "properties": {
        "内容": "バス停: 堅馬場",
        "name": "堅馬場",
        "operator": "事業者不明",
        "ref": "",
        "url": "",
        "url2": ""
      }
    },
    {
      "type": "Feature",
      "geometry": {
        "type": "Point",
        "coordinates": [
          130.5607477,
          31.6036443
        ]
      },
      "properties": {
        "内容": "バス停: 堅馬場",
        "name": "堅馬場",
        "operator": "事業者不明",
        "ref": "",
        "url": "",
        "url2": ""
      }
    },
    {
      "type": "Feature",
      "geometry": {
        "type": "Point",
        "coordinates": [
          130.5260734,
          31.6251973
        ]
      },
      "properties": {
        "内容": "バス停: 伊敷脇田",
        "name": "伊敷脇田",
        "operator": "事業者不明",
        "ref": "",
        "url": "",
        "url2": ""
      }
    },
    {
      "type": "Feature",
      "geometry": {
        "type": "Point",
        "coordinates": [
          130.5260489,
          31.6243981
        ]
      },
      "properties": {
        "内容": "バス停: 伊敷脇田",
        "name": "伊敷脇田",
        "operator": "事業者不明",
        "ref": "",
        "url": "",
        "url2": ""
      }
    },
    {
      "type": "Feature",
      "geometry": {
        "type": "Point",
        "coordinates": [
          130.5242393,
          31.631136
        ]
      },
      "properties": {
        "内容": "バス停: 飯山",
        "name": "飯山",
        "operator": "事業者不明",
        "ref": "",
        "url": "",
        "url2": ""
      }
    },
    {
      "type": "Feature",
      "geometry": {
        "type": "Point",
        "coordinates": [
          130.523879,
          31.6320646
        ]
      },
      "properties": {
        "内容": "バス停: 飯山",
        "name": "飯山",
        "operator": "事業者不明",
        "ref": "",
        "url": "",
        "url2": ""
      }
    },
    {
      "type": "Feature",
      "geometry": {
        "type": "Point",
        "coordinates": [
          130.5193343,
          31.6370976
        ]
      },
      "properties": {
        "内容": "バス停: 花ノ口",
        "name": "花ノ口",
        "operator": "事業者不明",
        "ref": "",
        "url": "",
        "url2": ""
      }
    },
    {
      "type": "Feature",
      "geometry": {
        "type": "Point",
        "coordinates": [
          130.5194171,
          31.6381734
        ]
      },
      "properties": {
        "内容": "バス停: 花ノ口",
        "name": "花ノ口",
        "operator": "事業者不明",
        "ref": "",
        "url": "",
        "url2": ""
      }
    },
    {
      "type": "Feature",
      "geometry": {
        "type": "Point",
        "coordinates": [
          130.5478888,
          31.5779263
        ]
      },
      "properties": {
        "内容": "バス停: 甲南高校前",
        "name": "甲南高校前",
        "operator": "事業者不明",
        "ref": "",
        "url": "",
        "url2": ""
      }
    },
    {
      "type": "Feature",
      "geometry": {
        "type": "Point",
        "coordinates": [
          130.5480929,
          31.5779692
        ]
      },
      "properties": {
        "内容": "バス停: 甲南高校前",
        "name": "甲南高校前",
        "operator": "事業者不明",
        "ref": "",
        "url": "",
        "url2": ""
      }
    },
    {
      "type": "Feature",
      "geometry": {
        "type": "Point",
        "coordinates": [
          130.3330276,
          31.3189417
        ]
      },
      "properties": {
        "内容": "バス停: 桐木平",
        "name": "桐木平",
        "operator": "事業者不明",
        "ref": "",
        "url": "",
        "url2": ""
      }
    },
    {
      "type": "Feature",
      "geometry": {
        "type": "Point",
        "coordinates": [
          130.3855514,
          31.3949982
        ]
      },
      "properties": {
        "内容": "バス停: 田部田北",
        "name": "田部田北",
        "operator": "事業者不明",
        "ref": "",
        "url": "",
        "url2": ""
      }
    },
    {
      "type": "Feature",
      "geometry": {
        "type": "Point",
        "coordinates": [
          130.3935472,
          31.3924586
        ]
      },
      "properties": {
        "内容": "バス停: 支所前",
        "name": "支所前",
        "operator": "事業者不明",
        "ref": "",
        "url": "",
        "url2": ""
      }
    },
    {
      "type": "Feature",
      "geometry": {
        "type": "Point",
        "coordinates": [
          130.3071807,
          31.2979573
        ]
      },
      "properties": {
        "内容": "バス停: 山口",
        "name": "山口",
        "operator": "事業者不明",
        "ref": "",
        "url": "",
        "url2": ""
      }
    },
    {
      "type": "Feature",
      "geometry": {
        "type": "Point",
        "coordinates": [
          130.3398116,
          31.5218451
        ]
      },
      "properties": {
        "内容": "バス停: 吹上浜",
        "name": "吹上浜",
        "operator": "事業者不明",
        "ref": "",
        "url": "",
        "url2": "Q11416465"
      }
    },
    {
      "type": "Feature",
      "geometry": {
        "type": "Point",
        "coordinates": [
          130.3889237,
          31.6249906
        ]
      },
      "properties": {
        "内容": "バス停: 大田口",
        "name": "大田口",
        "operator": "事業者不明",
        "ref": "",
        "url": "",
        "url2": ""
      }
    },
    {
      "type": "Feature",
      "geometry": {
        "type": "Point",
        "coordinates": [
          130.4622123,
          31.6301424
        ]
      },
      "properties": {
        "内容": "バス停: 竹之山",
        "name": "竹之山",
        "operator": "事業者不明",
        "ref": "",
        "url": "",
        "url2": ""
      }
    },
    {
      "type": "Feature",
      "geometry": {
        "type": "Point",
        "coordinates": [
          128.4183708,
          27.0478757
        ]
      },
      "properties": {
        "内容": "バス停: 南バス前 (南陸運)",
        "name": "南バス前",
        "operator": "南陸運",
        "ref": "1",
        "url": "",
        "url2": ""
      }
    },
    {
      "type": "Feature",
      "geometry": {
        "type": "Point",
        "coordinates": [
          128.4151839,
          27.0486842
        ]
      },
      "properties": {
        "内容": "バス停: 茶花海岸前 (南陸運)",
        "name": "茶花海岸前",
        "operator": "南陸運",
        "ref": "2",
        "url": "",
        "url2": ""
      }
    },
    {
      "type": "Feature",
      "geometry": {
        "type": "Point",
        "coordinates": [
          128.4201918,
          27.0561853
        ]
      },
      "properties": {
        "内容": "バス停: 品覇 (南陸運)",
        "name": "品覇",
        "operator": "南陸運",
        "ref": "3",
        "url": "",
        "url2": ""
      }
    },
    {
      "type": "Feature",
      "geometry": {
        "type": "Point",
        "coordinates": [
          128.4315032,
          27.0580313
        ]
      },
      "properties": {
        "内容": "バス停: 那間 (南陸運)",
        "name": "那間",
        "operator": "南陸運",
        "ref": "4",
        "url": "",
        "url2": ""
      }
    },
    {
      "type": "Feature",
      "geometry": {
        "type": "Point",
        "coordinates": [
          128.444606,
          27.0518918
        ]
      },
      "properties": {
        "内容": "バス停: 古里 (南陸運)",
        "name": "古里",
        "operator": "南陸運",
        "ref": "5",
        "url": "",
        "url2": ""
      }
    },
    {
      "type": "Feature",
      "geometry": {
        "type": "Point",
        "coordinates": [
          128.4447369,
          27.047732
        ]
      },
      "properties": {
        "内容": "バス停: 古里入口 (南陸運)",
        "name": "古里入口",
        "operator": "南陸運",
        "ref": "6",
        "url": "",
        "url2": ""
      }
    },
    {
      "type": "Feature",
      "geometry": {
        "type": "Point",
        "coordinates": [
          128.4451318,
          27.0345309
        ]
      },
      "properties": {
        "内容": "バス停: ゆりが浜入口 (南陸運)",
        "name": "ゆりが浜入口",
        "operator": "南陸運",
        "ref": "7",
        "url": "",
        "url2": ""
      }
    },
    {
      "type": "Feature",
      "geometry": {
        "type": "Point",
        "coordinates": [
          128.4431188,
          27.0309241
        ]
      },
      "properties": {
        "内容": "バス停: 東区 (南陸運)",
        "name": "東区",
        "operator": "南陸運",
        "ref": "8",
        "url": "",
        "url2": ""
      }
    },
    {
      "type": "Feature",
      "geometry": {
        "type": "Point",
        "coordinates": [
          128.4400403,
          27.0315719
        ]
      },
      "properties": {
        "内容": "バス停: 西区 (南陸運)",
        "name": "西区",
        "operator": "南陸運",
        "ref": "9",
        "url": "",
        "url2": ""
      }
    },
    {
      "type": "Feature",
      "geometry": {
        "type": "Point",
        "coordinates": [
          128.4349582,
          27.0314133
        ]
      },
      "properties": {
        "内容": "バス停: 与論小前 (南陸運)",
        "name": "与論小前",
        "operator": "南陸運",
        "ref": "10",
        "url": "",
        "url2": ""
      }
    },
    {
      "type": "Feature",
      "geometry": {
        "type": "Point",
        "coordinates": [
          128.431701,
          27.0319566
        ]
      },
      "properties": {
        "内容": "バス停: 与論中前 (南陸運)",
        "name": "与論中前",
        "operator": "南陸運",
        "ref": "11",
        "url": "",
        "url2": ""
      }
    },
    {
      "type": "Feature",
      "geometry": {
        "type": "Point",
        "coordinates": [
          128.4289125,
          27.0308547
        ]
      },
      "properties": {
        "内容": "バス停: 石仁 (南陸運)",
        "name": "石仁",
        "operator": "南陸運",
        "ref": "12",
        "url": "",
        "url2": ""
      }
    },
    {
      "type": "Feature",
      "geometry": {
        "type": "Point",
        "coordinates": [
          128.4260429,
          27.0366046
        ]
      },
      "properties": {
        "内容": "バス停: 立長入口 (南陸運)",
        "name": "立長入口",
        "operator": "南陸運",
        "ref": "13",
        "url": "",
        "url2": ""
      }
    },
    {
      "type": "Feature",
      "geometry": {
        "type": "Point",
        "coordinates": [
          128.4216344,
          27.044574
        ]
      },
      "properties": {
        "内容": "バス停: 役場前 (南陸運)",
        "name": "役場前",
        "operator": "南陸運",
        "ref": "14",
        "url": "",
        "url2": ""
      }
    },
    {
      "type": "Feature",
      "geometry": {
        "type": "Point",
        "coordinates": [
          128.4168888,
          27.0441885
        ]
      },
      "properties": {
        "内容": "バス停: 与論病院 (南陸運)",
        "name": "与論病院",
        "operator": "南陸運",
        "ref": "",
        "url": "",
        "url2": ""
      }
    },
    {
      "type": "Feature",
      "geometry": {
        "type": "Point",
        "coordinates": [
          128.4144759,
          27.0463289
        ]
      },
      "properties": {
        "内容": "バス停: ホームセンター前 (南陸運)",
        "name": "ホームセンター前",
        "operator": "南陸運",
        "ref": "16",
        "url": "",
        "url2": ""
      }
    },
    {
      "type": "Feature",
      "geometry": {
        "type": "Point",
        "coordinates": [
          128.4106204,
          27.0469875
        ]
      },
      "properties": {
        "内容": "バス停: 観光ホテル前 (南陸運)",
        "name": "観光ホテル前",
        "operator": "南陸運",
        "ref": "18",
        "url": "",
        "url2": ""
      }
    },
    {
      "type": "Feature",
      "geometry": {
        "type": "Point",
        "coordinates": [
          130.3849519,
          31.3913083
        ]
      },
      "properties": {
        "内容": "バス停: 新町",
        "name": "新町",
        "operator": "事業者不明",
        "ref": "",
        "url": "",
        "url2": ""
      }
    },
    {
      "type": "Feature",
      "geometry": {
        "type": "Point",
        "coordinates": [
          130.3997893,
          31.3911457
        ]
      },
      "properties": {
        "内容": "バス停: 川原町",
        "name": "川原町",
        "operator": "事業者不明",
        "ref": "",
        "url": "",
        "url2": ""
      }
    },
    {
      "type": "Feature",
      "geometry": {
        "type": "Point",
        "coordinates": [
          130.358886,
          31.3781978
        ]
      },
      "properties": {
        "内容": "バス停: 勝目西",
        "name": "勝目西",
        "operator": "事業者不明",
        "ref": "",
        "url": "",
        "url2": ""
      }
    },
    {
      "type": "Feature",
      "geometry": {
        "type": "Point",
        "coordinates": [
          130.4900653,
          31.4621292
        ]
      },
      "properties": {
        "内容": "バス停: 中茶屋",
        "name": "中茶屋",
        "operator": "事業者不明",
        "ref": "",
        "url": "",
        "url2": ""
      }
    },
    {
      "type": "Feature",
      "geometry": {
        "type": "Point",
        "coordinates": [
          130.4970014,
          31.4783542
        ]
      },
      "properties": {
        "内容": "バス停: 福平中前",
        "name": "福平中前",
        "operator": "事業者不明",
        "ref": "",
        "url": "",
        "url2": ""
      }
    },
    {
      "type": "Feature",
      "geometry": {
        "type": "Point",
        "coordinates": [
          130.3552235,
          31.3859053
        ]
      },
      "properties": {
        "内容": "バス停: 原田",
        "name": "原田",
        "operator": "事業者不明",
        "ref": "",
        "url": "",
        "url2": ""
      }
    },
    {
      "type": "Feature",
      "geometry": {
        "type": "Point",
        "coordinates": [
          130.3678365,
          31.39647
        ]
      },
      "properties": {
        "内容": "バス停: 永田西",
        "name": "永田西",
        "operator": "事業者不明",
        "ref": "",
        "url": "",
        "url2": ""
      }
    },
    {
      "type": "Feature",
      "geometry": {
        "type": "Point",
        "coordinates": [
          130.3570932,
          31.4012736
        ]
      },
      "properties": {
        "内容": "バス停: 大倉野",
        "name": "大倉野",
        "operator": "事業者不明",
        "ref": "",
        "url": "",
        "url2": ""
      }
    },
    {
      "type": "Feature",
      "geometry": {
        "type": "Point",
        "coordinates": [
          130.2737801,
          31.3234935
        ]
      },
      "properties": {
        "内容": "バス停: 新下木屋",
        "name": "新下木屋",
        "operator": "事業者不明",
        "ref": "",
        "url": "",
        "url2": ""
      }
    },
    {
      "type": "Feature",
      "geometry": {
        "type": "Point",
        "coordinates": [
          130.4867144,
          31.5289029
        ]
      },
      "properties": {
        "内容": "バス停: 中原",
        "name": "中原",
        "operator": "事業者不明",
        "ref": "",
        "url": "",
        "url2": ""
      }
    },
    {
      "type": "Feature",
      "geometry": {
        "type": "Point",
        "coordinates": [
          130.4861065,
          31.5283813
        ]
      },
      "properties": {
        "内容": "バス停: 中原",
        "name": "中原",
        "operator": "事業者不明",
        "ref": "",
        "url": "",
        "url2": ""
      }
    },
    {
      "type": "Feature",
      "geometry": {
        "type": "Point",
        "coordinates": [
          130.4905746,
          31.5285165
        ]
      },
      "properties": {
        "内容": "バス停: 谷山IC入口",
        "name": "谷山IC入口",
        "operator": "事業者不明",
        "ref": "",
        "url": "",
        "url2": ""
      }
    },
    {
      "type": "Feature",
      "geometry": {
        "type": "Point",
        "coordinates": [
          130.4906995,
          31.5287025
        ]
      },
      "properties": {
        "内容": "バス停: 谷山IC入口",
        "name": "谷山IC入口",
        "operator": "事業者不明",
        "ref": "",
        "url": "",
        "url2": ""
      }
    },
    {
      "type": "Feature",
      "geometry": {
        "type": "Point",
        "coordinates": [
          130.4997569,
          31.5250404
        ]
      },
      "properties": {
        "内容": "バス停: 西谷山小前",
        "name": "西谷山小前",
        "operator": "事業者不明",
        "ref": "",
        "url": "",
        "url2": ""
      }
    },
    {
      "type": "Feature",
      "geometry": {
        "type": "Point",
        "coordinates": [
          130.4995091,
          31.5253582
        ]
      },
      "properties": {
        "内容": "バス停: 西谷山小前",
        "name": "西谷山小前",
        "operator": "事業者不明",
        "ref": "",
        "url": "",
        "url2": ""
      }
    },
    {
      "type": "Feature",
      "geometry": {
        "type": "Point",
        "coordinates": [
          130.482301,
          31.5287851
        ]
      },
      "properties": {
        "内容": "バス停: 勘場",
        "name": "勘場",
        "operator": "事業者不明",
        "ref": "",
        "url": "",
        "url2": ""
      }
    },
    {
      "type": "Feature",
      "geometry": {
        "type": "Point",
        "coordinates": [
          130.4818006,
          31.5283078
        ]
      },
      "properties": {
        "内容": "バス停: 勘場",
        "name": "勘場",
        "operator": "事業者不明",
        "ref": "",
        "url": "",
        "url2": ""
      }
    },
    {
      "type": "Feature",
      "geometry": {
        "type": "Point",
        "coordinates": [
          130.5088802,
          31.5665743
        ]
      },
      "properties": {
        "内容": "バス停: 宇都平",
        "name": "宇都平",
        "operator": "事業者不明",
        "ref": "",
        "url": "",
        "url2": ""
      }
    },
    {
      "type": "Feature",
      "geometry": {
        "type": "Point",
        "coordinates": [
          130.5047489,
          31.5664316
        ]
      },
      "properties": {
        "内容": "バス停: 坂元",
        "name": "坂元",
        "operator": "事業者不明",
        "ref": "",
        "url": "",
        "url2": ""
      }
    },
    {
      "type": "Feature",
      "geometry": {
        "type": "Point",
        "coordinates": [
          130.5265483,
          31.535794
        ]
      },
      "properties": {
        "内容": "バス停: 高見",
        "name": "高見",
        "operator": "事業者不明",
        "ref": "",
        "url": "",
        "url2": ""
      }
    },
    {
      "type": "Feature",
      "geometry": {
        "type": "Point",
        "coordinates": [
          130.5220103,
          31.5334132
        ]
      },
      "properties": {
        "内容": "バス停: 波之平",
        "name": "波之平",
        "operator": "事業者不明",
        "ref": "",
        "url": "",
        "url2": ""
      }
    },
    {
      "type": "Feature",
      "geometry": {
        "type": "Point",
        "coordinates": [
          130.5197942,
          31.5376472
        ]
      },
      "properties": {
        "内容": "バス停: 奥",
        "name": "奥",
        "operator": "事業者不明",
        "ref": "",
        "url": "",
        "url2": ""
      }
    },
    {
      "type": "Feature",
      "geometry": {
        "type": "Point",
        "coordinates": [
          130.515751,
          31.541216
        ]
      },
      "properties": {
        "内容": "バス停: 入来",
        "name": "入来",
        "operator": "事業者不明",
        "ref": "",
        "url": "",
        "url2": ""
      }
    },
    {
      "type": "Feature",
      "geometry": {
        "type": "Point",
        "coordinates": [
          130.5376943,
          31.3868003
        ]
      },
      "properties": {
        "内容": "バス停: 中名",
        "name": "中名",
        "operator": "事業者不明",
        "ref": "",
        "url": "",
        "url2": ""
      }
    },
    {
      "type": "Feature",
      "geometry": {
        "type": "Point",
        "coordinates": [
          130.5236118,
          31.424186
        ]
      },
      "properties": {
        "内容": "バス停: 瀬々串",
        "name": "瀬々串",
        "operator": "事業者不明",
        "ref": "",
        "url": "",
        "url2": ""
      }
    },
    {
      "type": "Feature",
      "geometry": {
        "type": "Point",
        "coordinates": [
          130.5154267,
          31.4495823
        ]
      },
      "properties": {
        "内容": "バス停: 平川",
        "name": "平川",
        "operator": "事業者不明",
        "ref": "",
        "url": "",
        "url2": ""
      }
    },
    {
      "type": "Feature",
      "geometry": {
        "type": "Point",
        "coordinates": [
          130.5143839,
          31.4503285
        ]
      },
      "properties": {
        "内容": "バス停: 平川",
        "name": "平川",
        "operator": "事業者不明",
        "ref": "",
        "url": "",
        "url2": ""
      }
    },
    {
      "type": "Feature",
      "geometry": {
        "type": "Point",
        "coordinates": [
          130.5148448,
          31.4519958
        ]
      },
      "properties": {
        "内容": "バス停: 平川",
        "name": "平川",
        "operator": "事業者不明",
        "ref": "",
        "url": "",
        "url2": ""
      }
    },
    {
      "type": "Feature",
      "geometry": {
        "type": "Point",
        "coordinates": [
          130.5118618,
          31.5465303
        ]
      },
      "properties": {
        "内容": "バス停: 中山団地",
        "name": "中山団地",
        "operator": "事業者不明",
        "ref": "",
        "url": "",
        "url2": ""
      }
    },
    {
      "type": "Feature",
      "geometry": {
        "type": "Point",
        "coordinates": [
          130.5120546,
          31.5466422
        ]
      },
      "properties": {
        "内容": "バス停: 中山団地",
        "name": "中山団地",
        "operator": "事業者不明",
        "ref": "",
        "url": "",
        "url2": ""
      }
    },
    {
      "type": "Feature",
      "geometry": {
        "type": "Point",
        "coordinates": [
          130.5538515,
          31.5769121
        ]
      },
      "properties": {
        "内容": "バス停: 二中通",
        "name": "二中通",
        "operator": "事業者不明",
        "ref": "",
        "url": "",
        "url2": ""
      }
    },
    {
      "type": "Feature",
      "geometry": {
        "type": "Point",
        "coordinates": [
          130.3002161,
          31.7820419
        ]
      },
      "properties": {
        "内容": "バス停: 尾白江",
        "name": "尾白江",
        "operator": "事業者不明",
        "ref": "",
        "url": "",
        "url2": ""
      }
    },
    {
      "type": "Feature",
      "geometry": {
        "type": "Point",
        "coordinates": [
          130.2999258,
          31.7820749
        ]
      },
      "properties": {
        "内容": "バス停: 尾白江",
        "name": "尾白江",
        "operator": "事業者不明",
        "ref": "",
        "url": "",
        "url2": ""
      }
    },
    {
      "type": "Feature",
      "geometry": {
        "type": "Point",
        "coordinates": [
          130.739602,
          31.7443337
        ]
      },
      "properties": {
        "内容": "バス停: 隼人駅 (鹿児島交通)",
        "name": "隼人駅",
        "operator": "鹿児島交通",
        "ref": "",
        "url": "",
        "url2": ""
      }
    },
    {
      "type": "Feature",
      "geometry": {
        "type": "Point",
        "coordinates": [
          130.7400566,
          31.7442642
        ]
      },
      "properties": {
        "内容": "バス停: 隼人駅 (鹿児島交通)",
        "name": "隼人駅",
        "operator": "鹿児島交通",
        "ref": "",
        "url": "",
        "url2": ""
      }
    },
    {
      "type": "Feature",
      "geometry": {
        "type": "Point",
        "coordinates": [
          130.6154615,
          31.7032779
        ]
      },
      "properties": {
        "内容": "バス停: 重富駅前",
        "name": "重富駅前",
        "operator": "事業者不明",
        "ref": "",
        "url": "",
        "url2": ""
      }
    },
    {
      "type": "Feature",
      "geometry": {
        "type": "Point",
        "coordinates": [
          130.615118,
          31.7023453
        ]
      },
      "properties": {
        "内容": "バス停: 重富駅前",
        "name": "重富駅前",
        "operator": "事業者不明",
        "ref": "",
        "url": "",
        "url2": ""
      }
    },
    {
      "type": "Feature",
      "geometry": {
        "type": "Point",
        "coordinates": [
          130.6125815,
          31.7024407
        ]
      },
      "properties": {
        "内容": "バス停: 脇元地区公民館前",
        "name": "脇元地区公民館前",
        "operator": "事業者不明",
        "ref": "",
        "url": "",
        "url2": ""
      }
    },
    {
      "type": "Feature",
      "geometry": {
        "type": "Point",
        "coordinates": [
          130.6126374,
          31.7025042
        ]
      },
      "properties": {
        "内容": "バス停: 脇元地区公民館前",
        "name": "脇元地区公民館前",
        "operator": "事業者不明",
        "ref": "",
        "url": "",
        "url2": ""
      }
    },
    {
      "type": "Feature",
      "geometry": {
        "type": "Point",
        "coordinates": [
          130.6093033,
          31.7045861
        ]
      },
      "properties": {
        "内容": "バス停: 枦山",
        "name": "枦山",
        "operator": "事業者不明",
        "ref": "",
        "url": "",
        "url2": ""
      }
    },
    {
      "type": "Feature",
      "geometry": {
        "type": "Point",
        "coordinates": [
          130.6096336,
          31.704469
        ]
      },
      "properties": {
        "内容": "バス停: 枦山",
        "name": "枦山",
        "operator": "事業者不明",
        "ref": "",
        "url": "",
        "url2": ""
      }
    },
    {
      "type": "Feature",
      "geometry": {
        "type": "Point",
        "coordinates": [
          130.627508,
          31.7279801
        ]
      },
      "properties": {
        "内容": "バス停: 姶良市役所",
        "name": "姶良市役所",
        "operator": "事業者不明",
        "ref": "",
        "url": "",
        "url2": ""
      }
    },
    {
      "type": "Feature",
      "geometry": {
        "type": "Point",
        "coordinates": [
          130.6277399,
          31.7281375
        ]
      },
      "properties": {
        "内容": "バス停: 姶良市役所",
        "name": "姶良市役所",
        "operator": "事業者不明",
        "ref": "",
        "url": "",
        "url2": ""
      }
    },
    {
      "type": "Feature",
      "geometry": {
        "type": "Point",
        "coordinates": [
          130.6159473,
          31.7090733
        ]
      },
      "properties": {
        "内容": "バス停: 白金原",
        "name": "白金原",
        "operator": "事業者不明",
        "ref": "",
        "url": "",
        "url2": ""
      }
    },
    {
      "type": "Feature",
      "geometry": {
        "type": "Point",
        "coordinates": [
          130.6158683,
          31.709007
        ]
      },
      "properties": {
        "内容": "バス停: 白金原",
        "name": "白金原",
        "operator": "事業者不明",
        "ref": "",
        "url": "",
        "url2": ""
      }
    },
    {
      "type": "Feature",
      "geometry": {
        "type": "Point",
        "coordinates": [
          130.6166693,
          31.711623
        ]
      },
      "properties": {
        "内容": "バス停: 重富中正門前",
        "name": "重富中正門前",
        "operator": "事業者不明",
        "ref": "",
        "url": "",
        "url2": ""
      }
    },
    {
      "type": "Feature",
      "geometry": {
        "type": "Point",
        "coordinates": [
          130.6171816,
          31.7130356
        ]
      },
      "properties": {
        "内容": "バス停: 重富中正門前",
        "name": "重富中正門前",
        "operator": "事業者不明",
        "ref": "",
        "url": "",
        "url2": ""
      }
    },
    {
      "type": "Feature",
      "geometry": {
        "type": "Point",
        "coordinates": [
          130.6180721,
          31.7153957
        ]
      },
      "properties": {
        "内容": "バス停: 池島",
        "name": "池島",
        "operator": "事業者不明",
        "ref": "",
        "url": "",
        "url2": ""
      }
    },
    {
      "type": "Feature",
      "geometry": {
        "type": "Point",
        "coordinates": [
          130.6145282,
          31.7171464
        ]
      },
      "properties": {
        "内容": "バス停: 池島公園前",
        "name": "池島公園前",
        "operator": "事業者不明",
        "ref": "",
        "url": "",
        "url2": ""
      }
    },
    {
      "type": "Feature",
      "geometry": {
        "type": "Point",
        "coordinates": [
          130.604377,
          31.7077833
        ]
      },
      "properties": {
        "内容": "バス停: 重富麓",
        "name": "重富麓",
        "operator": "事業者不明",
        "ref": "",
        "url": "",
        "url2": ""
      }
    },
    {
      "type": "Feature",
      "geometry": {
        "type": "Point",
        "coordinates": [
          130.6044772,
          31.7078296
        ]
      },
      "properties": {
        "内容": "バス停: 重富麓",
        "name": "重富麓",
        "operator": "事業者不明",
        "ref": "",
        "url": "",
        "url2": ""
      }
    },
    {
      "type": "Feature",
      "geometry": {
        "type": "Point",
        "coordinates": [
          130.6019057,
          31.7112086
        ]
      },
      "properties": {
        "内容": "バス停: 山之口",
        "name": "山之口",
        "operator": "事業者不明",
        "ref": "",
        "url": "",
        "url2": ""
      }
    },
    {
      "type": "Feature",
      "geometry": {
        "type": "Point",
        "coordinates": [
          130.6019798,
          31.7109203
        ]
      },
      "properties": {
        "内容": "バス停: 山之口",
        "name": "山之口",
        "operator": "事業者不明",
        "ref": "",
        "url": "",
        "url2": ""
      }
    },
    {
      "type": "Feature",
      "geometry": {
        "type": "Point",
        "coordinates": [
          130.601961,
          31.7124897
        ]
      },
      "properties": {
        "内容": "バス停: クッキー前",
        "name": "クッキー前",
        "operator": "事業者不明",
        "ref": "",
        "url": "",
        "url2": ""
      }
    },
    {
      "type": "Feature",
      "geometry": {
        "type": "Point",
        "coordinates": [
          130.6019154,
          31.7125864
        ]
      },
      "properties": {
        "内容": "バス停: クッキー前",
        "name": "クッキー前",
        "operator": "事業者不明",
        "ref": "",
        "url": "",
        "url2": ""
      }
    },
    {
      "type": "Feature",
      "geometry": {
        "type": "Point",
        "coordinates": [
          130.5133338,
          31.5444855
        ]
      },
      "properties": {
        "内容": "バス停: 水喰",
        "name": "水喰",
        "operator": "事業者不明",
        "ref": "",
        "url": "",
        "url2": ""
      }
    },
    {
      "type": "Feature",
      "geometry": {
        "type": "Point",
        "coordinates": [
          130.5135923,
          31.5443629
        ]
      },
      "properties": {
        "内容": "バス停: 水喰",
        "name": "水喰",
        "operator": "事業者不明",
        "ref": "",
        "url": "",
        "url2": ""
      }
    },
    {
      "type": "Feature",
      "geometry": {
        "type": "Point",
        "coordinates": [
          130.3703259,
          31.453457
        ]
      },
      "properties": {
        "内容": "バス停: 浦之名",
        "name": "浦之名",
        "operator": "事業者不明",
        "ref": "",
        "url": "",
        "url2": ""
      }
    },
    {
      "type": "Feature",
      "geometry": {
        "type": "Point",
        "coordinates": [
          130.3499442,
          31.449136
        ]
      },
      "properties": {
        "内容": "バス停: 上中津野",
        "name": "上中津野",
        "operator": "事業者不明",
        "ref": "",
        "url": "",
        "url2": ""
      }
    },
    {
      "type": "Feature",
      "geometry": {
        "type": "Point",
        "coordinates": [
          130.4567471,
          31.9052314
        ]
      },
      "properties": {
        "内容": "バス停: 宮之城駅",
        "name": "宮之城駅",
        "operator": "事業者不明",
        "ref": "",
        "url": "",
        "url2": "Q11453234"
      }
    },
    {
      "type": "Feature",
      "geometry": {
        "type": "Point",
        "coordinates": [
          130.5603912,
          31.5866198
        ]
      },
      "properties": {
        "内容": "バス停: 大門口",
        "name": "大門口",
        "operator": "事業者不明",
        "ref": "",
        "url": "",
        "url2": ""
      }
    },
    {
      "type": "Feature",
      "geometry": {
        "type": "Point",
        "coordinates": [
          130.5601822,
          31.5869577
        ]
      },
      "properties": {
        "内容": "バス停: 大門口",
        "name": "大門口",
        "operator": "事業者不明",
        "ref": "",
        "url": "",
        "url2": ""
      }
    },
    {
      "type": "Feature",
      "geometry": {
        "type": "Point",
        "coordinates": [
          130.5612626,
          31.5864753
        ]
      },
      "properties": {
        "内容": "バス停: 大門口",
        "name": "大門口",
        "operator": "事業者不明",
        "ref": "",
        "url": "",
        "url2": ""
      }
    },
    {
      "type": "Feature",
      "geometry": {
        "type": "Point",
        "coordinates": [
          130.5609244,
          31.5864563
        ]
      },
      "properties": {
        "内容": "バス停: 大門口",
        "name": "大門口",
        "operator": "事業者不明",
        "ref": "",
        "url": "",
        "url2": ""
      }
    },
    {
      "type": "Feature",
      "geometry": {
        "type": "Point",
        "coordinates": [
          130.4079214,
          31.522301
        ]
      },
      "properties": {
        "内容": "バス停: 乙女月",
        "name": "乙女月",
        "operator": "事業者不明",
        "ref": "",
        "url": "",
        "url2": ""
      }
    },
    {
      "type": "Feature",
      "geometry": {
        "type": "Point",
        "coordinates": [
          130.4084434,
          31.5223772
        ]
      },
      "properties": {
        "内容": "バス停: 乙女月",
        "name": "乙女月",
        "operator": "事業者不明",
        "ref": "",
        "url": "",
        "url2": ""
      }
    },
    {
      "type": "Feature",
      "geometry": {
        "type": "Point",
        "coordinates": [
          130.36961,
          31.5148191
        ]
      },
      "properties": {
        "内容": "バス停: 下与倉",
        "name": "下与倉",
        "operator": "事業者不明",
        "ref": "",
        "url": "",
        "url2": ""
      }
    },
    {
      "type": "Feature",
      "geometry": {
        "type": "Point",
        "coordinates": [
          130.3695423,
          31.5146577
        ]
      },
      "properties": {
        "内容": "バス停: 下与倉",
        "name": "下与倉",
        "operator": "事業者不明",
        "ref": "",
        "url": "",
        "url2": ""
      }
    },
    {
      "type": "Feature",
      "geometry": {
        "type": "Point",
        "coordinates": [
          130.3611007,
          31.510201
        ]
      },
      "properties": {
        "内容": "バス停: ふもと",
        "name": "ふもと",
        "operator": "事業者不明",
        "ref": "",
        "url": "",
        "url2": ""
      }
    },
    {
      "type": "Feature",
      "geometry": {
        "type": "Point",
        "coordinates": [
          130.3609729,
          31.5100267
        ]
      },
      "properties": {
        "内容": "バス停: ふもと",
        "name": "ふもと",
        "operator": "事業者不明",
        "ref": "",
        "url": "",
        "url2": ""
      }
    },
    {
      "type": "Feature",
      "geometry": {
        "type": "Point",
        "coordinates": [
          130.2489159,
          31.2898141
        ]
      },
      "properties": {
        "内容": "バス停: 茅野",
        "name": "茅野",
        "operator": "事業者不明",
        "ref": "",
        "url": "",
        "url2": ""
      }
    },
    {
      "type": "Feature",
      "geometry": {
        "type": "Point",
        "coordinates": [
          130.2838162,
          31.3543829
        ]
      },
      "properties": {
        "内容": "バス停: 堂原",
        "name": "堂原",
        "operator": "事業者不明",
        "ref": "",
        "url": "",
        "url2": ""
      }
    },
    {
      "type": "Feature",
      "geometry": {
        "type": "Point",
        "coordinates": [
          130.287518,
          31.368829
        ]
      },
      "properties": {
        "内容": "バス停: 市ノ瀬",
        "name": "市ノ瀬",
        "operator": "事業者不明",
        "ref": "",
        "url": "",
        "url2": ""
      }
    },
    {
      "type": "Feature",
      "geometry": {
        "type": "Point",
        "coordinates": [
          130.2781659,
          31.3473589
        ]
      },
      "properties": {
        "内容": "バス停: 道の駅270",
        "name": "道の駅270",
        "operator": "事業者不明",
        "ref": "",
        "url": "",
        "url2": ""
      }
    },
    {
      "type": "Feature",
      "geometry": {
        "type": "Point",
        "coordinates": [
          130.2732085,
          31.3322407
        ]
      },
      "properties": {
        "内容": "バス停: 上木屋",
        "name": "上木屋",
        "operator": "事業者不明",
        "ref": "",
        "url": "",
        "url2": ""
      }
    },
    {
      "type": "Feature",
      "geometry": {
        "type": "Point",
        "coordinates": [
          130.2714667,
          31.3365258
        ]
      },
      "properties": {
        "内容": "バス停: 久木野小前",
        "name": "久木野小前",
        "operator": "事業者不明",
        "ref": "",
        "url": "",
        "url2": ""
      }
    },
    {
      "type": "Feature",
      "geometry": {
        "type": "Point",
        "coordinates": [
          130.4040959,
          31.5208475
        ]
      },
      "properties": {
        "内容": "バス停: 永野入口",
        "name": "永野入口",
        "operator": "事業者不明",
        "ref": "",
        "url": "",
        "url2": ""
      }
    },
    {
      "type": "Feature",
      "geometry": {
        "type": "Point",
        "coordinates": [
          130.404234,
          31.5206689
        ]
      },
      "properties": {
        "内容": "バス停: 永野入口",
        "name": "永野入口",
        "operator": "事業者不明",
        "ref": "",
        "url": "",
        "url2": ""
      }
    },
    {
      "type": "Feature",
      "geometry": {
        "type": "Point",
        "coordinates": [
          130.3504216,
          31.5173679
        ]
      },
      "properties": {
        "内容": "バス停: 中津入口",
        "name": "中津入口",
        "operator": "事業者不明",
        "ref": "",
        "url": "",
        "url2": ""
      }
    },
    {
      "type": "Feature",
      "geometry": {
        "type": "Point",
        "coordinates": [
          130.3071336,
          31.3671469
        ]
      },
      "properties": {
        "内容": "バス停: 西村",
        "name": "西村",
        "operator": "事業者不明",
        "ref": "",
        "url": "",
        "url2": ""
      }
    },
    {
      "type": "Feature",
      "geometry": {
        "type": "Point",
        "coordinates": [
          130.3372824,
          31.4129682
        ]
      },
      "properties": {
        "内容": "バス停: 川畑",
        "name": "川畑",
        "operator": "事業者不明",
        "ref": "",
        "url": "",
        "url2": ""
      }
    },
    {
      "type": "Feature",
      "geometry": {
        "type": "Point",
        "coordinates": [
          130.3343192,
          31.4131777
        ]
      },
      "properties": {
        "内容": "バス停: 川畑中央",
        "name": "川畑中央",
        "operator": "事業者不明",
        "ref": "",
        "url": "",
        "url2": ""
      }
    },
    {
      "type": "Feature",
      "geometry": {
        "type": "Point",
        "coordinates": [
          130.3579192,
          31.4507246
        ]
      },
      "properties": {
        "内容": "バス停: 大田小前",
        "name": "大田小前",
        "operator": "事業者不明",
        "ref": "",
        "url": "",
        "url2": ""
      }
    },
    {
      "type": "Feature",
      "geometry": {
        "type": "Point",
        "coordinates": [
          130.3642664,
          31.4176507
        ]
      },
      "properties": {
        "内容": "バス停: 白川駅",
        "name": "白川駅",
        "operator": "事業者不明",
        "ref": "",
        "url": "",
        "url2": ""
      }
    },
    {
      "type": "Feature",
      "geometry": {
        "type": "Point",
        "coordinates": [
          130.383271,
          31.4440885
        ]
      },
      "properties": {
        "内容": "バス停: 河前",
        "name": "河前",
        "operator": "事業者不明",
        "ref": "",
        "url": "",
        "url2": ""
      }
    },
    {
      "type": "Feature",
      "geometry": {
        "type": "Point",
        "coordinates": [
          130.3835444,
          31.6168903
        ]
      },
      "properties": {
        "内容": "バス停: 飯牟礼入口",
        "name": "飯牟礼入口",
        "operator": "事業者不明",
        "ref": "",
        "url": "",
        "url2": ""
      }
    },
    {
      "type": "Feature",
      "geometry": {
        "type": "Point",
        "coordinates": [
          130.372614,
          31.6151265
        ]
      },
      "properties": {
        "内容": "バス停: 毘沙門",
        "name": "毘沙門",
        "operator": "事業者不明",
        "ref": "",
        "url": "",
        "url2": ""
      }
    },
    {
      "type": "Feature",
      "geometry": {
        "type": "Point",
        "coordinates": [
          130.3490645,
          31.5982057
        ]
      },
      "properties": {
        "内容": "バス停: 城の下",
        "name": "城の下",
        "operator": "事業者不明",
        "ref": "",
        "url": "",
        "url2": ""
      }
    },
    {
      "type": "Feature",
      "geometry": {
        "type": "Point",
        "coordinates": [
          130.353465,
          31.6011047
        ]
      },
      "properties": {
        "内容": "バス停: 諏訪神社前",
        "name": "諏訪神社前",
        "operator": "事業者不明",
        "ref": "",
        "url": "",
        "url2": ""
      }
    },
    {
      "type": "Feature",
      "geometry": {
        "type": "Point",
        "coordinates": [
          130.3461446,
          31.5938343
        ]
      },
      "properties": {
        "内容": "バス停: 日置寺下",
        "name": "日置寺下",
        "operator": "事業者不明",
        "ref": "",
        "url": "",
        "url2": ""
      }
    },
    {
      "type": "Feature",
      "geometry": {
        "type": "Point",
        "coordinates": [
          130.3499971,
          31.5897782
        ]
      },
      "properties": {
        "内容": "バス停: 八幡",
        "name": "八幡",
        "operator": "事業者不明",
        "ref": "",
        "url": "",
        "url2": ""
      }
    },
    {
      "type": "Feature",
      "geometry": {
        "type": "Point",
        "coordinates": [
          130.5374997,
          31.6050124
        ]
      },
      "properties": {
        "内容": "バス停: 護国神社前",
        "name": "護国神社前",
        "operator": "事業者不明",
        "ref": "",
        "url": "",
        "url2": ""
      }
    },
    {
      "type": "Feature",
      "geometry": {
        "type": "Point",
        "coordinates": [
          130.5367174,
          31.6060859
        ]
      },
      "properties": {
        "内容": "バス停: 護国神社前",
        "name": "護国神社前",
        "operator": "事業者不明",
        "ref": "",
        "url": "",
        "url2": ""
      }
    },
    {
      "type": "Feature",
      "geometry": {
        "type": "Point",
        "coordinates": [
          130.5389307,
          31.6019001
        ]
      },
      "properties": {
        "内容": "バス停: 中草牟田",
        "name": "中草牟田",
        "operator": "事業者不明",
        "ref": "",
        "url": "",
        "url2": ""
      }
    },
    {
      "type": "Feature",
      "geometry": {
        "type": "Point",
        "coordinates": [
          130.5381873,
          31.602922
        ]
      },
      "properties": {
        "内容": "バス停: 中草牟田",
        "name": "中草牟田",
        "operator": "事業者不明",
        "ref": "",
        "url": "",
        "url2": ""
      }
    },
    {
      "type": "Feature",
      "geometry": {
        "type": "Point",
        "coordinates": [
          130.5353906,
          31.6086304
        ]
      },
      "properties": {
        "内容": "バス停: 伊敷中学校前",
        "name": "伊敷中学校前",
        "operator": "事業者不明",
        "ref": "",
        "url": "",
        "url2": ""
      }
    },
    {
      "type": "Feature",
      "geometry": {
        "type": "Point",
        "coordinates": [
          130.5360512,
          31.6073572
        ]
      },
      "properties": {
        "内容": "バス停: 伊敷中学校前",
        "name": "伊敷中学校前",
        "operator": "事業者不明",
        "ref": "",
        "url": "",
        "url2": ""
      }
    },
    {
      "type": "Feature",
      "geometry": {
        "type": "Point",
        "coordinates": [
          130.5335344,
          31.6104412
        ]
      },
      "properties": {
        "内容": "バス停: 玉江小前",
        "name": "玉江小前",
        "operator": "事業者不明",
        "ref": "",
        "url": "",
        "url2": ""
      }
    },
    {
      "type": "Feature",
      "geometry": {
        "type": "Point",
        "coordinates": [
          130.5330283,
          31.6114471
        ]
      },
      "properties": {
        "内容": "バス停: 玉江小前",
        "name": "玉江小前",
        "operator": "事業者不明",
        "ref": "",
        "url": "",
        "url2": ""
      }
    },
    {
      "type": "Feature",
      "geometry": {
        "type": "Point",
        "coordinates": [
          130.5213917,
          31.5686454
        ]
      },
      "properties": {
        "内容": "バス停: 天神ヶ瀬戸",
        "name": "天神ヶ瀬戸",
        "operator": "事業者不明",
        "ref": "",
        "url": "",
        "url2": ""
      }
    },
    {
      "type": "Feature",
      "geometry": {
        "type": "Point",
        "coordinates": [
          130.5212659,
          31.5685415
        ]
      },
      "properties": {
        "内容": "バス停: 天神ヶ瀬戸",
        "name": "天神ヶ瀬戸",
        "operator": "事業者不明",
        "ref": "",
        "url": "",
        "url2": ""
      }
    },
    {
      "type": "Feature",
      "geometry": {
        "type": "Point",
        "coordinates": [
          130.5194901,
          31.5648559
        ]
      },
      "properties": {
        "内容": "バス停: 広木住宅前",
        "name": "広木住宅前",
        "operator": "事業者不明",
        "ref": "",
        "url": "",
        "url2": ""
      }
    },
    {
      "type": "Feature",
      "geometry": {
        "type": "Point",
        "coordinates": [
          130.5201107,
          31.5648709
        ]
      },
      "properties": {
        "内容": "バス停: 広木住宅前",
        "name": "広木住宅前",
        "operator": "事業者不明",
        "ref": "",
        "url": "",
        "url2": ""
      }
    },
    {
      "type": "Feature",
      "geometry": {
        "type": "Point",
        "coordinates": [
          130.5310221,
          31.5613492
        ]
      },
      "properties": {
        "内容": "バス停: 紫原中央",
        "name": "紫原中央",
        "operator": "事業者不明",
        "ref": "",
        "url": "",
        "url2": ""
      }
    },
    {
      "type": "Feature",
      "geometry": {
        "type": "Point",
        "coordinates": [
          130.5311423,
          31.5613571
        ]
      },
      "properties": {
        "内容": "バス停: 紫原中央",
        "name": "紫原中央",
        "operator": "事業者不明",
        "ref": "",
        "url": "",
        "url2": ""
      }
    },
    {
      "type": "Feature",
      "geometry": {
        "type": "Point",
        "coordinates": [
          130.5318483,
          31.5600795
        ]
      },
      "properties": {
        "内容": "バス停: 紫原中央",
        "name": "紫原中央",
        "operator": "事業者不明",
        "ref": "",
        "url": "",
        "url2": ""
      }
    },
    {
      "type": "Feature",
      "geometry": {
        "type": "Point",
        "coordinates": [
          130.5320771,
          31.5599216
        ]
      },
      "properties": {
        "内容": "バス停: 紫原中央",
        "name": "紫原中央",
        "operator": "事業者不明",
        "ref": "",
        "url": "",
        "url2": ""
      }
    },
    {
      "type": "Feature",
      "geometry": {
        "type": "Point",
        "coordinates": [
          130.5336815,
          31.5574809
        ]
      },
      "properties": {
        "内容": "バス停: 紫原4丁目",
        "name": "紫原4丁目",
        "operator": "事業者不明",
        "ref": "",
        "url": "",
        "url2": ""
      }
    },
    {
      "type": "Feature",
      "geometry": {
        "type": "Point",
        "coordinates": [
          130.5337257,
          31.5571958
        ]
      },
      "properties": {
        "内容": "バス停: 紫原4丁目",
        "name": "紫原4丁目",
        "operator": "事業者不明",
        "ref": "",
        "url": "",
        "url2": ""
      }
    },
    {
      "type": "Feature",
      "geometry": {
        "type": "Point",
        "coordinates": [
          130.5358379,
          31.5541551
        ]
      },
      "properties": {
        "内容": "バス停: 紫原3丁目",
        "name": "紫原3丁目",
        "operator": "事業者不明",
        "ref": "",
        "url": "",
        "url2": ""
      }
    },
    {
      "type": "Feature",
      "geometry": {
        "type": "Point",
        "coordinates": [
          130.5353993,
          31.5546329
        ]
      },
      "properties": {
        "内容": "バス停: 紫原3丁目",
        "name": "紫原3丁目",
        "operator": "事業者不明",
        "ref": "",
        "url": "",
        "url2": ""
      }
    },
    {
      "type": "Feature",
      "geometry": {
        "type": "Point",
        "coordinates": [
          130.538882,
          31.5485219
        ]
      },
      "properties": {
        "内容": "バス停: 日之出町",
        "name": "日之出町",
        "operator": "事業者不明",
        "ref": "",
        "url": "",
        "url2": ""
      }
    },
    {
      "type": "Feature",
      "geometry": {
        "type": "Point",
        "coordinates": [
          130.5387047,
          31.548346
        ]
      },
      "properties": {
        "内容": "バス停: 日之出町",
        "name": "日之出町",
        "operator": "事業者不明",
        "ref": "",
        "url": "",
        "url2": ""
      }
    },
    {
      "type": "Feature",
      "geometry": {
        "type": "Point",
        "coordinates": [
          130.5381174,
          31.5513464
        ]
      },
      "properties": {
        "内容": "バス停: 日之出町西",
        "name": "日之出町西",
        "operator": "事業者不明",
        "ref": "",
        "url": "",
        "url2": ""
      }
    },
    {
      "type": "Feature",
      "geometry": {
        "type": "Point",
        "coordinates": [
          130.5381418,
          31.5515157
        ]
      },
      "properties": {
        "内容": "バス停: 日之出町西",
        "name": "日之出町西",
        "operator": "事業者不明",
        "ref": "",
        "url": "",
        "url2": ""
      }
    },
    {
      "type": "Feature",
      "geometry": {
        "type": "Point",
        "coordinates": [
          130.5339489,
          31.5616642
        ]
      },
      "properties": {
        "内容": "バス停: 一本桜",
        "name": "一本桜",
        "operator": "事業者不明",
        "ref": "",
        "url": "",
        "url2": ""
      }
    },
    {
      "type": "Feature",
      "geometry": {
        "type": "Point",
        "coordinates": [
          130.534496,
          31.5620376
        ]
      },
      "properties": {
        "内容": "バス停: 一本桜",
        "name": "一本桜",
        "operator": "事業者不明",
        "ref": "",
        "url": "",
        "url2": ""
      }
    },
    {
      "type": "Feature",
      "geometry": {
        "type": "Point",
        "coordinates": [
          130.5361706,
          31.5620437
        ]
      },
      "properties": {
        "内容": "バス停: 平和公園前",
        "name": "平和公園前",
        "operator": "事業者不明",
        "ref": "",
        "url": "",
        "url2": ""
      }
    },
    {
      "type": "Feature",
      "geometry": {
        "type": "Point",
        "coordinates": [
          130.5209019,
          31.5588367
        ]
      },
      "properties": {
        "内容": "バス停: 原田久保",
        "name": "原田久保",
        "operator": "事業者不明",
        "ref": "",
        "url": "",
        "url2": ""
      }
    },
    {
      "type": "Feature",
      "geometry": {
        "type": "Point",
        "coordinates": [
          130.520468,
          31.5590216
        ]
      },
      "properties": {
        "内容": "バス停: 原田久保",
        "name": "原田久保",
        "operator": "事業者不明",
        "ref": "",
        "url": "",
        "url2": ""
      }
    },
    {
      "type": "Feature",
      "geometry": {
        "type": "Point",
        "coordinates": [
          130.5235791,
          31.5563299
        ]
      },
      "properties": {
        "内容": "バス停: 鍋ヶ宇都",
        "name": "鍋ヶ宇都",
        "operator": "事業者不明",
        "ref": "",
        "url": "",
        "url2": ""
      }
    },
    {
      "type": "Feature",
      "geometry": {
        "type": "Point",
        "coordinates": [
          130.5230315,
          31.5565722
        ]
      },
      "properties": {
        "内容": "バス停: 鍋ヶ宇都",
        "name": "鍋ヶ宇都",
        "operator": "事業者不明",
        "ref": "",
        "url": "",
        "url2": ""
      }
    },
    {
      "type": "Feature",
      "geometry": {
        "type": "Point",
        "coordinates": [
          130.5258749,
          31.5539266
        ]
      },
      "properties": {
        "内容": "バス停: 樋ヶ迫",
        "name": "樋ヶ迫",
        "operator": "事業者不明",
        "ref": "",
        "url": "",
        "url2": ""
      }
    },
    {
      "type": "Feature",
      "geometry": {
        "type": "Point",
        "coordinates": [
          130.5256416,
          31.553956
        ]
      },
      "properties": {
        "内容": "バス停: 樋ヶ迫",
        "name": "樋ヶ迫",
        "operator": "事業者不明",
        "ref": "",
        "url": "",
        "url2": ""
      }
    },
    {
      "type": "Feature",
      "geometry": {
        "type": "Point",
        "coordinates": [
          130.5265671,
          31.5536281
        ]
      },
      "properties": {
        "内容": "バス停: 永仮入口",
        "name": "永仮入口",
        "operator": "事業者不明",
        "ref": "",
        "url": "",
        "url2": ""
      }
    },
    {
      "type": "Feature",
      "geometry": {
        "type": "Point",
        "coordinates": [
          130.5275296,
          31.5527409
        ]
      },
      "properties": {
        "内容": "バス停: 永仮入口",
        "name": "永仮入口",
        "operator": "事業者不明",
        "ref": "",
        "url": "",
        "url2": ""
      }
    },
    {
      "type": "Feature",
      "geometry": {
        "type": "Point",
        "coordinates": [
          130.5275351,
          31.552607
        ]
      },
      "properties": {
        "内容": "バス停: 永仮入口",
        "name": "永仮入口",
        "operator": "事業者不明",
        "ref": "",
        "url": "",
        "url2": ""
      }
    },
    {
      "type": "Feature",
      "geometry": {
        "type": "Point",
        "coordinates": [
          130.5266835,
          31.5535126
        ]
      },
      "properties": {
        "内容": "バス停: 永仮入口",
        "name": "永仮入口",
        "operator": "事業者不明",
        "ref": "",
        "url": "",
        "url2": ""
      }
    },
    {
      "type": "Feature",
      "geometry": {
        "type": "Point",
        "coordinates": [
          130.530375,
          31.5508536
        ]
      },
      "properties": {
        "内容": "バス停: 梶原迫",
        "name": "梶原迫",
        "operator": "事業者不明",
        "ref": "",
        "url": "",
        "url2": ""
      }
    },
    {
      "type": "Feature",
      "geometry": {
        "type": "Point",
        "coordinates": [
          130.5302381,
          31.5507682
        ]
      },
      "properties": {
        "内容": "バス停: 梶原迫",
        "name": "梶原迫",
        "operator": "事業者不明",
        "ref": "",
        "url": "",
        "url2": ""
      }
    },
    {
      "type": "Feature",
      "geometry": {
        "type": "Point",
        "coordinates": [
          130.4609973,
          31.5322546
        ]
      },
      "properties": {
        "内容": "バス停: 平治",
        "name": "平治",
        "operator": "事業者不明",
        "ref": "",
        "url": "",
        "url2": ""
      }
    },
    {
      "type": "Feature",
      "geometry": {
        "type": "Point",
        "coordinates": [
          130.4609626,
          31.532085
        ]
      },
      "properties": {
        "内容": "バス停: 平治",
        "name": "平治",
        "operator": "事業者不明",
        "ref": "",
        "url": "",
        "url2": ""
      }
    },
    {
      "type": "Feature",
      "geometry": {
        "type": "Point",
        "coordinates": [
          130.5263848,
          31.6229006
        ]
      },
      "properties": {
        "内容": "バス停: 梅ヶ淵",
        "name": "梅ヶ淵",
        "operator": "事業者不明",
        "ref": "",
        "url": "",
        "url2": ""
      }
    },
    {
      "type": "Feature",
      "geometry": {
        "type": "Point",
        "coordinates": [
          130.5265409,
          31.6217014
        ]
      },
      "properties": {
        "内容": "バス停: 梅ヶ淵",
        "name": "梅ヶ淵",
        "operator": "事業者不明",
        "ref": "",
        "url": "",
        "url2": ""
      }
    },
    {
      "type": "Feature",
      "geometry": {
        "type": "Point",
        "coordinates": [
          130.5306522,
          31.6142829
        ]
      },
      "properties": {
        "内容": "バス停: 下伊敷",
        "name": "下伊敷",
        "operator": "事業者不明",
        "ref": "",
        "url": "",
        "url2": ""
      }
    },
    {
      "type": "Feature",
      "geometry": {
        "type": "Point",
        "coordinates": [
          130.5263407,
          31.6202669
        ]
      },
      "properties": {
        "内容": "バス停: 伊敷仮屋",
        "name": "伊敷仮屋",
        "operator": "事業者不明",
        "ref": "",
        "url": "",
        "url2": ""
      }
    },
    {
      "type": "Feature",
      "geometry": {
        "type": "Point",
        "coordinates": [
          130.526788,
          31.6193121
        ]
      },
      "properties": {
        "内容": "バス停: 伊敷仮屋",
        "name": "伊敷仮屋",
        "operator": "事業者不明",
        "ref": "",
        "url": "",
        "url2": ""
      }
    },
    {
      "type": "Feature",
      "geometry": {
        "type": "Point",
        "coordinates": [
          130.5280372,
          31.6173598
        ]
      },
      "properties": {
        "内容": "バス停: 伊敷町",
        "name": "伊敷町",
        "operator": "事業者不明",
        "ref": "",
        "url": "",
        "url2": ""
      }
    },
    {
      "type": "Feature",
      "geometry": {
        "type": "Point",
        "coordinates": [
          130.5269049,
          31.6183799
        ]
      },
      "properties": {
        "内容": "バス停: 伊敷町",
        "name": "伊敷町",
        "operator": "事業者不明",
        "ref": "",
        "url": "",
        "url2": ""
      }
    },
    {
      "type": "Feature",
      "geometry": {
        "type": "Point",
        "coordinates": [
          130.5073068,
          31.4705149
        ]
      },
      "properties": {
        "内容": "バス停: 動物園入口",
        "name": "動物園入口",
        "operator": "事業者不明",
        "ref": "",
        "url": "",
        "url2": ""
      }
    },
    {
      "type": "Feature",
      "geometry": {
        "type": "Point",
        "coordinates": [
          130.5071953,
          31.4704123
        ]
      },
      "properties": {
        "内容": "バス停: 動物園入口",
        "name": "動物園入口",
        "operator": "事業者不明",
        "ref": "",
        "url": "",
        "url2": ""
      }
    },
    {
      "type": "Feature",
      "geometry": {
        "type": "Point",
        "coordinates": [
          130.3821369,
          31.5155987
        ]
      },
      "properties": {
        "内容": "バス停: 並松",
        "name": "並松",
        "operator": "事業者不明",
        "ref": "",
        "url": "",
        "url2": ""
      }
    },
    {
      "type": "Feature",
      "geometry": {
        "type": "Point",
        "coordinates": [
          130.3825764,
          31.5155746
        ]
      },
      "properties": {
        "内容": "バス停: 並松",
        "name": "並松",
        "operator": "事業者不明",
        "ref": "",
        "url": "",
        "url2": ""
      }
    },
    {
      "type": "Feature",
      "geometry": {
        "type": "Point",
        "coordinates": [
          130.5539525,
          31.5670022
        ]
      },
      "properties": {
        "内容": "バス停: 体育館前",
        "name": "体育館前",
        "operator": "事業者不明",
        "ref": "",
        "url": "",
        "url2": ""
      }
    },
    {
      "type": "Feature",
      "geometry": {
        "type": "Point",
        "coordinates": [
          130.5544248,
          31.5662453
        ]
      },
      "properties": {
        "内容": "バス停: 体育館前",
        "name": "体育館前",
        "operator": "事業者不明",
        "ref": "",
        "url": "",
        "url2": ""
      }
    },
    {
      "type": "Feature",
      "geometry": {
        "type": "Point",
        "coordinates": [
          130.5435148,
          31.5562546
        ]
      },
      "properties": {
        "内容": "バス停: 紫原陸橋",
        "name": "紫原陸橋",
        "operator": "事業者不明",
        "ref": "",
        "url": "",
        "url2": ""
      }
    },
    {
      "type": "Feature",
      "geometry": {
        "type": "Point",
        "coordinates": [
          130.5436613,
          31.5562074
        ]
      },
      "properties": {
        "内容": "バス停: 紫原陸橋",
        "name": "紫原陸橋",
        "operator": "事業者不明",
        "ref": "",
        "url": "",
        "url2": ""
      }
    },
    {
      "type": "Feature",
      "geometry": {
        "type": "Point",
        "coordinates": [
          130.5409634,
          31.5580941
        ]
      },
      "properties": {
        "内容": "バス停: 志学館前",
        "name": "志学館前",
        "operator": "事業者不明",
        "ref": "",
        "url": "",
        "url2": ""
      }
    },
    {
      "type": "Feature",
      "geometry": {
        "type": "Point",
        "coordinates": [
          130.5408373,
          31.5579844
        ]
      },
      "properties": {
        "内容": "バス停: 志学館前",
        "name": "志学館前",
        "operator": "事業者不明",
        "ref": "",
        "url": "",
        "url2": ""
      }
    },
    {
      "type": "Feature",
      "geometry": {
        "type": "Point",
        "coordinates": [
          130.551731,
          31.5691304
        ]
      },
      "properties": {
        "内容": "バス停: 騎射場",
        "name": "騎射場",
        "operator": "事業者不明",
        "ref": "",
        "url": "",
        "url2": ""
      }
    },
    {
      "type": "Feature",
      "geometry": {
        "type": "Point",
        "coordinates": [
          130.5495873,
          31.5635772
        ]
      },
      "properties": {
        "内容": "バス停: 鴨池",
        "name": "鴨池",
        "operator": "事業者不明",
        "ref": "",
        "url": "",
        "url2": ""
      }
    },
    {
      "type": "Feature",
      "geometry": {
        "type": "Point",
        "coordinates": [
          130.5504069,
          31.5646696
        ]
      },
      "properties": {
        "内容": "バス停: 鴨池",
        "name": "鴨池",
        "operator": "事業者不明",
        "ref": "",
        "url": "",
        "url2": ""
      }
    },
    {
      "type": "Feature",
      "geometry": {
        "type": "Point",
        "coordinates": [
          130.5520339,
          31.5690443
        ]
      },
      "properties": {
        "内容": "バス停: 騎射場",
        "name": "騎射場",
        "operator": "事業者不明",
        "ref": "",
        "url": "",
        "url2": ""
      }
    },
    {
      "type": "Feature",
      "geometry": {
        "type": "Point",
        "coordinates": [
          130.3399992,
          31.531512
        ]
      },
      "properties": {
        "内容": "バス停: 花熟里北",
        "name": "花熟里北",
        "operator": "事業者不明",
        "ref": "",
        "url": "",
        "url2": ""
      }
    },
    {
      "type": "Feature",
      "geometry": {
        "type": "Point",
        "coordinates": [
          130.3492308,
          31.4951475
        ]
      },
      "properties": {
        "内容": "バス停: 大堀",
        "name": "大堀",
        "operator": "事業者不明",
        "ref": "",
        "url": "",
        "url2": ""
      }
    },
    {
      "type": "Feature",
      "geometry": {
        "type": "Point",
        "coordinates": [
          130.3514758,
          31.504649
        ]
      },
      "properties": {
        "内容": "バス停: 宮坂",
        "name": "宮坂",
        "operator": "事業者不明",
        "ref": "",
        "url": "",
        "url2": ""
      }
    },
    {
      "type": "Feature",
      "geometry": {
        "type": "Point",
        "coordinates": [
          130.3385721,
          31.5372194
        ]
      },
      "properties": {
        "内容": "バス停: 小野原",
        "name": "小野原",
        "operator": "事業者不明",
        "ref": "",
        "url": "",
        "url2": ""
      }
    },
    {
      "type": "Feature",
      "geometry": {
        "type": "Point",
        "coordinates": [
          130.4468235,
          31.5303224
        ]
      },
      "properties": {
        "内容": "バス停: 伊作峠",
        "name": "伊作峠",
        "operator": "事業者不明",
        "ref": "",
        "url": "",
        "url2": ""
      }
    },
    {
      "type": "Feature",
      "geometry": {
        "type": "Point",
        "coordinates": [
          130.4331967,
          31.5283869
        ]
      },
      "properties": {
        "内容": "バス停: 河野",
        "name": "河野",
        "operator": "事業者不明",
        "ref": "",
        "url": "",
        "url2": ""
      }
    },
    {
      "type": "Feature",
      "geometry": {
        "type": "Point",
        "coordinates": [
          130.3496395,
          31.5136659
        ]
      },
      "properties": {
        "内容": "バス停: 宮内",
        "name": "宮内",
        "operator": "事業者不明",
        "ref": "",
        "url": "",
        "url2": ""
      }
    },
    {
      "type": "Feature",
      "geometry": {
        "type": "Point",
        "coordinates": [
          130.4029877,
          31.3929442
        ]
      },
      "properties": {
        "内容": "バス停: 広瀬橋",
        "name": "広瀬橋",
        "operator": "事業者不明",
        "ref": "",
        "url": "",
        "url2": ""
      }
    },
    {
      "type": "Feature",
      "geometry": {
        "type": "Point",
        "coordinates": [
          130.4029282,
          31.392904
        ]
      },
      "properties": {
        "内容": "バス停: 広瀬橋",
        "name": "広瀬橋",
        "operator": "事業者不明",
        "ref": "",
        "url": "",
        "url2": ""
      }
    },
    {
      "type": "Feature",
      "geometry": {
        "type": "Point",
        "coordinates": [
          130.4236214,
          31.3702279
        ]
      },
      "properties": {
        "内容": "バス停: 城ケ崎",
        "name": "城ケ崎",
        "operator": "事業者不明",
        "ref": "",
        "url": "",
        "url2": ""
      }
    },
    {
      "type": "Feature",
      "geometry": {
        "type": "Point",
        "coordinates": [
          130.4228024,
          31.3702074
        ]
      },
      "properties": {
        "内容": "バス停: 城ケ崎",
        "name": "城ケ崎",
        "operator": "事業者不明",
        "ref": "",
        "url": "",
        "url2": ""
      }
    },
    {
      "type": "Feature",
      "geometry": {
        "type": "Point",
        "coordinates": [
          130.2932877,
          31.3745404
        ]
      },
      "properties": {
        "内容": "バス停: 大原",
        "name": "大原",
        "operator": "事業者不明",
        "ref": "",
        "url": "",
        "url2": ""
      }
    },
    {
      "type": "Feature",
      "geometry": {
        "type": "Point",
        "coordinates": [
          130.5518424,
          31.5892625
        ]
      },
      "properties": {
        "内容": "バス停: 高見馬場",
        "name": "高見馬場",
        "operator": "事業者不明",
        "ref": "鹿児島駅以遠",
        "url": "",
        "url2": ""
      }
    },
    {
      "type": "Feature",
      "geometry": {
        "type": "Point",
        "coordinates": [
          130.5546068,
          31.5902868
        ]
      },
      "properties": {
        "内容": "バス停: 天文館",
        "name": "天文館",
        "operator": "事業者不明",
        "ref": "5鹿児島中央駅前経由",
        "url": "",
        "url2": ""
      }
    },
    {
      "type": "Feature",
      "geometry": {
        "type": "Point",
        "coordinates": [
          130.5569262,
          31.5915345
        ]
      },
      "properties": {
        "内容": "バス停: いづろ",
        "name": "いづろ",
        "operator": "事業者不明",
        "ref": "",
        "url": "",
        "url2": ""
      }
    },
    {
      "type": "Feature",
      "geometry": {
        "type": "Point",
        "coordinates": [
          130.5569697,
          31.5912343
        ]
      },
      "properties": {
        "内容": "バス停: いづろ",
        "name": "いづろ",
        "operator": "事業者不明",
        "ref": "",
        "url": "",
        "url2": ""
      }
    },
    {
      "type": "Feature",
      "geometry": {
        "type": "Point",
        "coordinates": [
          130.4978924,
          31.5850817
        ]
      },
      "properties": {
        "内容": "バス停: 大峯車庫前",
        "name": "大峯車庫前",
        "operator": "事業者不明",
        "ref": "",
        "url": "",
        "url2": ""
      }
    },
    {
      "type": "Feature",
      "geometry": {
        "type": "Point",
        "coordinates": [
          130.4976698,
          31.5852017
        ]
      },
      "properties": {
        "内容": "バス停: 大峯車庫前",
        "name": "大峯車庫前",
        "operator": "事業者不明",
        "ref": "",
        "url": "",
        "url2": ""
      }
    },
    {
      "type": "Feature",
      "geometry": {
        "type": "Point",
        "coordinates": [
          130.510974,
          31.5869181
        ]
      },
      "properties": {
        "内容": "バス停: 大峯橋",
        "name": "大峯橋",
        "operator": "事業者不明",
        "ref": "",
        "url": "",
        "url2": ""
      }
    },
    {
      "type": "Feature",
      "geometry": {
        "type": "Point",
        "coordinates": [
          130.5108322,
          31.5869496
        ]
      },
      "properties": {
        "内容": "バス停: 大峯橋",
        "name": "大峯橋",
        "operator": "事業者不明",
        "ref": "",
        "url": "",
        "url2": ""
      }
    },
    {
      "type": "Feature",
      "geometry": {
        "type": "Point",
        "coordinates": [
          130.5087229,
          31.5894698
        ]
      },
      "properties": {
        "内容": "バス停: 出口橋",
        "name": "出口橋",
        "operator": "事業者不明",
        "ref": "",
        "url": "",
        "url2": ""
      }
    },
    {
      "type": "Feature",
      "geometry": {
        "type": "Point",
        "coordinates": [
          130.5075101,
          31.5904095
        ]
      },
      "properties": {
        "内容": "バス停: 出口橋",
        "name": "出口橋",
        "operator": "事業者不明",
        "ref": "",
        "url": "",
        "url2": ""
      }
    },
    {
      "type": "Feature",
      "geometry": {
        "type": "Point",
        "coordinates": [
          130.50593,
          31.5927181
        ]
      },
      "properties": {
        "内容": "バス停: 一心橋",
        "name": "一心橋",
        "operator": "事業者不明",
        "ref": "",
        "url": "",
        "url2": ""
      }
    },
    {
      "type": "Feature",
      "geometry": {
        "type": "Point",
        "coordinates": [
          130.5057831,
          31.5926654
        ]
      },
      "properties": {
        "内容": "バス停: 一心橋",
        "name": "一心橋",
        "operator": "事業者不明",
        "ref": "",
        "url": "",
        "url2": ""
      }
    },
    {
      "type": "Feature",
      "geometry": {
        "type": "Point",
        "coordinates": [
          130.5029974,
          31.5949215
        ]
      },
      "properties": {
        "内容": "バス停: 刈敷",
        "name": "刈敷",
        "operator": "事業者不明",
        "ref": "",
        "url": "",
        "url2": ""
      }
    },
    {
      "type": "Feature",
      "geometry": {
        "type": "Point",
        "coordinates": [
          130.5023837,
          31.5957774
        ]
      },
      "properties": {
        "内容": "バス停: 刈敷",
        "name": "刈敷",
        "operator": "事業者不明",
        "ref": "",
        "url": "",
        "url2": ""
      }
    },
    {
      "type": "Feature",
      "geometry": {
        "type": "Point",
        "coordinates": [
          130.4937975,
          31.5976375
        ]
      },
      "properties": {
        "内容": "バス停: 野首谷",
        "name": "野首谷",
        "operator": "事業者不明",
        "ref": "",
        "url": "",
        "url2": ""
      }
    },
    {
      "type": "Feature",
      "geometry": {
        "type": "Point",
        "coordinates": [
          130.4939868,
          31.5975652
        ]
      },
      "properties": {
        "内容": "バス停: 野首谷",
        "name": "野首谷",
        "operator": "事業者不明",
        "ref": "",
        "url": "",
        "url2": ""
      }
    },
    {
      "type": "Feature",
      "geometry": {
        "type": "Point",
        "coordinates": [
          130.4897182,
          31.5962651
        ]
      },
      "properties": {
        "内容": "バス停: 岩屋口",
        "name": "岩屋口",
        "operator": "事業者不明",
        "ref": "",
        "url": "",
        "url2": ""
      }
    },
    {
      "type": "Feature",
      "geometry": {
        "type": "Point",
        "coordinates": [
          130.4896992,
          31.5968039
        ]
      },
      "properties": {
        "内容": "バス停: 岩屋口",
        "name": "岩屋口",
        "operator": "事業者不明",
        "ref": "",
        "url": "",
        "url2": ""
      }
    },
    {
      "type": "Feature",
      "geometry": {
        "type": "Point",
        "coordinates": [
          130.4838613,
          31.6019346
        ]
      },
      "properties": {
        "内容": "バス停: 池田高校前",
        "name": "池田高校前",
        "operator": "事業者不明",
        "ref": "",
        "url": "",
        "url2": ""
      }
    },
    {
      "type": "Feature",
      "geometry": {
        "type": "Point",
        "coordinates": [
          130.4892113,
          31.6000544
        ]
      },
      "properties": {
        "内容": "バス停: 金井迫",
        "name": "金井迫",
        "operator": "事業者不明",
        "ref": "",
        "url": "",
        "url2": ""
      }
    },
    {
      "type": "Feature",
      "geometry": {
        "type": "Point",
        "coordinates": [
          130.4893874,
          31.5995253
        ]
      },
      "properties": {
        "内容": "バス停: 金井迫",
        "name": "金井迫",
        "operator": "事業者不明",
        "ref": "",
        "url": "",
        "url2": ""
      }
    },
    {
      "type": "Feature",
      "geometry": {
        "type": "Point",
        "coordinates": [
          130.4855517,
          31.6016294
        ]
      },
      "properties": {
        "内容": "バス停: 池田高校前",
        "name": "池田高校前",
        "operator": "事業者不明",
        "ref": "",
        "url": "",
        "url2": ""
      }
    },
    {
      "type": "Feature",
      "geometry": {
        "type": "Point",
        "coordinates": [
          130.4713395,
          31.5996062
        ]
      },
      "properties": {
        "内容": "バス停: 饅頭石原",
        "name": "饅頭石原",
        "operator": "事業者不明",
        "ref": "",
        "url": "",
        "url2": ""
      }
    },
    {
      "type": "Feature",
      "geometry": {
        "type": "Point",
        "coordinates": [
          130.5216128,
          31.5728153
        ]
      },
      "properties": {
        "内容": "バス停: 田上団地入口",
        "name": "田上団地入口",
        "operator": "事業者不明",
        "ref": "",
        "url": "",
        "url2": ""
      }
    },
    {
      "type": "Feature",
      "geometry": {
        "type": "Point",
        "coordinates": [
          130.5215295,
          31.5727183
        ]
      },
      "properties": {
        "内容": "バス停: 田上団地入口",
        "name": "田上団地入口",
        "operator": "事業者不明",
        "ref": "",
        "url": "",
        "url2": ""
      }
    },
    {
      "type": "Feature",
      "geometry": {
        "type": "Point",
        "coordinates": [
          130.5177246,
          31.5736196
        ]
      },
      "properties": {
        "内容": "バス停: 田上団地中央",
        "name": "田上団地中央",
        "operator": "事業者不明",
        "ref": "",
        "url": "",
        "url2": ""
      }
    },
    {
      "type": "Feature",
      "geometry": {
        "type": "Point",
        "coordinates": [
          130.5176201,
          31.5734938
        ]
      },
      "properties": {
        "内容": "バス停: 田上団地中央",
        "name": "田上団地中央",
        "operator": "事業者不明",
        "ref": "",
        "url": "",
        "url2": ""
      }
    },
    {
      "type": "Feature",
      "geometry": {
        "type": "Point",
        "coordinates": [
          130.5144452,
          31.573669
        ]
      },
      "properties": {
        "内容": "バス停: 田上団地",
        "name": "田上団地",
        "operator": "事業者不明",
        "ref": "",
        "url": "",
        "url2": ""
      }
    },
    {
      "type": "Feature",
      "geometry": {
        "type": "Point",
        "coordinates": [
          130.5138381,
          31.573854
        ]
      },
      "properties": {
        "内容": "バス停: 田上団地",
        "name": "田上団地",
        "operator": "事業者不明",
        "ref": "",
        "url": "",
        "url2": ""
      }
    },
    {
      "type": "Feature",
      "geometry": {
        "type": "Point",
        "coordinates": [
          130.5438688,
          31.5848791
        ]
      },
      "properties": {
        "内容": "バス停: 降車専用",
        "name": "降車専用",
        "operator": "事業者不明",
        "ref": "東10",
        "url": "",
        "url2": ""
      }
    },
    {
      "type": "Feature",
      "geometry": {
        "type": "Point",
        "coordinates": [
          130.3650461,
          31.6128742
        ]
      },
      "properties": {
        "内容": "バス停: 住吉支所",
        "name": "住吉支所",
        "operator": "事業者不明",
        "ref": "",
        "url": "",
        "url2": ""
      }
    },
    {
      "type": "Feature",
      "geometry": {
        "type": "Point",
        "coordinates": [
          130.3607229,
          31.6124679
        ]
      },
      "properties": {
        "内容": "バス停: 住吉住宅前",
        "name": "住吉住宅前",
        "operator": "事業者不明",
        "ref": "",
        "url": "",
        "url2": ""
      }
    },
    {
      "type": "Feature",
      "geometry": {
        "type": "Point",
        "coordinates": [
          130.3561494,
          31.6105842
        ]
      },
      "properties": {
        "内容": "バス停: 住吉校前",
        "name": "住吉校前",
        "operator": "事業者不明",
        "ref": "",
        "url": "",
        "url2": ""
      }
    },
    {
      "type": "Feature",
      "geometry": {
        "type": "Point",
        "coordinates": [
          130.4717447,
          31.5998117
        ]
      },
      "properties": {
        "内容": "バス停: 饅頭石原",
        "name": "饅頭石原",
        "operator": "事業者不明",
        "ref": "",
        "url": "",
        "url2": ""
      }
    },
    {
      "type": "Feature",
      "geometry": {
        "type": "Point",
        "coordinates": [
          130.4755329,
          31.6011336
        ]
      },
      "properties": {
        "内容": "バス停: 細田口",
        "name": "細田口",
        "operator": "事業者不明",
        "ref": "",
        "url": "",
        "url2": ""
      }
    },
    {
      "type": "Feature",
      "geometry": {
        "type": "Point",
        "coordinates": [
          130.474349,
          31.6011306
        ]
      },
      "properties": {
        "内容": "バス停: 細田口",
        "name": "細田口",
        "operator": "事業者不明",
        "ref": "",
        "url": "",
        "url2": ""
      }
    },
    {
      "type": "Feature",
      "geometry": {
        "type": "Point",
        "coordinates": [
          130.5541113,
          31.5525156
        ]
      },
      "properties": {
        "内容": "バス停: 鶴ケ崎",
        "name": "鶴ケ崎",
        "operator": "事業者不明",
        "ref": "",
        "url": "",
        "url2": ""
      }
    },
    {
      "type": "Feature",
      "geometry": {
        "type": "Point",
        "coordinates": [
          130.553921,
          31.5523514
        ]
      },
      "properties": {
        "内容": "バス停: 鶴ケ崎",
        "name": "鶴ケ崎",
        "operator": "事業者不明",
        "ref": "",
        "url": "",
        "url2": ""
      }
    },
    {
      "type": "Feature",
      "geometry": {
        "type": "Point",
        "coordinates": [
          130.5552646,
          31.5570933
        ]
      },
      "properties": {
        "内容": "バス停: 本町公園前",
        "name": "本町公園前",
        "operator": "事業者不明",
        "ref": "",
        "url": "",
        "url2": ""
      }
    },
    {
      "type": "Feature",
      "geometry": {
        "type": "Point",
        "coordinates": [
          130.5554772,
          31.5567637
        ]
      },
      "properties": {
        "内容": "バス停: 本町公園前",
        "name": "本町公園前",
        "operator": "事業者不明",
        "ref": "",
        "url": "",
        "url2": ""
      }
    },
    {
      "type": "Feature",
      "geometry": {
        "type": "Point",
        "coordinates": [
          130.5514594,
          31.5581952
        ]
      },
      "properties": {
        "内容": "バス停: 真砂中央",
        "name": "真砂中央",
        "operator": "事業者不明",
        "ref": "",
        "url": "",
        "url2": ""
      }
    },
    {
      "type": "Feature",
      "geometry": {
        "type": "Point",
        "coordinates": [
          130.5514968,
          31.5582978
        ]
      },
      "properties": {
        "内容": "バス停: 真砂中央",
        "name": "真砂中央",
        "operator": "事業者不明",
        "ref": "",
        "url": "",
        "url2": ""
      }
    },
    {
      "type": "Feature",
      "geometry": {
        "type": "Point",
        "coordinates": [
          130.5037644,
          31.5846803
        ]
      },
      "properties": {
        "内容": "バス停: 西陵7丁目",
        "name": "西陵7丁目",
        "operator": "事業者不明",
        "ref": "",
        "url": "",
        "url2": ""
      }
    },
    {
      "type": "Feature",
      "geometry": {
        "type": "Point",
        "coordinates": [
          130.503851,
          31.5845459
        ]
      },
      "properties": {
        "内容": "バス停: 西陵7丁目",
        "name": "西陵7丁目",
        "operator": "事業者不明",
        "ref": "",
        "url": "",
        "url2": ""
      }
    },
    {
      "type": "Feature",
      "geometry": {
        "type": "Point",
        "coordinates": [
          130.5069899,
          31.5843959
        ]
      },
      "properties": {
        "内容": "バス停: 西陵5丁目",
        "name": "西陵5丁目",
        "operator": "事業者不明",
        "ref": "",
        "url": "",
        "url2": ""
      }
    },
    {
      "type": "Feature",
      "geometry": {
        "type": "Point",
        "coordinates": [
          130.5068818,
          31.5844927
        ]
      },
      "properties": {
        "内容": "バス停: 西陵5丁目",
        "name": "西陵5丁目",
        "operator": "事業者不明",
        "ref": "",
        "url": "",
        "url2": ""
      }
    },
    {
      "type": "Feature",
      "geometry": {
        "type": "Point",
        "coordinates": [
          130.5371212,
          31.5780922
        ]
      },
      "properties": {
        "内容": "バス停: 武小前",
        "name": "武小前",
        "operator": "事業者不明",
        "ref": "",
        "url": "",
        "url2": ""
      }
    },
    {
      "type": "Feature",
      "geometry": {
        "type": "Point",
        "coordinates": [
          130.5369436,
          31.5781316
        ]
      },
      "properties": {
        "内容": "バス停: 武小前",
        "name": "武小前",
        "operator": "事業者不明",
        "ref": "",
        "url": "",
        "url2": ""
      }
    },
    {
      "type": "Feature",
      "geometry": {
        "type": "Point",
        "coordinates": [
          130.5344603,
          31.5745722
        ]
      },
      "properties": {
        "内容": "バス停: 天神南",
        "name": "天神南",
        "operator": "事業者不明",
        "ref": "",
        "url": "",
        "url2": ""
      }
    },
    {
      "type": "Feature",
      "geometry": {
        "type": "Point",
        "coordinates": [
          130.5344072,
          31.5744412
        ]
      },
      "properties": {
        "内容": "バス停: 天神南",
        "name": "天神南",
        "operator": "事業者不明",
        "ref": "",
        "url": "",
        "url2": ""
      }
    },
    {
      "type": "Feature",
      "geometry": {
        "type": "Point",
        "coordinates": [
          130.5274546,
          31.5756784
        ]
      },
      "properties": {
        "内容": "バス停: 天神寺ノ下",
        "name": "天神寺ノ下",
        "operator": "事業者不明",
        "ref": "",
        "url": "",
        "url2": ""
      }
    },
    {
      "type": "Feature",
      "geometry": {
        "type": "Point",
        "coordinates": [
          130.5273574,
          31.5755798
        ]
      },
      "properties": {
        "内容": "バス停: 天神寺ノ下",
        "name": "天神寺ノ下",
        "operator": "事業者不明",
        "ref": "",
        "url": "",
        "url2": ""
      }
    },
    {
      "type": "Feature",
      "geometry": {
        "type": "Point",
        "coordinates": [
          130.5298126,
          31.5750773
        ]
      },
      "properties": {
        "内容": "バス停: 天神中央",
        "name": "天神中央",
        "operator": "事業者不明",
        "ref": "",
        "url": "",
        "url2": ""
      }
    },
    {
      "type": "Feature",
      "geometry": {
        "type": "Point",
        "coordinates": [
          130.5301683,
          31.5749042
        ]
      },
      "properties": {
        "内容": "バス停: 天神中央",
        "name": "天神中央",
        "operator": "事業者不明",
        "ref": "",
        "url": "",
        "url2": ""
      }
    },
    {
      "type": "Feature",
      "geometry": {
        "type": "Point",
        "coordinates": [
          130.526699,
          31.5357335
        ]
      },
      "properties": {
        "内容": "バス停: 高見",
        "name": "高見",
        "operator": "事業者不明",
        "ref": "",
        "url": "",
        "url2": ""
      }
    },
    {
      "type": "Feature",
      "geometry": {
        "type": "Point",
        "coordinates": [
          130.5224861,
          31.5333586
        ]
      },
      "properties": {
        "内容": "バス停: 波之平",
        "name": "波之平",
        "operator": "事業者不明",
        "ref": "",
        "url": "",
        "url2": ""
      }
    },
    {
      "type": "Feature",
      "geometry": {
        "type": "Point",
        "coordinates": [
          130.5234714,
          31.4241599
        ]
      },
      "properties": {
        "内容": "バス停: 瀬々串",
        "name": "瀬々串",
        "operator": "事業者不明",
        "ref": "",
        "url": "",
        "url2": ""
      }
    },
    {
      "type": "Feature",
      "geometry": {
        "type": "Point",
        "coordinates": [
          130.5235387,
          31.4182698
        ]
      },
      "properties": {
        "内容": "バス停: 瀬々串浜",
        "name": "瀬々串浜",
        "operator": "事業者不明",
        "ref": "",
        "url": "",
        "url2": ""
      }
    },
    {
      "type": "Feature",
      "geometry": {
        "type": "Point",
        "coordinates": [
          130.523689,
          31.4181821
        ]
      },
      "properties": {
        "内容": "バス停: 瀬々串浜",
        "name": "瀬々串浜",
        "operator": "事業者不明",
        "ref": "",
        "url": "",
        "url2": ""
      }
    },
    {
      "type": "Feature",
      "geometry": {
        "type": "Point",
        "coordinates": [
          130.5605456,
          31.3324416
        ]
      },
      "properties": {
        "内容": "バス停: 鈴",
        "name": "鈴",
        "operator": "事業者不明",
        "ref": "",
        "url": "",
        "url2": ""
      }
    },
    {
      "type": "Feature",
      "geometry": {
        "type": "Point",
        "coordinates": [
          130.5632651,
          31.3267115
        ]
      },
      "properties": {
        "内容": "バス停: 久津輪",
        "name": "久津輪",
        "operator": "事業者不明",
        "ref": "",
        "url": "",
        "url2": ""
      }
    },
    {
      "type": "Feature",
      "geometry": {
        "type": "Point",
        "coordinates": [
          130.5675579,
          31.3175975
        ]
      },
      "properties": {
        "内容": "バス停: 米倉",
        "name": "米倉",
        "operator": "事業者不明",
        "ref": "",
        "url": "",
        "url2": ""
      }
    },
    {
      "type": "Feature",
      "geometry": {
        "type": "Point",
        "coordinates": [
          130.5450227,
          31.3739498
        ]
      },
      "properties": {
        "内容": "バス停: 喜入",
        "name": "喜入",
        "operator": "事業者不明",
        "ref": "",
        "url": "",
        "url2": ""
      }
    },
    {
      "type": "Feature",
      "geometry": {
        "type": "Point",
        "coordinates": [
          130.545004,
          31.3738262
        ]
      },
      "properties": {
        "内容": "バス停: 喜入",
        "name": "喜入",
        "operator": "事業者不明",
        "ref": "",
        "url": "",
        "url2": ""
      }
    },
    {
      "type": "Feature",
      "geometry": {
        "type": "Point",
        "coordinates": [
          130.5621574,
          31.600642
        ]
      },
      "properties": {
        "内容": "バス停: 鹿児島駅前",
        "name": "鹿児島駅前",
        "operator": "事業者不明",
        "ref": "",
        "url": "",
        "url2": ""
      }
    },
    {
      "type": "Feature",
      "geometry": {
        "type": "Point",
        "coordinates": [
          130.5489204,
          31.5878514
        ]
      },
      "properties": {
        "内容": "バス停: 加治屋町",
        "name": "加治屋町",
        "operator": "事業者不明",
        "ref": "鹿児島駅以遠",
        "url": "",
        "url2": ""
      }
    },
    {
      "type": "Feature",
      "geometry": {
        "type": "Point",
        "coordinates": [
          130.5045768,
          31.4657701
        ]
      },
      "properties": {
        "内容": "バス停: 錦江湾公園入口",
        "name": "錦江湾公園入口",
        "operator": "事業者不明",
        "ref": "",
        "url": "",
        "url2": ""
      }
    },
    {
      "type": "Feature",
      "geometry": {
        "type": "Point",
        "coordinates": [
          130.5048359,
          31.4660019
        ]
      },
      "properties": {
        "内容": "バス停: 錦江湾公園入口",
        "name": "錦江湾公園入口",
        "operator": "事業者不明",
        "ref": "",
        "url": "",
        "url2": ""
      }
    },
    {
      "type": "Feature",
      "geometry": {
        "type": "Point",
        "coordinates": [
          130.4425582,
          31.3189523
        ]
      },
      "properties": {
        "内容": "バス停: 浮辺",
        "name": "浮辺",
        "operator": "事業者不明",
        "ref": "",
        "url": "",
        "url2": ""
      }
    },
    {
      "type": "Feature",
      "geometry": {
        "type": "Point",
        "coordinates": [
          130.4467878,
          31.3085991
        ]
      },
      "properties": {
        "内容": "バス停: 加治佐",
        "name": "加治佐",
        "operator": "事業者不明",
        "ref": "",
        "url": "",
        "url2": ""
      }
    },
    {
      "type": "Feature",
      "geometry": {
        "type": "Point",
        "coordinates": [
          130.4594796,
          31.2992383
        ]
      },
      "properties": {
        "内容": "バス停: 青戸",
        "name": "青戸",
        "operator": "事業者不明",
        "ref": "",
        "url": "",
        "url2": ""
      }
    },
    {
      "type": "Feature",
      "geometry": {
        "type": "Point",
        "coordinates": [
          130.2829772,
          31.2951772
        ]
      },
      "properties": {
        "内容": "バス停: 神浦橋",
        "name": "神浦橋",
        "operator": "事業者不明",
        "ref": "",
        "url": "",
        "url2": ""
      }
    },
    {
      "type": "Feature",
      "geometry": {
        "type": "Point",
        "coordinates": [
          130.2977683,
          31.2695386
        ]
      },
      "properties": {
        "内容": "バス停: 西本町",
        "name": "西本町",
        "operator": "事業者不明",
        "ref": "",
        "url": "",
        "url2": ""
      }
    },
    {
      "type": "Feature",
      "geometry": {
        "type": "Point",
        "coordinates": [
          130.2977966,
          31.269379
        ]
      },
      "properties": {
        "内容": "バス停: 西本町",
        "name": "西本町",
        "operator": "事業者不明",
        "ref": "",
        "url": "",
        "url2": ""
      }
    },
    {
      "type": "Feature",
      "geometry": {
        "type": "Point",
        "coordinates": [
          130.2988942,
          31.2701724
        ]
      },
      "properties": {
        "内容": "バス停: 東本町",
        "name": "東本町",
        "operator": "事業者不明",
        "ref": "",
        "url": "",
        "url2": ""
      }
    },
    {
      "type": "Feature",
      "geometry": {
        "type": "Point",
        "coordinates": [
          130.2990183,
          31.2701695
        ]
      },
      "properties": {
        "内容": "バス停: 東本町",
        "name": "東本町",
        "operator": "事業者不明",
        "ref": "",
        "url": "",
        "url2": ""
      }
    },
    {
      "type": "Feature",
      "geometry": {
        "type": "Point",
        "coordinates": [
          130.3098645,
          31.2660803
        ]
      },
      "properties": {
        "内容": "バス停: 岩戸鉱泉",
        "name": "岩戸鉱泉",
        "operator": "事業者不明",
        "ref": "",
        "url": "",
        "url2": ""
      }
    },
    {
      "type": "Feature",
      "geometry": {
        "type": "Point",
        "coordinates": [
          130.2945221,
          31.2698252
        ]
      },
      "properties": {
        "内容": "バス停: 中央通り",
        "name": "中央通り",
        "operator": "事業者不明",
        "ref": "",
        "url": "",
        "url2": ""
      }
    },
    {
      "type": "Feature",
      "geometry": {
        "type": "Point",
        "coordinates": [
          130.2946393,
          31.2699206
        ]
      },
      "properties": {
        "内容": "バス停: 中央通り",
        "name": "中央通り",
        "operator": "事業者不明",
        "ref": "",
        "url": "",
        "url2": ""
      }
    },
    {
      "type": "Feature",
      "geometry": {
        "type": "Point",
        "coordinates": [
          130.2907867,
          31.2715752
        ]
      },
      "properties": {
        "内容": "バス停: 松之尾",
        "name": "松之尾",
        "operator": "事業者不明",
        "ref": "",
        "url": "",
        "url2": ""
      }
    },
    {
      "type": "Feature",
      "geometry": {
        "type": "Point",
        "coordinates": [
          130.2907644,
          31.271402
        ]
      },
      "properties": {
        "内容": "バス停: 松之尾",
        "name": "松之尾",
        "operator": "事業者不明",
        "ref": "",
        "url": "",
        "url2": ""
      }
    },
    {
      "type": "Feature",
      "geometry": {
        "type": "Point",
        "coordinates": [
          130.2877295,
          31.2719376
        ]
      },
      "properties": {
        "内容": "バス停: 花渡橋",
        "name": "花渡橋",
        "operator": "事業者不明",
        "ref": "",
        "url": "",
        "url2": ""
      }
    },
    {
      "type": "Feature",
      "geometry": {
        "type": "Point",
        "coordinates": [
          130.2877124,
          31.2717843
        ]
      },
      "properties": {
        "内容": "バス停: 花渡橋",
        "name": "花渡橋",
        "operator": "事業者不明",
        "ref": "",
        "url": "",
        "url2": ""
      }
    },
    {
      "type": "Feature",
      "geometry": {
        "type": "Point",
        "coordinates": [
          130.3517195,
          31.2589321
        ]
      },
      "properties": {
        "内容": "バス停: ウエルフェア九州病院",
        "name": "ウエルフェア九州病院",
        "operator": "事業者不明",
        "ref": "",
        "url": "",
        "url2": ""
      }
    },
    {
      "type": "Feature",
      "geometry": {
        "type": "Point",
        "coordinates": [
          130.5018915,
          31.6454423
        ]
      },
      "properties": {
        "内容": "バス停: かごしま健康の森公園",
        "name": "かごしま健康の森公園",
        "operator": "事業者不明",
        "ref": "",
        "url": "",
        "url2": ""
      }
    },
    {
      "type": "Feature",
      "geometry": {
        "type": "Point",
        "coordinates": [
          130.5515828,
          31.5888508
        ]
      },
      "properties": {
        "内容": "バス停: 高見馬場",
        "name": "高見馬場",
        "operator": "事業者不明",
        "ref": "1鴨池・谷山方面",
        "url": "",
        "url2": ""
      }
    },
    {
      "type": "Feature",
      "geometry": {
        "type": "Point",
        "coordinates": [
          130.5518331,
          31.5889621
        ]
      },
      "properties": {
        "内容": "バス停: 高見馬場",
        "name": "高見馬場",
        "operator": "事業者不明",
        "ref": "2鹿児島中央駅方面",
        "url": "",
        "url2": ""
      }
    },
    {
      "type": "Feature",
      "geometry": {
        "type": "Point",
        "coordinates": [
          130.5527005,
          31.5893818
        ]
      },
      "properties": {
        "内容": "バス停: 高見馬場",
        "name": "高見馬場",
        "operator": "事業者不明",
        "ref": "3国道3号線・伊敷方面",
        "url": "",
        "url2": ""
      }
    },
    {
      "type": "Feature",
      "geometry": {
        "type": "Point",
        "coordinates": [
          130.5530345,
          31.589538
        ]
      },
      "properties": {
        "内容": "バス停: 高見馬場",
        "name": "高見馬場",
        "operator": "事業者不明",
        "ref": "4明和方面",
        "url": "",
        "url2": ""
      }
    },
    {
      "type": "Feature",
      "geometry": {
        "type": "Point",
        "coordinates": [
          130.5450259,
          31.5642293
        ]
      },
      "properties": {
        "内容": "バス停: 中郡陸橋",
        "name": "中郡陸橋",
        "operator": "事業者不明",
        "ref": "",
        "url": "",
        "url2": ""
      }
    },
    {
      "type": "Feature",
      "geometry": {
        "type": "Point",
        "coordinates": [
          130.5453154,
          31.5643508
        ]
      },
      "properties": {
        "内容": "バス停: 中郡陸橋",
        "name": "中郡陸橋",
        "operator": "事業者不明",
        "ref": "",
        "url": "",
        "url2": ""
      }
    },
    {
      "type": "Feature",
      "geometry": {
        "type": "Point",
        "coordinates": [
          130.5457806,
          31.5659912
        ]
      },
      "properties": {
        "内容": "バス停: 附属小前",
        "name": "附属小前",
        "operator": "事業者不明",
        "ref": "",
        "url": "",
        "url2": ""
      }
    },
    {
      "type": "Feature",
      "geometry": {
        "type": "Point",
        "coordinates": [
          130.5458747,
          31.5658329
        ]
      },
      "properties": {
        "内容": "バス停: 附属小前",
        "name": "附属小前",
        "operator": "事業者不明",
        "ref": "",
        "url": "",
        "url2": ""
      }
    },
    {
      "type": "Feature",
      "geometry": {
        "type": "Point",
        "coordinates": [
          130.5465793,
          31.5696177
        ]
      },
      "properties": {
        "内容": "バス停: 法文学部前",
        "name": "法文学部前",
        "operator": "事業者不明",
        "ref": "",
        "url": "",
        "url2": ""
      }
    },
    {
      "type": "Feature",
      "geometry": {
        "type": "Point",
        "coordinates": [
          130.5467523,
          31.5699647
        ]
      },
      "properties": {
        "内容": "バス停: 法文学部前",
        "name": "法文学部前",
        "operator": "事業者不明",
        "ref": "",
        "url": "",
        "url2": ""
      }
    },
    {
      "type": "Feature",
      "geometry": {
        "type": "Point",
        "coordinates": [
          130.546735,
          31.5727411
        ]
      },
      "properties": {
        "内容": "バス停: 鹿大正門前",
        "name": "鹿大正門前",
        "operator": "事業者不明",
        "ref": "",
        "url": "",
        "url2": ""
      }
    },
    {
      "type": "Feature",
      "geometry": {
        "type": "Point",
        "coordinates": [
          130.5464066,
          31.5720693
        ]
      },
      "properties": {
        "内容": "バス停: 鹿大正門前",
        "name": "鹿大正門前",
        "operator": "事業者不明",
        "ref": "",
        "url": "",
        "url2": ""
      }
    },
    {
      "type": "Feature",
      "geometry": {
        "type": "Point",
        "coordinates": [
          130.5476069,
          31.5748213
        ]
      },
      "properties": {
        "内容": "バス停: 上荒田町",
        "name": "上荒田町",
        "operator": "事業者不明",
        "ref": "",
        "url": "",
        "url2": ""
      }
    },
    {
      "type": "Feature",
      "geometry": {
        "type": "Point",
        "coordinates": [
          130.5476686,
          31.5757742
        ]
      },
      "properties": {
        "内容": "バス停: 上荒田町",
        "name": "上荒田町",
        "operator": "事業者不明",
        "ref": "",
        "url": "",
        "url2": ""
      }
    },
    {
      "type": "Feature",
      "geometry": {
        "type": "Point",
        "coordinates": [
          130.5335166,
          31.5441655
        ]
      },
      "properties": {
        "内容": "バス停: 宇宿前迫",
        "name": "宇宿前迫",
        "operator": "事業者不明",
        "ref": "",
        "url": "",
        "url2": ""
      }
    },
    {
      "type": "Feature",
      "geometry": {
        "type": "Point",
        "coordinates": [
          130.5336811,
          31.5441018
        ]
      },
      "properties": {
        "内容": "バス停: 宇宿前迫",
        "name": "宇宿前迫",
        "operator": "事業者不明",
        "ref": "",
        "url": "",
        "url2": ""
      }
    },
    {
      "type": "Feature",
      "geometry": {
        "type": "Point",
        "coordinates": [
          130.5202612,
          31.5455519
        ]
      },
      "properties": {
        "内容": "バス停: 桜ヶ丘6丁目公園前",
        "name": "桜ヶ丘6丁目公園前",
        "operator": "事業者不明",
        "ref": "",
        "url": "",
        "url2": ""
      }
    },
    {
      "type": "Feature",
      "geometry": {
        "type": "Point",
        "coordinates": [
          130.51668,
          31.5058905
        ]
      },
      "properties": {
        "内容": "バス停: 交通安全教育センター前",
        "name": "交通安全教育センター前",
        "operator": "事業者不明",
        "ref": "",
        "url": "",
        "url2": ""
      }
    },
    {
      "type": "Feature",
      "geometry": {
        "type": "Point",
        "coordinates": [
          130.5164412,
          31.5057352
        ]
      },
      "properties": {
        "内容": "バス停: 交通安全教育センター前",
        "name": "交通安全教育センター前",
        "operator": "事業者不明",
        "ref": "",
        "url": "",
        "url2": ""
      }
    },
    {
      "type": "Feature",
      "geometry": {
        "type": "Point",
        "coordinates": [
          130.468315,
          31.5946922
        ]
      },
      "properties": {
        "内容": "バス停: 仁田尾口",
        "name": "仁田尾口",
        "operator": "事業者不明",
        "ref": "",
        "url": "",
        "url2": ""
      }
    },
    {
      "type": "Feature",
      "geometry": {
        "type": "Point",
        "coordinates": [
          130.468488,
          31.5946233
        ]
      },
      "properties": {
        "内容": "バス停: 仁田尾口",
        "name": "仁田尾口",
        "operator": "事業者不明",
        "ref": "",
        "url": "",
        "url2": ""
      }
    },
    {
      "type": "Feature",
      "geometry": {
        "type": "Point",
        "coordinates": [
          130.5140117,
          31.5587834
        ]
      },
      "properties": {
        "内容": "バス停: 桜ヶ丘1丁目",
        "name": "桜ヶ丘1丁目",
        "operator": "事業者不明",
        "ref": "",
        "url": "",
        "url2": ""
      }
    },
    {
      "type": "Feature",
      "geometry": {
        "type": "Point",
        "coordinates": [
          130.5176545,
          31.5508617
        ]
      },
      "properties": {
        "内容": "バス停: 桜ヶ丘四丁目",
        "name": "桜ヶ丘四丁目",
        "operator": "事業者不明",
        "ref": "",
        "url": "",
        "url2": ""
      }
    },
    {
      "type": "Feature",
      "geometry": {
        "type": "Point",
        "coordinates": [
          130.5158466,
          31.5532659
        ]
      },
      "properties": {
        "内容": "バス停: 桜ケ丘中央公園前",
        "name": "桜ケ丘中央公園前",
        "operator": "事業者不明",
        "ref": "",
        "url": "",
        "url2": ""
      }
    },
    {
      "type": "Feature",
      "geometry": {
        "type": "Point",
        "coordinates": [
          130.5157558,
          31.5532247
        ]
      },
      "properties": {
        "内容": "バス停: 桜ケ丘中央公園前",
        "name": "桜ケ丘中央公園前",
        "operator": "事業者不明",
        "ref": "",
        "url": "",
        "url2": ""
      }
    },
    {
      "type": "Feature",
      "geometry": {
        "type": "Point",
        "coordinates": [
          130.5172839,
          31.5512116
        ]
      },
      "properties": {
        "内容": "バス停: 桜ヶ丘四丁目",
        "name": "桜ヶ丘四丁目",
        "operator": "事業者不明",
        "ref": "",
        "url": "",
        "url2": ""
      }
    },
    {
      "type": "Feature",
      "geometry": {
        "type": "Point",
        "coordinates": [
          130.5116032,
          31.5594251
        ]
      },
      "properties": {
        "内容": "バス停: 桜ヶ丘北口",
        "name": "桜ヶ丘北口",
        "operator": "事業者不明",
        "ref": "",
        "url": "",
        "url2": ""
      }
    },
    {
      "type": "Feature",
      "geometry": {
        "type": "Point",
        "coordinates": [
          130.5116882,
          31.5592092
        ]
      },
      "properties": {
        "内容": "バス停: 桜ヶ丘北口",
        "name": "桜ヶ丘北口",
        "operator": "事業者不明",
        "ref": "",
        "url": "",
        "url2": ""
      }
    },
    {
      "type": "Feature",
      "geometry": {
        "type": "Point",
        "coordinates": [
          130.5459481,
          31.5837447
        ]
      },
      "properties": {
        "内容": "バス停: 共研公園前",
        "name": "共研公園前",
        "operator": "事業者不明",
        "ref": "",
        "url": "",
        "url2": ""
      }
    },
    {
      "type": "Feature",
      "geometry": {
        "type": "Point",
        "coordinates": [
          130.5493349,
          31.5835065
        ]
      },
      "properties": {
        "内容": "バス停: 高麗橋",
        "name": "高麗橋",
        "operator": "事業者不明",
        "ref": "",
        "url": "",
        "url2": ""
      }
    },
    {
      "type": "Feature",
      "geometry": {
        "type": "Point",
        "coordinates": [
          130.5493489,
          31.5832629
        ]
      },
      "properties": {
        "内容": "バス停: 高麗橋",
        "name": "高麗橋",
        "operator": "事業者不明",
        "ref": "",
        "url": "",
        "url2": ""
      }
    },
    {
      "type": "Feature",
      "geometry": {
        "type": "Point",
        "coordinates": [
          130.5496736,
          31.5827114
        ]
      },
      "properties": {
        "内容": "バス停: 高麗橋",
        "name": "高麗橋",
        "operator": "事業者不明",
        "ref": "",
        "url": "",
        "url2": ""
      }
    },
    {
      "type": "Feature",
      "geometry": {
        "type": "Point",
        "coordinates": [
          130.549879,
          31.5827184
        ]
      },
      "properties": {
        "内容": "バス停: 高麗橋",
        "name": "高麗橋",
        "operator": "事業者不明",
        "ref": "",
        "url": "",
        "url2": ""
      }
    },
    {
      "type": "Feature",
      "geometry": {
        "type": "Point",
        "coordinates": [
          130.5542836,
          31.5901318
        ]
      },
      "properties": {
        "内容": "バス停: 天文館",
        "name": "天文館",
        "operator": "事業者不明",
        "ref": "4指宿・谷山方面",
        "url": "",
        "url2": ""
      }
    },
    {
      "type": "Feature",
      "geometry": {
        "type": "Point",
        "coordinates": [
          130.5550075,
          31.5904704
        ]
      },
      "properties": {
        "内容": "バス停: 天文館",
        "name": "天文館",
        "operator": "事業者不明",
        "ref": "6国道3号線・川内方面",
        "url": "",
        "url2": ""
      }
    },
    {
      "type": "Feature",
      "geometry": {
        "type": "Point",
        "coordinates": [
          130.5576138,
          31.5956242
        ]
      },
      "properties": {
        "内容": "バス停: 市役所前",
        "name": "市役所前",
        "operator": "事業者不明",
        "ref": "3 国道3号線・伊敷方面",
        "url": "",
        "url2": ""
      }
    },
    {
      "type": "Feature",
      "geometry": {
        "type": "Point",
        "coordinates": [
          130.5574865,
          31.5952601
        ]
      },
      "properties": {
        "内容": "バス停: 市役所前",
        "name": "市役所前",
        "operator": "事業者不明",
        "ref": "1 大門口・二中通・指宿・谷山方面",
        "url": "",
        "url2": ""
      }
    },
    {
      "type": "Feature",
      "geometry": {
        "type": "Point",
        "coordinates": [
          130.5575259,
          31.5953889
        ]
      },
      "properties": {
        "内容": "バス停: 市役所前",
        "name": "市役所前",
        "operator": "事業者不明",
        "ref": "2 鹿児島中央駅前方面",
        "url": "",
        "url2": ""
      }
    },
    {
      "type": "Feature",
      "geometry": {
        "type": "Point",
        "coordinates": [
          130.5615326,
          31.600733
        ]
      },
      "properties": {
        "内容": "バス停: 鹿児島駅前",
        "name": "鹿児島駅前",
        "operator": "事業者不明",
        "ref": "",
        "url": "",
        "url2": ""
      }
    },
    {
      "type": "Feature",
      "geometry": {
        "type": "Point",
        "coordinates": [
          130.5491002,
          31.5879387
        ]
      },
      "properties": {
        "内容": "バス停: 加治屋町",
        "name": "加治屋町",
        "operator": "事業者不明",
        "ref": "鹿児島駅まで",
        "url": "",
        "url2": ""
      }
    },
    {
      "type": "Feature",
      "geometry": {
        "type": "Point",
        "coordinates": [
          130.5528674,
          31.5897578
        ]
      },
      "properties": {
        "内容": "バス停: 高見馬場",
        "name": "高見馬場",
        "operator": "事業者不明",
        "ref": "鹿児島駅まで",
        "url": "",
        "url2": ""
      }
    },
    {
      "type": "Feature",
      "geometry": {
        "type": "Point",
        "coordinates": [
          130.5544177,
          31.5905074
        ]
      },
      "properties": {
        "内容": "バス停: 天文館",
        "name": "天文館",
        "operator": "事業者不明",
        "ref": "鹿児島駅以遠",
        "url": "",
        "url2": ""
      }
    },
    {
      "type": "Feature",
      "geometry": {
        "type": "Point",
        "coordinates": [
          130.5575088,
          31.5922531
        ]
      },
      "properties": {
        "内容": "バス停: 金生町",
        "name": "金生町",
        "operator": "事業者不明",
        "ref": "鹿児島駅以遠",
        "url": "",
        "url2": ""
      }
    },
    {
      "type": "Feature",
      "geometry": {
        "type": "Point",
        "coordinates": [
          130.5580012,
          31.5911068
        ]
      },
      "properties": {
        "内容": "バス停: いづろ",
        "name": "いづろ",
        "operator": "事業者不明",
        "ref": "",
        "url": "",
        "url2": ""
      }
    },
    {
      "type": "Feature",
      "geometry": {
        "type": "Point",
        "coordinates": [
          130.5581667,
          31.5913091
        ]
      },
      "properties": {
        "内容": "バス停: いづろ",
        "name": "いづろ",
        "operator": "事業者不明",
        "ref": "",
        "url": "",
        "url2": ""
      }
    },
    {
      "type": "Feature",
      "geometry": {
        "type": "Point",
        "coordinates": [
          130.5571956,
          31.5953012
        ]
      },
      "properties": {
        "内容": "バス停: 市役所前",
        "name": "市役所前",
        "operator": "事業者不明",
        "ref": "鹿児島駅以遠",
        "url": "",
        "url2": ""
      }
    },
    {
      "type": "Feature",
      "geometry": {
        "type": "Point",
        "coordinates": [
          130.5634701,
          31.6019332
        ]
      },
      "properties": {
        "内容": "バス停: 栄町 (南国交通;鹿児島交通)",
        "name": "栄町",
        "operator": "南国交通;鹿児島交通",
        "ref": "",
        "url": "",
        "url2": ""
      }
    },
    {
      "type": "Feature",
      "geometry": {
        "type": "Point",
        "coordinates": [
          130.5653675,
          31.604934
        ]
      },
      "properties": {
        "内容": "バス停: 春日町",
        "name": "春日町",
        "operator": "事業者不明",
        "ref": "",
        "url": "",
        "url2": ""
      }
    },
    {
      "type": "Feature",
      "geometry": {
        "type": "Point",
        "coordinates": [
          130.5653852,
          31.6047197
        ]
      },
      "properties": {
        "内容": "バス停: 春日町",
        "name": "春日町",
        "operator": "事業者不明",
        "ref": "",
        "url": "",
        "url2": ""
      }
    },
    {
      "type": "Feature",
      "geometry": {
        "type": "Point",
        "coordinates": [
          130.5683964,
          31.607522
        ]
      },
      "properties": {
        "内容": "バス停: 清水町",
        "name": "清水町",
        "operator": "事業者不明",
        "ref": "",
        "url": "",
        "url2": ""
      }
    },
    {
      "type": "Feature",
      "geometry": {
        "type": "Point",
        "coordinates": [
          130.5682917,
          31.6077162
        ]
      },
      "properties": {
        "内容": "バス停: 清水町",
        "name": "清水町",
        "operator": "事業者不明",
        "ref": "",
        "url": "",
        "url2": ""
      }
    },
    {
      "type": "Feature",
      "geometry": {
        "type": "Point",
        "coordinates": [
          130.5700616,
          31.6103428
        ]
      },
      "properties": {
        "内容": "バス停: 稲荷町",
        "name": "稲荷町",
        "operator": "事業者不明",
        "ref": "",
        "url": "",
        "url2": ""
      }
    },
    {
      "type": "Feature",
      "geometry": {
        "type": "Point",
        "coordinates": [
          130.5711433,
          31.6159629
        ]
      },
      "properties": {
        "内容": "バス停: 滝之神",
        "name": "滝之神",
        "operator": "事業者不明",
        "ref": "",
        "url": "",
        "url2": ""
      }
    },
    {
      "type": "Feature",
      "geometry": {
        "type": "Point",
        "coordinates": [
          130.5708703,
          31.6159292
        ]
      },
      "properties": {
        "内容": "バス停: 滝之神",
        "name": "滝之神",
        "operator": "事業者不明",
        "ref": "",
        "url": "",
        "url2": ""
      }
    },
    {
      "type": "Feature",
      "geometry": {
        "type": "Point",
        "coordinates": [
          130.5732525,
          31.6210847
        ]
      },
      "properties": {
        "内容": "バス停: 雀ケ宮",
        "name": "雀ケ宮",
        "operator": "事業者不明",
        "ref": "",
        "url": "",
        "url2": ""
      }
    },
    {
      "type": "Feature",
      "geometry": {
        "type": "Point",
        "coordinates": [
          130.5730533,
          31.6206485
        ]
      },
      "properties": {
        "内容": "バス停: 雀ケ宮",
        "name": "雀ケ宮",
        "operator": "事業者不明",
        "ref": "",
        "url": "",
        "url2": ""
      }
    },
    {
      "type": "Feature",
      "geometry": {
        "type": "Point",
        "coordinates": [
          130.5702371,
          31.6257126
        ]
      },
      "properties": {
        "内容": "バス停: 柿之迫",
        "name": "柿之迫",
        "operator": "事業者不明",
        "ref": "",
        "url": "",
        "url2": ""
      }
    },
    {
      "type": "Feature",
      "geometry": {
        "type": "Point",
        "coordinates": [
          130.5703525,
          31.6259216
        ]
      },
      "properties": {
        "内容": "バス停: 柿之迫",
        "name": "柿之迫",
        "operator": "事業者不明",
        "ref": "",
        "url": "",
        "url2": ""
      }
    },
    {
      "type": "Feature",
      "geometry": {
        "type": "Point",
        "coordinates": [
          130.5712112,
          31.6299903
        ]
      },
      "properties": {
        "内容": "バス停: 早馬",
        "name": "早馬",
        "operator": "事業者不明",
        "ref": "",
        "url": "",
        "url2": ""
      }
    },
    {
      "type": "Feature",
      "geometry": {
        "type": "Point",
        "coordinates": [
          130.5708125,
          31.6338167
        ]
      },
      "properties": {
        "内容": "バス停: 新堀",
        "name": "新堀",
        "operator": "事業者不明",
        "ref": "",
        "url": "",
        "url2": ""
      }
    },
    {
      "type": "Feature",
      "geometry": {
        "type": "Point",
        "coordinates": [
          130.5709819,
          31.6337011
        ]
      },
      "properties": {
        "内容": "バス停: 新堀",
        "name": "新堀",
        "operator": "事業者不明",
        "ref": "",
        "url": "",
        "url2": ""
      }
    },
    {
      "type": "Feature",
      "geometry": {
        "type": "Point",
        "coordinates": [
          130.5706921,
          31.639893
        ]
      },
      "properties": {
        "内容": "バス停: 無線前",
        "name": "無線前",
        "operator": "事業者不明",
        "ref": "",
        "url": "",
        "url2": ""
      }
    },
    {
      "type": "Feature",
      "geometry": {
        "type": "Point",
        "coordinates": [
          130.5700945,
          31.6400938
        ]
      },
      "properties": {
        "内容": "バス停: 無線前",
        "name": "無線前",
        "operator": "事業者不明",
        "ref": "",
        "url": "",
        "url2": ""
      }
    },
    {
      "type": "Feature",
      "geometry": {
        "type": "Point",
        "coordinates": [
          130.5702192,
          31.6391863
        ]
      },
      "properties": {
        "内容": "バス停: 無線前",
        "name": "無線前",
        "operator": "事業者不明",
        "ref": "",
        "url": "",
        "url2": ""
      }
    },
    {
      "type": "Feature",
      "geometry": {
        "type": "Point",
        "coordinates": [
          130.5707845,
          31.6398555
        ]
      },
      "properties": {
        "内容": "バス停: 無線前",
        "name": "無線前",
        "operator": "事業者不明",
        "ref": "",
        "url": "",
        "url2": ""
      }
    },
    {
      "type": "Feature",
      "geometry": {
        "type": "Point",
        "coordinates": [
          130.5704074,
          31.6428844
        ]
      },
      "properties": {
        "内容": "バス停: 帯迫",
        "name": "帯迫",
        "operator": "事業者不明",
        "ref": "",
        "url": "",
        "url2": ""
      }
    },
    {
      "type": "Feature",
      "geometry": {
        "type": "Point",
        "coordinates": [
          130.5705294,
          31.6425936
        ]
      },
      "properties": {
        "内容": "バス停: 帯迫",
        "name": "帯迫",
        "operator": "事業者不明",
        "ref": "",
        "url": "",
        "url2": ""
      }
    },
    {
      "type": "Feature",
      "geometry": {
        "type": "Point",
        "coordinates": [
          130.5703362,
          31.6460926
        ]
      },
      "properties": {
        "内容": "バス停: 吉野中学校前",
        "name": "吉野中学校前",
        "operator": "事業者不明",
        "ref": "",
        "url": "",
        "url2": ""
      }
    },
    {
      "type": "Feature",
      "geometry": {
        "type": "Point",
        "coordinates": [
          130.570426,
          31.6459945
        ]
      },
      "properties": {
        "内容": "バス停: 吉野中学校前",
        "name": "吉野中学校前",
        "operator": "事業者不明",
        "ref": "",
        "url": "",
        "url2": ""
      }
    },
    {
      "type": "Feature",
      "geometry": {
        "type": "Point",
        "coordinates": [
          130.5693411,
          31.6506987
        ]
      },
      "properties": {
        "内容": "バス停: 養護学校前",
        "name": "養護学校前",
        "operator": "事業者不明",
        "ref": "",
        "url": "",
        "url2": ""
      }
    },
    {
      "type": "Feature",
      "geometry": {
        "type": "Point",
        "coordinates": [
          130.5694752,
          31.6508325
        ]
      },
      "properties": {
        "内容": "バス停: 養護学校前",
        "name": "養護学校前",
        "operator": "事業者不明",
        "ref": "",
        "url": "",
        "url2": ""
      }
    },
    {
      "type": "Feature",
      "geometry": {
        "type": "Point",
        "coordinates": [
          130.5681869,
          31.6542279
        ]
      },
      "properties": {
        "内容": "バス停: みやこ迫",
        "name": "みやこ迫",
        "operator": "事業者不明",
        "ref": "",
        "url": "",
        "url2": ""
      }
    },
    {
      "type": "Feature",
      "geometry": {
        "type": "Point",
        "coordinates": [
          130.5685161,
          31.6536705
        ]
      },
      "properties": {
        "内容": "バス停: みやこ迫",
        "name": "みやこ迫",
        "operator": "事業者不明",
        "ref": "",
        "url": "",
        "url2": ""
      }
    },
    {
      "type": "Feature",
      "geometry": {
        "type": "Point",
        "coordinates": [
          130.5680941,
          31.6575284
        ]
      },
      "properties": {
        "内容": "バス停: 花棚入口",
        "name": "花棚入口",
        "operator": "事業者不明",
        "ref": "",
        "url": "",
        "url2": ""
      }
    },
    {
      "type": "Feature",
      "geometry": {
        "type": "Point",
        "coordinates": [
          130.5682892,
          31.6574333
        ]
      },
      "properties": {
        "内容": "バス停: 花棚入口",
        "name": "花棚入口",
        "operator": "事業者不明",
        "ref": "",
        "url": "",
        "url2": ""
      }
    },
    {
      "type": "Feature",
      "geometry": {
        "type": "Point",
        "coordinates": [
          130.568394,
          31.6603382
        ]
      },
      "properties": {
        "内容": "バス停: 立平",
        "name": "立平",
        "operator": "事業者不明",
        "ref": "",
        "url": "",
        "url2": ""
      }
    },
    {
      "type": "Feature",
      "geometry": {
        "type": "Point",
        "coordinates": [
          130.5681454,
          31.6603263
        ]
      },
      "properties": {
        "内容": "バス停: 立平",
        "name": "立平",
        "operator": "事業者不明",
        "ref": "",
        "url": "",
        "url2": ""
      }
    },
    {
      "type": "Feature",
      "geometry": {
        "type": "Point",
        "coordinates": [
          130.5687744,
          31.663003
        ]
      },
      "properties": {
        "内容": "バス停: 上花棚",
        "name": "上花棚",
        "operator": "事業者不明",
        "ref": "",
        "url": "",
        "url2": ""
      }
    },
    {
      "type": "Feature",
      "geometry": {
        "type": "Point",
        "coordinates": [
          130.5685935,
          31.6629408
        ]
      },
      "properties": {
        "内容": "バス停: 上花棚",
        "name": "上花棚",
        "operator": "事業者不明",
        "ref": "",
        "url": "",
        "url2": ""
      }
    },
    {
      "type": "Feature",
      "geometry": {
        "type": "Point",
        "coordinates": [
          130.5653189,
          31.6691661
        ]
      },
      "properties": {
        "内容": "バス停: 吉田インター前",
        "name": "吉田インター前",
        "operator": "事業者不明",
        "ref": "",
        "url": "",
        "url2": ""
      }
    },
    {
      "type": "Feature",
      "geometry": {
        "type": "Point",
        "coordinates": [
          130.5659127,
          31.6692797
        ]
      },
      "properties": {
        "内容": "バス停: 吉田インター前",
        "name": "吉田インター前",
        "operator": "事業者不明",
        "ref": "",
        "url": "",
        "url2": ""
      }
    },
    {
      "type": "Feature",
      "geometry": {
        "type": "Point",
        "coordinates": [
          130.5645942,
          31.6698352
        ]
      },
      "properties": {
        "内容": "バス停: 吉田インター前 (南国交通)",
        "name": "吉田インター前",
        "operator": "南国交通",
        "ref": "",
        "url": "",
        "url2": ""
      }
    },
    {
      "type": "Feature",
      "geometry": {
        "type": "Point",
        "coordinates": [
          130.5435208,
          31.5825717
        ]
      },
      "properties": {
        "内容": "バス停: 唐湊/紫原/星ヶ峯/皇徳寺/西郷・大峯団地/武岡/松元方面",
        "name": "唐湊/紫原/星ヶ峯/皇徳寺/西郷・大峯団地/武岡/松元方面",
        "operator": "事業者不明",
        "ref": "東22",
        "url": "",
        "url2": ""
      }
    },
    {
      "type": "Feature",
      "geometry": {
        "type": "Point",
        "coordinates": [
          130.5273482,
          31.579238
        ]
      },
      "properties": {
        "内容": "バス停: 田上小前",
        "name": "田上小前",
        "operator": "事業者不明",
        "ref": "",
        "url": "",
        "url2": ""
      }
    },
    {
      "type": "Feature",
      "geometry": {
        "type": "Point",
        "coordinates": [
          130.5048936,
          31.5552278
        ]
      },
      "properties": {
        "内容": "バス停: 山田下",
        "name": "山田下",
        "operator": "事業者不明",
        "ref": "",
        "url": "",
        "url2": ""
      }
    },
    {
      "type": "Feature",
      "geometry": {
        "type": "Point",
        "coordinates": [
          130.5047715,
          31.555065
        ]
      },
      "properties": {
        "内容": "バス停: 山田下",
        "name": "山田下",
        "operator": "事業者不明",
        "ref": "",
        "url": "",
        "url2": ""
      }
    },
    {
      "type": "Feature",
      "geometry": {
        "type": "Point",
        "coordinates": [
          130.4827086,
          31.5734659
        ]
      },
      "properties": {
        "内容": "バス停: 星ヶ峯",
        "name": "星ヶ峯",
        "operator": "事業者不明",
        "ref": "",
        "url": "",
        "url2": ""
      }
    },
    {
      "type": "Feature",
      "geometry": {
        "type": "Point",
        "coordinates": [
          130.499221,
          31.5735653
        ]
      },
      "properties": {
        "内容": "バス停: 中央公園前",
        "name": "中央公園前",
        "operator": "事業者不明",
        "ref": "",
        "url": "",
        "url2": ""
      }
    },
    {
      "type": "Feature",
      "geometry": {
        "type": "Point",
        "coordinates": [
          130.4990948,
          31.5734427
        ]
      },
      "properties": {
        "内容": "バス停: 中央公園前",
        "name": "中央公園前",
        "operator": "事業者不明",
        "ref": "",
        "url": "",
        "url2": ""
      }
    },
    {
      "type": "Feature",
      "geometry": {
        "type": "Point",
        "coordinates": [
          130.5157554,
          31.525775
        ]
      },
      "properties": {
        "内容": "バス停: 新永田橋",
        "name": "新永田橋",
        "operator": "事業者不明",
        "ref": "",
        "url": "",
        "url2": ""
      }
    },
    {
      "type": "Feature",
      "geometry": {
        "type": "Point",
        "coordinates": [
          130.5157227,
          31.5258958
        ]
      },
      "properties": {
        "内容": "バス停: 新永田橋",
        "name": "新永田橋",
        "operator": "事業者不明",
        "ref": "",
        "url": "",
        "url2": ""
      }
    },
    {
      "type": "Feature",
      "geometry": {
        "type": "Point",
        "coordinates": [
          130.4922467,
          31.5710818
        ]
      },
      "properties": {
        "内容": "バス停: 星ヶ峯みなみ台入口",
        "name": "星ヶ峯みなみ台入口",
        "operator": "事業者不明",
        "ref": "",
        "url": "",
        "url2": ""
      }
    },
    {
      "type": "Feature",
      "geometry": {
        "type": "Point",
        "coordinates": [
          130.492372,
          31.5706908
        ]
      },
      "properties": {
        "内容": "バス停: 星ヶ峯みなみ台入口",
        "name": "星ヶ峯みなみ台入口",
        "operator": "事業者不明",
        "ref": "",
        "url": "",
        "url2": ""
      }
    },
    {
      "type": "Feature",
      "geometry": {
        "type": "Point",
        "coordinates": [
          130.4906193,
          31.5721194
        ]
      },
      "properties": {
        "内容": "バス停: 星ヶ峯みなみ台中央",
        "name": "星ヶ峯みなみ台中央",
        "operator": "事業者不明",
        "ref": "",
        "url": "",
        "url2": ""
      }
    },
    {
      "type": "Feature",
      "geometry": {
        "type": "Point",
        "coordinates": [
          130.4906162,
          31.5722637
        ]
      },
      "properties": {
        "内容": "バス停: 星ヶ峯みなみ台中央",
        "name": "星ヶ峯みなみ台中央",
        "operator": "事業者不明",
        "ref": "",
        "url": "",
        "url2": ""
      }
    },
    {
      "type": "Feature",
      "geometry": {
        "type": "Point",
        "coordinates": [
          130.4889233,
          31.5738757
        ]
      },
      "properties": {
        "内容": "バス停: 星ヶ峯みなみ台西",
        "name": "星ヶ峯みなみ台西",
        "operator": "事業者不明",
        "ref": "",
        "url": "",
        "url2": ""
      }
    },
    {
      "type": "Feature",
      "geometry": {
        "type": "Point",
        "coordinates": [
          130.488907,
          31.5744299
        ]
      },
      "properties": {
        "内容": "バス停: 星ヶ峯みなみ台西",
        "name": "星ヶ峯みなみ台西",
        "operator": "事業者不明",
        "ref": "",
        "url": "",
        "url2": ""
      }
    },
    {
      "type": "Feature",
      "geometry": {
        "type": "Point",
        "coordinates": [
          130.4911148,
          31.576092
        ]
      },
      "properties": {
        "内容": "バス停: 星ヶ峯みなみ台上",
        "name": "星ヶ峯みなみ台上",
        "operator": "事業者不明",
        "ref": "",
        "url": "",
        "url2": ""
      }
    },
    {
      "type": "Feature",
      "geometry": {
        "type": "Point",
        "coordinates": [
          130.4902592,
          31.5757835
        ]
      },
      "properties": {
        "内容": "バス停: 星ヶ峯みなみ台上",
        "name": "星ヶ峯みなみ台上",
        "operator": "事業者不明",
        "ref": "",
        "url": "",
        "url2": ""
      }
    },
    {
      "type": "Feature",
      "geometry": {
        "type": "Point",
        "coordinates": [
          130.490839,
          31.5774814
        ]
      },
      "properties": {
        "内容": "バス停: 星ヶ峯西",
        "name": "星ヶ峯西",
        "operator": "事業者不明",
        "ref": "",
        "url": "",
        "url2": ""
      }
    },
    {
      "type": "Feature",
      "geometry": {
        "type": "Point",
        "coordinates": [
          130.4908438,
          31.57759
        ]
      },
      "properties": {
        "内容": "バス停: 星ヶ峯西",
        "name": "星ヶ峯西",
        "operator": "事業者不明",
        "ref": "",
        "url": "",
        "url2": ""
      }
    },
    {
      "type": "Feature",
      "geometry": {
        "type": "Point",
        "coordinates": [
          130.4886224,
          31.5779304
        ]
      },
      "properties": {
        "内容": "バス停: 星ヶ峯第8公園前",
        "name": "星ヶ峯第8公園前",
        "operator": "事業者不明",
        "ref": "",
        "url": "",
        "url2": ""
      }
    },
    {
      "type": "Feature",
      "geometry": {
        "type": "Point",
        "coordinates": [
          130.4851556,
          31.5779343
        ]
      },
      "properties": {
        "内容": "バス停: 星ヶ峯五丁目",
        "name": "星ヶ峯五丁目",
        "operator": "事業者不明",
        "ref": "",
        "url": "",
        "url2": ""
      }
    },
    {
      "type": "Feature",
      "geometry": {
        "type": "Point",
        "coordinates": [
          130.4852737,
          31.577968
        ]
      },
      "properties": {
        "内容": "バス停: 星ヶ峯五丁目",
        "name": "星ヶ峯五丁目",
        "operator": "事業者不明",
        "ref": "",
        "url": "",
        "url2": ""
      }
    },
    {
      "type": "Feature",
      "geometry": {
        "type": "Point",
        "coordinates": [
          130.4885849,
          31.5777712
        ]
      },
      "properties": {
        "内容": "バス停: 星ヶ峯第8公園前",
        "name": "星ヶ峯第8公園前",
        "operator": "事業者不明",
        "ref": "",
        "url": "",
        "url2": ""
      }
    },
    {
      "type": "Feature",
      "geometry": {
        "type": "Point",
        "coordinates": [
          130.484862,
          31.5787467
        ]
      },
      "properties": {
        "内容": "バス停: 市営住宅前",
        "name": "市営住宅前",
        "operator": "事業者不明",
        "ref": "",
        "url": "",
        "url2": ""
      }
    },
    {
      "type": "Feature",
      "geometry": {
        "type": "Point",
        "coordinates": [
          130.4849694,
          31.5788621
        ]
      },
      "properties": {
        "内容": "バス停: 市営住宅前",
        "name": "市営住宅前",
        "operator": "事業者不明",
        "ref": "",
        "url": "",
        "url2": ""
      }
    },
    {
      "type": "Feature",
      "geometry": {
        "type": "Point",
        "coordinates": [
          130.4860982,
          31.5809914
        ]
      },
      "properties": {
        "内容": "バス停: 星ヶ峯第9公園前",
        "name": "星ヶ峯第9公園前",
        "operator": "事業者不明",
        "ref": "",
        "url": "",
        "url2": ""
      }
    },
    {
      "type": "Feature",
      "geometry": {
        "type": "Point",
        "coordinates": [
          130.4859736,
          31.5808431
        ]
      },
      "properties": {
        "内容": "バス停: 星ヶ峯第9公園前",
        "name": "星ヶ峯第9公園前",
        "operator": "事業者不明",
        "ref": "",
        "url": "",
        "url2": ""
      }
    },
    {
      "type": "Feature",
      "geometry": {
        "type": "Point",
        "coordinates": [
          130.488207,
          31.5815837
        ]
      },
      "properties": {
        "内容": "バス停: 星ヶ峯四丁目",
        "name": "星ヶ峯四丁目",
        "operator": "事業者不明",
        "ref": "",
        "url": "",
        "url2": ""
      }
    },
    {
      "type": "Feature",
      "geometry": {
        "type": "Point",
        "coordinates": [
          130.4905479,
          31.5828072
        ]
      },
      "properties": {
        "内容": "バス停: 恵宝神社前",
        "name": "恵宝神社前",
        "operator": "事業者不明",
        "ref": "",
        "url": "",
        "url2": ""
      }
    },
    {
      "type": "Feature",
      "geometry": {
        "type": "Point",
        "coordinates": [
          130.4904372,
          31.5826625
        ]
      },
      "properties": {
        "内容": "バス停: 恵宝神社前",
        "name": "恵宝神社前",
        "operator": "事業者不明",
        "ref": "",
        "url": "",
        "url2": ""
      }
    },
    {
      "type": "Feature",
      "geometry": {
        "type": "Point",
        "coordinates": [
          130.4935853,
          31.5825606
        ]
      },
      "properties": {
        "内容": "バス停: 星ヶ峯三丁目北",
        "name": "星ヶ峯三丁目北",
        "operator": "事業者不明",
        "ref": "",
        "url": "",
        "url2": ""
      }
    },
    {
      "type": "Feature",
      "geometry": {
        "type": "Point",
        "coordinates": [
          130.4934495,
          31.582479
        ]
      },
      "properties": {
        "内容": "バス停: 星ヶ峯三丁目北",
        "name": "星ヶ峯三丁目北",
        "operator": "事業者不明",
        "ref": "",
        "url": "",
        "url2": ""
      }
    },
    {
      "type": "Feature",
      "geometry": {
        "type": "Point",
        "coordinates": [
          130.4958134,
          31.5802082
        ]
      },
      "properties": {
        "内容": "バス停: 星ヶ峯三丁目",
        "name": "星ヶ峯三丁目",
        "operator": "事業者不明",
        "ref": "",
        "url": "",
        "url2": ""
      }
    },
    {
      "type": "Feature",
      "geometry": {
        "type": "Point",
        "coordinates": [
          130.4956677,
          31.580152
        ]
      },
      "properties": {
        "内容": "バス停: 星ヶ峯三丁目",
        "name": "星ヶ峯三丁目",
        "operator": "事業者不明",
        "ref": "",
        "url": "",
        "url2": ""
      }
    },
    {
      "type": "Feature",
      "geometry": {
        "type": "Point",
        "coordinates": [
          130.4990344,
          31.5763494
        ]
      },
      "properties": {
        "内容": "バス停: 第5公園前",
        "name": "第5公園前",
        "operator": "事業者不明",
        "ref": "",
        "url": "",
        "url2": ""
      }
    },
    {
      "type": "Feature",
      "geometry": {
        "type": "Point",
        "coordinates": [
          130.4988597,
          31.5762669
        ]
      },
      "properties": {
        "内容": "バス停: 第5公園前",
        "name": "第5公園前",
        "operator": "事業者不明",
        "ref": "",
        "url": "",
        "url2": ""
      }
    },
    {
      "type": "Feature",
      "geometry": {
        "type": "Point",
        "coordinates": [
          130.4973111,
          31.5784223
        ]
      },
      "properties": {
        "内容": "バス停: 星ヶ峯二丁目",
        "name": "星ヶ峯二丁目",
        "operator": "事業者不明",
        "ref": "",
        "url": "",
        "url2": ""
      }
    },
    {
      "type": "Feature",
      "geometry": {
        "type": "Point",
        "coordinates": [
          130.497202,
          31.5783597
        ]
      },
      "properties": {
        "内容": "バス停: 星ヶ峯二丁目",
        "name": "星ヶ峯二丁目",
        "operator": "事業者不明",
        "ref": "",
        "url": "",
        "url2": ""
      }
    },
    {
      "type": "Feature",
      "geometry": {
        "type": "Point",
        "coordinates": [
          130.5021175,
          31.5742919
        ]
      },
      "properties": {
        "内容": "バス停: 星ヶ峯東小学校前",
        "name": "星ヶ峯東小学校前",
        "operator": "事業者不明",
        "ref": "",
        "url": "",
        "url2": ""
      }
    },
    {
      "type": "Feature",
      "geometry": {
        "type": "Point",
        "coordinates": [
          130.5020959,
          31.5741539
        ]
      },
      "properties": {
        "内容": "バス停: 星ヶ峯東小学校前",
        "name": "星ヶ峯東小学校前",
        "operator": "事業者不明",
        "ref": "",
        "url": "",
        "url2": ""
      }
    },
    {
      "type": "Feature",
      "geometry": {
        "type": "Point",
        "coordinates": [
          130.5011827,
          31.5754909
        ]
      },
      "properties": {
        "内容": "バス停: 福祉センター前",
        "name": "福祉センター前",
        "operator": "事業者不明",
        "ref": "",
        "url": "",
        "url2": ""
      }
    },
    {
      "type": "Feature",
      "geometry": {
        "type": "Point",
        "coordinates": [
          130.5012487,
          31.5753534
        ]
      },
      "properties": {
        "内容": "バス停: 福祉センター前",
        "name": "福祉センター前",
        "operator": "事業者不明",
        "ref": "",
        "url": "",
        "url2": ""
      }
    },
    {
      "type": "Feature",
      "geometry": {
        "type": "Point",
        "coordinates": [
          130.5070141,
          31.5746061
        ]
      },
      "properties": {
        "内容": "バス停: 広木上",
        "name": "広木上",
        "operator": "事業者不明",
        "ref": "",
        "url": "",
        "url2": ""
      }
    },
    {
      "type": "Feature",
      "geometry": {
        "type": "Point",
        "coordinates": [
          130.5068123,
          31.5744733
        ]
      },
      "properties": {
        "内容": "バス停: 広木上",
        "name": "広木上",
        "operator": "事業者不明",
        "ref": "",
        "url": "",
        "url2": ""
      }
    },
    {
      "type": "Feature",
      "geometry": {
        "type": "Point",
        "coordinates": [
          130.4926545,
          31.5764118
        ]
      },
      "properties": {
        "内容": "バス停: 星ヶ峯交番前",
        "name": "星ヶ峯交番前",
        "operator": "事業者不明",
        "ref": "",
        "url": "",
        "url2": ""
      }
    },
    {
      "type": "Feature",
      "geometry": {
        "type": "Point",
        "coordinates": [
          130.4924821,
          31.5762799
        ]
      },
      "properties": {
        "内容": "バス停: 星ヶ峯交番前",
        "name": "星ヶ峯交番前",
        "operator": "事業者不明",
        "ref": "",
        "url": "",
        "url2": ""
      }
    },
    {
      "type": "Feature",
      "geometry": {
        "type": "Point",
        "coordinates": [
          130.5054381,
          31.5713024
        ]
      },
      "properties": {
        "内容": "バス停: 星ヶ峯東",
        "name": "星ヶ峯東",
        "operator": "事業者不明",
        "ref": "",
        "url": "",
        "url2": ""
      }
    },
    {
      "type": "Feature",
      "geometry": {
        "type": "Point",
        "coordinates": [
          130.5054524,
          31.5711609
        ]
      },
      "properties": {
        "内容": "バス停: 星ヶ峯東",
        "name": "星ヶ峯東",
        "operator": "事業者不明",
        "ref": "",
        "url": "",
        "url2": ""
      }
    },
    {
      "type": "Feature",
      "geometry": {
        "type": "Point",
        "coordinates": [
          130.500164,
          31.5692415
        ]
      },
      "properties": {
        "内容": "バス停: 星ヶ峯入口",
        "name": "星ヶ峯入口",
        "operator": "事業者不明",
        "ref": "",
        "url": "",
        "url2": ""
      }
    },
    {
      "type": "Feature",
      "geometry": {
        "type": "Point",
        "coordinates": [
          130.5005116,
          31.5693743
        ]
      },
      "properties": {
        "内容": "バス停: 星ヶ峯入口",
        "name": "星ヶ峯入口",
        "operator": "事業者不明",
        "ref": "",
        "url": "",
        "url2": ""
      }
    },
    {
      "type": "Feature",
      "geometry": {
        "type": "Point",
        "coordinates": [
          130.5039512,
          31.5572246
        ]
      },
      "properties": {
        "内容": "バス停: 札下",
        "name": "札下",
        "operator": "事業者不明",
        "ref": "",
        "url": "",
        "url2": ""
      }
    },
    {
      "type": "Feature",
      "geometry": {
        "type": "Point",
        "coordinates": [
          130.5037229,
          31.5572901
        ]
      },
      "properties": {
        "内容": "バス停: 札下",
        "name": "札下",
        "operator": "事業者不明",
        "ref": "",
        "url": "",
        "url2": ""
      }
    },
    {
      "type": "Feature",
      "geometry": {
        "type": "Point",
        "coordinates": [
          130.5040734,
          31.5526905
        ]
      },
      "properties": {
        "内容": "バス停: 山田下",
        "name": "山田下",
        "operator": "事業者不明",
        "ref": "",
        "url": "",
        "url2": ""
      }
    },
    {
      "type": "Feature",
      "geometry": {
        "type": "Point",
        "coordinates": [
          130.503939,
          31.5527123
        ]
      },
      "properties": {
        "内容": "バス停: 山田下",
        "name": "山田下",
        "operator": "事業者不明",
        "ref": "",
        "url": "",
        "url2": ""
      }
    },
    {
      "type": "Feature",
      "geometry": {
        "type": "Point",
        "coordinates": [
          130.5028155,
          31.5495149
        ]
      },
      "properties": {
        "内容": "バス停: 中山校前",
        "name": "中山校前",
        "operator": "事業者不明",
        "ref": "",
        "url": "",
        "url2": ""
      }
    },
    {
      "type": "Feature",
      "geometry": {
        "type": "Point",
        "coordinates": [
          130.5028871,
          31.5497716
        ]
      },
      "properties": {
        "内容": "バス停: 中山校前",
        "name": "中山校前",
        "operator": "事業者不明",
        "ref": "",
        "url": "",
        "url2": ""
      }
    },
    {
      "type": "Feature",
      "geometry": {
        "type": "Point",
        "coordinates": [
          130.464594,
          31.6046454
        ]
      },
      "properties": {
        "内容": "バス停: 仁田尾",
        "name": "仁田尾",
        "operator": "事業者不明",
        "ref": "",
        "url": "",
        "url2": ""
      }
    },
    {
      "type": "Feature",
      "geometry": {
        "type": "Point",
        "coordinates": [
          130.4648948,
          31.605408
        ]
      },
      "properties": {
        "内容": "バス停: 仁田尾",
        "name": "仁田尾",
        "operator": "事業者不明",
        "ref": "",
        "url": "",
        "url2": ""
      }
    },
    {
      "type": "Feature",
      "geometry": {
        "type": "Point",
        "coordinates": [
          130.5285752,
          31.5463231
        ]
      },
      "properties": {
        "内容": "バス停: 大学病院前",
        "name": "大学病院前",
        "operator": "事業者不明",
        "ref": "",
        "url": "",
        "url2": ""
      }
    },
    {
      "type": "Feature",
      "geometry": {
        "type": "Point",
        "coordinates": [
          130.525439,
          31.5466126
        ]
      },
      "properties": {
        "内容": "バス停: 歯学部前",
        "name": "歯学部前",
        "operator": "事業者不明",
        "ref": "",
        "url": "",
        "url2": ""
      }
    },
    {
      "type": "Feature",
      "geometry": {
        "type": "Point",
        "coordinates": [
          130.5290027,
          31.5453118
        ]
      },
      "properties": {
        "内容": "バス停: 亀ヶ原",
        "name": "亀ヶ原",
        "operator": "事業者不明",
        "ref": "",
        "url": "",
        "url2": ""
      }
    },
    {
      "type": "Feature",
      "geometry": {
        "type": "Point",
        "coordinates": [
          130.5115157,
          31.555999
        ]
      },
      "properties": {
        "内容": "バス停: 桜ケ丘西小前",
        "name": "桜ケ丘西小前",
        "operator": "事業者不明",
        "ref": "",
        "url": "",
        "url2": ""
      }
    },
    {
      "type": "Feature",
      "geometry": {
        "type": "Point",
        "coordinates": [
          130.5138745,
          31.5521427
        ]
      },
      "properties": {
        "内容": "バス停: 県営住宅前",
        "name": "県営住宅前",
        "operator": "事業者不明",
        "ref": "",
        "url": "",
        "url2": ""
      }
    },
    {
      "type": "Feature",
      "geometry": {
        "type": "Point",
        "coordinates": [
          130.5156798,
          31.5497407
        ]
      },
      "properties": {
        "内容": "バス停: ショッピングセンター前",
        "name": "ショッピングセンター前",
        "operator": "事業者不明",
        "ref": "",
        "url": "",
        "url2": ""
      }
    },
    {
      "type": "Feature",
      "geometry": {
        "type": "Point",
        "coordinates": [
          130.5202354,
          31.548112
        ]
      },
      "properties": {
        "内容": "バス停: 桜ケ丘東小前",
        "name": "桜ケ丘東小前",
        "operator": "事業者不明",
        "ref": "",
        "url": "",
        "url2": ""
      }
    },
    {
      "type": "Feature",
      "geometry": {
        "type": "Point",
        "coordinates": [
          130.5186088,
          31.5494144
        ]
      },
      "properties": {
        "内容": "バス停: 桜ヶ丘五丁目",
        "name": "桜ヶ丘五丁目",
        "operator": "事業者不明",
        "ref": "",
        "url": "",
        "url2": ""
      }
    },
    {
      "type": "Feature",
      "geometry": {
        "type": "Point",
        "coordinates": [
          130.542317,
          31.6122822
        ]
      },
      "properties": {
        "内容": "バス停: 玉里町",
        "name": "玉里町",
        "operator": "事業者不明",
        "ref": "",
        "url": "",
        "url2": ""
      }
    },
    {
      "type": "Feature",
      "geometry": {
        "type": "Point",
        "coordinates": [
          130.5438833,
          31.6113879
        ]
      },
      "properties": {
        "内容": "バス停: 紙屋谷",
        "name": "紙屋谷",
        "operator": "事業者不明",
        "ref": "",
        "url": "",
        "url2": ""
      }
    },
    {
      "type": "Feature",
      "geometry": {
        "type": "Point",
        "coordinates": [
          130.5436738,
          31.6115152
        ]
      },
      "properties": {
        "内容": "バス停: 紙屋谷",
        "name": "紙屋谷",
        "operator": "事業者不明",
        "ref": "",
        "url": "",
        "url2": ""
      }
    },
    {
      "type": "Feature",
      "geometry": {
        "type": "Point",
        "coordinates": [
          130.5423535,
          31.6121414
        ]
      },
      "properties": {
        "内容": "バス停: 玉里町",
        "name": "玉里町",
        "operator": "事業者不明",
        "ref": "",
        "url": "",
        "url2": ""
      }
    },
    {
      "type": "Feature",
      "geometry": {
        "type": "Point",
        "coordinates": [
          130.5415674,
          31.6130222
        ]
      },
      "properties": {
        "内容": "バス停: 玉里公民館前",
        "name": "玉里公民館前",
        "operator": "事業者不明",
        "ref": "",
        "url": "",
        "url2": ""
      }
    },
    {
      "type": "Feature",
      "geometry": {
        "type": "Point",
        "coordinates": [
          130.5417666,
          31.6129599
        ]
      },
      "properties": {
        "内容": "バス停: 玉里公民館前",
        "name": "玉里公民館前",
        "operator": "事業者不明",
        "ref": "",
        "url": "",
        "url2": ""
      }
    },
    {
      "type": "Feature",
      "geometry": {
        "type": "Point",
        "coordinates": [
          130.5401536,
          31.6115983
        ]
      },
      "properties": {
        "内容": "バス停: 女子高前",
        "name": "女子高前",
        "operator": "事業者不明",
        "ref": "",
        "url": "",
        "url2": ""
      }
    },
    {
      "type": "Feature",
      "geometry": {
        "type": "Point",
        "coordinates": [
          130.5394237,
          31.6114231
        ]
      },
      "properties": {
        "内容": "バス停: 女子高前",
        "name": "女子高前",
        "operator": "事業者不明",
        "ref": "",
        "url": "",
        "url2": ""
      }
    },
    {
      "type": "Feature",
      "geometry": {
        "type": "Point",
        "coordinates": [
          130.5691604,
          31.6398852
        ]
      },
      "properties": {
        "内容": "バス停: 吉野郵便局前",
        "name": "吉野郵便局前",
        "operator": "事業者不明",
        "ref": "",
        "url": "",
        "url2": ""
      }
    },
    {
      "type": "Feature",
      "geometry": {
        "type": "Point",
        "coordinates": [
          130.5691326,
          31.6397812
        ]
      },
      "properties": {
        "内容": "バス停: 吉野郵便局前",
        "name": "吉野郵便局前",
        "operator": "事業者不明",
        "ref": "",
        "url": "",
        "url2": ""
      }
    },
    {
      "type": "Feature",
      "geometry": {
        "type": "Point",
        "coordinates": [
          130.5731134,
          31.6395245
        ]
      },
      "properties": {
        "内容": "バス停: 吉野支所前",
        "name": "吉野支所前",
        "operator": "事業者不明",
        "ref": "",
        "url": "",
        "url2": ""
      }
    },
    {
      "type": "Feature",
      "geometry": {
        "type": "Point",
        "coordinates": [
          130.5747274,
          31.6395677
        ]
      },
      "properties": {
        "内容": "バス停: 松十文字",
        "name": "松十文字",
        "operator": "事業者不明",
        "ref": "",
        "url": "",
        "url2": ""
      }
    },
    {
      "type": "Feature",
      "geometry": {
        "type": "Point",
        "coordinates": [
          130.5747111,
          31.6393583
        ]
      },
      "properties": {
        "内容": "バス停: 松十文字",
        "name": "松十文字",
        "operator": "事業者不明",
        "ref": "",
        "url": "",
        "url2": ""
      }
    },
    {
      "type": "Feature",
      "geometry": {
        "type": "Point",
        "coordinates": [
          130.5794923,
          31.6380284
        ]
      },
      "properties": {
        "内容": "バス停: 中別府入口",
        "name": "中別府入口",
        "operator": "事業者不明",
        "ref": "",
        "url": "",
        "url2": ""
      }
    },
    {
      "type": "Feature",
      "geometry": {
        "type": "Point",
        "coordinates": [
          130.5790605,
          31.6378138
        ]
      },
      "properties": {
        "内容": "バス停: 中別府入口",
        "name": "中別府入口",
        "operator": "事業者不明",
        "ref": "",
        "url": "",
        "url2": ""
      }
    },
    {
      "type": "Feature",
      "geometry": {
        "type": "Point",
        "coordinates": [
          130.564663,
          31.6397943
        ]
      },
      "properties": {
        "内容": "バス停: 大石様河",
        "name": "大石様河",
        "operator": "事業者不明",
        "ref": "",
        "url": "",
        "url2": ""
      }
    },
    {
      "type": "Feature",
      "geometry": {
        "type": "Point",
        "coordinates": [
          130.5653655,
          31.639829
        ]
      },
      "properties": {
        "内容": "バス停: 大石様河",
        "name": "大石様河",
        "operator": "事業者不明",
        "ref": "",
        "url": "",
        "url2": ""
      }
    },
    {
      "type": "Feature",
      "geometry": {
        "type": "Point",
        "coordinates": [
          130.5628608,
          31.6371332
        ]
      },
      "properties": {
        "内容": "バス停: 駄馬落",
        "name": "駄馬落",
        "operator": "事業者不明",
        "ref": "",
        "url": "",
        "url2": ""
      }
    },
    {
      "type": "Feature",
      "geometry": {
        "type": "Point",
        "coordinates": [
          130.5629892,
          31.637002
        ]
      },
      "properties": {
        "内容": "バス停: 駄馬落",
        "name": "駄馬落",
        "operator": "事業者不明",
        "ref": "",
        "url": "",
        "url2": ""
      }
    },
    {
      "type": "Feature",
      "geometry": {
        "type": "Point",
        "coordinates": [
          130.5632362,
          31.6348921
        ]
      },
      "properties": {
        "内容": "バス停: 天神山北口",
        "name": "天神山北口",
        "operator": "事業者不明",
        "ref": "",
        "url": "",
        "url2": ""
      }
    },
    {
      "type": "Feature",
      "geometry": {
        "type": "Point",
        "coordinates": [
          130.563381,
          31.6346403
        ]
      },
      "properties": {
        "内容": "バス停: 天神山北口",
        "name": "天神山北口",
        "operator": "事業者不明",
        "ref": "",
        "url": "",
        "url2": ""
      }
    },
    {
      "type": "Feature",
      "geometry": {
        "type": "Point",
        "coordinates": [
          130.563366,
          31.6324462
        ]
      },
      "properties": {
        "内容": "バス停: 天神山南口",
        "name": "天神山南口",
        "operator": "事業者不明",
        "ref": "",
        "url": "",
        "url2": ""
      }
    },
    {
      "type": "Feature",
      "geometry": {
        "type": "Point",
        "coordinates": [
          130.563502,
          31.6324333
        ]
      },
      "properties": {
        "内容": "バス停: 天神山南口",
        "name": "天神山南口",
        "operator": "事業者不明",
        "ref": "",
        "url": "",
        "url2": ""
      }
    },
    {
      "type": "Feature",
      "geometry": {
        "type": "Point",
        "coordinates": [
          130.5637131,
          31.6305478
        ]
      },
      "properties": {
        "内容": "バス停: 大明ケ丘入口",
        "name": "大明ケ丘入口",
        "operator": "事業者不明",
        "ref": "",
        "url": "",
        "url2": ""
      }
    },
    {
      "type": "Feature",
      "geometry": {
        "type": "Point",
        "coordinates": [
          130.5639273,
          31.6304894
        ]
      },
      "properties": {
        "内容": "バス停: 大明ケ丘入口",
        "name": "大明ケ丘入口",
        "operator": "事業者不明",
        "ref": "",
        "url": "",
        "url2": ""
      }
    },
    {
      "type": "Feature",
      "geometry": {
        "type": "Point",
        "coordinates": [
          130.5627604,
          31.6279963
        ]
      },
      "properties": {
        "内容": "バス停: 実方神社前",
        "name": "実方神社前",
        "operator": "事業者不明",
        "ref": "",
        "url": "",
        "url2": ""
      }
    },
    {
      "type": "Feature",
      "geometry": {
        "type": "Point",
        "coordinates": [
          130.5628608,
          31.6278909
        ]
      },
      "properties": {
        "内容": "バス停: 実方神社前",
        "name": "実方神社前",
        "operator": "事業者不明",
        "ref": "",
        "url": "",
        "url2": ""
      }
    },
    {
      "type": "Feature",
      "geometry": {
        "type": "Point",
        "coordinates": [
          130.5616218,
          31.628039
        ]
      },
      "properties": {
        "内容": "バス停: 新実方橋",
        "name": "新実方橋",
        "operator": "事業者不明",
        "ref": "",
        "url": "",
        "url2": ""
      }
    },
    {
      "type": "Feature",
      "geometry": {
        "type": "Point",
        "coordinates": [
          130.5615811,
          31.6278867
        ]
      },
      "properties": {
        "内容": "バス停: 新実方橋",
        "name": "新実方橋",
        "operator": "事業者不明",
        "ref": "",
        "url": "",
        "url2": ""
      }
    },
    {
      "type": "Feature",
      "geometry": {
        "type": "Point",
        "coordinates": [
          130.5581004,
          31.6254276
        ]
      },
      "properties": {
        "内容": "バス停: 実方入口",
        "name": "実方入口",
        "operator": "事業者不明",
        "ref": "",
        "url": "",
        "url2": ""
      }
    },
    {
      "type": "Feature",
      "geometry": {
        "type": "Point",
        "coordinates": [
          130.559037,
          31.6255273
        ]
      },
      "properties": {
        "内容": "バス停: 実方入口",
        "name": "実方入口",
        "operator": "事業者不明",
        "ref": "",
        "url": "",
        "url2": ""
      }
    },
    {
      "type": "Feature",
      "geometry": {
        "type": "Point",
        "coordinates": [
          130.5578736,
          31.6230432
        ]
      },
      "properties": {
        "内容": "バス停: 辻ヶ丘団地",
        "name": "辻ヶ丘団地",
        "operator": "事業者不明",
        "ref": "",
        "url": "",
        "url2": ""
      }
    },
    {
      "type": "Feature",
      "geometry": {
        "type": "Point",
        "coordinates": [
          130.5580261,
          31.622832
        ]
      },
      "properties": {
        "内容": "バス停: 辻ヶ丘団地",
        "name": "辻ヶ丘団地",
        "operator": "事業者不明",
        "ref": "",
        "url": "",
        "url2": ""
      }
    },
    {
      "type": "Feature",
      "geometry": {
        "type": "Point",
        "coordinates": [
          130.5590762,
          31.6209734
        ]
      },
      "properties": {
        "内容": "バス停: 東高校下",
        "name": "東高校下",
        "operator": "事業者不明",
        "ref": "",
        "url": "",
        "url2": ""
      }
    },
    {
      "type": "Feature",
      "geometry": {
        "type": "Point",
        "coordinates": [
          130.5591254,
          31.6210866
        ]
      },
      "properties": {
        "内容": "バス停: 東高校下",
        "name": "東高校下",
        "operator": "事業者不明",
        "ref": "",
        "url": "",
        "url2": ""
      }
    },
    {
      "type": "Feature",
      "geometry": {
        "type": "Point",
        "coordinates": [
          130.5627242,
          31.6169783
        ]
      },
      "properties": {
        "内容": "バス停: たんたど",
        "name": "たんたど",
        "operator": "事業者不明",
        "ref": "",
        "url": "",
        "url2": ""
      }
    },
    {
      "type": "Feature",
      "geometry": {
        "type": "Point",
        "coordinates": [
          130.5626237,
          31.6167175
        ]
      },
      "properties": {
        "内容": "バス停: たんたど",
        "name": "たんたど",
        "operator": "事業者不明",
        "ref": "",
        "url": "",
        "url2": ""
      }
    },
    {
      "type": "Feature",
      "geometry": {
        "type": "Point",
        "coordinates": [
          130.563669,
          31.6151716
        ]
      },
      "properties": {
        "内容": "バス停: お茶の水",
        "name": "お茶の水",
        "operator": "事業者不明",
        "ref": "",
        "url": "",
        "url2": ""
      }
    },
    {
      "type": "Feature",
      "geometry": {
        "type": "Point",
        "coordinates": [
          130.5630467,
          31.6154
        ]
      },
      "properties": {
        "内容": "バス停: お茶の水",
        "name": "お茶の水",
        "operator": "事業者不明",
        "ref": "",
        "url": "",
        "url2": ""
      }
    },
    {
      "type": "Feature",
      "geometry": {
        "type": "Point",
        "coordinates": [
          130.5641727,
          31.6121273
        ]
      },
      "properties": {
        "内容": "バス停: 皷川",
        "name": "皷川",
        "operator": "事業者不明",
        "ref": "",
        "url": "",
        "url2": ""
      }
    },
    {
      "type": "Feature",
      "geometry": {
        "type": "Point",
        "coordinates": [
          130.5639593,
          31.6123643
        ]
      },
      "properties": {
        "内容": "バス停: 皷川",
        "name": "皷川",
        "operator": "事業者不明",
        "ref": "",
        "url": "",
        "url2": ""
      }
    },
    {
      "type": "Feature",
      "geometry": {
        "type": "Point",
        "coordinates": [
          130.5638103,
          31.6087217
        ]
      },
      "properties": {
        "内容": "バス停: 玉龍高校前",
        "name": "玉龍高校前",
        "operator": "事業者不明",
        "ref": "",
        "url": "",
        "url2": ""
      }
    },
    {
      "type": "Feature",
      "geometry": {
        "type": "Point",
        "coordinates": [
          130.5639484,
          31.6088188
        ]
      },
      "properties": {
        "内容": "バス停: 玉龍高校前",
        "name": "玉龍高校前",
        "operator": "事業者不明",
        "ref": "",
        "url": "",
        "url2": ""
      }
    },
    {
      "type": "Feature",
      "geometry": {
        "type": "Point",
        "coordinates": [
          130.5635723,
          31.6063176
        ]
      },
      "properties": {
        "内容": "バス停: 大龍小学校前",
        "name": "大龍小学校前",
        "operator": "事業者不明",
        "ref": "",
        "url": "",
        "url2": ""
      }
    },
    {
      "type": "Feature",
      "geometry": {
        "type": "Point",
        "coordinates": [
          130.5637067,
          31.6060335
        ]
      },
      "properties": {
        "内容": "バス停: 大龍小学校前",
        "name": "大龍小学校前",
        "operator": "事業者不明",
        "ref": "",
        "url": "",
        "url2": ""
      }
    },
    {
      "type": "Feature",
      "geometry": {
        "type": "Point",
        "coordinates": [
          130.5630829,
          31.6042708
        ]
      },
      "properties": {
        "内容": "バス停: 柳町",
        "name": "柳町",
        "operator": "事業者不明",
        "ref": "",
        "url": "",
        "url2": ""
      }
    },
    {
      "type": "Feature",
      "geometry": {
        "type": "Point",
        "coordinates": [
          130.5628593,
          31.6041219
        ]
      },
      "properties": {
        "内容": "バス停: 柳町",
        "name": "柳町",
        "operator": "事業者不明",
        "ref": "",
        "url": "",
        "url2": ""
      }
    },
    {
      "type": "Feature",
      "geometry": {
        "type": "Point",
        "coordinates": [
          130.5580782,
          31.6037458
        ]
      },
      "properties": {
        "内容": "バス停: 下竜尾町",
        "name": "下竜尾町",
        "operator": "事業者不明",
        "ref": "",
        "url": "",
        "url2": ""
      }
    },
    {
      "type": "Feature",
      "geometry": {
        "type": "Point",
        "coordinates": [
          130.5580619,
          31.6035946
        ]
      },
      "properties": {
        "内容": "バス停: 下竜尾町",
        "name": "下竜尾町",
        "operator": "事業者不明",
        "ref": "",
        "url": "",
        "url2": ""
      }
    },
    {
      "type": "Feature",
      "geometry": {
        "type": "Point",
        "coordinates": [
          130.5554133,
          31.6008115
        ]
      },
      "properties": {
        "内容": "バス停: 岩崎谷",
        "name": "岩崎谷",
        "operator": "事業者不明",
        "ref": "",
        "url": "",
        "url2": ""
      }
    },
    {
      "type": "Feature",
      "geometry": {
        "type": "Point",
        "coordinates": [
          130.5555417,
          31.6007751
        ]
      },
      "properties": {
        "内容": "バス停: 岩崎谷",
        "name": "岩崎谷",
        "operator": "事業者不明",
        "ref": "",
        "url": "",
        "url2": ""
      }
    },
    {
      "type": "Feature",
      "geometry": {
        "type": "Point",
        "coordinates": [
          130.5492378,
          31.596654
        ]
      },
      "properties": {
        "内容": "バス停: 城山",
        "name": "城山",
        "operator": "事業者不明",
        "ref": "",
        "url": "",
        "url2": ""
      }
    },
    {
      "type": "Feature",
      "geometry": {
        "type": "Point",
        "coordinates": [
          130.5204359,
          31.5366915
        ]
      },
      "properties": {
        "内容": "バス停: 希望ヶ丘東口",
        "name": "希望ヶ丘東口",
        "operator": "事業者不明",
        "ref": "",
        "url": "",
        "url2": ""
      }
    },
    {
      "type": "Feature",
      "geometry": {
        "type": "Point",
        "coordinates": [
          130.5202468,
          31.536602
        ]
      },
      "properties": {
        "内容": "バス停: 希望ヶ丘東口",
        "name": "希望ヶ丘東口",
        "operator": "事業者不明",
        "ref": "",
        "url": "",
        "url2": ""
      }
    },
    {
      "type": "Feature",
      "geometry": {
        "type": "Point",
        "coordinates": [
          130.5196332,
          31.5375326
        ]
      },
      "properties": {
        "内容": "バス停: 奥",
        "name": "奥",
        "operator": "事業者不明",
        "ref": "",
        "url": "",
        "url2": ""
      }
    },
    {
      "type": "Feature",
      "geometry": {
        "type": "Point",
        "coordinates": [
          130.5208599,
          31.5346533
        ]
      },
      "properties": {
        "内容": "バス停: 奥公園前",
        "name": "奥公園前",
        "operator": "事業者不明",
        "ref": "",
        "url": "",
        "url2": ""
      }
    },
    {
      "type": "Feature",
      "geometry": {
        "type": "Point",
        "coordinates": [
          130.520652,
          31.5347051
        ]
      },
      "properties": {
        "内容": "バス停: 奥公園前",
        "name": "奥公園前",
        "operator": "事業者不明",
        "ref": "",
        "url": "",
        "url2": ""
      }
    },
    {
      "type": "Feature",
      "geometry": {
        "type": "Point",
        "coordinates": [
          130.5158205,
          31.5414851
        ]
      },
      "properties": {
        "内容": "バス停: 入来",
        "name": "入来",
        "operator": "事業者不明",
        "ref": "",
        "url": "",
        "url2": ""
      }
    },
    {
      "type": "Feature",
      "geometry": {
        "type": "Point",
        "coordinates": [
          130.5074414,
          31.5523424
        ]
      },
      "properties": {
        "内容": "バス停: 西平公園下",
        "name": "西平公園下",
        "operator": "事業者不明",
        "ref": "",
        "url": "",
        "url2": ""
      }
    },
    {
      "type": "Feature",
      "geometry": {
        "type": "Point",
        "coordinates": [
          130.5073261,
          31.5520983
        ]
      },
      "properties": {
        "内容": "バス停: 西平公園下",
        "name": "西平公園下",
        "operator": "事業者不明",
        "ref": "",
        "url": "",
        "url2": ""
      }
    },
    {
      "type": "Feature",
      "geometry": {
        "type": "Point",
        "coordinates": [
          130.5078498,
          31.5503838
        ]
      },
      "properties": {
        "内容": "バス停: 中山団地中央",
        "name": "中山団地中央",
        "operator": "事業者不明",
        "ref": "",
        "url": "",
        "url2": ""
      }
    },
    {
      "type": "Feature",
      "geometry": {
        "type": "Point",
        "coordinates": [
          130.507937,
          31.5509072
        ]
      },
      "properties": {
        "内容": "バス停: 中山団地中央",
        "name": "中山団地中央",
        "operator": "事業者不明",
        "ref": "",
        "url": "",
        "url2": ""
      }
    },
    {
      "type": "Feature",
      "geometry": {
        "type": "Point",
        "coordinates": [
          130.509888,
          31.5483469
        ]
      },
      "properties": {
        "内容": "バス停: 中山団地東",
        "name": "中山団地東",
        "operator": "事業者不明",
        "ref": "",
        "url": "",
        "url2": ""
      }
    },
    {
      "type": "Feature",
      "geometry": {
        "type": "Point",
        "coordinates": [
          130.5098378,
          31.5481491
        ]
      },
      "properties": {
        "内容": "バス停: 中山団地東",
        "name": "中山団地東",
        "operator": "事業者不明",
        "ref": "",
        "url": "",
        "url2": ""
      }
    },
    {
      "type": "Feature",
      "geometry": {
        "type": "Point",
        "coordinates": [
          130.4941128,
          31.5607817
        ]
      },
      "properties": {
        "内容": "バス停: 皇徳寺郵便局前",
        "name": "皇徳寺郵便局前",
        "operator": "事業者不明",
        "ref": "",
        "url": "",
        "url2": ""
      }
    },
    {
      "type": "Feature",
      "geometry": {
        "type": "Point",
        "coordinates": [
          130.493678,
          31.5606515
        ]
      },
      "properties": {
        "内容": "バス停: 皇徳寺郵便局前",
        "name": "皇徳寺郵便局前",
        "operator": "事業者不明",
        "ref": "",
        "url": "",
        "url2": ""
      }
    },
    {
      "type": "Feature",
      "geometry": {
        "type": "Point",
        "coordinates": [
          130.4985168,
          31.5601307
        ]
      },
      "properties": {
        "内容": "バス停: 皇徳寺東口",
        "name": "皇徳寺東口",
        "operator": "事業者不明",
        "ref": "",
        "url": "",
        "url2": ""
      }
    },
    {
      "type": "Feature",
      "geometry": {
        "type": "Point",
        "coordinates": [
          130.4991347,
          31.5597722
        ]
      },
      "properties": {
        "内容": "バス停: 皇徳寺東口",
        "name": "皇徳寺東口",
        "operator": "事業者不明",
        "ref": "",
        "url": "",
        "url2": ""
      }
    },
    {
      "type": "Feature",
      "geometry": {
        "type": "Point",
        "coordinates": [
          130.4902078,
          31.5636235
        ]
      },
      "properties": {
        "内容": "バス停: 皇徳寺ロータリー",
        "name": "皇徳寺ロータリー",
        "operator": "事業者不明",
        "ref": "",
        "url": "",
        "url2": ""
      }
    },
    {
      "type": "Feature",
      "geometry": {
        "type": "Point",
        "coordinates": [
          130.4903397,
          31.5633039
        ]
      },
      "properties": {
        "内容": "バス停: 皇徳寺ロータリー",
        "name": "皇徳寺ロータリー",
        "operator": "事業者不明",
        "ref": "",
        "url": "",
        "url2": ""
      }
    },
    {
      "type": "Feature",
      "geometry": {
        "type": "Point",
        "coordinates": [
          130.4815879,
          31.5655027
        ]
      },
      "properties": {
        "内容": "バス停: しいの木公園前",
        "name": "しいの木公園前",
        "operator": "事業者不明",
        "ref": "",
        "url": "",
        "url2": ""
      }
    },
    {
      "type": "Feature",
      "geometry": {
        "type": "Point",
        "coordinates": [
          130.4808754,
          31.5652129
        ]
      },
      "properties": {
        "内容": "バス停: しいの木公園前",
        "name": "しいの木公園前",
        "operator": "事業者不明",
        "ref": "",
        "url": "",
        "url2": ""
      }
    },
    {
      "type": "Feature",
      "geometry": {
        "type": "Point",
        "coordinates": [
          130.4842113,
          31.5650842
        ]
      },
      "properties": {
        "内容": "バス停: 皇徳寺西センター",
        "name": "皇徳寺西センター",
        "operator": "事業者不明",
        "ref": "",
        "url": "",
        "url2": ""
      }
    },
    {
      "type": "Feature",
      "geometry": {
        "type": "Point",
        "coordinates": [
          130.4836629,
          31.5653625
        ]
      },
      "properties": {
        "内容": "バス停: 皇徳寺西センター",
        "name": "皇徳寺西センター",
        "operator": "事業者不明",
        "ref": "",
        "url": "",
        "url2": ""
      }
    },
    {
      "type": "Feature",
      "geometry": {
        "type": "Point",
        "coordinates": [
          130.4907194,
          31.5670082
        ]
      },
      "properties": {
        "内容": "バス停: 皇徳寺北口",
        "name": "皇徳寺北口",
        "operator": "事業者不明",
        "ref": "",
        "url": "",
        "url2": ""
      }
    },
    {
      "type": "Feature",
      "geometry": {
        "type": "Point",
        "coordinates": [
          130.4908621,
          31.5667164
        ]
      },
      "properties": {
        "内容": "バス停: 皇徳寺北口",
        "name": "皇徳寺北口",
        "operator": "事業者不明",
        "ref": "",
        "url": "",
        "url2": ""
      }
    },
    {
      "type": "Feature",
      "geometry": {
        "type": "Point",
        "coordinates": [
          130.5362021,
          31.393081
        ]
      },
      "properties": {
        "内容": "バス停: 中名駅前",
        "name": "中名駅前",
        "operator": "事業者不明",
        "ref": "",
        "url": "",
        "url2": ""
      }
    },
    {
      "type": "Feature",
      "geometry": {
        "type": "Point",
        "coordinates": [
          130.5378376,
          31.38662
        ]
      },
      "properties": {
        "内容": "バス停: 中名",
        "name": "中名",
        "operator": "事業者不明",
        "ref": "",
        "url": "",
        "url2": ""
      }
    },
    {
      "type": "Feature",
      "geometry": {
        "type": "Point",
        "coordinates": [
          130.5405358,
          31.3832102
        ]
      },
      "properties": {
        "内容": "バス停: 旧市",
        "name": "旧市",
        "operator": "事業者不明",
        "ref": "",
        "url": "",
        "url2": ""
      }
    },
    {
      "type": "Feature",
      "geometry": {
        "type": "Point",
        "coordinates": [
          130.5403615,
          31.3831254
        ]
      },
      "properties": {
        "内容": "バス停: 旧市",
        "name": "旧市",
        "operator": "事業者不明",
        "ref": "",
        "url": "",
        "url2": ""
      }
    },
    {
      "type": "Feature",
      "geometry": {
        "type": "Point",
        "coordinates": [
          130.5429862,
          31.3791473
        ]
      },
      "properties": {
        "内容": "バス停: マリンピア喜入前",
        "name": "マリンピア喜入前",
        "operator": "事業者不明",
        "ref": "",
        "url": "",
        "url2": ""
      }
    },
    {
      "type": "Feature",
      "geometry": {
        "type": "Point",
        "coordinates": [
          130.5428718,
          31.3788583
        ]
      },
      "properties": {
        "内容": "バス停: マリンピア喜入前",
        "name": "マリンピア喜入前",
        "operator": "事業者不明",
        "ref": "",
        "url": "",
        "url2": ""
      }
    },
    {
      "type": "Feature",
      "geometry": {
        "type": "Point",
        "coordinates": [
          130.5374383,
          31.3911182
        ]
      },
      "properties": {
        "内容": "バス停: 喜入日石前",
        "name": "喜入日石前",
        "operator": "事業者不明",
        "ref": "",
        "url": "",
        "url2": ""
      }
    },
    {
      "type": "Feature",
      "geometry": {
        "type": "Point",
        "coordinates": [
          130.538076,
          31.3903564
        ]
      },
      "properties": {
        "内容": "バス停: 喜入日石前",
        "name": "喜入日石前",
        "operator": "事業者不明",
        "ref": "",
        "url": "",
        "url2": ""
      }
    },
    {
      "type": "Feature",
      "geometry": {
        "type": "Point",
        "coordinates": [
          130.531939,
          31.3992644
        ]
      },
      "properties": {
        "内容": "バス停: 樋高",
        "name": "樋高",
        "operator": "事業者不明",
        "ref": "",
        "url": "",
        "url2": ""
      }
    },
    {
      "type": "Feature",
      "geometry": {
        "type": "Point",
        "coordinates": [
          130.5045681,
          31.4749057
        ]
      },
      "properties": {
        "内容": "バス停: 福平農協前",
        "name": "福平農協前",
        "operator": "事業者不明",
        "ref": "",
        "url": "",
        "url2": ""
      }
    },
    {
      "type": "Feature",
      "geometry": {
        "type": "Point",
        "coordinates": [
          130.5045801,
          31.4746665
        ]
      },
      "properties": {
        "内容": "バス停: 福平農協前",
        "name": "福平農協前",
        "operator": "事業者不明",
        "ref": "",
        "url": "",
        "url2": ""
      }
    },
    {
      "type": "Feature",
      "geometry": {
        "type": "Point",
        "coordinates": [
          130.5319924,
          31.5332391
        ]
      },
      "properties": {
        "内容": "バス停: 第2木材団地",
        "name": "第2木材団地",
        "operator": "事業者不明",
        "ref": "",
        "url": "",
        "url2": ""
      }
    },
    {
      "type": "Feature",
      "geometry": {
        "type": "Point",
        "coordinates": [
          130.5316847,
          31.5331838
        ]
      },
      "properties": {
        "内容": "バス停: 第2木材団地",
        "name": "第2木材団地",
        "operator": "事業者不明",
        "ref": "",
        "url": "",
        "url2": ""
      }
    },
    {
      "type": "Feature",
      "geometry": {
        "type": "Point",
        "coordinates": [
          130.5356874,
          31.5284249
        ]
      },
      "properties": {
        "内容": "バス停: イオン鹿児島ショッピングセンター",
        "name": "イオン鹿児島ショッピングセンター",
        "operator": "事業者不明",
        "ref": "",
        "url": "",
        "url2": ""
      }
    },
    {
      "type": "Feature",
      "geometry": {
        "type": "Point",
        "coordinates": [
          130.5283595,
          31.5276033
        ]
      },
      "properties": {
        "内容": "バス停: 南警察署前",
        "name": "南警察署前",
        "operator": "事業者不明",
        "ref": "",
        "url": "",
        "url2": ""
      }
    },
    {
      "type": "Feature",
      "geometry": {
        "type": "Point",
        "coordinates": [
          130.4835055,
          31.5611052
        ]
      },
      "properties": {
        "内容": "バス停: 皇徳寺5区",
        "name": "皇徳寺5区",
        "operator": "事業者不明",
        "ref": "",
        "url": "",
        "url2": ""
      }
    },
    {
      "type": "Feature",
      "geometry": {
        "type": "Point",
        "coordinates": [
          130.4832508,
          31.5610402
        ]
      },
      "properties": {
        "内容": "バス停: 皇徳寺5区",
        "name": "皇徳寺5区",
        "operator": "事業者不明",
        "ref": "",
        "url": "",
        "url2": ""
      }
    },
    {
      "type": "Feature",
      "geometry": {
        "type": "Point",
        "coordinates": [
          130.4799041,
          31.563969
        ]
      },
      "properties": {
        "内容": "バス停: 皇徳寺西公園前",
        "name": "皇徳寺西公園前",
        "operator": "事業者不明",
        "ref": "",
        "url": "",
        "url2": ""
      }
    },
    {
      "type": "Feature",
      "geometry": {
        "type": "Point",
        "coordinates": [
          130.4798528,
          31.5642917
        ]
      },
      "properties": {
        "内容": "バス停: 皇徳寺西公園前",
        "name": "皇徳寺西公園前",
        "operator": "事業者不明",
        "ref": "",
        "url": "",
        "url2": ""
      }
    },
    {
      "type": "Feature",
      "geometry": {
        "type": "Point",
        "coordinates": [
          130.4889737,
          31.5598227
        ]
      },
      "properties": {
        "内容": "バス停: 皇徳寺中学校前",
        "name": "皇徳寺中学校前",
        "operator": "事業者不明",
        "ref": "",
        "url": "",
        "url2": ""
      }
    },
    {
      "type": "Feature",
      "geometry": {
        "type": "Point",
        "coordinates": [
          130.4885129,
          31.5601005
        ]
      },
      "properties": {
        "内容": "バス停: 皇徳寺中学校前",
        "name": "皇徳寺中学校前",
        "operator": "事業者不明",
        "ref": "",
        "url": "",
        "url2": ""
      }
    },
    {
      "type": "Feature",
      "geometry": {
        "type": "Point",
        "coordinates": [
          130.4939215,
          31.5573715
        ]
      },
      "properties": {
        "内容": "バス停: 皇徳寺小学校前",
        "name": "皇徳寺小学校前",
        "operator": "事業者不明",
        "ref": "",
        "url": "",
        "url2": ""
      }
    },
    {
      "type": "Feature",
      "geometry": {
        "type": "Point",
        "coordinates": [
          130.4944315,
          31.5573156
        ]
      },
      "properties": {
        "内容": "バス停: 皇徳寺小学校前",
        "name": "皇徳寺小学校前",
        "operator": "事業者不明",
        "ref": "",
        "url": "",
        "url2": ""
      }
    },
    {
      "type": "Feature",
      "geometry": {
        "type": "Point",
        "coordinates": [
          130.5024496,
          31.5561944
        ]
      },
      "properties": {
        "内容": "バス停: 皇徳寺公民館前",
        "name": "皇徳寺公民館前",
        "operator": "事業者不明",
        "ref": "",
        "url": "",
        "url2": ""
      }
    },
    {
      "type": "Feature",
      "geometry": {
        "type": "Point",
        "coordinates": [
          130.5022046,
          31.5562627
        ]
      },
      "properties": {
        "内容": "バス停: 皇徳寺公民館前",
        "name": "皇徳寺公民館前",
        "operator": "事業者不明",
        "ref": "",
        "url": "",
        "url2": ""
      }
    },
    {
      "type": "Feature",
      "geometry": {
        "type": "Point",
        "coordinates": [
          130.5026625,
          31.5451695
        ]
      },
      "properties": {
        "内容": "バス停: 白山北",
        "name": "白山北",
        "operator": "事業者不明",
        "ref": "",
        "url": "",
        "url2": ""
      }
    },
    {
      "type": "Feature",
      "geometry": {
        "type": "Point",
        "coordinates": [
          130.5077765,
          31.5401413
        ]
      },
      "properties": {
        "内容": "バス停: 竹之迫西",
        "name": "竹之迫西",
        "operator": "事業者不明",
        "ref": "",
        "url": "",
        "url2": ""
      }
    },
    {
      "type": "Feature",
      "geometry": {
        "type": "Point",
        "coordinates": [
          130.5100536,
          31.5366782
        ]
      },
      "properties": {
        "内容": "バス停: 竹之迫",
        "name": "竹之迫",
        "operator": "事業者不明",
        "ref": "",
        "url": "",
        "url2": ""
      }
    },
    {
      "type": "Feature",
      "geometry": {
        "type": "Point",
        "coordinates": [
          130.5137681,
          31.5332011
        ]
      },
      "properties": {
        "内容": "バス停: 旭町",
        "name": "旭町",
        "operator": "事業者不明",
        "ref": "",
        "url": "",
        "url2": ""
      }
    },
    {
      "type": "Feature",
      "geometry": {
        "type": "Point",
        "coordinates": [
          130.5169706,
          31.5336678
        ]
      },
      "properties": {
        "内容": "バス停: 新入",
        "name": "新入",
        "operator": "事業者不明",
        "ref": "",
        "url": "",
        "url2": ""
      }
    },
    {
      "type": "Feature",
      "geometry": {
        "type": "Point",
        "coordinates": [
          130.5169676,
          31.5337689
        ]
      },
      "properties": {
        "内容": "バス停: 新入",
        "name": "新入",
        "operator": "事業者不明",
        "ref": "",
        "url": "",
        "url2": ""
      }
    },
    {
      "type": "Feature",
      "geometry": {
        "type": "Point",
        "coordinates": [
          130.5137101,
          31.5331042
        ]
      },
      "properties": {
        "内容": "バス停: 旭町",
        "name": "旭町",
        "operator": "事業者不明",
        "ref": "",
        "url": "",
        "url2": ""
      }
    },
    {
      "type": "Feature",
      "geometry": {
        "type": "Point",
        "coordinates": [
          130.5095002,
          31.537024
        ]
      },
      "properties": {
        "内容": "バス停: 竹之迫",
        "name": "竹之迫",
        "operator": "事業者不明",
        "ref": "",
        "url": "",
        "url2": ""
      }
    },
    {
      "type": "Feature",
      "geometry": {
        "type": "Point",
        "coordinates": [
          130.5076898,
          31.539999
        ]
      },
      "properties": {
        "内容": "バス停: 竹之迫西",
        "name": "竹之迫西",
        "operator": "事業者不明",
        "ref": "",
        "url": "",
        "url2": ""
      }
    },
    {
      "type": "Feature",
      "geometry": {
        "type": "Point",
        "coordinates": [
          130.5028764,
          31.5451606
        ]
      },
      "properties": {
        "内容": "バス停: 白山北",
        "name": "白山北",
        "operator": "事業者不明",
        "ref": "",
        "url": "",
        "url2": ""
      }
    },
    {
      "type": "Feature",
      "geometry": {
        "type": "Point",
        "coordinates": [
          130.5212899,
          31.5530768
        ]
      },
      "properties": {
        "内容": "バス停: 桜ヶ丘七丁目",
        "name": "桜ヶ丘七丁目",
        "operator": "事業者不明",
        "ref": "",
        "url": "",
        "url2": ""
      }
    },
    {
      "type": "Feature",
      "geometry": {
        "type": "Point",
        "coordinates": [
          130.5210646,
          31.552724
        ]
      },
      "properties": {
        "内容": "バス停: 桜ヶ丘七丁目",
        "name": "桜ヶ丘七丁目",
        "operator": "事業者不明",
        "ref": "",
        "url": "",
        "url2": ""
      }
    },
    {
      "type": "Feature",
      "geometry": {
        "type": "Point",
        "coordinates": [
          130.5241671,
          31.5529029
        ]
      },
      "properties": {
        "内容": "バス停: 桜ヶ丘東口",
        "name": "桜ヶ丘東口",
        "operator": "事業者不明",
        "ref": "",
        "url": "",
        "url2": ""
      }
    },
    {
      "type": "Feature",
      "geometry": {
        "type": "Point",
        "coordinates": [
          130.524045,
          31.5528396
        ]
      },
      "properties": {
        "内容": "バス停: 桜ヶ丘東口",
        "name": "桜ヶ丘東口",
        "operator": "事業者不明",
        "ref": "",
        "url": "",
        "url2": ""
      }
    },
    {
      "type": "Feature",
      "geometry": {
        "type": "Point",
        "coordinates": [
          130.522073,
          31.5463175
        ]
      },
      "properties": {
        "内容": "バス停: 桜ケ丘南",
        "name": "桜ケ丘南",
        "operator": "事業者不明",
        "ref": "",
        "url": "",
        "url2": ""
      }
    },
    {
      "type": "Feature",
      "geometry": {
        "type": "Point",
        "coordinates": [
          130.5221804,
          31.5462379
        ]
      },
      "properties": {
        "内容": "バス停: 桜ケ丘南",
        "name": "桜ケ丘南",
        "operator": "事業者不明",
        "ref": "",
        "url": "",
        "url2": ""
      }
    },
    {
      "type": "Feature",
      "geometry": {
        "type": "Point",
        "coordinates": [
          130.5007284,
          31.5462035
        ]
      },
      "properties": {
        "内容": "バス停: 中山温泉前",
        "name": "中山温泉前",
        "operator": "事業者不明",
        "ref": "",
        "url": "",
        "url2": ""
      }
    },
    {
      "type": "Feature",
      "geometry": {
        "type": "Point",
        "coordinates": [
          130.5010066,
          31.5464357
        ]
      },
      "properties": {
        "内容": "バス停: 中山温泉前",
        "name": "中山温泉前",
        "operator": "事業者不明",
        "ref": "",
        "url": "",
        "url2": ""
      }
    },
    {
      "type": "Feature",
      "geometry": {
        "type": "Point",
        "coordinates": [
          130.4987039,
          31.544891
        ]
      },
      "properties": {
        "内容": "バス停: 中山農協前",
        "name": "中山農協前",
        "operator": "事業者不明",
        "ref": "",
        "url": "",
        "url2": ""
      }
    },
    {
      "type": "Feature",
      "geometry": {
        "type": "Point",
        "coordinates": [
          130.4987527,
          31.544406
        ]
      },
      "properties": {
        "内容": "バス停: 中山農協前",
        "name": "中山農協前",
        "operator": "事業者不明",
        "ref": "",
        "url": "",
        "url2": ""
      }
    },
    {
      "type": "Feature",
      "geometry": {
        "type": "Point",
        "coordinates": [
          130.4980795,
          31.5403467
        ]
      },
      "properties": {
        "内容": "バス停: 大園",
        "name": "大園",
        "operator": "事業者不明",
        "ref": "",
        "url": "",
        "url2": ""
      }
    },
    {
      "type": "Feature",
      "geometry": {
        "type": "Point",
        "coordinates": [
          130.4979494,
          31.540437
        ]
      },
      "properties": {
        "内容": "バス停: 大園",
        "name": "大園",
        "operator": "事業者不明",
        "ref": "",
        "url": "",
        "url2": ""
      }
    },
    {
      "type": "Feature",
      "geometry": {
        "type": "Point",
        "coordinates": [
          130.5004027,
          31.5365995
        ]
      },
      "properties": {
        "内容": "バス停: 真方",
        "name": "真方",
        "operator": "事業者不明",
        "ref": "",
        "url": "",
        "url2": ""
      }
    },
    {
      "type": "Feature",
      "geometry": {
        "type": "Point",
        "coordinates": [
          130.5002675,
          31.5366299
        ]
      },
      "properties": {
        "内容": "バス停: 真方",
        "name": "真方",
        "operator": "事業者不明",
        "ref": "",
        "url": "",
        "url2": ""
      }
    },
    {
      "type": "Feature",
      "geometry": {
        "type": "Point",
        "coordinates": [
          130.5024038,
          31.5339323
        ]
      },
      "properties": {
        "内容": "バス停: 窪田",
        "name": "窪田",
        "operator": "事業者不明",
        "ref": "",
        "url": "",
        "url2": ""
      }
    },
    {
      "type": "Feature",
      "geometry": {
        "type": "Point",
        "coordinates": [
          130.5022891,
          31.5338135
        ]
      },
      "properties": {
        "内容": "バス停: 窪田",
        "name": "窪田",
        "operator": "事業者不明",
        "ref": "",
        "url": "",
        "url2": ""
      }
    },
    {
      "type": "Feature",
      "geometry": {
        "type": "Point",
        "coordinates": [
          130.505376,
          31.5323582
        ]
      },
      "properties": {
        "内容": "バス停: 柿木田",
        "name": "柿木田",
        "operator": "事業者不明",
        "ref": "",
        "url": "",
        "url2": ""
      }
    },
    {
      "type": "Feature",
      "geometry": {
        "type": "Point",
        "coordinates": [
          130.505341,
          31.5322229
        ]
      },
      "properties": {
        "内容": "バス停: 柿木田",
        "name": "柿木田",
        "operator": "事業者不明",
        "ref": "",
        "url": "",
        "url2": ""
      }
    },
    {
      "type": "Feature",
      "geometry": {
        "type": "Point",
        "coordinates": [
          130.3262397,
          31.4143755
        ]
      },
      "properties": {
        "内容": "バス停: 向江",
        "name": "向江",
        "operator": "事業者不明",
        "ref": "",
        "url": "",
        "url2": ""
      }
    },
    {
      "type": "Feature",
      "geometry": {
        "type": "Point",
        "coordinates": [
          130.3259809,
          31.4143808
        ]
      },
      "properties": {
        "内容": "バス停: 向江",
        "name": "向江",
        "operator": "事業者不明",
        "ref": "",
        "url": "",
        "url2": ""
      }
    },
    {
      "type": "Feature",
      "geometry": {
        "type": "Point",
        "coordinates": [
          130.3282974,
          31.4048474
        ]
      },
      "properties": {
        "内容": "バス停: 高校東",
        "name": "高校東",
        "operator": "事業者不明",
        "ref": "",
        "url": "",
        "url2": ""
      }
    },
    {
      "type": "Feature",
      "geometry": {
        "type": "Point",
        "coordinates": [
          130.3280646,
          31.4047729
        ]
      },
      "properties": {
        "内容": "バス停: 高校東",
        "name": "高校東",
        "operator": "事業者不明",
        "ref": "",
        "url": "",
        "url2": ""
      }
    },
    {
      "type": "Feature",
      "geometry": {
        "type": "Point",
        "coordinates": [
          130.3825433,
          31.4500043
        ]
      },
      "properties": {
        "内容": "バス停: 堀切",
        "name": "堀切",
        "operator": "事業者不明",
        "ref": "",
        "url": "",
        "url2": ""
      }
    },
    {
      "type": "Feature",
      "geometry": {
        "type": "Point",
        "coordinates": [
          130.3627437,
          31.4511559
        ]
      },
      "properties": {
        "内容": "バス停: 上床",
        "name": "上床",
        "operator": "事業者不明",
        "ref": "",
        "url": "",
        "url2": ""
      }
    },
    {
      "type": "Feature",
      "geometry": {
        "type": "Point",
        "coordinates": [
          130.3888116,
          31.4491307
        ]
      },
      "properties": {
        "内容": "バス停: 土卒",
        "name": "土卒",
        "operator": "事業者不明",
        "ref": "",
        "url": "",
        "url2": ""
      }
    },
    {
      "type": "Feature",
      "geometry": {
        "type": "Point",
        "coordinates": [
          130.3895663,
          31.449359
        ]
      },
      "properties": {
        "内容": "バス停: 土卒",
        "name": "土卒",
        "operator": "事業者不明",
        "ref": "",
        "url": "",
        "url2": ""
      }
    },
    {
      "type": "Feature",
      "geometry": {
        "type": "Point",
        "coordinates": [
          130.3822223,
          31.4501904
        ]
      },
      "properties": {
        "内容": "バス停: 堀切",
        "name": "堀切",
        "operator": "事業者不明",
        "ref": "",
        "url": "",
        "url2": ""
      }
    },
    {
      "type": "Feature",
      "geometry": {
        "type": "Point",
        "coordinates": [
          130.3709237,
          31.4535203
        ]
      },
      "properties": {
        "内容": "バス停: 浦之名",
        "name": "浦之名",
        "operator": "事業者不明",
        "ref": "",
        "url": "",
        "url2": ""
      }
    },
    {
      "type": "Feature",
      "geometry": {
        "type": "Point",
        "coordinates": [
          130.5130637,
          31.546321
        ]
      },
      "properties": {
        "内容": "バス停: 中山団地",
        "name": "中山団地",
        "operator": "事業者不明",
        "ref": "",
        "url": "",
        "url2": ""
      }
    },
    {
      "type": "Feature",
      "geometry": {
        "type": "Point",
        "coordinates": [
          130.5130509,
          31.5462341
        ]
      },
      "properties": {
        "内容": "バス停: 中山団地",
        "name": "中山団地",
        "operator": "事業者不明",
        "ref": "",
        "url": "",
        "url2": ""
      }
    },
    {
      "type": "Feature",
      "geometry": {
        "type": "Point",
        "coordinates": [
          130.5180233,
          31.6391537
        ]
      },
      "properties": {
        "内容": "バス停: 皆房",
        "name": "皆房",
        "operator": "事業者不明",
        "ref": "",
        "url": "",
        "url2": ""
      }
    },
    {
      "type": "Feature",
      "geometry": {
        "type": "Point",
        "coordinates": [
          130.517254,
          31.6396638
        ]
      },
      "properties": {
        "内容": "バス停: 皆房",
        "name": "皆房",
        "operator": "事業者不明",
        "ref": "",
        "url": "",
        "url2": ""
      }
    },
    {
      "type": "Feature",
      "geometry": {
        "type": "Point",
        "coordinates": [
          130.5714881,
          31.7365927
        ]
      },
      "properties": {
        "内容": "バス停: 吉田麓",
        "name": "吉田麓",
        "operator": "事業者不明",
        "ref": "",
        "url": "",
        "url2": ""
      }
    },
    {
      "type": "Feature",
      "geometry": {
        "type": "Point",
        "coordinates": [
          130.5717715,
          31.736375
        ]
      },
      "properties": {
        "内容": "バス停: 吉田麓",
        "name": "吉田麓",
        "operator": "事業者不明",
        "ref": "",
        "url": "",
        "url2": ""
      }
    },
    {
      "type": "Feature",
      "geometry": {
        "type": "Point",
        "coordinates": [
          130.4862014,
          31.6632021
        ]
      },
      "properties": {
        "内容": "バス停: 小山田",
        "name": "小山田",
        "operator": "事業者不明",
        "ref": "",
        "url": "",
        "url2": ""
      }
    },
    {
      "type": "Feature",
      "geometry": {
        "type": "Point",
        "coordinates": [
          130.4860652,
          31.663254
        ]
      },
      "properties": {
        "内容": "バス停: 小山田",
        "name": "小山田",
        "operator": "事業者不明",
        "ref": "",
        "url": "",
        "url2": ""
      }
    },
    {
      "type": "Feature",
      "geometry": {
        "type": "Point",
        "coordinates": [
          130.4856889,
          31.6659528
        ]
      },
      "properties": {
        "内容": "バス停: 馬場尻",
        "name": "馬場尻",
        "operator": "事業者不明",
        "ref": "",
        "url": "",
        "url2": ""
      }
    },
    {
      "type": "Feature",
      "geometry": {
        "type": "Point",
        "coordinates": [
          130.4837878,
          31.6690214
        ]
      },
      "properties": {
        "内容": "バス停: 田中園",
        "name": "田中園",
        "operator": "事業者不明",
        "ref": "",
        "url": "",
        "url2": ""
      }
    },
    {
      "type": "Feature",
      "geometry": {
        "type": "Point",
        "coordinates": [
          130.4841713,
          31.668574
        ]
      },
      "properties": {
        "内容": "バス停: 田中園",
        "name": "田中園",
        "operator": "事業者不明",
        "ref": "",
        "url": "",
        "url2": ""
      }
    },
    {
      "type": "Feature",
      "geometry": {
        "type": "Point",
        "coordinates": [
          130.4855694,
          31.6659515
        ]
      },
      "properties": {
        "内容": "バス停: 馬場尻",
        "name": "馬場尻",
        "operator": "事業者不明",
        "ref": "",
        "url": "",
        "url2": ""
      }
    },
    {
      "type": "Feature",
      "geometry": {
        "type": "Point",
        "coordinates": [
          130.4773096,
          31.6712242
        ]
      },
      "properties": {
        "内容": "バス停: 池田鼻",
        "name": "池田鼻",
        "operator": "事業者不明",
        "ref": "",
        "url": "",
        "url2": ""
      }
    },
    {
      "type": "Feature",
      "geometry": {
        "type": "Point",
        "coordinates": [
          130.4772813,
          31.6710269
        ]
      },
      "properties": {
        "内容": "バス停: 池田鼻",
        "name": "池田鼻",
        "operator": "事業者不明",
        "ref": "",
        "url": "",
        "url2": ""
      }
    },
    {
      "type": "Feature",
      "geometry": {
        "type": "Point",
        "coordinates": [
          130.4748249,
          31.6761206
        ]
      },
      "properties": {
        "内容": "バス停: 上園",
        "name": "上園",
        "operator": "事業者不明",
        "ref": "",
        "url": "",
        "url2": ""
      }
    },
    {
      "type": "Feature",
      "geometry": {
        "type": "Point",
        "coordinates": [
          130.4746492,
          31.6757063
        ]
      },
      "properties": {
        "内容": "バス停: 上園",
        "name": "上園",
        "operator": "事業者不明",
        "ref": "",
        "url": "",
        "url2": ""
      }
    },
    {
      "type": "Feature",
      "geometry": {
        "type": "Point",
        "coordinates": [
          130.4758798,
          31.6793199
        ]
      },
      "properties": {
        "内容": "バス停: 明桜館高校入口",
        "name": "明桜館高校入口",
        "operator": "事業者不明",
        "ref": "",
        "url": "",
        "url2": ""
      }
    },
    {
      "type": "Feature",
      "geometry": {
        "type": "Point",
        "coordinates": [
          130.4755194,
          31.6789445
        ]
      },
      "properties": {
        "内容": "バス停: 明桜館高校入口",
        "name": "明桜館高校入口",
        "operator": "事業者不明",
        "ref": "",
        "url": "",
        "url2": ""
      }
    },
    {
      "type": "Feature",
      "geometry": {
        "type": "Point",
        "coordinates": [
          130.5458039,
          31.6191695
        ]
      },
      "properties": {
        "内容": "バス停: 玉里団地中央",
        "name": "玉里団地中央",
        "operator": "事業者不明",
        "ref": "",
        "url": "",
        "url2": ""
      }
    },
    {
      "type": "Feature",
      "geometry": {
        "type": "Point",
        "coordinates": [
          130.5459824,
          31.6188861
        ]
      },
      "properties": {
        "内容": "バス停: 玉里団地中央",
        "name": "玉里団地中央",
        "operator": "事業者不明",
        "ref": "",
        "url": "",
        "url2": ""
      }
    },
    {
      "type": "Feature",
      "geometry": {
        "type": "Point",
        "coordinates": [
          130.5475135,
          31.6211845
        ]
      },
      "properties": {
        "内容": "バス停: 玉里団地北",
        "name": "玉里団地北",
        "operator": "事業者不明",
        "ref": "",
        "url": "",
        "url2": ""
      }
    },
    {
      "type": "Feature",
      "geometry": {
        "type": "Point",
        "coordinates": [
          130.547659,
          31.6209947
        ]
      },
      "properties": {
        "内容": "バス停: 玉里団地北",
        "name": "玉里団地北",
        "operator": "事業者不明",
        "ref": "",
        "url": "",
        "url2": ""
      }
    },
    {
      "type": "Feature",
      "geometry": {
        "type": "Point",
        "coordinates": [
          130.5450165,
          31.6234713
        ]
      },
      "properties": {
        "内容": "バス停: 玉里団地北口",
        "name": "玉里団地北口",
        "operator": "事業者不明",
        "ref": "",
        "url": "",
        "url2": ""
      }
    },
    {
      "type": "Feature",
      "geometry": {
        "type": "Point",
        "coordinates": [
          130.5447616,
          31.6233959
        ]
      },
      "properties": {
        "内容": "バス停: 玉里団地北口",
        "name": "玉里団地北口",
        "operator": "事業者不明",
        "ref": "",
        "url": "",
        "url2": ""
      }
    },
    {
      "type": "Feature",
      "geometry": {
        "type": "Point",
        "coordinates": [
          130.5410027,
          31.6222854
        ]
      },
      "properties": {
        "内容": "バス停: 日当平住宅",
        "name": "日当平住宅",
        "operator": "事業者不明",
        "ref": "",
        "url": "",
        "url2": ""
      }
    },
    {
      "type": "Feature",
      "geometry": {
        "type": "Point",
        "coordinates": [
          130.5415002,
          31.6225263
        ]
      },
      "properties": {
        "内容": "バス停: 日当平住宅",
        "name": "日当平住宅",
        "operator": "事業者不明",
        "ref": "",
        "url": "",
        "url2": ""
      }
    },
    {
      "type": "Feature",
      "geometry": {
        "type": "Point",
        "coordinates": [
          130.5381448,
          31.6209404
        ]
      },
      "properties": {
        "内容": "バス停: 日当平住宅中通",
        "name": "日当平住宅中通",
        "operator": "事業者不明",
        "ref": "",
        "url": "",
        "url2": ""
      }
    },
    {
      "type": "Feature",
      "geometry": {
        "type": "Point",
        "coordinates": [
          130.538283,
          31.620911
        ]
      },
      "properties": {
        "内容": "バス停: 日当平住宅中通",
        "name": "日当平住宅中通",
        "operator": "事業者不明",
        "ref": "",
        "url": "",
        "url2": ""
      }
    },
    {
      "type": "Feature",
      "geometry": {
        "type": "Point",
        "coordinates": [
          130.5357075,
          31.6187161
        ]
      },
      "properties": {
        "内容": "バス停: 日当平住宅入口",
        "name": "日当平住宅入口",
        "operator": "事業者不明",
        "ref": "",
        "url": "",
        "url2": ""
      }
    },
    {
      "type": "Feature",
      "geometry": {
        "type": "Point",
        "coordinates": [
          130.5349148,
          31.6180878
        ]
      },
      "properties": {
        "内容": "バス停: 日当平住宅入口",
        "name": "日当平住宅入口",
        "operator": "事業者不明",
        "ref": "",
        "url": "",
        "url2": ""
      }
    },
    {
      "type": "Feature",
      "geometry": {
        "type": "Point",
        "coordinates": [
          130.5316258,
          31.616149
        ]
      },
      "properties": {
        "内容": "バス停: 岩崎",
        "name": "岩崎",
        "operator": "事業者不明",
        "ref": "",
        "url": "",
        "url2": ""
      }
    },
    {
      "type": "Feature",
      "geometry": {
        "type": "Point",
        "coordinates": [
          130.5320933,
          31.6164745
        ]
      },
      "properties": {
        "内容": "バス停: 岩崎",
        "name": "岩崎",
        "operator": "事業者不明",
        "ref": "",
        "url": "",
        "url2": ""
      }
    },
    {
      "type": "Feature",
      "geometry": {
        "type": "Point",
        "coordinates": [
          130.5434284,
          31.5919603
        ]
      },
      "properties": {
        "内容": "バス停: 新上橋",
        "name": "新上橋",
        "operator": "事業者不明",
        "ref": "",
        "url": "",
        "url2": ""
      }
    },
    {
      "type": "Feature",
      "geometry": {
        "type": "Point",
        "coordinates": [
          130.543787,
          31.5914372
        ]
      },
      "properties": {
        "内容": "バス停: 新上橋",
        "name": "新上橋",
        "operator": "事業者不明",
        "ref": "",
        "url": "",
        "url2": ""
      }
    },
    {
      "type": "Feature",
      "geometry": {
        "type": "Point",
        "coordinates": [
          130.5412699,
          31.5929374
        ]
      },
      "properties": {
        "内容": "バス停: 鹿高前",
        "name": "鹿高前",
        "operator": "事業者不明",
        "ref": "",
        "url": "",
        "url2": ""
      }
    },
    {
      "type": "Feature",
      "geometry": {
        "type": "Point",
        "coordinates": [
          130.5409282,
          31.593157
        ]
      },
      "properties": {
        "内容": "バス停: 鹿高前",
        "name": "鹿高前",
        "operator": "事業者不明",
        "ref": "",
        "url": "",
        "url2": ""
      }
    },
    {
      "type": "Feature",
      "geometry": {
        "type": "Point",
        "coordinates": [
          130.5392219,
          31.5935461
        ]
      },
      "properties": {
        "内容": "バス停: 城西公園前",
        "name": "城西公園前",
        "operator": "事業者不明",
        "ref": "",
        "url": "",
        "url2": ""
      }
    },
    {
      "type": "Feature",
      "geometry": {
        "type": "Point",
        "coordinates": [
          130.5392873,
          31.5934178
        ]
      },
      "properties": {
        "内容": "バス停: 城西公園前",
        "name": "城西公園前",
        "operator": "事業者不明",
        "ref": "",
        "url": "",
        "url2": ""
      }
    },
    {
      "type": "Feature",
      "geometry": {
        "type": "Point",
        "coordinates": [
          130.5359711,
          31.5942946
        ]
      },
      "properties": {
        "内容": "バス停: 花岡通",
        "name": "花岡通",
        "operator": "事業者不明",
        "ref": "",
        "url": "",
        "url2": ""
      }
    },
    {
      "type": "Feature",
      "geometry": {
        "type": "Point",
        "coordinates": [
          130.5360349,
          31.5941469
        ]
      },
      "properties": {
        "内容": "バス停: 花岡通",
        "name": "花岡通",
        "operator": "事業者不明",
        "ref": "",
        "url": "",
        "url2": ""
      }
    },
    {
      "type": "Feature",
      "geometry": {
        "type": "Point",
        "coordinates": [
          130.5328849,
          31.5948677
        ]
      },
      "properties": {
        "内容": "バス停: かけごし",
        "name": "かけごし",
        "operator": "事業者不明",
        "ref": "",
        "url": "",
        "url2": ""
      }
    },
    {
      "type": "Feature",
      "geometry": {
        "type": "Point",
        "coordinates": [
          130.5327238,
          31.5950507
        ]
      },
      "properties": {
        "内容": "バス停: かけごし",
        "name": "かけごし",
        "operator": "事業者不明",
        "ref": "",
        "url": "",
        "url2": ""
      }
    },
    {
      "type": "Feature",
      "geometry": {
        "type": "Point",
        "coordinates": [
          130.5297256,
          31.5967019
        ]
      },
      "properties": {
        "内容": "バス停: 山田",
        "name": "山田",
        "operator": "事業者不明",
        "ref": "",
        "url": "",
        "url2": ""
      }
    },
    {
      "type": "Feature",
      "geometry": {
        "type": "Point",
        "coordinates": [
          130.5300768,
          31.5965617
        ]
      },
      "properties": {
        "内容": "バス停: 山田",
        "name": "山田",
        "operator": "事業者不明",
        "ref": "",
        "url": "",
        "url2": ""
      }
    },
    {
      "type": "Feature",
      "geometry": {
        "type": "Point",
        "coordinates": [
          130.522806,
          31.5837006
        ]
      },
      "properties": {
        "内容": "バス停: 洗出",
        "name": "洗出",
        "operator": "事業者不明",
        "ref": "",
        "url": "",
        "url2": ""
      }
    },
    {
      "type": "Feature",
      "geometry": {
        "type": "Point",
        "coordinates": [
          130.5227414,
          31.5838031
        ]
      },
      "properties": {
        "内容": "バス停: 洗出",
        "name": "洗出",
        "operator": "事業者不明",
        "ref": "",
        "url": "",
        "url2": ""
      }
    },
    {
      "type": "Feature",
      "geometry": {
        "type": "Point",
        "coordinates": [
          130.5224469,
          31.5871536
        ]
      },
      "properties": {
        "内容": "バス停: 武岡団地入口",
        "name": "武岡団地入口",
        "operator": "事業者不明",
        "ref": "",
        "url": "",
        "url2": ""
      }
    },
    {
      "type": "Feature",
      "geometry": {
        "type": "Point",
        "coordinates": [
          130.5219593,
          31.5874044
        ]
      },
      "properties": {
        "内容": "バス停: 武岡団地入口",
        "name": "武岡団地入口",
        "operator": "事業者不明",
        "ref": "",
        "url": "",
        "url2": ""
      }
    },
    {
      "type": "Feature",
      "geometry": {
        "type": "Point",
        "coordinates": [
          130.5198368,
          31.5898012
        ]
      },
      "properties": {
        "内容": "バス停: 武岡団地南",
        "name": "武岡団地南",
        "operator": "事業者不明",
        "ref": "",
        "url": "",
        "url2": ""
      }
    },
    {
      "type": "Feature",
      "geometry": {
        "type": "Point",
        "coordinates": [
          130.5205695,
          31.5892511
        ]
      },
      "properties": {
        "内容": "バス停: 武岡団地南",
        "name": "武岡団地南",
        "operator": "事業者不明",
        "ref": "",
        "url": "",
        "url2": ""
      }
    },
    {
      "type": "Feature",
      "geometry": {
        "type": "Point",
        "coordinates": [
          130.5183027,
          31.5918566
        ]
      },
      "properties": {
        "内容": "バス停: 武岡小前",
        "name": "武岡小前",
        "operator": "事業者不明",
        "ref": "",
        "url": "",
        "url2": ""
      }
    },
    {
      "type": "Feature",
      "geometry": {
        "type": "Point",
        "coordinates": [
          130.5183322,
          31.5916302
        ]
      },
      "properties": {
        "内容": "バス停: 武岡小前",
        "name": "武岡小前",
        "operator": "事業者不明",
        "ref": "",
        "url": "",
        "url2": ""
      }
    },
    {
      "type": "Feature",
      "geometry": {
        "type": "Point",
        "coordinates": [
          130.5162418,
          31.5941384
        ]
      },
      "properties": {
        "内容": "バス停: 武岡団地",
        "name": "武岡団地",
        "operator": "事業者不明",
        "ref": "",
        "url": "",
        "url2": ""
      }
    },
    {
      "type": "Feature",
      "geometry": {
        "type": "Point",
        "coordinates": [
          130.5161753,
          31.5940761
        ]
      },
      "properties": {
        "内容": "バス停: 武岡団地",
        "name": "武岡団地",
        "operator": "事業者不明",
        "ref": "",
        "url": "",
        "url2": ""
      }
    },
    {
      "type": "Feature",
      "geometry": {
        "type": "Point",
        "coordinates": [
          130.5191083,
          31.4362331
        ]
      },
      "properties": {
        "内容": "バス停: 蛸山",
        "name": "蛸山",
        "operator": "事業者不明",
        "ref": "",
        "url": "",
        "url2": ""
      }
    },
    {
      "type": "Feature",
      "geometry": {
        "type": "Point",
        "coordinates": [
          130.5192562,
          31.436267
        ]
      },
      "properties": {
        "内容": "バス停: 蛸山",
        "name": "蛸山",
        "operator": "事業者不明",
        "ref": "",
        "url": "",
        "url2": ""
      }
    },
    {
      "type": "Feature",
      "geometry": {
        "type": "Point",
        "coordinates": [
          130.5077787,
          31.4356918
        ]
      },
      "properties": {
        "内容": "バス停: 野屋敷",
        "name": "野屋敷",
        "operator": "事業者不明",
        "ref": "",
        "url": "",
        "url2": ""
      }
    },
    {
      "type": "Feature",
      "geometry": {
        "type": "Point",
        "coordinates": [
          130.5079421,
          31.4356277
        ]
      },
      "properties": {
        "内容": "バス停: 野屋敷",
        "name": "野屋敷",
        "operator": "事業者不明",
        "ref": "",
        "url": "",
        "url2": ""
      }
    },
    {
      "type": "Feature",
      "geometry": {
        "type": "Point",
        "coordinates": [
          130.5100384,
          31.4460466
        ]
      },
      "properties": {
        "内容": "バス停: 錦江湾高校前",
        "name": "錦江湾高校前",
        "operator": "事業者不明",
        "ref": "",
        "url": "",
        "url2": ""
      }
    },
    {
      "type": "Feature",
      "geometry": {
        "type": "Point",
        "coordinates": [
          130.5101804,
          31.4459535
        ]
      },
      "properties": {
        "内容": "バス停: 錦江湾高校前",
        "name": "錦江湾高校前",
        "operator": "事業者不明",
        "ref": "",
        "url": "",
        "url2": ""
      }
    },
    {
      "type": "Feature",
      "geometry": {
        "type": "Point",
        "coordinates": [
          130.5074698,
          31.4383586
        ]
      },
      "properties": {
        "内容": "バス停: 最福寺入口",
        "name": "最福寺入口",
        "operator": "事業者不明",
        "ref": "",
        "url": "",
        "url2": ""
      }
    },
    {
      "type": "Feature",
      "geometry": {
        "type": "Point",
        "coordinates": [
          130.5075635,
          31.4387266
        ]
      },
      "properties": {
        "内容": "バス停: 最福寺入口",
        "name": "最福寺入口",
        "operator": "事業者不明",
        "ref": "",
        "url": "",
        "url2": ""
      }
    },
    {
      "type": "Feature",
      "geometry": {
        "type": "Point",
        "coordinates": [
          130.5576141,
          31.5931722
        ]
      },
      "properties": {
        "内容": "バス停: 金生町",
        "name": "金生町",
        "operator": "事業者不明",
        "ref": "鹿児島中央駅経由",
        "url": "",
        "url2": ""
      }
    },
    {
      "type": "Feature",
      "geometry": {
        "type": "Point",
        "coordinates": [
          130.557644,
          31.5929411
        ]
      },
      "properties": {
        "内容": "バス停: 金生町",
        "name": "金生町",
        "operator": "事業者不明",
        "ref": "国道225号線経由甲突町方面・大門口経由三和町方面",
        "url": "",
        "url2": ""
      }
    },
    {
      "type": "Feature",
      "geometry": {
        "type": "Point",
        "coordinates": [
          130.5575809,
          31.5933837
        ]
      },
      "properties": {
        "内容": "バス停: 金生町",
        "name": "金生町",
        "operator": "事業者不明",
        "ref": "国道3号線伊敷・川内方面",
        "url": "",
        "url2": ""
      }
    },
    {
      "type": "Feature",
      "geometry": {
        "type": "Point",
        "coordinates": [
          130.5575455,
          31.5936083
        ]
      },
      "properties": {
        "内容": "バス停: 金生町",
        "name": "金生町",
        "operator": "事業者不明",
        "ref": "",
        "url": "",
        "url2": ""
      }
    },
    {
      "type": "Feature",
      "geometry": {
        "type": "Point",
        "coordinates": [
          130.5440514,
          31.5836682
        ]
      },
      "properties": {
        "内容": "バス停: 降車専用",
        "name": "降車専用",
        "operator": "事業者不明",
        "ref": "東20",
        "url": "",
        "url2": ""
      }
    },
    {
      "type": "Feature",
      "geometry": {
        "type": "Point",
        "coordinates": [
          130.5434171,
          31.5842648
        ]
      },
      "properties": {
        "内容": "バス停: 花棚/吉田インター/大明ケ丘/旭ヶ丘方面",
        "name": "花棚/吉田インター/大明ケ丘/旭ヶ丘方面",
        "operator": "事業者不明",
        "ref": "東2",
        "url": "",
        "url2": ""
      }
    },
    {
      "type": "Feature",
      "geometry": {
        "type": "Point",
        "coordinates": [
          130.5431866,
          31.5842975
        ]
      },
      "properties": {
        "内容": "バス停: 中別府・宮之浦団地/吉野公園/ゴルフ場方面",
        "name": "中別府・宮之浦団地/吉野公園/ゴルフ場方面",
        "operator": "事業者不明",
        "ref": "東3",
        "url": "",
        "url2": ""
      }
    },
    {
      "type": "Feature",
      "geometry": {
        "type": "Point",
        "coordinates": [
          130.5431076,
          31.584842
        ]
      },
      "properties": {
        "内容": "バス停: 天文館/市役所/鹿児島駅方面",
        "name": "天文館/市役所/鹿児島駅方面",
        "operator": "事業者不明",
        "ref": "東5",
        "url": "",
        "url2": ""
      }
    },
    {
      "type": "Feature",
      "geometry": {
        "type": "Point",
        "coordinates": [
          130.5431171,
          31.5848749
        ]
      },
      "properties": {
        "内容": "バス停: 水族館前/桜島桟橋/北・南埠頭方面",
        "name": "水族館前/桜島桟橋/北・南埠頭方面",
        "operator": "事業者不明",
        "ref": "東6",
        "url": "",
        "url2": ""
      }
    },
    {
      "type": "Feature",
      "geometry": {
        "type": "Point",
        "coordinates": [
          130.5431486,
          31.5849904
        ]
      },
      "properties": {
        "内容": "バス停: 伊敷/花野団地/郡山方面",
        "name": "伊敷/花野団地/郡山方面",
        "operator": "事業者不明",
        "ref": "東7",
        "url": "",
        "url2": ""
      }
    },
    {
      "type": "Feature",
      "geometry": {
        "type": "Point",
        "coordinates": [
          130.5434366,
          31.5851112
        ]
      },
      "properties": {
        "内容": "バス停: 定期観光バス",
        "name": "定期観光バス",
        "operator": "事業者不明",
        "ref": "東8",
        "url": "",
        "url2": ""
      }
    },
    {
      "type": "Feature",
      "geometry": {
        "type": "Point",
        "coordinates": [
          130.5436736,
          31.5850799
        ]
      },
      "properties": {
        "内容": "バス停: 定期観光バス",
        "name": "定期観光バス",
        "operator": "事業者不明",
        "ref": "東9",
        "url": "",
        "url2": ""
      }
    },
    {
      "type": "Feature",
      "geometry": {
        "type": "Point",
        "coordinates": [
          130.5435887,
          31.5842413
        ]
      },
      "properties": {
        "内容": "バス停: 降車専用",
        "name": "降車専用",
        "operator": "事業者不明",
        "ref": "東1",
        "url": "",
        "url2": ""
      }
    },
    {
      "type": "Feature",
      "geometry": {
        "type": "Point",
        "coordinates": [
          130.5436828,
          31.5847388
        ]
      },
      "properties": {
        "内容": "バス停: 竪馬場/坂元/玉里団地/緑ヶ丘・伊敷団地/吉田方面",
        "name": "竪馬場/坂元/玉里団地/緑ヶ丘・伊敷団地/吉田方面",
        "operator": "事業者不明",
        "ref": "東11",
        "url": "",
        "url2": ""
      }
    },
    {
      "type": "Feature",
      "geometry": {
        "type": "Point",
        "coordinates": [
          130.5435182,
          31.5847648
        ]
      },
      "properties": {
        "内容": "バス停: 竪馬場/城山団地/女子高方面",
        "name": "竪馬場/城山団地/女子高方面",
        "operator": "事業者不明",
        "ref": "東12",
        "url": "",
        "url2": ""
      }
    },
    {
      "type": "Feature",
      "geometry": {
        "type": "Point",
        "coordinates": [
          130.5433576,
          31.5847206
        ]
      },
      "properties": {
        "内容": "バス停: 玉龍高/せばる団地/辻ヶ丘団地/吉野方面",
        "name": "玉龍高/せばる団地/辻ヶ丘団地/吉野方面",
        "operator": "事業者不明",
        "ref": "東13",
        "url": "",
        "url2": ""
      }
    },
    {
      "type": "Feature",
      "geometry": {
        "type": "Point",
        "coordinates": [
          130.5433352,
          31.5845864
        ]
      },
      "properties": {
        "内容": "バス停: 天保山方面",
        "name": "天保山方面",
        "operator": "事業者不明",
        "ref": "東14",
        "url": "",
        "url2": ""
      }
    },
    {
      "type": "Feature",
      "geometry": {
        "type": "Point",
        "coordinates": [
          130.543396,
          31.5845096
        ]
      },
      "properties": {
        "内容": "バス停: 県庁・鴨池港・与次郎/垂水・鹿屋(直通)方面",
        "name": "県庁・鴨池港・与次郎/垂水・鹿屋(直通)方面",
        "operator": "事業者不明",
        "ref": "東15",
        "url": "",
        "url2": ""
      }
    },
    {
      "type": "Feature",
      "geometry": {
        "type": "Point",
        "coordinates": [
          130.5435091,
          31.5844846
        ]
      },
      "properties": {
        "内容": "バス停: 指宿・知覧(特攻観音)・川辺・加世田・枕崎方面",
        "name": "指宿・知覧(特攻観音)・川辺・加世田・枕崎方面",
        "operator": "事業者不明",
        "ref": "東16",
        "url": "",
        "url2": ""
      }
    },
    {
      "type": "Feature",
      "geometry": {
        "type": "Point",
        "coordinates": [
          130.5437182,
          31.5844615
        ]
      },
      "properties": {
        "内容": "バス停: 城西/明和/永吉(鹿児島アリーナ)/常盤方面",
        "name": "城西/明和/永吉(鹿児島アリーナ)/常盤方面",
        "operator": "事業者不明",
        "ref": "東17",
        "url": "",
        "url2": ""
      }
    },
    {
      "type": "Feature",
      "geometry": {
        "type": "Point",
        "coordinates": [
          130.5435539,
          31.5844772
        ]
      },
      "properties": {
        "内容": "バス停: 慈眼寺団地/イオン鹿児島/七ツ島/交通安全センター方面",
        "name": "慈眼寺団地/イオン鹿児島/七ツ島/交通安全センター方面",
        "operator": "事業者不明",
        "ref": "東16",
        "url": "",
        "url2": ""
      }
    },
    {
      "type": "Feature",
      "geometry": {
        "type": "Point",
        "coordinates": [
          130.5431503,
          31.5850018
        ]
      },
      "properties": {
        "内容": "バス停: 入来/宮之城/祁答院/純心女子大/川内/串木野新港方面",
        "name": "入来/宮之城/祁答院/純心女子大/川内/串木野新港方面",
        "operator": "事業者不明",
        "ref": "東7",
        "url": "",
        "url2": ""
      }
    },
    {
      "type": "Feature",
      "geometry": {
        "type": "Point",
        "coordinates": [
          130.543151,
          31.5850137
        ]
      },
      "properties": {
        "内容": "バス停: 重富/帖佐/蒲生/姶良/加治木/隼人/国分/重久/日当山/鹿児島神宮/丸尾(霧島)方面",
        "name": "重富/帖佐/蒲生/姶良/加治木/隼人/国分/重久/日当山/鹿児島神宮/丸尾(霧島)方面",
        "operator": "事業者不明",
        "ref": "東7",
        "url": "",
        "url2": ""
      }
    },
    {
      "type": "Feature",
      "geometry": {
        "type": "Point",
        "coordinates": [
          130.5431539,
          31.5850291
        ]
      },
      "properties": {
        "内容": "バス停: 牧之原/岩川方面",
        "name": "牧之原/岩川方面",
        "operator": "事業者不明",
        "ref": "東7",
        "url": "",
        "url2": ""
      }
    },
    {
      "type": "Feature",
      "geometry": {
        "type": "Point",
        "coordinates": [
          130.5438511,
          31.584567
        ]
      },
      "properties": {
        "内容": "バス停: 名称不明バス停",
        "name": "名称不明バス停",
        "operator": "事業者不明",
        "ref": "東18",
        "url": "",
        "url2": ""
      }
    },
    {
      "type": "Feature",
      "geometry": {
        "type": "Point",
        "coordinates": [
          130.543864,
          31.5846455
        ]
      },
      "properties": {
        "内容": "バス停: 降車専用",
        "name": "降車専用",
        "operator": "事業者不明",
        "ref": "東19",
        "url": "",
        "url2": ""
      }
    },
    {
      "type": "Feature",
      "geometry": {
        "type": "Point",
        "coordinates": [
          130.2920897,
          31.2838451
        ]
      },
      "properties": {
        "内容": "バス停: 農協本所前",
        "name": "農協本所前",
        "operator": "事業者不明",
        "ref": "",
        "url": "",
        "url2": ""
      }
    },
    {
      "type": "Feature",
      "geometry": {
        "type": "Point",
        "coordinates": [
          130.2919345,
          31.2837599
        ]
      },
      "properties": {
        "内容": "バス停: 農協本所前",
        "name": "農協本所前",
        "operator": "事業者不明",
        "ref": "",
        "url": "",
        "url2": ""
      }
    },
    {
      "type": "Feature",
      "geometry": {
        "type": "Point",
        "coordinates": [
          130.2919026,
          31.2797718
        ]
      },
      "properties": {
        "内容": "バス停: 平田住宅前",
        "name": "平田住宅前",
        "operator": "事業者不明",
        "ref": "",
        "url": "",
        "url2": ""
      }
    },
    {
      "type": "Feature",
      "geometry": {
        "type": "Point",
        "coordinates": [
          130.29167,
          31.2799204
        ]
      },
      "properties": {
        "内容": "バス停: 平田住宅前",
        "name": "平田住宅前",
        "operator": "事業者不明",
        "ref": "",
        "url": "",
        "url2": ""
      }
    },
    {
      "type": "Feature",
      "geometry": {
        "type": "Point",
        "coordinates": [
          130.2946817,
          31.2717385
        ]
      },
      "properties": {
        "内容": "バス停: 測候所下",
        "name": "測候所下",
        "operator": "事業者不明",
        "ref": "",
        "url": "",
        "url2": ""
      }
    },
    {
      "type": "Feature",
      "geometry": {
        "type": "Point",
        "coordinates": [
          130.2943994,
          31.2720047
        ]
      },
      "properties": {
        "内容": "バス停: 測候所下",
        "name": "測候所下",
        "operator": "事業者不明",
        "ref": "",
        "url": "",
        "url2": ""
      }
    },
    {
      "type": "Feature",
      "geometry": {
        "type": "Point",
        "coordinates": [
          130.2950972,
          31.2701306
        ]
      },
      "properties": {
        "内容": "バス停: 中央通り",
        "name": "中央通り",
        "operator": "事業者不明",
        "ref": "",
        "url": "",
        "url2": ""
      }
    },
    {
      "type": "Feature",
      "geometry": {
        "type": "Point",
        "coordinates": [
          130.2952557,
          31.2703614
        ]
      },
      "properties": {
        "内容": "バス停: 中央通り",
        "name": "中央通り",
        "operator": "事業者不明",
        "ref": "",
        "url": "",
        "url2": ""
      }
    },
    {
      "type": "Feature",
      "geometry": {
        "type": "Point",
        "coordinates": [
          130.5568741,
          31.5594778
        ]
      },
      "properties": {
        "内容": "バス停: 県庁前",
        "name": "県庁前",
        "operator": "事業者不明",
        "ref": "1 鹿児島空港行き",
        "url": "",
        "url2": ""
      }
    },
    {
      "type": "Feature",
      "geometry": {
        "type": "Point",
        "coordinates": [
          130.5571885,
          31.5594242
        ]
      },
      "properties": {
        "内容": "バス停: 県庁前",
        "name": "県庁前",
        "operator": "事業者不明",
        "ref": "7 鴨池・与次郎・鹿児島中央駅・天文館・水族館前方面",
        "url": "",
        "url2": ""
      }
    },
    {
      "type": "Feature",
      "geometry": {
        "type": "Point",
        "coordinates": [
          130.5600197,
          31.5741407
        ]
      },
      "properties": {
        "内容": "バス停: 天保山",
        "name": "天保山",
        "operator": "事業者不明",
        "ref": "",
        "url": "",
        "url2": ""
      }
    },
    {
      "type": "Feature",
      "geometry": {
        "type": "Point",
        "coordinates": [
          130.5602281,
          31.574161
        ]
      },
      "properties": {
        "内容": "バス停: 天保山",
        "name": "天保山",
        "operator": "事業者不明",
        "ref": "",
        "url": "",
        "url2": ""
      }
    },
    {
      "type": "Feature",
      "geometry": {
        "type": "Point",
        "coordinates": [
          130.5624002,
          31.5805291
        ]
      },
      "properties": {
        "内容": "バス停: 城南小前",
        "name": "城南小前",
        "operator": "事業者不明",
        "ref": "",
        "url": "",
        "url2": ""
      }
    },
    {
      "type": "Feature",
      "geometry": {
        "type": "Point",
        "coordinates": [
          130.5625684,
          31.5813267
        ]
      },
      "properties": {
        "内容": "バス停: 城南小前",
        "name": "城南小前",
        "operator": "事業者不明",
        "ref": "",
        "url": "",
        "url2": ""
      }
    },
    {
      "type": "Feature",
      "geometry": {
        "type": "Point",
        "coordinates": [
          130.5587218,
          31.5696517
        ]
      },
      "properties": {
        "内容": "バス停: 与次郎ヶ浜",
        "name": "与次郎ヶ浜",
        "operator": "事業者不明",
        "ref": "",
        "url": "",
        "url2": ""
      }
    },
    {
      "type": "Feature",
      "geometry": {
        "type": "Point",
        "coordinates": [
          130.5590085,
          31.569736
        ]
      },
      "properties": {
        "内容": "バス停: 与次郎ヶ浜",
        "name": "与次郎ヶ浜",
        "operator": "事業者不明",
        "ref": "",
        "url": "",
        "url2": ""
      }
    },
    {
      "type": "Feature",
      "geometry": {
        "type": "Point",
        "coordinates": [
          130.5569819,
          31.5659603
        ]
      },
      "properties": {
        "内容": "バス停: 水産学部前",
        "name": "水産学部前",
        "operator": "事業者不明",
        "ref": "",
        "url": "",
        "url2": ""
      }
    },
    {
      "type": "Feature",
      "geometry": {
        "type": "Point",
        "coordinates": [
          130.5574073,
          31.5661499
        ]
      },
      "properties": {
        "内容": "バス停: 水産学部前",
        "name": "水産学部前",
        "operator": "事業者不明",
        "ref": "",
        "url": "",
        "url2": ""
      }
    },
    {
      "type": "Feature",
      "geometry": {
        "type": "Point",
        "coordinates": [
          130.5622133,
          31.5837721
        ]
      },
      "properties": {
        "内容": "バス停: 南林寺",
        "name": "南林寺",
        "operator": "事業者不明",
        "ref": "",
        "url": "",
        "url2": ""
      }
    },
    {
      "type": "Feature",
      "geometry": {
        "type": "Point",
        "coordinates": [
          130.5624264,
          31.5839547
        ]
      },
      "properties": {
        "内容": "バス停: 南林寺",
        "name": "南林寺",
        "operator": "事業者不明",
        "ref": "",
        "url": "",
        "url2": ""
      }
    },
    {
      "type": "Feature",
      "geometry": {
        "type": "Point",
        "coordinates": [
          130.7128797,
          31.8005745
        ]
      },
      "properties": {
        "内容": "バス停: 鹿児島空港南",
        "name": "鹿児島空港南",
        "operator": "事業者不明",
        "ref": "",
        "url": "",
        "url2": ""
      }
    },
    {
      "type": "Feature",
      "geometry": {
        "type": "Point",
        "coordinates": [
          130.5056636,
          31.5129837
        ]
      },
      "properties": {
        "内容": "バス停: 慈眼寺公園前",
        "name": "慈眼寺公園前",
        "operator": "事業者不明",
        "ref": "",
        "url": "",
        "url2": ""
      }
    },
    {
      "type": "Feature",
      "geometry": {
        "type": "Point",
        "coordinates": [
          130.5058968,
          31.5129575
        ]
      },
      "properties": {
        "内容": "バス停: 慈眼寺公園前",
        "name": "慈眼寺公園前",
        "operator": "事業者不明",
        "ref": "",
        "url": "",
        "url2": ""
      }
    },
    {
      "type": "Feature",
      "geometry": {
        "type": "Point",
        "coordinates": [
          130.5096571,
          31.5156605
        ]
      },
      "properties": {
        "内容": "バス停: 恵比須北",
        "name": "恵比須北",
        "operator": "事業者不明",
        "ref": "",
        "url": "",
        "url2": ""
      }
    },
    {
      "type": "Feature",
      "geometry": {
        "type": "Point",
        "coordinates": [
          130.5097617,
          31.5155931
        ]
      },
      "properties": {
        "内容": "バス停: 恵比須北",
        "name": "恵比須北",
        "operator": "事業者不明",
        "ref": "",
        "url": "",
        "url2": ""
      }
    },
    {
      "type": "Feature",
      "geometry": {
        "type": "Point",
        "coordinates": [
          130.4655635,
          31.3812088
        ]
      },
      "properties": {
        "内容": "バス停: 後岳",
        "name": "後岳",
        "operator": "事業者不明",
        "ref": "",
        "url": "",
        "url2": ""
      }
    },
    {
      "type": "Feature",
      "geometry": {
        "type": "Point",
        "coordinates": [
          130.2302129,
          31.3962246
        ]
      },
      "properties": {
        "内容": "バス停: 越路",
        "name": "越路",
        "operator": "事業者不明",
        "ref": "",
        "url": "",
        "url2": ""
      }
    },
    {
      "type": "Feature",
      "geometry": {
        "type": "Point",
        "coordinates": [
          130.2318908,
          31.3924963
        ]
      },
      "properties": {
        "内容": "バス停: 榊",
        "name": "榊",
        "operator": "事業者不明",
        "ref": "",
        "url": "",
        "url2": ""
      }
    },
    {
      "type": "Feature",
      "geometry": {
        "type": "Point",
        "coordinates": [
          130.2211275,
          31.3820494
        ]
      },
      "properties": {
        "内容": "バス停: 笠沙高校跡",
        "name": "笠沙高校跡",
        "operator": "事業者不明",
        "ref": "",
        "url": "",
        "url2": ""
      }
    },
    {
      "type": "Feature",
      "geometry": {
        "type": "Point",
        "coordinates": [
          130.2275787,
          31.3828645
        ]
      },
      "properties": {
        "内容": "バス停: 大笠中前",
        "name": "大笠中前",
        "operator": "事業者不明",
        "ref": "",
        "url": "",
        "url2": ""
      }
    },
    {
      "type": "Feature",
      "geometry": {
        "type": "Point",
        "coordinates": [
          130.1574569,
          31.4343559
        ]
      },
      "properties": {
        "内容": "バス停: 大崩",
        "name": "大崩",
        "operator": "事業者不明",
        "ref": "",
        "url": "",
        "url2": ""
      }
    },
    {
      "type": "Feature",
      "geometry": {
        "type": "Point",
        "coordinates": [
          130.1653138,
          31.4346735
        ]
      },
      "properties": {
        "内容": "バス停: 番所",
        "name": "番所",
        "operator": "事業者不明",
        "ref": "",
        "url": "",
        "url2": ""
      }
    },
    {
      "type": "Feature",
      "geometry": {
        "type": "Point",
        "coordinates": [
          130.1662643,
          31.4317061
        ]
      },
      "properties": {
        "内容": "バス停: 高崎山",
        "name": "高崎山",
        "operator": "事業者不明",
        "ref": "",
        "url": "",
        "url2": ""
      }
    },
    {
      "type": "Feature",
      "geometry": {
        "type": "Point",
        "coordinates": [
          130.1690703,
          31.4239305
        ]
      },
      "properties": {
        "内容": "バス停: 石垣の里",
        "name": "石垣の里",
        "operator": "事業者不明",
        "ref": "",
        "url": "",
        "url2": ""
      }
    },
    {
      "type": "Feature",
      "geometry": {
        "type": "Point",
        "coordinates": [
          130.1696431,
          31.4198256
        ]
      },
      "properties": {
        "内容": "バス停: 大当",
        "name": "大当",
        "operator": "事業者不明",
        "ref": "",
        "url": "",
        "url2": ""
      }
    },
    {
      "type": "Feature",
      "geometry": {
        "type": "Point",
        "coordinates": [
          130.180514,
          31.4193994
        ]
      },
      "properties": {
        "内容": "バス停: 片浦",
        "name": "片浦",
        "operator": "事業者不明",
        "ref": "",
        "url": "",
        "url2": ""
      }
    },
    {
      "type": "Feature",
      "geometry": {
        "type": "Point",
        "coordinates": [
          130.1850627,
          31.4122455
        ]
      },
      "properties": {
        "内容": "バス停: 仁王崎",
        "name": "仁王崎",
        "operator": "事業者不明",
        "ref": "",
        "url": "",
        "url2": ""
      }
    },
    {
      "type": "Feature",
      "geometry": {
        "type": "Point",
        "coordinates": [
          130.1866144,
          31.4071145
        ]
      },
      "properties": {
        "内容": "バス停: 玉林",
        "name": "玉林",
        "operator": "事業者不明",
        "ref": "",
        "url": "",
        "url2": ""
      }
    },
    {
      "type": "Feature",
      "geometry": {
        "type": "Point",
        "coordinates": [
          130.2534848,
          31.4124893
        ]
      },
      "properties": {
        "内容": "バス停: 迎",
        "name": "迎",
        "operator": "事業者不明",
        "ref": "",
        "url": "",
        "url2": ""
      }
    },
    {
      "type": "Feature",
      "geometry": {
        "type": "Point",
        "coordinates": [
          130.2552815,
          31.4147241
        ]
      },
      "properties": {
        "内容": "バス停: 小湊農協前",
        "name": "小湊農協前",
        "operator": "事業者不明",
        "ref": "",
        "url": "",
        "url2": ""
      }
    },
    {
      "type": "Feature",
      "geometry": {
        "type": "Point",
        "coordinates": [
          130.2585327,
          31.4149278
        ]
      },
      "properties": {
        "内容": "バス停: 神社前",
        "name": "神社前",
        "operator": "事業者不明",
        "ref": "",
        "url": "",
        "url2": ""
      }
    },
    {
      "type": "Feature",
      "geometry": {
        "type": "Point",
        "coordinates": [
          130.2619799,
          31.4160608
        ]
      },
      "properties": {
        "内容": "バス停: 小湊屋敷",
        "name": "小湊屋敷",
        "operator": "事業者不明",
        "ref": "",
        "url": "",
        "url2": ""
      }
    },
    {
      "type": "Feature",
      "geometry": {
        "type": "Point",
        "coordinates": [
          130.3358707,
          31.451908
        ]
      },
      "properties": {
        "内容": "バス停: 金峰中前",
        "name": "金峰中前",
        "operator": "事業者不明",
        "ref": "",
        "url": "",
        "url2": ""
      }
    },
    {
      "type": "Feature",
      "geometry": {
        "type": "Point",
        "coordinates": [
          130.3448624,
          31.4604085
        ]
      },
      "properties": {
        "内容": "バス停: 田布施麓",
        "name": "田布施麓",
        "operator": "事業者不明",
        "ref": "",
        "url": "",
        "url2": ""
      }
    },
    {
      "type": "Feature",
      "geometry": {
        "type": "Point",
        "coordinates": [
          130.2330332,
          31.4037954
        ]
      },
      "properties": {
        "内容": "バス停: 大浦くじら館前",
        "name": "大浦くじら館前",
        "operator": "事業者不明",
        "ref": "",
        "url": "",
        "url2": ""
      }
    },
    {
      "type": "Feature",
      "geometry": {
        "type": "Point",
        "coordinates": [
          130.2358605,
          31.4042536
        ]
      },
      "properties": {
        "内容": "バス停: みどり団地前",
        "name": "みどり団地前",
        "operator": "事業者不明",
        "ref": "",
        "url": "",
        "url2": ""
      }
    },
    {
      "type": "Feature",
      "geometry": {
        "type": "Point",
        "coordinates": [
          130.345081,
          31.460508
        ]
      },
      "properties": {
        "内容": "バス停: 田布施麓",
        "name": "田布施麓",
        "operator": "事業者不明",
        "ref": "",
        "url": "",
        "url2": ""
      }
    },
    {
      "type": "Feature",
      "geometry": {
        "type": "Point",
        "coordinates": [
          130.4300968,
          31.3596097
        ]
      },
      "properties": {
        "内容": "バス停: 農協前",
        "name": "農協前",
        "operator": "事業者不明",
        "ref": "",
        "url": "",
        "url2": ""
      }
    },
    {
      "type": "Feature",
      "geometry": {
        "type": "Point",
        "coordinates": [
          130.4298567,
          31.3593792
        ]
      },
      "properties": {
        "内容": "バス停: 農協前",
        "name": "農協前",
        "operator": "事業者不明",
        "ref": "",
        "url": "",
        "url2": ""
      }
    },
    {
      "type": "Feature",
      "geometry": {
        "type": "Point",
        "coordinates": [
          130.432165,
          31.3689443
        ]
      },
      "properties": {
        "内容": "バス停: 下郡",
        "name": "下郡",
        "operator": "事業者不明",
        "ref": "",
        "url": "",
        "url2": ""
      }
    },
    {
      "type": "Feature",
      "geometry": {
        "type": "Point",
        "coordinates": [
          130.4324331,
          31.3690132
        ]
      },
      "properties": {
        "内容": "バス停: 下郡",
        "name": "下郡",
        "operator": "事業者不明",
        "ref": "",
        "url": "",
        "url2": ""
      }
    },
    {
      "type": "Feature",
      "geometry": {
        "type": "Point",
        "coordinates": [
          130.4406346,
          31.3774078
        ]
      },
      "properties": {
        "内容": "バス停: 中郡",
        "name": "中郡",
        "operator": "事業者不明",
        "ref": "",
        "url": "",
        "url2": ""
      }
    },
    {
      "type": "Feature",
      "geometry": {
        "type": "Point",
        "coordinates": [
          130.4402236,
          31.3770624
        ]
      },
      "properties": {
        "内容": "バス停: 中郡 (鹿児島交通)",
        "name": "中郡",
        "operator": "鹿児島交通",
        "ref": "",
        "url": "",
        "url2": ""
      }
    },
    {
      "type": "Feature",
      "geometry": {
        "type": "Point",
        "coordinates": [
          130.4365272,
          31.3756383
        ]
      },
      "properties": {
        "内容": "バス停: 高校前",
        "name": "高校前",
        "operator": "事業者不明",
        "ref": "",
        "url": "",
        "url2": ""
      }
    },
    {
      "type": "Feature",
      "geometry": {
        "type": "Point",
        "coordinates": [
          130.4359552,
          31.3747257
        ]
      },
      "properties": {
        "内容": "バス停: 高校前",
        "name": "高校前",
        "operator": "事業者不明",
        "ref": "",
        "url": "",
        "url2": ""
      }
    },
    {
      "type": "Feature",
      "geometry": {
        "type": "Point",
        "coordinates": [
          130.4857599,
          31.3741794
        ]
      },
      "properties": {
        "内容": "バス停: 池ノ河内",
        "name": "池ノ河内",
        "operator": "事業者不明",
        "ref": "",
        "url": "",
        "url2": ""
      }
    },
    {
      "type": "Feature",
      "geometry": {
        "type": "Point",
        "coordinates": [
          130.4747658,
          31.6741529
        ]
      },
      "properties": {
        "内容": "バス停: 柿木平",
        "name": "柿木平",
        "operator": "事業者不明",
        "ref": "",
        "url": "",
        "url2": ""
      }
    },
    {
      "type": "Feature",
      "geometry": {
        "type": "Point",
        "coordinates": [
          130.4749692,
          31.6742171
        ]
      },
      "properties": {
        "内容": "バス停: 柿木平",
        "name": "柿木平",
        "operator": "事業者不明",
        "ref": "",
        "url": "",
        "url2": ""
      }
    },
    {
      "type": "Feature",
      "geometry": {
        "type": "Point",
        "coordinates": [
          130.4710432,
          31.6801861
        ]
      },
      "properties": {
        "内容": "バス停: 郡山農協前",
        "name": "郡山農協前",
        "operator": "事業者不明",
        "ref": "",
        "url": "",
        "url2": ""
      }
    },
    {
      "type": "Feature",
      "geometry": {
        "type": "Point",
        "coordinates": [
          130.5379851,
          31.5815742
        ]
      },
      "properties": {
        "内容": "バス停: 宮田通",
        "name": "宮田通",
        "operator": "事業者不明",
        "ref": "",
        "url": "",
        "url2": ""
      }
    },
    {
      "type": "Feature",
      "geometry": {
        "type": "Point",
        "coordinates": [
          130.5381339,
          31.5815393
        ]
      },
      "properties": {
        "内容": "バス停: 宮田通",
        "name": "宮田通",
        "operator": "事業者不明",
        "ref": "",
        "url": "",
        "url2": ""
      }
    },
    {
      "type": "Feature",
      "geometry": {
        "type": "Point",
        "coordinates": [
          130.5524577,
          31.6513993
        ]
      },
      "properties": {
        "内容": "バス停: 川上学校前",
        "name": "川上学校前",
        "operator": "事業者不明",
        "ref": "",
        "url": "",
        "url2": ""
      }
    },
    {
      "type": "Feature",
      "geometry": {
        "type": "Point",
        "coordinates": [
          130.5523444,
          31.6512897
        ]
      },
      "properties": {
        "内容": "バス停: 川上学校前",
        "name": "川上学校前",
        "operator": "事業者不明",
        "ref": "",
        "url": "",
        "url2": ""
      }
    },
    {
      "type": "Feature",
      "geometry": {
        "type": "Point",
        "coordinates": [
          130.3519135,
          31.3619233
        ]
      },
      "properties": {
        "内容": "バス停: 本門",
        "name": "本門",
        "operator": "事業者不明",
        "ref": "",
        "url": "",
        "url2": ""
      }
    },
    {
      "type": "Feature",
      "geometry": {
        "type": "Point",
        "coordinates": [
          130.3521024,
          31.3618894
        ]
      },
      "properties": {
        "内容": "バス停: 本門",
        "name": "本門",
        "operator": "事業者不明",
        "ref": "",
        "url": "",
        "url2": ""
      }
    },
    {
      "type": "Feature",
      "geometry": {
        "type": "Point",
        "coordinates": [
          130.506779,
          31.5019843
        ]
      },
      "properties": {
        "内容": "バス停: 坂之上",
        "name": "坂之上",
        "operator": "事業者不明",
        "ref": "",
        "url": "",
        "url2": ""
      }
    },
    {
      "type": "Feature",
      "geometry": {
        "type": "Point",
        "coordinates": [
          130.5067237,
          31.5018408
        ]
      },
      "properties": {
        "内容": "バス停: 坂之上",
        "name": "坂之上",
        "operator": "事業者不明",
        "ref": "",
        "url": "",
        "url2": ""
      }
    },
    {
      "type": "Feature",
      "geometry": {
        "type": "Point",
        "coordinates": [
          130.5053876,
          31.5916497
        ]
      },
      "properties": {
        "内容": "バス停: 出口橋",
        "name": "出口橋",
        "operator": "事業者不明",
        "ref": "",
        "url": "",
        "url2": ""
      }
    },
    {
      "type": "Feature",
      "geometry": {
        "type": "Point",
        "coordinates": [
          130.5061476,
          31.5918509
        ]
      },
      "properties": {
        "内容": "バス停: 出口橋",
        "name": "出口橋",
        "operator": "事業者不明",
        "ref": "",
        "url": "",
        "url2": ""
      }
    },
    {
      "type": "Feature",
      "geometry": {
        "type": "Point",
        "coordinates": [
          130.5008631,
          31.5893433
        ]
      },
      "properties": {
        "内容": "バス停: 大峯団地中央",
        "name": "大峯団地中央",
        "operator": "事業者不明",
        "ref": "",
        "url": "",
        "url2": ""
      }
    },
    {
      "type": "Feature",
      "geometry": {
        "type": "Point",
        "coordinates": [
          130.5007139,
          31.5895305
        ]
      },
      "properties": {
        "内容": "バス停: 大峯団地中央",
        "name": "大峯団地中央",
        "operator": "事業者不明",
        "ref": "",
        "url": "",
        "url2": ""
      }
    },
    {
      "type": "Feature",
      "geometry": {
        "type": "Point",
        "coordinates": [
          130.4978717,
          31.5896447
        ]
      },
      "properties": {
        "内容": "バス停: 大峯団地西",
        "name": "大峯団地西",
        "operator": "事業者不明",
        "ref": "",
        "url": "",
        "url2": ""
      }
    },
    {
      "type": "Feature",
      "geometry": {
        "type": "Point",
        "coordinates": [
          130.4977022,
          31.589754
        ]
      },
      "properties": {
        "内容": "バス停: 大峯団地西",
        "name": "大峯団地西",
        "operator": "事業者不明",
        "ref": "",
        "url": "",
        "url2": ""
      }
    },
    {
      "type": "Feature",
      "geometry": {
        "type": "Point",
        "coordinates": [
          130.5019602,
          31.5910103
        ]
      },
      "properties": {
        "内容": "バス停: 武田上公民館入口",
        "name": "武田上公民館入口",
        "operator": "事業者不明",
        "ref": "",
        "url": "",
        "url2": ""
      }
    },
    {
      "type": "Feature",
      "geometry": {
        "type": "Point",
        "coordinates": [
          130.5016893,
          31.5910385
        ]
      },
      "properties": {
        "内容": "バス停: 武田上公民館入口",
        "name": "武田上公民館入口",
        "operator": "事業者不明",
        "ref": "",
        "url": "",
        "url2": ""
      }
    },
    {
      "type": "Feature",
      "geometry": {
        "type": "Point",
        "coordinates": [
          130.3969709,
          31.6530197
        ]
      },
      "properties": {
        "内容": "バス停: 桑畑",
        "name": "桑畑",
        "operator": "事業者不明",
        "ref": "",
        "url": "",
        "url2": ""
      }
    },
    {
      "type": "Feature",
      "geometry": {
        "type": "Point",
        "coordinates": [
          130.3968763,
          31.6528547
        ]
      },
      "properties": {
        "内容": "バス停: 桑畑",
        "name": "桑畑",
        "operator": "事業者不明",
        "ref": "",
        "url": "",
        "url2": ""
      }
    },
    {
      "type": "Feature",
      "geometry": {
        "type": "Point",
        "coordinates": [
          130.4028537,
          31.6538739
        ]
      },
      "properties": {
        "内容": "バス停: 下神殿",
        "name": "下神殿",
        "operator": "事業者不明",
        "ref": "",
        "url": "",
        "url2": ""
      }
    },
    {
      "type": "Feature",
      "geometry": {
        "type": "Point",
        "coordinates": [
          130.4039207,
          31.6540923
        ]
      },
      "properties": {
        "内容": "バス停: 下神殿",
        "name": "下神殿",
        "operator": "事業者不明",
        "ref": "",
        "url": "",
        "url2": ""
      }
    },
    {
      "type": "Feature",
      "geometry": {
        "type": "Point",
        "coordinates": [
          130.409962,
          31.6553264
        ]
      },
      "properties": {
        "内容": "バス停: 井手元",
        "name": "井手元",
        "operator": "事業者不明",
        "ref": "",
        "url": "",
        "url2": ""
      }
    },
    {
      "type": "Feature",
      "geometry": {
        "type": "Point",
        "coordinates": [
          130.409848,
          31.6551796
        ]
      },
      "properties": {
        "内容": "バス停: 井手元",
        "name": "井手元",
        "operator": "事業者不明",
        "ref": "",
        "url": "",
        "url2": ""
      }
    },
    {
      "type": "Feature",
      "geometry": {
        "type": "Point",
        "coordinates": [
          130.4144434,
          31.6537837
        ]
      },
      "properties": {
        "内容": "バス停: 北小前",
        "name": "北小前",
        "operator": "事業者不明",
        "ref": "",
        "url": "",
        "url2": ""
      }
    },
    {
      "type": "Feature",
      "geometry": {
        "type": "Point",
        "coordinates": [
          130.4145549,
          31.6539102
        ]
      },
      "properties": {
        "内容": "バス停: 北小前",
        "name": "北小前",
        "operator": "事業者不明",
        "ref": "",
        "url": "",
        "url2": ""
      }
    },
    {
      "type": "Feature",
      "geometry": {
        "type": "Point",
        "coordinates": [
          130.4312169,
          31.6524532
        ]
      },
      "properties": {
        "内容": "バス停: 麦生田",
        "name": "麦生田",
        "operator": "事業者不明",
        "ref": "",
        "url": "",
        "url2": ""
      }
    },
    {
      "type": "Feature",
      "geometry": {
        "type": "Point",
        "coordinates": [
          130.4319965,
          31.651708
        ]
      },
      "properties": {
        "内容": "バス停: 麦生田",
        "name": "麦生田",
        "operator": "事業者不明",
        "ref": "",
        "url": "",
        "url2": ""
      }
    },
    {
      "type": "Feature",
      "geometry": {
        "type": "Point",
        "coordinates": [
          130.4328114,
          31.652493
        ]
      },
      "properties": {
        "内容": "バス停: 麦生田",
        "name": "麦生田",
        "operator": "事業者不明",
        "ref": "",
        "url": "",
        "url2": ""
      }
    },
    {
      "type": "Feature",
      "geometry": {
        "type": "Point",
        "coordinates": [
          130.4364782,
          31.6530899
        ]
      },
      "properties": {
        "内容": "バス停: つつじケ丘団地入口",
        "name": "つつじケ丘団地入口",
        "operator": "事業者不明",
        "ref": "",
        "url": "",
        "url2": ""
      }
    },
    {
      "type": "Feature",
      "geometry": {
        "type": "Point",
        "coordinates": [
          130.441692,
          31.6544139
        ]
      },
      "properties": {
        "内容": "バス停: 中川",
        "name": "中川",
        "operator": "事業者不明",
        "ref": "",
        "url": "",
        "url2": ""
      }
    },
    {
      "type": "Feature",
      "geometry": {
        "type": "Point",
        "coordinates": [
          130.4417669,
          31.6542666
        ]
      },
      "properties": {
        "内容": "バス停: 中川",
        "name": "中川",
        "operator": "事業者不明",
        "ref": "",
        "url": "",
        "url2": ""
      }
    },
    {
      "type": "Feature",
      "geometry": {
        "type": "Point",
        "coordinates": [
          130.4597103,
          31.6524996
        ]
      },
      "properties": {
        "内容": "バス停: 中川峠",
        "name": "中川峠",
        "operator": "事業者不明",
        "ref": "",
        "url": "",
        "url2": ""
      }
    },
    {
      "type": "Feature",
      "geometry": {
        "type": "Point",
        "coordinates": [
          130.4595871,
          31.6523659
        ]
      },
      "properties": {
        "内容": "バス停: 中川峠",
        "name": "中川峠",
        "operator": "事業者不明",
        "ref": "",
        "url": "",
        "url2": ""
      }
    },
    {
      "type": "Feature",
      "geometry": {
        "type": "Point",
        "coordinates": [
          130.4475548,
          31.6532607
        ]
      },
      "properties": {
        "内容": "バス停: 土橋入口",
        "name": "土橋入口",
        "operator": "事業者不明",
        "ref": "",
        "url": "",
        "url2": ""
      }
    },
    {
      "type": "Feature",
      "geometry": {
        "type": "Point",
        "coordinates": [
          130.447602,
          31.6530237
        ]
      },
      "properties": {
        "内容": "バス停: 土橋入口",
        "name": "土橋入口",
        "operator": "事業者不明",
        "ref": "",
        "url": "",
        "url2": ""
      }
    },
    {
      "type": "Feature",
      "geometry": {
        "type": "Point",
        "coordinates": [
          130.4859465,
          31.6622231
        ]
      },
      "properties": {
        "内容": "バス停: 小山田",
        "name": "小山田",
        "operator": "事業者不明",
        "ref": "",
        "url": "",
        "url2": ""
      }
    },
    {
      "type": "Feature",
      "geometry": {
        "type": "Point",
        "coordinates": [
          130.4858151,
          31.6620047
        ]
      },
      "properties": {
        "内容": "バス停: 小山田",
        "name": "小山田",
        "operator": "事業者不明",
        "ref": "",
        "url": "",
        "url2": ""
      }
    },
    {
      "type": "Feature",
      "geometry": {
        "type": "Point",
        "coordinates": [
          130.4787721,
          31.6550609
        ]
      },
      "properties": {
        "内容": "バス停: 神殿",
        "name": "神殿",
        "operator": "事業者不明",
        "ref": "",
        "url": "",
        "url2": ""
      }
    },
    {
      "type": "Feature",
      "geometry": {
        "type": "Point",
        "coordinates": [
          130.4780989,
          31.654816
        ]
      },
      "properties": {
        "内容": "バス停: 神殿",
        "name": "神殿",
        "operator": "事業者不明",
        "ref": "",
        "url": "",
        "url2": ""
      }
    },
    {
      "type": "Feature",
      "geometry": {
        "type": "Point",
        "coordinates": [
          130.4733249,
          31.6556122
        ]
      },
      "properties": {
        "内容": "バス停: 下大迫",
        "name": "下大迫",
        "operator": "事業者不明",
        "ref": "",
        "url": "",
        "url2": ""
      }
    },
    {
      "type": "Feature",
      "geometry": {
        "type": "Point",
        "coordinates": [
          130.4730559,
          31.6557591
        ]
      },
      "properties": {
        "内容": "バス停: 下大迫",
        "name": "下大迫",
        "operator": "事業者不明",
        "ref": "",
        "url": "",
        "url2": ""
      }
    },
    {
      "type": "Feature",
      "geometry": {
        "type": "Point",
        "coordinates": [
          130.467217,
          31.6538921
        ]
      },
      "properties": {
        "内容": "バス停: 上大迫",
        "name": "上大迫",
        "operator": "事業者不明",
        "ref": "",
        "url": "",
        "url2": ""
      }
    },
    {
      "type": "Feature",
      "geometry": {
        "type": "Point",
        "coordinates": [
          130.4667736,
          31.6540621
        ]
      },
      "properties": {
        "内容": "バス停: 上大迫",
        "name": "上大迫",
        "operator": "事業者不明",
        "ref": "",
        "url": "",
        "url2": ""
      }
    },
    {
      "type": "Feature",
      "geometry": {
        "type": "Point",
        "coordinates": [
          130.5475004,
          31.6069847
        ]
      },
      "properties": {
        "内容": "バス停: 検査センター前",
        "name": "検査センター前",
        "operator": "事業者不明",
        "ref": "",
        "url": "",
        "url2": ""
      }
    },
    {
      "type": "Feature",
      "geometry": {
        "type": "Point",
        "coordinates": [
          130.5475097,
          31.6068193
        ]
      },
      "properties": {
        "内容": "バス停: 検査センター前",
        "name": "検査センター前",
        "operator": "事業者不明",
        "ref": "",
        "url": "",
        "url2": ""
      }
    },
    {
      "type": "Feature",
      "geometry": {
        "type": "Point",
        "coordinates": [
          130.5389201,
          31.6072104
        ]
      },
      "properties": {
        "内容": "バス停: 工業高校前",
        "name": "工業高校前",
        "operator": "事業者不明",
        "ref": "",
        "url": "",
        "url2": ""
      }
    },
    {
      "type": "Feature",
      "geometry": {
        "type": "Point",
        "coordinates": [
          130.539134,
          31.6071889
        ]
      },
      "properties": {
        "内容": "バス停: 工業高校前",
        "name": "工業高校前",
        "operator": "事業者不明",
        "ref": "",
        "url": "",
        "url2": ""
      }
    },
    {
      "type": "Feature",
      "geometry": {
        "type": "Point",
        "coordinates": [
          130.56035,
          31.6064141
        ]
      },
      "properties": {
        "内容": "バス停: 上竜尾町",
        "name": "上竜尾町",
        "operator": "事業者不明",
        "ref": "",
        "url": "",
        "url2": ""
      }
    },
    {
      "type": "Feature",
      "geometry": {
        "type": "Point",
        "coordinates": [
          130.56036,
          31.6062944
        ]
      },
      "properties": {
        "内容": "バス停: 上竜尾町",
        "name": "上竜尾町",
        "operator": "事業者不明",
        "ref": "",
        "url": "",
        "url2": ""
      }
    },
    {
      "type": "Feature",
      "geometry": {
        "type": "Point",
        "coordinates": [
          130.5391038,
          31.6502742
        ]
      },
      "properties": {
        "内容": "バス停: 伊敷団地",
        "name": "伊敷団地",
        "operator": "事業者不明",
        "ref": "",
        "url": "",
        "url2": ""
      }
    },
    {
      "type": "Feature",
      "geometry": {
        "type": "Point",
        "coordinates": [
          130.5398885,
          31.6511205
        ]
      },
      "properties": {
        "内容": "バス停: 伊敷団地",
        "name": "伊敷団地",
        "operator": "事業者不明",
        "ref": "",
        "url": "",
        "url2": ""
      }
    },
    {
      "type": "Feature",
      "geometry": {
        "type": "Point",
        "coordinates": [
          130.5473766,
          31.6582497
        ]
      },
      "properties": {
        "内容": "バス停: 緑ヶ丘団地",
        "name": "緑ヶ丘団地",
        "operator": "事業者不明",
        "ref": "",
        "url": "",
        "url2": ""
      }
    },
    {
      "type": "Feature",
      "geometry": {
        "type": "Point",
        "coordinates": [
          130.5476094,
          31.6581677
        ]
      },
      "properties": {
        "内容": "バス停: 緑ヶ丘団地",
        "name": "緑ヶ丘団地",
        "operator": "事業者不明",
        "ref": "",
        "url": "",
        "url2": ""
      }
    },
    {
      "type": "Feature",
      "geometry": {
        "type": "Point",
        "coordinates": [
          130.5456404,
          31.6571841
        ]
      },
      "properties": {
        "内容": "バス停: 緑ヶ丘団地中央",
        "name": "緑ヶ丘団地中央",
        "operator": "事業者不明",
        "ref": "",
        "url": "",
        "url2": ""
      }
    },
    {
      "type": "Feature",
      "geometry": {
        "type": "Point",
        "coordinates": [
          130.5454778,
          31.6571071
        ]
      },
      "properties": {
        "内容": "バス停: 緑ヶ丘団地中央",
        "name": "緑ヶ丘団地中央",
        "operator": "事業者不明",
        "ref": "",
        "url": "",
        "url2": ""
      }
    },
    {
      "type": "Feature",
      "geometry": {
        "type": "Point",
        "coordinates": [
          130.545106,
          31.6535701
        ]
      },
      "properties": {
        "内容": "バス停: 緑ヶ丘団地南",
        "name": "緑ヶ丘団地南",
        "operator": "事業者不明",
        "ref": "",
        "url": "",
        "url2": ""
      }
    },
    {
      "type": "Feature",
      "geometry": {
        "type": "Point",
        "coordinates": [
          130.5453263,
          31.6535583
        ]
      },
      "properties": {
        "内容": "バス停: 緑ヶ丘団地南",
        "name": "緑ヶ丘団地南",
        "operator": "事業者不明",
        "ref": "",
        "url": "",
        "url2": ""
      }
    },
    {
      "type": "Feature",
      "geometry": {
        "type": "Point",
        "coordinates": [
          130.5422736,
          31.6527719
        ]
      },
      "properties": {
        "内容": "バス停: 伊敷団地北口",
        "name": "伊敷団地北口",
        "operator": "事業者不明",
        "ref": "",
        "url": "",
        "url2": ""
      }
    },
    {
      "type": "Feature",
      "geometry": {
        "type": "Point",
        "coordinates": [
          130.5426403,
          31.6528611
        ]
      },
      "properties": {
        "内容": "バス停: 伊敷団地北口",
        "name": "伊敷団地北口",
        "operator": "事業者不明",
        "ref": "",
        "url": "",
        "url2": ""
      }
    },
    {
      "type": "Feature",
      "geometry": {
        "type": "Point",
        "coordinates": [
          130.5261529,
          31.6270955
        ]
      },
      "properties": {
        "内容": "バス停: 伊敷小前",
        "name": "伊敷小前",
        "operator": "事業者不明",
        "ref": "",
        "url": "",
        "url2": ""
      }
    },
    {
      "type": "Feature",
      "geometry": {
        "type": "Point",
        "coordinates": [
          130.5264238,
          31.6271259
        ]
      },
      "properties": {
        "内容": "バス停: 伊敷小前",
        "name": "伊敷小前",
        "operator": "事業者不明",
        "ref": "",
        "url": "",
        "url2": ""
      }
    },
    {
      "type": "Feature",
      "geometry": {
        "type": "Point",
        "coordinates": [
          130.5290969,
          31.6347296
        ]
      },
      "properties": {
        "内容": "バス停: 伊敷団地入口",
        "name": "伊敷団地入口",
        "operator": "事業者不明",
        "ref": "",
        "url": "",
        "url2": ""
      }
    },
    {
      "type": "Feature",
      "geometry": {
        "type": "Point",
        "coordinates": [
          130.5294479,
          31.6343429
        ]
      },
      "properties": {
        "内容": "バス停: 伊敷団地入口",
        "name": "伊敷団地入口",
        "operator": "事業者不明",
        "ref": "",
        "url": "",
        "url2": ""
      }
    },
    {
      "type": "Feature",
      "geometry": {
        "type": "Point",
        "coordinates": [
          130.5421415,
          31.6079595
        ]
      },
      "properties": {
        "内容": "バス停: 座禅石公園前",
        "name": "座禅石公園前",
        "operator": "事業者不明",
        "ref": "",
        "url": "",
        "url2": ""
      }
    },
    {
      "type": "Feature",
      "geometry": {
        "type": "Point",
        "coordinates": [
          130.5422438,
          31.6078391
        ]
      },
      "properties": {
        "内容": "バス停: 座禅石公園前",
        "name": "座禅石公園前",
        "operator": "事業者不明",
        "ref": "",
        "url": "",
        "url2": ""
      }
    },
    {
      "type": "Feature",
      "geometry": {
        "type": "Point",
        "coordinates": [
          130.550277,
          31.6065597
        ]
      },
      "properties": {
        "内容": "バス停: 冷水町",
        "name": "冷水町",
        "operator": "事業者不明",
        "ref": "",
        "url": "",
        "url2": ""
      }
    },
    {
      "type": "Feature",
      "geometry": {
        "type": "Point",
        "coordinates": [
          130.5529552,
          31.6052001
        ]
      },
      "properties": {
        "内容": "バス停: びくに坂",
        "name": "びくに坂",
        "operator": "事業者不明",
        "ref": "",
        "url": "",
        "url2": ""
      }
    },
    {
      "type": "Feature",
      "geometry": {
        "type": "Point",
        "coordinates": [
          130.5554874,
          31.6123003
        ]
      },
      "properties": {
        "内容": "バス停: 催馬楽",
        "name": "催馬楽",
        "operator": "事業者不明",
        "ref": "",
        "url": "",
        "url2": ""
      }
    },
    {
      "type": "Feature",
      "geometry": {
        "type": "Point",
        "coordinates": [
          130.5551784,
          31.6118172
        ]
      },
      "properties": {
        "内容": "バス停: 催馬楽",
        "name": "催馬楽",
        "operator": "事業者不明",
        "ref": "",
        "url": "",
        "url2": ""
      }
    },
    {
      "type": "Feature",
      "geometry": {
        "type": "Point",
        "coordinates": [
          130.5575758,
          31.6082754
        ]
      },
      "properties": {
        "内容": "バス停: 常安下",
        "name": "常安下",
        "operator": "事業者不明",
        "ref": "",
        "url": "",
        "url2": ""
      }
    },
    {
      "type": "Feature",
      "geometry": {
        "type": "Point",
        "coordinates": [
          130.5573697,
          31.6083041
        ]
      },
      "properties": {
        "内容": "バス停: 常安下",
        "name": "常安下",
        "operator": "事業者不明",
        "ref": "",
        "url": "",
        "url2": ""
      }
    },
    {
      "type": "Feature",
      "geometry": {
        "type": "Point",
        "coordinates": [
          130.5452787,
          31.6291382
        ]
      },
      "properties": {
        "内容": "バス停: 伊敷ニュータウン南入口",
        "name": "伊敷ニュータウン南入口",
        "operator": "事業者不明",
        "ref": "",
        "url": "",
        "url2": ""
      }
    },
    {
      "type": "Feature",
      "geometry": {
        "type": "Point",
        "coordinates": [
          130.5273029,
          31.6224351
        ]
      },
      "properties": {
        "内容": "バス停: 伊敷ニュータウン西入口",
        "name": "伊敷ニュータウン西入口",
        "operator": "事業者不明",
        "ref": "",
        "url": "",
        "url2": ""
      }
    },
    {
      "type": "Feature",
      "geometry": {
        "type": "Point",
        "coordinates": [
          130.5272798,
          31.622241
        ]
      },
      "properties": {
        "内容": "バス停: 伊敷ニュータウン西入口",
        "name": "伊敷ニュータウン西入口",
        "operator": "事業者不明",
        "ref": "",
        "url": "",
        "url2": ""
      }
    },
    {
      "type": "Feature",
      "geometry": {
        "type": "Point",
        "coordinates": [
          130.5331044,
          31.6229961
        ]
      },
      "properties": {
        "内容": "バス停: 伊敷台中学校前",
        "name": "伊敷台中学校前",
        "operator": "事業者不明",
        "ref": "",
        "url": "",
        "url2": ""
      }
    },
    {
      "type": "Feature",
      "geometry": {
        "type": "Point",
        "coordinates": [
          130.5335387,
          31.6232735
        ]
      },
      "properties": {
        "内容": "バス停: 伊敷台中学校前",
        "name": "伊敷台中学校前",
        "operator": "事業者不明",
        "ref": "",
        "url": "",
        "url2": ""
      }
    },
    {
      "type": "Feature",
      "geometry": {
        "type": "Point",
        "coordinates": [
          130.5364415,
          31.6266945
        ]
      },
      "properties": {
        "内容": "バス停: 伊敷ニュータウン中央",
        "name": "伊敷ニュータウン中央",
        "operator": "事業者不明",
        "ref": "",
        "url": "",
        "url2": ""
      }
    },
    {
      "type": "Feature",
      "geometry": {
        "type": "Point",
        "coordinates": [
          130.5358763,
          31.6258811
        ]
      },
      "properties": {
        "内容": "バス停: 伊敷ニュータウン中央",
        "name": "伊敷ニュータウン中央",
        "operator": "事業者不明",
        "ref": "",
        "url": "",
        "url2": ""
      }
    },
    {
      "type": "Feature",
      "geometry": {
        "type": "Point",
        "coordinates": [
          130.5605028,
          31.6009166
        ]
      },
      "properties": {
        "内容": "バス停: 堅馬場入口",
        "name": "堅馬場入口",
        "operator": "事業者不明",
        "ref": "",
        "url": "",
        "url2": ""
      }
    },
    {
      "type": "Feature",
      "geometry": {
        "type": "Point",
        "coordinates": [
          130.5606581,
          31.600845
        ]
      },
      "properties": {
        "内容": "バス停: 堅馬場入口",
        "name": "堅馬場入口",
        "operator": "事業者不明",
        "ref": "",
        "url": "",
        "url2": ""
      }
    },
    {
      "type": "Feature",
      "geometry": {
        "type": "Point",
        "coordinates": [
          130.3767933,
          31.4318448
        ]
      },
      "properties": {
        "内容": "バス停: 永倉橋",
        "name": "永倉橋",
        "operator": "事業者不明",
        "ref": "",
        "url": "",
        "url2": ""
      }
    },
    {
      "type": "Feature",
      "geometry": {
        "type": "Point",
        "coordinates": [
          130.539312,
          31.5910667
        ]
      },
      "properties": {
        "内容": "バス停: 鶴丸高校前",
        "name": "鶴丸高校前",
        "operator": "事業者不明",
        "ref": "",
        "url": "",
        "url2": ""
      }
    },
    {
      "type": "Feature",
      "geometry": {
        "type": "Point",
        "coordinates": [
          130.5391333,
          31.5892426
        ]
      },
      "properties": {
        "内容": "バス停: 鶴丸高校前",
        "name": "鶴丸高校前",
        "operator": "事業者不明",
        "ref": "",
        "url": "",
        "url2": ""
      }
    },
    {
      "type": "Feature",
      "geometry": {
        "type": "Point",
        "coordinates": [
          130.5341563,
          31.6456525
        ]
      },
      "properties": {
        "内容": "バス停: 西伊敷六丁目",
        "name": "西伊敷六丁目",
        "operator": "事業者不明",
        "ref": "",
        "url": "",
        "url2": ""
      }
    },
    {
      "type": "Feature",
      "geometry": {
        "type": "Point",
        "coordinates": [
          130.5343944,
          31.6456505
        ]
      },
      "properties": {
        "内容": "バス停: 西伊敷六丁目",
        "name": "西伊敷六丁目",
        "operator": "事業者不明",
        "ref": "",
        "url": "",
        "url2": ""
      }
    },
    {
      "type": "Feature",
      "geometry": {
        "type": "Point",
        "coordinates": [
          130.533793,
          31.6418775
        ]
      },
      "properties": {
        "内容": "バス停: 西伊敷四丁目",
        "name": "西伊敷四丁目",
        "operator": "事業者不明",
        "ref": "",
        "url": "",
        "url2": ""
      }
    },
    {
      "type": "Feature",
      "geometry": {
        "type": "Point",
        "coordinates": [
          130.5336487,
          31.6418811
        ]
      },
      "properties": {
        "内容": "バス停: 西伊敷四丁目",
        "name": "西伊敷四丁目",
        "operator": "事業者不明",
        "ref": "",
        "url": "",
        "url2": ""
      }
    },
    {
      "type": "Feature",
      "geometry": {
        "type": "Point",
        "coordinates": [
          130.530135,
          31.6378997
        ]
      },
      "properties": {
        "内容": "バス停: 西伊敷三丁目東",
        "name": "西伊敷三丁目東",
        "operator": "事業者不明",
        "ref": "",
        "url": "",
        "url2": ""
      }
    },
    {
      "type": "Feature",
      "geometry": {
        "type": "Point",
        "coordinates": [
          130.5297731,
          31.635739
        ]
      },
      "properties": {
        "内容": "バス停: 西伊敷二丁目",
        "name": "西伊敷二丁目",
        "operator": "事業者不明",
        "ref": "",
        "url": "",
        "url2": ""
      }
    },
    {
      "type": "Feature",
      "geometry": {
        "type": "Point",
        "coordinates": [
          130.5299225,
          31.6354256
        ]
      },
      "properties": {
        "内容": "バス停: 西伊敷二丁目",
        "name": "西伊敷二丁目",
        "operator": "事業者不明",
        "ref": "",
        "url": "",
        "url2": ""
      }
    },
    {
      "type": "Feature",
      "geometry": {
        "type": "Point",
        "coordinates": [
          130.5562983,
          31.6814852
        ]
      },
      "properties": {
        "内容": "バス停: 教育センター前",
        "name": "教育センター前",
        "operator": "事業者不明",
        "ref": "",
        "url": "",
        "url2": ""
      }
    },
    {
      "type": "Feature",
      "geometry": {
        "type": "Point",
        "coordinates": [
          130.5561485,
          31.6813891
        ]
      },
      "properties": {
        "内容": "バス停: 教育センター前",
        "name": "教育センター前",
        "operator": "事業者不明",
        "ref": "",
        "url": "",
        "url2": ""
      }
    },
    {
      "type": "Feature",
      "geometry": {
        "type": "Point",
        "coordinates": [
          130.4463097,
          31.3796955
        ]
      },
      "properties": {
        "内容": "バス停: 武家屋敷入口 (鹿児島交通)",
        "name": "武家屋敷入口",
        "operator": "鹿児島交通",
        "ref": "",
        "url": "",
        "url2": ""
      }
    },
    {
      "type": "Feature",
      "geometry": {
        "type": "Point",
        "coordinates": [
          130.4458416,
          31.3793475
        ]
      },
      "properties": {
        "内容": "バス停: 武家屋敷入口 (鹿児島交通)",
        "name": "武家屋敷入口",
        "operator": "鹿児島交通",
        "ref": "",
        "url": "",
        "url2": ""
      }
    },
    {
      "type": "Feature",
      "geometry": {
        "type": "Point",
        "coordinates": [
          130.4392902,
          31.3768317
        ]
      },
      "properties": {
        "内容": "バス停: 中郡 (鹿児島交通)",
        "name": "中郡",
        "operator": "鹿児島交通",
        "ref": "",
        "url": "",
        "url2": ""
      }
    },
    {
      "type": "Feature",
      "geometry": {
        "type": "Point",
        "coordinates": [
          130.6622469,
          31.26446
        ]
      },
      "properties": {
        "内容": "バス停: エコキャンプ場（知林ヶ島） (鹿児島交通)",
        "name": "エコキャンプ場（知林ヶ島）",
        "operator": "鹿児島交通",
        "ref": "",
        "url": "",
        "url2": ""
      }
    },
    {
      "type": "Feature",
      "geometry": {
        "type": "Point",
        "coordinates": [
          130.6623284,
          31.2644581
        ]
      },
      "properties": {
        "内容": "バス停: エコキャンプ場（知林ヶ島） (鹿児島交通)",
        "name": "エコキャンプ場（知林ヶ島）",
        "operator": "鹿児島交通",
        "ref": "",
        "url": "",
        "url2": ""
      }
    },
    {
      "type": "Feature",
      "geometry": {
        "type": "Point",
        "coordinates": [
          130.6515998,
          31.2297522
        ]
      },
      "properties": {
        "内容": "バス停: 砂むし会館 (鹿児島交通)",
        "name": "砂むし会館",
        "operator": "鹿児島交通",
        "ref": "",
        "url": "",
        "url2": ""
      }
    },
    {
      "type": "Feature",
      "geometry": {
        "type": "Point",
        "coordinates": [
          130.6518042,
          31.2295956
        ]
      },
      "properties": {
        "内容": "バス停: 砂むし会館 (鹿児島交通)",
        "name": "砂むし会館",
        "operator": "鹿児島交通",
        "ref": "",
        "url": "",
        "url2": ""
      }
    },
    {
      "type": "Feature",
      "geometry": {
        "type": "Point",
        "coordinates": [
          130.6531503,
          31.2528165
        ]
      },
      "properties": {
        "内容": "バス停: 潟山 (鹿児島交通)",
        "name": "潟山",
        "operator": "鹿児島交通",
        "ref": "",
        "url": "",
        "url2": ""
      }
    },
    {
      "type": "Feature",
      "geometry": {
        "type": "Point",
        "coordinates": [
          130.6530349,
          31.2528761
        ]
      },
      "properties": {
        "内容": "バス停: 潟山 (鹿児島交通)",
        "name": "潟山",
        "operator": "鹿児島交通",
        "ref": "",
        "url": "",
        "url2": ""
      }
    },
    {
      "type": "Feature",
      "geometry": {
        "type": "Point",
        "coordinates": [
          130.6481051,
          31.2551033
        ]
      },
      "properties": {
        "内容": "バス停: なのはな館 (鹿児島交通)",
        "name": "なのはな館",
        "operator": "鹿児島交通",
        "ref": "",
        "url": "",
        "url2": ""
      }
    },
    {
      "type": "Feature",
      "geometry": {
        "type": "Point",
        "coordinates": [
          130.6596452,
          31.2603752
        ]
      },
      "properties": {
        "内容": "バス停: 休暇村 (鹿児島交通)",
        "name": "休暇村",
        "operator": "鹿児島交通",
        "ref": "",
        "url": "",
        "url2": ""
      }
    },
    {
      "type": "Feature",
      "geometry": {
        "type": "Point",
        "coordinates": [
          130.6596391,
          31.2605055
        ]
      },
      "properties": {
        "内容": "バス停: 休暇村 (鹿児島交通)",
        "name": "休暇村",
        "operator": "鹿児島交通",
        "ref": "",
        "url": "",
        "url2": ""
      }
    },
    {
      "type": "Feature",
      "geometry": {
        "type": "Point",
        "coordinates": [
          130.5176067,
          31.5393613
        ]
      },
      "properties": {
        "内容": "バス停: 幸ヶ丘団地前",
        "name": "幸ヶ丘団地前",
        "operator": "事業者不明",
        "ref": "",
        "url": "",
        "url2": ""
      }
    },
    {
      "type": "Feature",
      "geometry": {
        "type": "Point",
        "coordinates": [
          130.5174139,
          31.5392059
        ]
      },
      "properties": {
        "内容": "バス停: 幸ヶ丘団地前",
        "name": "幸ヶ丘団地前",
        "operator": "事業者不明",
        "ref": "",
        "url": "",
        "url2": ""
      }
    },
    {
      "type": "Feature",
      "geometry": {
        "type": "Point",
        "coordinates": [
          130.4959925,
          31.657651
        ]
      },
      "properties": {
        "内容": "バス停: 高城",
        "name": "高城",
        "operator": "事業者不明",
        "ref": "",
        "url": "",
        "url2": ""
      }
    },
    {
      "type": "Feature",
      "geometry": {
        "type": "Point",
        "coordinates": [
          130.4958093,
          31.6579138
        ]
      },
      "properties": {
        "内容": "バス停: 高城",
        "name": "高城",
        "operator": "事業者不明",
        "ref": "",
        "url": "",
        "url2": ""
      }
    },
    {
      "type": "Feature",
      "geometry": {
        "type": "Point",
        "coordinates": [
          130.5255933,
          31.6407245
        ]
      },
      "properties": {
        "内容": "バス停: 千年二丁目",
        "name": "千年二丁目",
        "operator": "事業者不明",
        "ref": "",
        "url": "",
        "url2": ""
      }
    },
    {
      "type": "Feature",
      "geometry": {
        "type": "Point",
        "coordinates": [
          130.5254932,
          31.6404875
        ]
      },
      "properties": {
        "内容": "バス停: 千年二丁目",
        "name": "千年二丁目",
        "operator": "事業者不明",
        "ref": "",
        "url": "",
        "url2": ""
      }
    },
    {
      "type": "Feature",
      "geometry": {
        "type": "Point",
        "coordinates": [
          130.5233686,
          31.6365379
        ]
      },
      "properties": {
        "内容": "バス停: 千年一丁目",
        "name": "千年一丁目",
        "operator": "事業者不明",
        "ref": "",
        "url": "",
        "url2": ""
      }
    },
    {
      "type": "Feature",
      "geometry": {
        "type": "Point",
        "coordinates": [
          130.5232528,
          31.6364479
        ]
      },
      "properties": {
        "内容": "バス停: 千年一丁目",
        "name": "千年一丁目",
        "operator": "事業者不明",
        "ref": "",
        "url": "",
        "url2": ""
      }
    },
    {
      "type": "Feature",
      "geometry": {
        "type": "Point",
        "coordinates": [
          130.5252042,
          31.6363354
        ]
      },
      "properties": {
        "内容": "バス停: 千年団地東",
        "name": "千年団地東",
        "operator": "事業者不明",
        "ref": "",
        "url": "",
        "url2": ""
      }
    },
    {
      "type": "Feature",
      "geometry": {
        "type": "Point",
        "coordinates": [
          130.5252184,
          31.63619
        ]
      },
      "properties": {
        "内容": "バス停: 千年団地東",
        "name": "千年団地東",
        "operator": "事業者不明",
        "ref": "",
        "url": "",
        "url2": ""
      }
    },
    {
      "type": "Feature",
      "geometry": {
        "type": "Point",
        "coordinates": [
          130.528255,
          31.6358704
        ]
      },
      "properties": {
        "内容": "バス停: 千年団地入口",
        "name": "千年団地入口",
        "operator": "事業者不明",
        "ref": "",
        "url": "",
        "url2": ""
      }
    },
    {
      "type": "Feature",
      "geometry": {
        "type": "Point",
        "coordinates": [
          130.5281718,
          31.635814
        ]
      },
      "properties": {
        "内容": "バス停: 千年団地入口",
        "name": "千年団地入口",
        "operator": "事業者不明",
        "ref": "",
        "url": "",
        "url2": ""
      }
    },
    {
      "type": "Feature",
      "geometry": {
        "type": "Point",
        "coordinates": [
          130.5235899,
          31.639164
        ]
      },
      "properties": {
        "内容": "バス停: 千年団地中央公園",
        "name": "千年団地中央公園",
        "operator": "事業者不明",
        "ref": "",
        "url": "",
        "url2": ""
      }
    },
    {
      "type": "Feature",
      "geometry": {
        "type": "Point",
        "coordinates": [
          130.5231055,
          31.6386256
        ]
      },
      "properties": {
        "内容": "バス停: 千年団地中央公園",
        "name": "千年団地中央公園",
        "operator": "事業者不明",
        "ref": "",
        "url": "",
        "url2": ""
      }
    },
    {
      "type": "Feature",
      "geometry": {
        "type": "Point",
        "coordinates": [
          130.5277043,
          31.6421603
        ]
      },
      "properties": {
        "内容": "バス停: 千年団地北",
        "name": "千年団地北",
        "operator": "事業者不明",
        "ref": "",
        "url": "",
        "url2": ""
      }
    },
    {
      "type": "Feature",
      "geometry": {
        "type": "Point",
        "coordinates": [
          130.5275605,
          31.6421542
        ]
      },
      "properties": {
        "内容": "バス停: 千年団地北",
        "name": "千年団地北",
        "operator": "事業者不明",
        "ref": "",
        "url": "",
        "url2": ""
      }
    },
    {
      "type": "Feature",
      "geometry": {
        "type": "Point",
        "coordinates": [
          130.5265295,
          31.6443609
        ]
      },
      "properties": {
        "内容": "バス停: 千年橋",
        "name": "千年橋",
        "operator": "事業者不明",
        "ref": "",
        "url": "",
        "url2": ""
      }
    },
    {
      "type": "Feature",
      "geometry": {
        "type": "Point",
        "coordinates": [
          130.526418,
          31.644257
        ]
      },
      "properties": {
        "内容": "バス停: 千年橋",
        "name": "千年橋",
        "operator": "事業者不明",
        "ref": "",
        "url": "",
        "url2": ""
      }
    },
    {
      "type": "Feature",
      "geometry": {
        "type": "Point",
        "coordinates": [
          130.7062137,
          31.5840023
        ]
      },
      "properties": {
        "内容": "バス停: 黒神中学校前 (鹿児島市交通局)",
        "name": "黒神中学校前",
        "operator": "鹿児島市交通局",
        "ref": "",
        "url": "",
        "url2": ""
      }
    },
    {
      "type": "Feature",
      "geometry": {
        "type": "Point",
        "coordinates": [
          130.5671516,
          31.6639546
        ]
      },
      "properties": {
        "内容": "バス停: 花棚",
        "name": "花棚",
        "operator": "事業者不明",
        "ref": "",
        "url": "",
        "url2": ""
      }
    },
    {
      "type": "Feature",
      "geometry": {
        "type": "Point",
        "coordinates": [
          130.5671251,
          31.6638868
        ]
      },
      "properties": {
        "内容": "バス停: 花棚",
        "name": "花棚",
        "operator": "事業者不明",
        "ref": "",
        "url": "",
        "url2": ""
      }
    },
    {
      "type": "Feature",
      "geometry": {
        "type": "Point",
        "coordinates": [
          130.5634377,
          31.5648989
        ]
      },
      "properties": {
        "内容": "バス停: 市民文化ホール前",
        "name": "市民文化ホール前",
        "operator": "事業者不明",
        "ref": "",
        "url": "",
        "url2": ""
      }
    },
    {
      "type": "Feature",
      "geometry": {
        "type": "Point",
        "coordinates": [
          130.563208,
          31.5645577
        ]
      },
      "properties": {
        "内容": "バス停: 市民文化ホール前",
        "name": "市民文化ホール前",
        "operator": "事業者不明",
        "ref": "",
        "url": "",
        "url2": ""
      }
    },
    {
      "type": "Feature",
      "geometry": {
        "type": "Point",
        "coordinates": [
          130.5604698,
          31.5632519
        ]
      },
      "properties": {
        "内容": "バス停: KKB前;陸上競技場前",
        "name": "KKB前;陸上競技場前",
        "operator": "事業者不明",
        "ref": "",
        "url": "",
        "url2": ""
      }
    },
    {
      "type": "Feature",
      "geometry": {
        "type": "Point",
        "coordinates": [
          130.5606217,
          31.5634651
        ]
      },
      "properties": {
        "内容": "バス停: KKB前;陸上競技場前",
        "name": "KKB前;陸上競技場前",
        "operator": "事業者不明",
        "ref": "",
        "url": "",
        "url2": ""
      }
    },
    {
      "type": "Feature",
      "geometry": {
        "type": "Point",
        "coordinates": [
          130.2804491,
          31.2707612
        ]
      },
      "properties": {
        "内容": "バス停: 立神",
        "name": "立神",
        "operator": "事業者不明",
        "ref": "",
        "url": "",
        "url2": ""
      }
    },
    {
      "type": "Feature",
      "geometry": {
        "type": "Point",
        "coordinates": [
          130.2804772,
          31.2706259
        ]
      },
      "properties": {
        "内容": "バス停: 立神",
        "name": "立神",
        "operator": "事業者不明",
        "ref": "",
        "url": "",
        "url2": ""
      }
    },
    {
      "type": "Feature",
      "geometry": {
        "type": "Point",
        "coordinates": [
          130.2774558,
          31.2701743
        ]
      },
      "properties": {
        "内容": "バス停: 中央町",
        "name": "中央町",
        "operator": "事業者不明",
        "ref": "",
        "url": "",
        "url2": ""
      }
    },
    {
      "type": "Feature",
      "geometry": {
        "type": "Point",
        "coordinates": [
          130.2770655,
          31.2699814
        ]
      },
      "properties": {
        "内容": "バス停: 中央町",
        "name": "中央町",
        "operator": "事業者不明",
        "ref": "",
        "url": "",
        "url2": ""
      }
    },
    {
      "type": "Feature",
      "geometry": {
        "type": "Point",
        "coordinates": [
          130.5047406,
          31.2356438
        ]
      },
      "properties": {
        "内容": "バス停: 郡",
        "name": "郡",
        "operator": "事業者不明",
        "ref": "",
        "url": "",
        "url2": ""
      }
    },
    {
      "type": "Feature",
      "geometry": {
        "type": "Point",
        "coordinates": [
          130.5048114,
          31.2358798
        ]
      },
      "properties": {
        "内容": "バス停: 郡",
        "name": "郡",
        "operator": "事業者不明",
        "ref": "",
        "url": "",
        "url2": ""
      }
    },
    {
      "type": "Feature",
      "geometry": {
        "type": "Point",
        "coordinates": [
          130.5048448,
          31.2333195
        ]
      },
      "properties": {
        "内容": "バス停: 頴娃郵便局前",
        "name": "頴娃郵便局前",
        "operator": "事業者不明",
        "ref": "",
        "url": "",
        "url2": ""
      }
    },
    {
      "type": "Feature",
      "geometry": {
        "type": "Point",
        "coordinates": [
          130.5049729,
          31.2335115
        ]
      },
      "properties": {
        "内容": "バス停: 頴娃郵便局前",
        "name": "頴娃郵便局前",
        "operator": "事業者不明",
        "ref": "",
        "url": "",
        "url2": ""
      }
    },
    {
      "type": "Feature",
      "geometry": {
        "type": "Point",
        "coordinates": [
          130.5043109,
          31.2316091
        ]
      },
      "properties": {
        "内容": "バス停: 東郡",
        "name": "東郡",
        "operator": "事業者不明",
        "ref": "",
        "url": "",
        "url2": ""
      }
    },
    {
      "type": "Feature",
      "geometry": {
        "type": "Point",
        "coordinates": [
          130.5045374,
          31.2315871
        ]
      },
      "properties": {
        "内容": "バス停: 東郡",
        "name": "東郡",
        "operator": "事業者不明",
        "ref": "",
        "url": "",
        "url2": ""
      }
    },
    {
      "type": "Feature",
      "geometry": {
        "type": "Point",
        "coordinates": [
          130.5025958,
          31.2245836
        ]
      },
      "properties": {
        "内容": "バス停: 鬼口",
        "name": "鬼口",
        "operator": "事業者不明",
        "ref": "",
        "url": "",
        "url2": ""
      }
    },
    {
      "type": "Feature",
      "geometry": {
        "type": "Point",
        "coordinates": [
          130.5034862,
          31.2239882
        ]
      },
      "properties": {
        "内容": "バス停: 鬼口",
        "name": "鬼口",
        "operator": "事業者不明",
        "ref": "",
        "url": "",
        "url2": ""
      }
    },
    {
      "type": "Feature",
      "geometry": {
        "type": "Point",
        "coordinates": [
          130.5077085,
          31.2167993
        ]
      },
      "properties": {
        "内容": "バス停: 長崎浜",
        "name": "長崎浜",
        "operator": "事業者不明",
        "ref": "",
        "url": "",
        "url2": ""
      }
    },
    {
      "type": "Feature",
      "geometry": {
        "type": "Point",
        "coordinates": [
          130.5078336,
          31.2168005
        ]
      },
      "properties": {
        "内容": "バス停: 長崎浜",
        "name": "長崎浜",
        "operator": "事業者不明",
        "ref": "",
        "url": "",
        "url2": ""
      }
    },
    {
      "type": "Feature",
      "geometry": {
        "type": "Point",
        "coordinates": [
          130.4942193,
          31.2407306
        ]
      },
      "properties": {
        "内容": "バス停: 頴娃図書館",
        "name": "頴娃図書館",
        "operator": "事業者不明",
        "ref": "",
        "url": "",
        "url2": ""
      }
    },
    {
      "type": "Feature",
      "geometry": {
        "type": "Point",
        "coordinates": [
          130.4879148,
          31.2431182
        ]
      },
      "properties": {
        "内容": "バス停: 高取",
        "name": "高取",
        "operator": "事業者不明",
        "ref": "",
        "url": "",
        "url2": ""
      }
    },
    {
      "type": "Feature",
      "geometry": {
        "type": "Point",
        "coordinates": [
          130.4880781,
          31.2432499
        ]
      },
      "properties": {
        "内容": "バス停: 高取",
        "name": "高取",
        "operator": "事業者不明",
        "ref": "",
        "url": "",
        "url2": ""
      }
    },
    {
      "type": "Feature",
      "geometry": {
        "type": "Point",
        "coordinates": [
          130.5433967,
          31.5885426
        ]
      },
      "properties": {
        "内容": "バス停: 西田橋",
        "name": "西田橋",
        "operator": "事業者不明",
        "ref": "",
        "url": "",
        "url2": ""
      }
    },
    {
      "type": "Feature",
      "geometry": {
        "type": "Point",
        "coordinates": [
          130.5415877,
          31.5885726
        ]
      },
      "properties": {
        "内容": "バス停: 西田中ノ丁",
        "name": "西田中ノ丁",
        "operator": "事業者不明",
        "ref": "",
        "url": "",
        "url2": ""
      }
    },
    {
      "type": "Feature",
      "geometry": {
        "type": "Point",
        "coordinates": [
          130.5415889,
          31.5884672
        ]
      },
      "properties": {
        "内容": "バス停: 西田中ノ丁",
        "name": "西田中ノ丁",
        "operator": "事業者不明",
        "ref": "",
        "url": "",
        "url2": ""
      }
    },
    {
      "type": "Feature",
      "geometry": {
        "type": "Point",
        "coordinates": [
          130.539654,
          31.5885944
        ]
      },
      "properties": {
        "内容": "バス停: 西田本通",
        "name": "西田本通",
        "operator": "事業者不明",
        "ref": "",
        "url": "",
        "url2": ""
      }
    },
    {
      "type": "Feature",
      "geometry": {
        "type": "Point",
        "coordinates": [
          130.5397742,
          31.5884829
        ]
      },
      "properties": {
        "内容": "バス停: 西田本通",
        "name": "西田本通",
        "operator": "事業者不明",
        "ref": "",
        "url": "",
        "url2": ""
      }
    },
    {
      "type": "Feature",
      "geometry": {
        "type": "Point",
        "coordinates": [
          130.5372046,
          31.5886194
        ]
      },
      "properties": {
        "内容": "バス停: 西田小前",
        "name": "西田小前",
        "operator": "事業者不明",
        "ref": "",
        "url": "",
        "url2": ""
      }
    },
    {
      "type": "Feature",
      "geometry": {
        "type": "Point",
        "coordinates": [
          130.5369181,
          31.5885078
        ]
      },
      "properties": {
        "内容": "バス停: 西田小前",
        "name": "西田小前",
        "operator": "事業者不明",
        "ref": "",
        "url": "",
        "url2": ""
      }
    },
    {
      "type": "Feature",
      "geometry": {
        "type": "Point",
        "coordinates": [
          130.535702,
          31.6101673
        ]
      },
      "properties": {
        "内容": "バス停: 玉江橋",
        "name": "玉江橋",
        "operator": "事業者不明",
        "ref": "",
        "url": "",
        "url2": ""
      }
    },
    {
      "type": "Feature",
      "geometry": {
        "type": "Point",
        "coordinates": [
          130.5358566,
          31.6101493
        ]
      },
      "properties": {
        "内容": "バス停: 玉江橋",
        "name": "玉江橋",
        "operator": "事業者不明",
        "ref": "",
        "url": "",
        "url2": ""
      }
    },
    {
      "type": "Feature",
      "geometry": {
        "type": "Point",
        "coordinates": [
          130.5532821,
          31.585111
        ]
      },
      "properties": {
        "内容": "バス停: 甲東中学校前",
        "name": "甲東中学校前",
        "operator": "事業者不明",
        "ref": "",
        "url": "",
        "url2": ""
      }
    },
    {
      "type": "Feature",
      "geometry": {
        "type": "Point",
        "coordinates": [
          130.5536277,
          31.5849946
        ]
      },
      "properties": {
        "内容": "バス停: 甲東中学校前",
        "name": "甲東中学校前",
        "operator": "事業者不明",
        "ref": "",
        "url": "",
        "url2": ""
      }
    },
    {
      "type": "Feature",
      "geometry": {
        "type": "Point",
        "coordinates": [
          130.5530979,
          31.5733935
        ]
      },
      "properties": {
        "内容": "バス停: 荒田八幡",
        "name": "荒田八幡",
        "operator": "事業者不明",
        "ref": "",
        "url": "",
        "url2": ""
      }
    },
    {
      "type": "Feature",
      "geometry": {
        "type": "Point",
        "coordinates": [
          130.527159,
          31.6126812
        ]
      },
      "properties": {
        "内容": "バス停: 中迫",
        "name": "中迫",
        "operator": "事業者不明",
        "ref": "",
        "url": "",
        "url2": ""
      }
    },
    {
      "type": "Feature",
      "geometry": {
        "type": "Point",
        "coordinates": [
          130.5271813,
          31.6125705
        ]
      },
      "properties": {
        "内容": "バス停: 中迫",
        "name": "中迫",
        "operator": "事業者不明",
        "ref": "",
        "url": "",
        "url2": ""
      }
    },
    {
      "type": "Feature",
      "geometry": {
        "type": "Point",
        "coordinates": [
          130.563875,
          31.5704821
        ]
      },
      "properties": {
        "内容": "バス停: 与次郎一丁目",
        "name": "与次郎一丁目",
        "operator": "事業者不明",
        "ref": "",
        "url": "",
        "url2": ""
      }
    },
    {
      "type": "Feature",
      "geometry": {
        "type": "Point",
        "coordinates": [
          130.5641213,
          31.5702195
        ]
      },
      "properties": {
        "内容": "バス停: 与次郎一丁目",
        "name": "与次郎一丁目",
        "operator": "事業者不明",
        "ref": "",
        "url": "",
        "url2": ""
      }
    },
    {
      "type": "Feature",
      "geometry": {
        "type": "Point",
        "coordinates": [
          130.56184,
          31.603251
        ]
      },
      "properties": {
        "内容": "バス停: 柳町",
        "name": "柳町",
        "operator": "事業者不明",
        "ref": "",
        "url": "",
        "url2": ""
      }
    },
    {
      "type": "Feature",
      "geometry": {
        "type": "Point",
        "coordinates": [
          130.5611136,
          31.6031345
        ]
      },
      "properties": {
        "内容": "バス停: 柳町",
        "name": "柳町",
        "operator": "事業者不明",
        "ref": "",
        "url": "",
        "url2": ""
      }
    },
    {
      "type": "Feature",
      "geometry": {
        "type": "Point",
        "coordinates": [
          130.5587776,
          31.5982312
        ]
      },
      "properties": {
        "内容": "バス停: 水族館口",
        "name": "水族館口",
        "operator": "事業者不明",
        "ref": "",
        "url": "",
        "url2": ""
      }
    },
    {
      "type": "Feature",
      "geometry": {
        "type": "Point",
        "coordinates": [
          130.5580876,
          31.5859755
        ]
      },
      "properties": {
        "内容": "バス停: 松原小前",
        "name": "松原小前",
        "operator": "事業者不明",
        "ref": "",
        "url": "",
        "url2": ""
      }
    },
    {
      "type": "Feature",
      "geometry": {
        "type": "Point",
        "coordinates": [
          130.558333,
          31.5857381
        ]
      },
      "properties": {
        "内容": "バス停: 松原小前",
        "name": "松原小前",
        "operator": "事業者不明",
        "ref": "",
        "url": "",
        "url2": ""
      }
    },
    {
      "type": "Feature",
      "geometry": {
        "type": "Point",
        "coordinates": [
          130.5592533,
          31.5508126
        ]
      },
      "properties": {
        "内容": "バス停: 球技場前",
        "name": "球技場前",
        "operator": "事業者不明",
        "ref": "",
        "url": "",
        "url2": ""
      }
    },
    {
      "type": "Feature",
      "geometry": {
        "type": "Point",
        "coordinates": [
          130.5594038,
          31.5507974
        ]
      },
      "properties": {
        "内容": "バス停: 球技場前",
        "name": "球技場前",
        "operator": "事業者不明",
        "ref": "",
        "url": "",
        "url2": ""
      }
    },
    {
      "type": "Feature",
      "geometry": {
        "type": "Point",
        "coordinates": [
          130.5577726,
          31.5489792
        ]
      },
      "properties": {
        "内容": "バス停: 緑地公園前",
        "name": "緑地公園前",
        "operator": "事業者不明",
        "ref": "",
        "url": "",
        "url2": ""
      }
    },
    {
      "type": "Feature",
      "geometry": {
        "type": "Point",
        "coordinates": [
          130.5576463,
          31.5491919
        ]
      },
      "properties": {
        "内容": "バス停: 緑地公園前",
        "name": "緑地公園前",
        "operator": "事業者不明",
        "ref": "",
        "url": "",
        "url2": ""
      }
    },
    {
      "type": "Feature",
      "geometry": {
        "type": "Point",
        "coordinates": [
          130.5563684,
          31.5501804
        ]
      },
      "properties": {
        "内容": "バス停: 鴨池ハイム前",
        "name": "鴨池ハイム前",
        "operator": "事業者不明",
        "ref": "",
        "url": "",
        "url2": ""
      }
    },
    {
      "type": "Feature",
      "geometry": {
        "type": "Point",
        "coordinates": [
          130.5564288,
          31.5507644
        ]
      },
      "properties": {
        "内容": "バス停: 鴨池ハイム前",
        "name": "鴨池ハイム前",
        "operator": "事業者不明",
        "ref": "",
        "url": "",
        "url2": ""
      }
    },
    {
      "type": "Feature",
      "geometry": {
        "type": "Point",
        "coordinates": [
          130.5551343,
          31.5579446
        ]
      },
      "properties": {
        "内容": "バス停: 県庁西",
        "name": "県庁西",
        "operator": "事業者不明",
        "ref": "",
        "url": "",
        "url2": ""
      }
    },
    {
      "type": "Feature",
      "geometry": {
        "type": "Point",
        "coordinates": [
          130.5553424,
          31.557867
        ]
      },
      "properties": {
        "内容": "バス停: 県庁西",
        "name": "県庁西",
        "operator": "事業者不明",
        "ref": "",
        "url": "",
        "url2": ""
      }
    },
    {
      "type": "Feature",
      "geometry": {
        "type": "Point",
        "coordinates": [
          130.5618298,
          31.5906761
        ]
      },
      "properties": {
        "内容": "バス停: ボサド桟橋",
        "name": "ボサド桟橋",
        "operator": "事業者不明",
        "ref": "",
        "url": "",
        "url2": ""
      }
    },
    {
      "type": "Feature",
      "geometry": {
        "type": "Point",
        "coordinates": [
          130.5616978,
          31.5903528
        ]
      },
      "properties": {
        "内容": "バス停: ボサド桟橋",
        "name": "ボサド桟橋",
        "operator": "事業者不明",
        "ref": "",
        "url": "",
        "url2": ""
      }
    },
    {
      "type": "Feature",
      "geometry": {
        "type": "Point",
        "coordinates": [
          130.560651,
          31.5935538
        ]
      },
      "properties": {
        "内容": "バス停: 泉町",
        "name": "泉町",
        "operator": "事業者不明",
        "ref": "",
        "url": "",
        "url2": ""
      }
    },
    {
      "type": "Feature",
      "geometry": {
        "type": "Point",
        "coordinates": [
          130.5607723,
          31.5937433
        ]
      },
      "properties": {
        "内容": "バス停: 泉町",
        "name": "泉町",
        "operator": "事業者不明",
        "ref": "",
        "url": "",
        "url2": ""
      }
    },
    {
      "type": "Feature",
      "geometry": {
        "type": "Point",
        "coordinates": [
          130.542005,
          31.629699
        ]
      },
      "properties": {
        "内容": "バス停: 伊敷ニュータウン東",
        "name": "伊敷ニュータウン東",
        "operator": "事業者不明",
        "ref": "",
        "url": "",
        "url2": ""
      }
    },
    {
      "type": "Feature",
      "geometry": {
        "type": "Point",
        "coordinates": [
          130.5415167,
          31.6298827
        ]
      },
      "properties": {
        "内容": "バス停: 伊敷ニュータウン東",
        "name": "伊敷ニュータウン東",
        "operator": "事業者不明",
        "ref": "",
        "url": "",
        "url2": ""
      }
    },
    {
      "type": "Feature",
      "geometry": {
        "type": "Point",
        "coordinates": [
          130.5464705,
          31.6276331
        ]
      },
      "properties": {
        "内容": "バス停: 北営業所前",
        "name": "北営業所前",
        "operator": "事業者不明",
        "ref": "",
        "url": "",
        "url2": ""
      }
    },
    {
      "type": "Feature",
      "geometry": {
        "type": "Point",
        "coordinates": [
          130.546585,
          31.6275969
        ]
      },
      "properties": {
        "内容": "バス停: 北営業所前",
        "name": "北営業所前",
        "operator": "事業者不明",
        "ref": "",
        "url": "",
        "url2": ""
      }
    },
    {
      "type": "Feature",
      "geometry": {
        "type": "Point",
        "coordinates": [
          130.5389832,
          31.6295399
        ]
      },
      "properties": {
        "内容": "バス停: 伊敷ニュータウン",
        "name": "伊敷ニュータウン",
        "operator": "事業者不明",
        "ref": "",
        "url": "",
        "url2": ""
      }
    },
    {
      "type": "Feature",
      "geometry": {
        "type": "Point",
        "coordinates": [
          130.538223,
          31.6284927
        ]
      },
      "properties": {
        "内容": "バス停: 伊敷ニュータウン",
        "name": "伊敷ニュータウン",
        "operator": "事業者不明",
        "ref": "",
        "url": "",
        "url2": ""
      }
    },
    {
      "type": "Feature",
      "geometry": {
        "type": "Point",
        "coordinates": [
          130.5186579,
          31.60696
        ]
      },
      "properties": {
        "内容": "バス停: 小野四丁目",
        "name": "小野四丁目",
        "operator": "事業者不明",
        "ref": "",
        "url": "",
        "url2": ""
      }
    },
    {
      "type": "Feature",
      "geometry": {
        "type": "Point",
        "coordinates": [
          130.5187723,
          31.6068526
        ]
      },
      "properties": {
        "内容": "バス停: 小野四丁目",
        "name": "小野四丁目",
        "operator": "事業者不明",
        "ref": "",
        "url": "",
        "url2": ""
      }
    },
    {
      "type": "Feature",
      "geometry": {
        "type": "Point",
        "coordinates": [
          130.5765065,
          31.6454062
        ]
      },
      "properties": {
        "内容": "バス停: 菖蒲谷入口",
        "name": "菖蒲谷入口",
        "operator": "事業者不明",
        "ref": "",
        "url": "",
        "url2": ""
      }
    },
    {
      "type": "Feature",
      "geometry": {
        "type": "Point",
        "coordinates": [
          130.5766818,
          31.6453499
        ]
      },
      "properties": {
        "内容": "バス停: 菖蒲谷入口",
        "name": "菖蒲谷入口",
        "operator": "事業者不明",
        "ref": "",
        "url": "",
        "url2": ""
      }
    },
    {
      "type": "Feature",
      "geometry": {
        "type": "Point",
        "coordinates": [
          130.5788174,
          31.6476293
        ]
      },
      "properties": {
        "内容": "バス停: 三文字",
        "name": "三文字",
        "operator": "事業者不明",
        "ref": "",
        "url": "",
        "url2": ""
      }
    },
    {
      "type": "Feature",
      "geometry": {
        "type": "Point",
        "coordinates": [
          130.578974,
          31.6476656
        ]
      },
      "properties": {
        "内容": "バス停: 三文字",
        "name": "三文字",
        "operator": "事業者不明",
        "ref": "",
        "url": "",
        "url2": ""
      }
    },
    {
      "type": "Feature",
      "geometry": {
        "type": "Point",
        "coordinates": [
          130.5815008,
          31.6516882
        ]
      },
      "properties": {
        "内容": "バス停: 菖蒲谷",
        "name": "菖蒲谷",
        "operator": "事業者不明",
        "ref": "",
        "url": "",
        "url2": ""
      }
    },
    {
      "type": "Feature",
      "geometry": {
        "type": "Point",
        "coordinates": [
          130.5812955,
          31.6516121
        ]
      },
      "properties": {
        "内容": "バス停: 菖蒲谷",
        "name": "菖蒲谷",
        "operator": "事業者不明",
        "ref": "",
        "url": "",
        "url2": ""
      }
    },
    {
      "type": "Feature",
      "geometry": {
        "type": "Point",
        "coordinates": [
          130.5828241,
          31.6549714
        ]
      },
      "properties": {
        "内容": "バス停: 神社入口",
        "name": "神社入口",
        "operator": "事業者不明",
        "ref": "",
        "url": "",
        "url2": ""
      }
    },
    {
      "type": "Feature",
      "geometry": {
        "type": "Point",
        "coordinates": [
          130.5827073,
          31.6549834
        ]
      },
      "properties": {
        "内容": "バス停: 神社入口",
        "name": "神社入口",
        "operator": "事業者不明",
        "ref": "",
        "url": "",
        "url2": ""
      }
    },
    {
      "type": "Feature",
      "geometry": {
        "type": "Point",
        "coordinates": [
          130.584428,
          31.6593663
        ]
      },
      "properties": {
        "内容": "バス停: 菖蒲谷北",
        "name": "菖蒲谷北",
        "operator": "事業者不明",
        "ref": "",
        "url": "",
        "url2": ""
      }
    },
    {
      "type": "Feature",
      "geometry": {
        "type": "Point",
        "coordinates": [
          130.5844555,
          31.6597092
        ]
      },
      "properties": {
        "内容": "バス停: 菖蒲谷北",
        "name": "菖蒲谷北",
        "operator": "事業者不明",
        "ref": "",
        "url": "",
        "url2": ""
      }
    },
    {
      "type": "Feature",
      "geometry": {
        "type": "Point",
        "coordinates": [
          130.5620448,
          31.6714557
        ]
      },
      "properties": {
        "内容": "バス停: 宮之浦神社前",
        "name": "宮之浦神社前",
        "operator": "事業者不明",
        "ref": "",
        "url": "",
        "url2": ""
      }
    },
    {
      "type": "Feature",
      "geometry": {
        "type": "Point",
        "coordinates": [
          130.5621722,
          31.6714192
        ]
      },
      "properties": {
        "内容": "バス停: 宮之浦神社前",
        "name": "宮之浦神社前",
        "operator": "事業者不明",
        "ref": "",
        "url": "",
        "url2": ""
      }
    },
    {
      "type": "Feature",
      "geometry": {
        "type": "Point",
        "coordinates": [
          130.5635066,
          31.6746279
        ]
      },
      "properties": {
        "内容": "バス停: 宮西",
        "name": "宮西",
        "operator": "事業者不明",
        "ref": "",
        "url": "",
        "url2": ""
      }
    },
    {
      "type": "Feature",
      "geometry": {
        "type": "Point",
        "coordinates": [
          130.5636875,
          31.6745569
        ]
      },
      "properties": {
        "内容": "バス停: 宮西",
        "name": "宮西",
        "operator": "事業者不明",
        "ref": "",
        "url": "",
        "url2": ""
      }
    },
    {
      "type": "Feature",
      "geometry": {
        "type": "Point",
        "coordinates": [
          130.5631495,
          31.6777527
        ]
      },
      "properties": {
        "内容": "バス停: 教育センター入口",
        "name": "教育センター入口",
        "operator": "事業者不明",
        "ref": "",
        "url": "",
        "url2": ""
      }
    },
    {
      "type": "Feature",
      "geometry": {
        "type": "Point",
        "coordinates": [
          130.5633345,
          31.6777648
        ]
      },
      "properties": {
        "内容": "バス停: 教育センター入口",
        "name": "教育センター入口",
        "operator": "事業者不明",
        "ref": "",
        "url": "",
        "url2": ""
      }
    },
    {
      "type": "Feature",
      "geometry": {
        "type": "Point",
        "coordinates": [
          130.5617353,
          31.6866952
        ]
      },
      "properties": {
        "内容": "バス停: 吉水",
        "name": "吉水",
        "operator": "事業者不明",
        "ref": "",
        "url": "",
        "url2": ""
      }
    },
    {
      "type": "Feature",
      "geometry": {
        "type": "Point",
        "coordinates": [
          130.5618287,
          31.6871224
        ]
      },
      "properties": {
        "内容": "バス停: 吉水",
        "name": "吉水",
        "operator": "事業者不明",
        "ref": "",
        "url": "",
        "url2": ""
      }
    },
    {
      "type": "Feature",
      "geometry": {
        "type": "Point",
        "coordinates": [
          130.5542376,
          31.685922
        ]
      },
      "properties": {
        "内容": "バス停: Aコープ前",
        "name": "Aコープ前",
        "operator": "事業者不明",
        "ref": "",
        "url": "",
        "url2": ""
      }
    },
    {
      "type": "Feature",
      "geometry": {
        "type": "Point",
        "coordinates": [
          130.5541403,
          31.6858648
        ]
      },
      "properties": {
        "内容": "バス停: Aコープ前",
        "name": "Aコープ前",
        "operator": "事業者不明",
        "ref": "",
        "url": "",
        "url2": ""
      }
    },
    {
      "type": "Feature",
      "geometry": {
        "type": "Point",
        "coordinates": [
          130.559702,
          31.6688055
        ]
      },
      "properties": {
        "内容": "バス停: 種鶏場前",
        "name": "種鶏場前",
        "operator": "事業者不明",
        "ref": "",
        "url": "",
        "url2": ""
      }
    },
    {
      "type": "Feature",
      "geometry": {
        "type": "Point",
        "coordinates": [
          130.5599285,
          31.6691022
        ]
      },
      "properties": {
        "内容": "バス停: 種鶏場前",
        "name": "種鶏場前",
        "operator": "事業者不明",
        "ref": "",
        "url": "",
        "url2": ""
      }
    },
    {
      "type": "Feature",
      "geometry": {
        "type": "Point",
        "coordinates": [
          130.556836,
          31.6653352
        ]
      },
      "properties": {
        "内容": "バス停: 井之上",
        "name": "井之上",
        "operator": "事業者不明",
        "ref": "",
        "url": "",
        "url2": ""
      }
    },
    {
      "type": "Feature",
      "geometry": {
        "type": "Point",
        "coordinates": [
          130.5567095,
          31.6654178
        ]
      },
      "properties": {
        "内容": "バス停: 井之上",
        "name": "井之上",
        "operator": "事業者不明",
        "ref": "",
        "url": "",
        "url2": ""
      }
    },
    {
      "type": "Feature",
      "geometry": {
        "type": "Point",
        "coordinates": [
          130.5499267,
          31.6566724
        ]
      },
      "properties": {
        "内容": "バス停: 川上",
        "name": "川上",
        "operator": "事業者不明",
        "ref": "",
        "url": "",
        "url2": ""
      }
    },
    {
      "type": "Feature",
      "geometry": {
        "type": "Point",
        "coordinates": [
          130.5497723,
          31.6565807
        ]
      },
      "properties": {
        "内容": "バス停: 川上",
        "name": "川上",
        "operator": "事業者不明",
        "ref": "",
        "url": "",
        "url2": ""
      }
    },
    {
      "type": "Feature",
      "geometry": {
        "type": "Point",
        "coordinates": [
          130.5468863,
          31.6445886
        ]
      },
      "properties": {
        "内容": "バス停: 下田",
        "name": "下田",
        "operator": "事業者不明",
        "ref": "",
        "url": "",
        "url2": ""
      }
    },
    {
      "type": "Feature",
      "geometry": {
        "type": "Point",
        "coordinates": [
          130.5470714,
          31.6440018
        ]
      },
      "properties": {
        "内容": "バス停: 下田",
        "name": "下田",
        "operator": "事業者不明",
        "ref": "",
        "url": "",
        "url2": ""
      }
    },
    {
      "type": "Feature",
      "geometry": {
        "type": "Point",
        "coordinates": [
          130.5506209,
          31.6395667
        ]
      },
      "properties": {
        "内容": "バス停: 下田三文字",
        "name": "下田三文字",
        "operator": "事業者不明",
        "ref": "",
        "url": "",
        "url2": ""
      }
    },
    {
      "type": "Feature",
      "geometry": {
        "type": "Point",
        "coordinates": [
          130.5498738,
          31.64017
        ]
      },
      "properties": {
        "内容": "バス停: 下田三文字",
        "name": "下田三文字",
        "operator": "事業者不明",
        "ref": "",
        "url": "",
        "url2": ""
      }
    },
    {
      "type": "Feature",
      "geometry": {
        "type": "Point",
        "coordinates": [
          130.5527093,
          31.6352371
        ]
      },
      "properties": {
        "内容": "バス停: 七窪",
        "name": "七窪",
        "operator": "事業者不明",
        "ref": "",
        "url": "",
        "url2": ""
      }
    },
    {
      "type": "Feature",
      "geometry": {
        "type": "Point",
        "coordinates": [
          130.5521501,
          31.634761
        ]
      },
      "properties": {
        "内容": "バス停: 七窪",
        "name": "七窪",
        "operator": "事業者不明",
        "ref": "",
        "url": "",
        "url2": ""
      }
    },
    {
      "type": "Feature",
      "geometry": {
        "type": "Point",
        "coordinates": [
          130.5536065,
          31.6316177
        ]
      },
      "properties": {
        "内容": "バス停: 川添",
        "name": "川添",
        "operator": "事業者不明",
        "ref": "",
        "url": "",
        "url2": ""
      }
    },
    {
      "type": "Feature",
      "geometry": {
        "type": "Point",
        "coordinates": [
          130.5531091,
          31.6320034
        ]
      },
      "properties": {
        "内容": "バス停: 川添",
        "name": "川添",
        "operator": "事業者不明",
        "ref": "",
        "url": "",
        "url2": ""
      }
    },
    {
      "type": "Feature",
      "geometry": {
        "type": "Point",
        "coordinates": [
          130.5548389,
          31.629343
        ]
      },
      "properties": {
        "内容": "バス停: 川添中央",
        "name": "川添中央",
        "operator": "事業者不明",
        "ref": "",
        "url": "",
        "url2": ""
      }
    },
    {
      "type": "Feature",
      "geometry": {
        "type": "Point",
        "coordinates": [
          130.5547466,
          31.6292724
        ]
      },
      "properties": {
        "内容": "バス停: 川添中央",
        "name": "川添中央",
        "operator": "事業者不明",
        "ref": "",
        "url": "",
        "url2": ""
      }
    },
    {
      "type": "Feature",
      "geometry": {
        "type": "Point",
        "coordinates": [
          130.5555885,
          31.6260991
        ]
      },
      "properties": {
        "内容": "バス停: 下川添",
        "name": "下川添",
        "operator": "事業者不明",
        "ref": "",
        "url": "",
        "url2": ""
      }
    },
    {
      "type": "Feature",
      "geometry": {
        "type": "Point",
        "coordinates": [
          130.5555446,
          31.6268672
        ]
      },
      "properties": {
        "内容": "バス停: 下川添",
        "name": "下川添",
        "operator": "事業者不明",
        "ref": "",
        "url": "",
        "url2": ""
      }
    },
    {
      "type": "Feature",
      "geometry": {
        "type": "Point",
        "coordinates": [
          130.5529617,
          31.6244679
        ]
      },
      "properties": {
        "内容": "バス停: 住宅前",
        "name": "住宅前",
        "operator": "事業者不明",
        "ref": "",
        "url": "",
        "url2": ""
      }
    },
    {
      "type": "Feature",
      "geometry": {
        "type": "Point",
        "coordinates": [
          130.5532775,
          31.6251762
        ]
      },
      "properties": {
        "内容": "バス停: 住宅前",
        "name": "住宅前",
        "operator": "事業者不明",
        "ref": "",
        "url": "",
        "url2": ""
      }
    },
    {
      "type": "Feature",
      "geometry": {
        "type": "Point",
        "coordinates": [
          130.3486104,
          31.4801312
        ]
      },
      "properties": {
        "内容": "バス停: 上馬場",
        "name": "上馬場",
        "operator": "事業者不明",
        "ref": "",
        "url": "",
        "url2": ""
      }
    },
    {
      "type": "Feature",
      "geometry": {
        "type": "Point",
        "coordinates": [
          130.3486991,
          31.4799615
        ]
      },
      "properties": {
        "内容": "バス停: 上馬場",
        "name": "上馬場",
        "operator": "事業者不明",
        "ref": "",
        "url": "",
        "url2": ""
      }
    },
    {
      "type": "Feature",
      "geometry": {
        "type": "Point",
        "coordinates": [
          130.3088036,
          31.3811836
        ]
      },
      "properties": {
        "内容": "バス停: 上内山田",
        "name": "上内山田",
        "operator": "事業者不明",
        "ref": "",
        "url": "",
        "url2": ""
      }
    },
    {
      "type": "Feature",
      "geometry": {
        "type": "Point",
        "coordinates": [
          130.309737,
          31.3810508
        ]
      },
      "properties": {
        "内容": "バス停: 上内山田",
        "name": "上内山田",
        "operator": "事業者不明",
        "ref": "",
        "url": "",
        "url2": ""
      }
    },
    {
      "type": "Feature",
      "geometry": {
        "type": "Point",
        "coordinates": [
          130.3128322,
          31.3838565
        ]
      },
      "properties": {
        "内容": "バス停: 内山田小前",
        "name": "内山田小前",
        "operator": "事業者不明",
        "ref": "",
        "url": "",
        "url2": ""
      }
    },
    {
      "type": "Feature",
      "geometry": {
        "type": "Point",
        "coordinates": [
          130.3130427,
          31.3838794
        ]
      },
      "properties": {
        "内容": "バス停: 内山田小前",
        "name": "内山田小前",
        "operator": "事業者不明",
        "ref": "",
        "url": "",
        "url2": ""
      }
    },
    {
      "type": "Feature",
      "geometry": {
        "type": "Point",
        "coordinates": [
          130.2359327,
          31.2856256
        ]
      },
      "properties": {
        "内容": "バス停: 平原",
        "name": "平原",
        "operator": "事業者不明",
        "ref": "",
        "url": "",
        "url2": ""
      }
    },
    {
      "type": "Feature",
      "geometry": {
        "type": "Point",
        "coordinates": [
          130.270985,
          31.3408514
        ]
      },
      "properties": {
        "内容": "バス停: 福元",
        "name": "福元",
        "operator": "事業者不明",
        "ref": "",
        "url": "",
        "url2": ""
      }
    },
    {
      "type": "Feature",
      "geometry": {
        "type": "Point",
        "coordinates": [
          130.3149307,
          31.3975732
        ]
      },
      "properties": {
        "内容": "バス停: 食肉センター前",
        "name": "食肉センター前",
        "operator": "事業者不明",
        "ref": "",
        "url": "",
        "url2": ""
      }
    },
    {
      "type": "Feature",
      "geometry": {
        "type": "Point",
        "coordinates": [
          130.5247468,
          31.5302355
        ]
      },
      "properties": {
        "内容": "バス停: 谷山電停前 (鹿児島交通)",
        "name": "谷山電停前",
        "operator": "鹿児島交通",
        "ref": "",
        "url": "",
        "url2": ""
      }
    },
    {
      "type": "Feature",
      "geometry": {
        "type": "Point",
        "coordinates": [
          130.5630327,
          31.6836604
        ]
      },
      "properties": {
        "内容": "バス停: 精米所前",
        "name": "精米所前",
        "operator": "事業者不明",
        "ref": "",
        "url": "",
        "url2": ""
      }
    },
    {
      "type": "Feature",
      "geometry": {
        "type": "Point",
        "coordinates": [
          130.5628565,
          31.6836627
        ]
      },
      "properties": {
        "内容": "バス停: 精米所前",
        "name": "精米所前",
        "operator": "事業者不明",
        "ref": "",
        "url": "",
        "url2": ""
      }
    },
    {
      "type": "Feature",
      "geometry": {
        "type": "Point",
        "coordinates": [
          130.5520387,
          31.6621876
        ]
      },
      "properties": {
        "内容": "バス停: 春山口",
        "name": "春山口",
        "operator": "事業者不明",
        "ref": "",
        "url": "",
        "url2": ""
      }
    },
    {
      "type": "Feature",
      "geometry": {
        "type": "Point",
        "coordinates": [
          130.5520171,
          31.6625993
        ]
      },
      "properties": {
        "内容": "バス停: 春山口",
        "name": "春山口",
        "operator": "事業者不明",
        "ref": "",
        "url": "",
        "url2": ""
      }
    },
    {
      "type": "Feature",
      "geometry": {
        "type": "Point",
        "coordinates": [
          130.5529247,
          31.6489491
        ]
      },
      "properties": {
        "内容": "バス停: 川上入口",
        "name": "川上入口",
        "operator": "事業者不明",
        "ref": "",
        "url": "",
        "url2": ""
      }
    },
    {
      "type": "Feature",
      "geometry": {
        "type": "Point",
        "coordinates": [
          130.552755,
          31.6489684
        ]
      },
      "properties": {
        "内容": "バス停: 川上入口",
        "name": "川上入口",
        "operator": "事業者不明",
        "ref": "",
        "url": "",
        "url2": ""
      }
    },
    {
      "type": "Feature",
      "geometry": {
        "type": "Point",
        "coordinates": [
          130.5612969,
          31.5604299
        ]
      },
      "properties": {
        "内容": "バス停: 九州電力前",
        "name": "九州電力前",
        "operator": "事業者不明",
        "ref": "",
        "url": "",
        "url2": ""
      }
    },
    {
      "type": "Feature",
      "geometry": {
        "type": "Point",
        "coordinates": [
          130.5614787,
          31.560632
        ]
      },
      "properties": {
        "内容": "バス停: 九州電力前",
        "name": "九州電力前",
        "operator": "事業者不明",
        "ref": "",
        "url": "",
        "url2": ""
      }
    },
    {
      "type": "Feature",
      "geometry": {
        "type": "Point",
        "coordinates": [
          130.5740613,
          31.615921
        ]
      },
      "properties": {
        "内容": "バス停: 異人館前",
        "name": "異人館前",
        "operator": "事業者不明",
        "ref": "",
        "url": "",
        "url2": ""
      }
    },
    {
      "type": "Feature",
      "geometry": {
        "type": "Point",
        "coordinates": [
          130.5775615,
          31.6174867
        ]
      },
      "properties": {
        "内容": "バス停: 仙巌園（礒庭園）前 (鹿児島交通)",
        "name": "仙巌園（礒庭園）前",
        "operator": "鹿児島交通",
        "ref": "",
        "url": "",
        "url2": ""
      }
    },
    {
      "type": "Feature",
      "geometry": {
        "type": "Point",
        "coordinates": [
          130.5769469,
          31.6169788
        ]
      },
      "properties": {
        "内容": "バス停: 仙巌園（礒庭園）前 (鹿児島交通)",
        "name": "仙巌園（礒庭園）前",
        "operator": "鹿児島交通",
        "ref": "",
        "url": "",
        "url2": ""
      }
    },
    {
      "type": "Feature",
      "geometry": {
        "type": "Point",
        "coordinates": [
          130.5902665,
          31.6241098
        ]
      },
      "properties": {
        "内容": "バス停: 花倉",
        "name": "花倉",
        "operator": "事業者不明",
        "ref": "",
        "url": "",
        "url2": ""
      }
    },
    {
      "type": "Feature",
      "geometry": {
        "type": "Point",
        "coordinates": [
          130.59064,
          31.6243782
        ]
      },
      "properties": {
        "内容": "バス停: 花倉",
        "name": "花倉",
        "operator": "事業者不明",
        "ref": "",
        "url": "",
        "url2": ""
      }
    },
    {
      "type": "Feature",
      "geometry": {
        "type": "Point",
        "coordinates": [
          130.5970835,
          31.6280987
        ]
      },
      "properties": {
        "内容": "バス停: 上花倉",
        "name": "上花倉",
        "operator": "事業者不明",
        "ref": "",
        "url": "",
        "url2": ""
      }
    },
    {
      "type": "Feature",
      "geometry": {
        "type": "Point",
        "coordinates": [
          130.5970118,
          31.6282082
        ]
      },
      "properties": {
        "内容": "バス停: 上花倉",
        "name": "上花倉",
        "operator": "事業者不明",
        "ref": "",
        "url": "",
        "url2": ""
      }
    },
    {
      "type": "Feature",
      "geometry": {
        "type": "Point",
        "coordinates": [
          130.6017833,
          31.6327528
        ]
      },
      "properties": {
        "内容": "バス停: 三船",
        "name": "三船",
        "operator": "事業者不明",
        "ref": "",
        "url": "",
        "url2": ""
      }
    },
    {
      "type": "Feature",
      "geometry": {
        "type": "Point",
        "coordinates": [
          130.6018258,
          31.6338247
        ]
      },
      "properties": {
        "内容": "バス停: 三船",
        "name": "三船",
        "operator": "事業者不明",
        "ref": "",
        "url": "",
        "url2": ""
      }
    },
    {
      "type": "Feature",
      "geometry": {
        "type": "Point",
        "coordinates": [
          130.6034016,
          31.6457207
        ]
      },
      "properties": {
        "内容": "バス停: 竜ヶ水",
        "name": "竜ヶ水",
        "operator": "事業者不明",
        "ref": "",
        "url": "",
        "url2": ""
      }
    },
    {
      "type": "Feature",
      "geometry": {
        "type": "Point",
        "coordinates": [
          130.6038599,
          31.6460293
        ]
      },
      "properties": {
        "内容": "バス停: 竜ヶ水",
        "name": "竜ヶ水",
        "operator": "事業者不明",
        "ref": "",
        "url": "",
        "url2": ""
      }
    },
    {
      "type": "Feature",
      "geometry": {
        "type": "Point",
        "coordinates": [
          130.6090994,
          31.6538601
        ]
      },
      "properties": {
        "内容": "バス停: 竜ヶ水大崎",
        "name": "竜ヶ水大崎",
        "operator": "事業者不明",
        "ref": "",
        "url": "",
        "url2": ""
      }
    },
    {
      "type": "Feature",
      "geometry": {
        "type": "Point",
        "coordinates": [
          130.6092517,
          31.653758
        ]
      },
      "properties": {
        "内容": "バス停: 竜ヶ水大崎",
        "name": "竜ヶ水大崎",
        "operator": "事業者不明",
        "ref": "",
        "url": "",
        "url2": ""
      }
    },
    {
      "type": "Feature",
      "geometry": {
        "type": "Point",
        "coordinates": [
          130.6123864,
          31.6675154
        ]
      },
      "properties": {
        "内容": "バス停: 平松",
        "name": "平松",
        "operator": "事業者不明",
        "ref": "",
        "url": "",
        "url2": ""
      }
    },
    {
      "type": "Feature",
      "geometry": {
        "type": "Point",
        "coordinates": [
          130.6126117,
          31.6675959
        ]
      },
      "properties": {
        "内容": "バス停: 平松",
        "name": "平松",
        "operator": "事業者不明",
        "ref": "",
        "url": "",
        "url2": ""
      }
    },
    {
      "type": "Feature",
      "geometry": {
        "type": "Point",
        "coordinates": [
          130.6350289,
          31.2048735
        ]
      },
      "properties": {
        "内容": "バス停: 山川桟橋",
        "name": "山川桟橋",
        "operator": "事業者不明",
        "ref": "",
        "url": "",
        "url2": ""
      }
    },
    {
      "type": "Feature",
      "geometry": {
        "type": "Point",
        "coordinates": [
          130.6371652,
          31.2386962
        ]
      },
      "properties": {
        "内容": "バス停: 高之原",
        "name": "高之原",
        "operator": "事業者不明",
        "ref": "",
        "url": "",
        "url2": ""
      }
    },
    {
      "type": "Feature",
      "geometry": {
        "type": "Point",
        "coordinates": [
          130.6372148,
          31.2385903
        ]
      },
      "properties": {
        "内容": "バス停: 高之原",
        "name": "高之原",
        "operator": "事業者不明",
        "ref": "",
        "url": "",
        "url2": ""
      }
    },
    {
      "type": "Feature",
      "geometry": {
        "type": "Point",
        "coordinates": [
          130.6347995,
          31.2396185
        ]
      },
      "properties": {
        "内容": "バス停: 南指宿中前",
        "name": "南指宿中前",
        "operator": "事業者不明",
        "ref": "",
        "url": "",
        "url2": ""
      }
    },
    {
      "type": "Feature",
      "geometry": {
        "type": "Point",
        "coordinates": [
          130.6344547,
          31.2402362
        ]
      },
      "properties": {
        "内容": "バス停: 南指宿中前",
        "name": "南指宿中前",
        "operator": "事業者不明",
        "ref": "",
        "url": "",
        "url2": ""
      }
    },
    {
      "type": "Feature",
      "geometry": {
        "type": "Point",
        "coordinates": [
          130.6332141,
          31.2431861
        ]
      },
      "properties": {
        "内容": "バス停: 柳田",
        "name": "柳田",
        "operator": "事業者不明",
        "ref": "",
        "url": "",
        "url2": ""
      }
    },
    {
      "type": "Feature",
      "geometry": {
        "type": "Point",
        "coordinates": [
          130.6330934,
          31.2431563
        ]
      },
      "properties": {
        "内容": "バス停: 柳田",
        "name": "柳田",
        "operator": "事業者不明",
        "ref": "",
        "url": "",
        "url2": ""
      }
    },
    {
      "type": "Feature",
      "geometry": {
        "type": "Point",
        "coordinates": [
          130.6321022,
          31.2481575
        ]
      },
      "properties": {
        "内容": "バス停: 秋元",
        "name": "秋元",
        "operator": "事業者不明",
        "ref": "",
        "url": "",
        "url2": ""
      }
    },
    {
      "type": "Feature",
      "geometry": {
        "type": "Point",
        "coordinates": [
          130.6320226,
          31.2480356
        ]
      },
      "properties": {
        "内容": "バス停: 秋元",
        "name": "秋元",
        "operator": "事業者不明",
        "ref": "",
        "url": "",
        "url2": ""
      }
    },
    {
      "type": "Feature",
      "geometry": {
        "type": "Point",
        "coordinates": [
          130.6312217,
          31.2506704
        ]
      },
      "properties": {
        "内容": "バス停: 十町郵便局前",
        "name": "十町郵便局前",
        "operator": "事業者不明",
        "ref": "",
        "url": "",
        "url2": ""
      }
    },
    {
      "type": "Feature",
      "geometry": {
        "type": "Point",
        "coordinates": [
          130.6310877,
          31.2506232
        ]
      },
      "properties": {
        "内容": "バス停: 十町郵便局前",
        "name": "十町郵便局前",
        "operator": "事業者不明",
        "ref": "",
        "url": "",
        "url2": ""
      }
    },
    {
      "type": "Feature",
      "geometry": {
        "type": "Point",
        "coordinates": [
          130.6289748,
          31.2544981
        ]
      },
      "properties": {
        "内容": "バス停: 二月田",
        "name": "二月田",
        "operator": "事業者不明",
        "ref": "",
        "url": "",
        "url2": ""
      }
    },
    {
      "type": "Feature",
      "geometry": {
        "type": "Point",
        "coordinates": [
          130.6291343,
          31.2545142
        ]
      },
      "properties": {
        "内容": "バス停: 二月田",
        "name": "二月田",
        "operator": "事業者不明",
        "ref": "",
        "url": "",
        "url2": ""
      }
    },
    {
      "type": "Feature",
      "geometry": {
        "type": "Point",
        "coordinates": [
          130.6272016,
          31.2623507
        ]
      },
      "properties": {
        "内容": "バス停: 田口田",
        "name": "田口田",
        "operator": "事業者不明",
        "ref": "",
        "url": "",
        "url2": ""
      }
    },
    {
      "type": "Feature",
      "geometry": {
        "type": "Point",
        "coordinates": [
          130.6270024,
          31.2622386
        ]
      },
      "properties": {
        "内容": "バス停: 田口田",
        "name": "田口田",
        "operator": "事業者不明",
        "ref": "",
        "url": "",
        "url2": ""
      }
    },
    {
      "type": "Feature",
      "geometry": {
        "type": "Point",
        "coordinates": [
          130.6244577,
          31.2692656
        ]
      },
      "properties": {
        "内容": "バス停: 大園原",
        "name": "大園原",
        "operator": "事業者不明",
        "ref": "",
        "url": "",
        "url2": ""
      }
    },
    {
      "type": "Feature",
      "geometry": {
        "type": "Point",
        "coordinates": [
          130.6242417,
          31.2699103
        ]
      },
      "properties": {
        "内容": "バス停: 大園原",
        "name": "大園原",
        "operator": "事業者不明",
        "ref": "",
        "url": "",
        "url2": ""
      }
    },
    {
      "type": "Feature",
      "geometry": {
        "type": "Point",
        "coordinates": [
          130.6220884,
          31.2749508
        ]
      },
      "properties": {
        "内容": "バス停: 宮ヶ浜",
        "name": "宮ヶ浜",
        "operator": "事業者不明",
        "ref": "",
        "url": "",
        "url2": ""
      }
    },
    {
      "type": "Feature",
      "geometry": {
        "type": "Point",
        "coordinates": [
          130.6219339,
          31.2748223
        ]
      },
      "properties": {
        "内容": "バス停: 宮ヶ浜",
        "name": "宮ヶ浜",
        "operator": "事業者不明",
        "ref": "",
        "url": "",
        "url2": ""
      }
    },
    {
      "type": "Feature",
      "geometry": {
        "type": "Point",
        "coordinates": [
          130.6192514,
          31.2766925
        ]
      },
      "properties": {
        "内容": "バス停: 宮ヶ浜駅前",
        "name": "宮ヶ浜駅前",
        "operator": "事業者不明",
        "ref": "",
        "url": "",
        "url2": ""
      }
    },
    {
      "type": "Feature",
      "geometry": {
        "type": "Point",
        "coordinates": [
          130.6193346,
          31.2764871
        ]
      },
      "properties": {
        "内容": "バス停: 宮ヶ浜駅前",
        "name": "宮ヶ浜駅前",
        "operator": "事業者不明",
        "ref": "",
        "url": "",
        "url2": ""
      }
    },
    {
      "type": "Feature",
      "geometry": {
        "type": "Point",
        "coordinates": [
          130.6161663,
          31.2795554
        ]
      },
      "properties": {
        "内容": "バス停: 城公園",
        "name": "城公園",
        "operator": "事業者不明",
        "ref": "",
        "url": "",
        "url2": ""
      }
    },
    {
      "type": "Feature",
      "geometry": {
        "type": "Point",
        "coordinates": [
          130.6159625,
          31.2795428
        ]
      },
      "properties": {
        "内容": "バス停: 城公園",
        "name": "城公園",
        "operator": "事業者不明",
        "ref": "",
        "url": "",
        "url2": ""
      }
    },
    {
      "type": "Feature",
      "geometry": {
        "type": "Point",
        "coordinates": [
          130.609363,
          31.2843893
        ]
      },
      "properties": {
        "内容": "バス停: 十石",
        "name": "十石",
        "operator": "事業者不明",
        "ref": "",
        "url": "",
        "url2": ""
      }
    },
    {
      "type": "Feature",
      "geometry": {
        "type": "Point",
        "coordinates": [
          130.6091237,
          31.2845493
        ]
      },
      "properties": {
        "内容": "バス停: 十石",
        "name": "十石",
        "operator": "事業者不明",
        "ref": "",
        "url": "",
        "url2": ""
      }
    },
    {
      "type": "Feature",
      "geometry": {
        "type": "Point",
        "coordinates": [
          130.6048875,
          31.2900242
        ]
      },
      "properties": {
        "内容": "バス停: 岩本",
        "name": "岩本",
        "operator": "事業者不明",
        "ref": "",
        "url": "",
        "url2": ""
      }
    },
    {
      "type": "Feature",
      "geometry": {
        "type": "Point",
        "coordinates": [
          130.6048839,
          31.2898775
        ]
      },
      "properties": {
        "内容": "バス停: 岩本",
        "name": "岩本",
        "operator": "事業者不明",
        "ref": "",
        "url": "",
        "url2": ""
      }
    },
    {
      "type": "Feature",
      "geometry": {
        "type": "Point",
        "coordinates": [
          130.6018317,
          31.2907062
        ]
      },
      "properties": {
        "内容": "バス停: 今和泉",
        "name": "今和泉",
        "operator": "事業者不明",
        "ref": "",
        "url": "",
        "url2": ""
      }
    },
    {
      "type": "Feature",
      "geometry": {
        "type": "Point",
        "coordinates": [
          130.6016715,
          31.290535
        ]
      },
      "properties": {
        "内容": "バス停: 今和泉",
        "name": "今和泉",
        "operator": "事業者不明",
        "ref": "",
        "url": "",
        "url2": ""
      }
    },
    {
      "type": "Feature",
      "geometry": {
        "type": "Point",
        "coordinates": [
          130.5965652,
          31.2923013
        ]
      },
      "properties": {
        "内容": "バス停: 指宿商業高校前",
        "name": "指宿商業高校前",
        "operator": "事業者不明",
        "ref": "",
        "url": "",
        "url2": ""
      }
    },
    {
      "type": "Feature",
      "geometry": {
        "type": "Point",
        "coordinates": [
          130.5952179,
          31.292451
        ]
      },
      "properties": {
        "内容": "バス停: 指宿商業高校前",
        "name": "指宿商業高校前",
        "operator": "事業者不明",
        "ref": "",
        "url": "",
        "url2": ""
      }
    },
    {
      "type": "Feature",
      "geometry": {
        "type": "Point",
        "coordinates": [
          130.5890409,
          31.302322
        ]
      },
      "properties": {
        "内容": "バス停: 観音崎",
        "name": "観音崎",
        "operator": "事業者不明",
        "ref": "",
        "url": "",
        "url2": ""
      }
    },
    {
      "type": "Feature",
      "geometry": {
        "type": "Point",
        "coordinates": [
          130.5900578,
          31.3010623
        ]
      },
      "properties": {
        "内容": "バス停: 観音崎",
        "name": "観音崎",
        "operator": "事業者不明",
        "ref": "",
        "url": "",
        "url2": ""
      }
    },
    {
      "type": "Feature",
      "geometry": {
        "type": "Point",
        "coordinates": [
          130.4175596,
          31.2544725
        ]
      },
      "properties": {
        "内容": "バス停: 大川",
        "name": "大川",
        "operator": "事業者不明",
        "ref": "",
        "url": "",
        "url2": ""
      }
    },
    {
      "type": "Feature",
      "geometry": {
        "type": "Point",
        "coordinates": [
          130.4175745,
          31.2542477
        ]
      },
      "properties": {
        "内容": "バス停: 大川",
        "name": "大川",
        "operator": "事業者不明",
        "ref": "",
        "url": "",
        "url2": ""
      }
    },
    {
      "type": "Feature",
      "geometry": {
        "type": "Point",
        "coordinates": [
          130.4227468,
          31.2534065
        ]
      },
      "properties": {
        "内容": "バス停: Aコープ東大川店前",
        "name": "Aコープ東大川店前",
        "operator": "事業者不明",
        "ref": "",
        "url": "",
        "url2": ""
      }
    },
    {
      "type": "Feature",
      "geometry": {
        "type": "Point",
        "coordinates": [
          130.4229872,
          31.253306
        ]
      },
      "properties": {
        "内容": "バス停: Aコープ東大川店前",
        "name": "Aコープ東大川店前",
        "operator": "事業者不明",
        "ref": "",
        "url": "",
        "url2": ""
      }
    },
    {
      "type": "Feature",
      "geometry": {
        "type": "Point",
        "coordinates": [
          130.4275766,
          31.2543132
        ]
      },
      "properties": {
        "内容": "バス停: 西岡村",
        "name": "西岡村",
        "operator": "事業者不明",
        "ref": "",
        "url": "",
        "url2": ""
      }
    },
    {
      "type": "Feature",
      "geometry": {
        "type": "Point",
        "coordinates": [
          130.4276271,
          31.2541922
        ]
      },
      "properties": {
        "内容": "バス停: 西岡村",
        "name": "西岡村",
        "operator": "事業者不明",
        "ref": "",
        "url": "",
        "url2": ""
      }
    },
    {
      "type": "Feature",
      "geometry": {
        "type": "Point",
        "coordinates": [
          130.4348804,
          31.25565
        ]
      },
      "properties": {
        "内容": "バス停: 水成川",
        "name": "水成川",
        "operator": "事業者不明",
        "ref": "",
        "url": "",
        "url2": ""
      }
    },
    {
      "type": "Feature",
      "geometry": {
        "type": "Point",
        "coordinates": [
          130.4348668,
          31.2554661
        ]
      },
      "properties": {
        "内容": "バス停: 水成川",
        "name": "水成川",
        "operator": "事業者不明",
        "ref": "",
        "url": "",
        "url2": ""
      }
    },
    {
      "type": "Feature",
      "geometry": {
        "type": "Point",
        "coordinates": [
          130.5289647,
          31.6380287
        ]
      },
      "properties": {
        "内容": "バス停: 西伊敷三丁目",
        "name": "西伊敷三丁目",
        "operator": "事業者不明",
        "ref": "",
        "url": "",
        "url2": ""
      }
    },
    {
      "type": "Feature",
      "geometry": {
        "type": "Point",
        "coordinates": [
          130.5288154,
          31.6375908
        ]
      },
      "properties": {
        "内容": "バス停: 西伊敷三丁目",
        "name": "西伊敷三丁目",
        "operator": "事業者不明",
        "ref": "",
        "url": "",
        "url2": ""
      }
    },
    {
      "type": "Feature",
      "geometry": {
        "type": "Point",
        "coordinates": [
          130.5301625,
          31.6414586
        ]
      },
      "properties": {
        "内容": "バス停: 伊敷団地公園前",
        "name": "伊敷団地公園前",
        "operator": "事業者不明",
        "ref": "",
        "url": "",
        "url2": ""
      }
    },
    {
      "type": "Feature",
      "geometry": {
        "type": "Point",
        "coordinates": [
          130.5299098,
          31.6410055
        ]
      },
      "properties": {
        "内容": "バス停: 伊敷団地公園前",
        "name": "伊敷団地公園前",
        "operator": "事業者不明",
        "ref": "",
        "url": "",
        "url2": ""
      }
    },
    {
      "type": "Feature",
      "geometry": {
        "type": "Point",
        "coordinates": [
          130.5317606,
          31.6431094
        ]
      },
      "properties": {
        "内容": "バス停: 伊敷団地中央",
        "name": "伊敷団地中央",
        "operator": "事業者不明",
        "ref": "",
        "url": "",
        "url2": ""
      }
    },
    {
      "type": "Feature",
      "geometry": {
        "type": "Point",
        "coordinates": [
          130.5319883,
          31.6431853
        ]
      },
      "properties": {
        "内容": "バス停: 伊敷団地中央",
        "name": "伊敷団地中央",
        "operator": "事業者不明",
        "ref": "",
        "url": "",
        "url2": ""
      }
    },
    {
      "type": "Feature",
      "geometry": {
        "type": "Point",
        "coordinates": [
          130.5371081,
          31.6485127
        ]
      },
      "properties": {
        "内容": "バス停: 西伊敷七丁目",
        "name": "西伊敷七丁目",
        "operator": "事業者不明",
        "ref": "",
        "url": "",
        "url2": ""
      }
    },
    {
      "type": "Feature",
      "geometry": {
        "type": "Point",
        "coordinates": [
          130.5368077,
          31.6484419
        ]
      },
      "properties": {
        "内容": "バス停: 西伊敷七丁目",
        "name": "西伊敷七丁目",
        "operator": "事業者不明",
        "ref": "",
        "url": "",
        "url2": ""
      }
    },
    {
      "type": "Feature",
      "geometry": {
        "type": "Point",
        "coordinates": [
          130.549702,
          31.6474699
        ]
      },
      "properties": {
        "内容": "バス停: 関吉の疎水溝入口",
        "name": "関吉の疎水溝入口",
        "operator": "事業者不明",
        "ref": "",
        "url": "",
        "url2": ""
      }
    },
    {
      "type": "Feature",
      "geometry": {
        "type": "Point",
        "coordinates": [
          130.5490494,
          31.6470292
        ]
      },
      "properties": {
        "内容": "バス停: 関吉の疎水溝入口",
        "name": "関吉の疎水溝入口",
        "operator": "事業者不明",
        "ref": "",
        "url": "",
        "url2": ""
      }
    },
    {
      "type": "Feature",
      "geometry": {
        "type": "Point",
        "coordinates": [
          130.5483632,
          31.5808683
        ]
      },
      "properties": {
        "内容": "バス停: 高麗町",
        "name": "高麗町",
        "operator": "事業者不明",
        "ref": "",
        "url": "",
        "url2": ""
      }
    },
    {
      "type": "Feature",
      "geometry": {
        "type": "Point",
        "coordinates": [
          130.5488494,
          31.581306
        ]
      },
      "properties": {
        "内容": "バス停: 高麗町",
        "name": "高麗町",
        "operator": "事業者不明",
        "ref": "",
        "url": "",
        "url2": ""
      }
    },
    {
      "type": "Feature",
      "geometry": {
        "type": "Point",
        "coordinates": [
          130.4829318,
          31.3529836
        ]
      },
      "properties": {
        "内容": "バス停: 二ツ谷",
        "name": "二ツ谷",
        "operator": "事業者不明",
        "ref": "",
        "url": "",
        "url2": ""
      }
    },
    {
      "type": "Feature",
      "geometry": {
        "type": "Point",
        "coordinates": [
          130.4827403,
          31.3530613
        ]
      },
      "properties": {
        "内容": "バス停: 二ツ谷",
        "name": "二ツ谷",
        "operator": "事業者不明",
        "ref": "",
        "url": "",
        "url2": ""
      }
    },
    {
      "type": "Feature",
      "geometry": {
        "type": "Point",
        "coordinates": [
          130.4519647,
          31.3612232
        ]
      },
      "properties": {
        "内容": "バス停: 堤之原",
        "name": "堤之原",
        "operator": "事業者不明",
        "ref": "",
        "url": "",
        "url2": ""
      }
    },
    {
      "type": "Feature",
      "geometry": {
        "type": "Point",
        "coordinates": [
          130.4517372,
          31.3612055
        ]
      },
      "properties": {
        "内容": "バス停: 堤之原",
        "name": "堤之原",
        "operator": "事業者不明",
        "ref": "",
        "url": "",
        "url2": ""
      }
    },
    {
      "type": "Feature",
      "geometry": {
        "type": "Point",
        "coordinates": [
          130.447438,
          31.3621492
        ]
      },
      "properties": {
        "内容": "バス停: 上之町南",
        "name": "上之町南",
        "operator": "事業者不明",
        "ref": "",
        "url": "",
        "url2": ""
      }
    },
    {
      "type": "Feature",
      "geometry": {
        "type": "Point",
        "coordinates": [
          130.4474242,
          31.3620743
        ]
      },
      "properties": {
        "内容": "バス停: 上之町南",
        "name": "上之町南",
        "operator": "事業者不明",
        "ref": "",
        "url": "",
        "url2": ""
      }
    },
    {
      "type": "Feature",
      "geometry": {
        "type": "Point",
        "coordinates": [
          130.4310988,
          31.3724125
        ]
      },
      "properties": {
        "内容": "バス停: 神社前",
        "name": "神社前",
        "operator": "事業者不明",
        "ref": "",
        "url": "",
        "url2": ""
      }
    },
    {
      "type": "Feature",
      "geometry": {
        "type": "Point",
        "coordinates": [
          130.4310857,
          31.3724946
        ]
      },
      "properties": {
        "内容": "バス停: 神社前",
        "name": "神社前",
        "operator": "事業者不明",
        "ref": "",
        "url": "",
        "url2": ""
      }
    },
    {
      "type": "Feature",
      "geometry": {
        "type": "Point",
        "coordinates": [
          130.4430345,
          31.3750132
        ]
      },
      "properties": {
        "内容": "バス停: 法務局前",
        "name": "法務局前",
        "operator": "事業者不明",
        "ref": "",
        "url": "",
        "url2": ""
      }
    },
    {
      "type": "Feature",
      "geometry": {
        "type": "Point",
        "coordinates": [
          130.4427824,
          31.3749949
        ]
      },
      "properties": {
        "内容": "バス停: 法務局前",
        "name": "法務局前",
        "operator": "事業者不明",
        "ref": "",
        "url": "",
        "url2": ""
      }
    },
    {
      "type": "Feature",
      "geometry": {
        "type": "Point",
        "coordinates": [
          130.4461948,
          31.366396
        ]
      },
      "properties": {
        "内容": "バス停: 試験場前",
        "name": "試験場前",
        "operator": "事業者不明",
        "ref": "",
        "url": "",
        "url2": ""
      }
    },
    {
      "type": "Feature",
      "geometry": {
        "type": "Point",
        "coordinates": [
          130.4461035,
          31.3663523
        ]
      },
      "properties": {
        "内容": "バス停: 試験場前",
        "name": "試験場前",
        "operator": "事業者不明",
        "ref": "",
        "url": "",
        "url2": ""
      }
    },
    {
      "type": "Feature",
      "geometry": {
        "type": "Point",
        "coordinates": [
          130.3748722,
          31.2565361
        ]
      },
      "properties": {
        "内容": "バス停: 西塩屋",
        "name": "西塩屋",
        "operator": "事業者不明",
        "ref": "",
        "url": "",
        "url2": ""
      }
    },
    {
      "type": "Feature",
      "geometry": {
        "type": "Point",
        "coordinates": [
          130.3754264,
          31.2562341
        ]
      },
      "properties": {
        "内容": "バス停: 西塩屋",
        "name": "西塩屋",
        "operator": "事業者不明",
        "ref": "",
        "url": "",
        "url2": ""
      }
    },
    {
      "type": "Feature",
      "geometry": {
        "type": "Point",
        "coordinates": [
          130.3680657,
          31.2582478
        ]
      },
      "properties": {
        "内容": "バス停: 川比良",
        "name": "川比良",
        "operator": "事業者不明",
        "ref": "",
        "url": "",
        "url2": ""
      }
    },
    {
      "type": "Feature",
      "geometry": {
        "type": "Point",
        "coordinates": [
          130.368053,
          31.2583758
        ]
      },
      "properties": {
        "内容": "バス停: 川比良",
        "name": "川比良",
        "operator": "事業者不明",
        "ref": "",
        "url": "",
        "url2": ""
      }
    },
    {
      "type": "Feature",
      "geometry": {
        "type": "Point",
        "coordinates": [
          130.483951,
          31.2848388
        ]
      },
      "properties": {
        "内容": "バス停: 渕別府",
        "name": "渕別府",
        "operator": "事業者不明",
        "ref": "",
        "url": "",
        "url2": ""
      }
    },
    {
      "type": "Feature",
      "geometry": {
        "type": "Point",
        "coordinates": [
          130.4841913,
          31.2846022
        ]
      },
      "properties": {
        "内容": "バス停: 渕別府",
        "name": "渕別府",
        "operator": "事業者不明",
        "ref": "",
        "url": "",
        "url2": ""
      }
    },
    {
      "type": "Feature",
      "geometry": {
        "type": "Point",
        "coordinates": [
          130.5837525,
          31.3045654
        ]
      },
      "properties": {
        "内容": "バス停: 瀬崎",
        "name": "瀬崎",
        "operator": "事業者不明",
        "ref": "",
        "url": "",
        "url2": ""
      }
    },
    {
      "type": "Feature",
      "geometry": {
        "type": "Point",
        "coordinates": [
          130.5835208,
          31.3045289
        ]
      },
      "properties": {
        "内容": "バス停: 瀬崎",
        "name": "瀬崎",
        "operator": "事業者不明",
        "ref": "",
        "url": "",
        "url2": ""
      }
    },
    {
      "type": "Feature",
      "geometry": {
        "type": "Point",
        "coordinates": [
          130.5783258,
          31.3075394
        ]
      },
      "properties": {
        "内容": "バス停: 生見駅前",
        "name": "生見駅前",
        "operator": "事業者不明",
        "ref": "",
        "url": "",
        "url2": ""
      }
    },
    {
      "type": "Feature",
      "geometry": {
        "type": "Point",
        "coordinates": [
          130.5778586,
          31.3076513
        ]
      },
      "properties": {
        "内容": "バス停: 生見駅前",
        "name": "生見駅前",
        "operator": "事業者不明",
        "ref": "",
        "url": "",
        "url2": ""
      }
    },
    {
      "type": "Feature",
      "geometry": {
        "type": "Point",
        "coordinates": [
          130.5723591,
          31.3119487
        ]
      },
      "properties": {
        "内容": "バス停: 生見海水浴場",
        "name": "生見海水浴場",
        "operator": "事業者不明",
        "ref": "",
        "url": "",
        "url2": ""
      }
    },
    {
      "type": "Feature",
      "geometry": {
        "type": "Point",
        "coordinates": [
          130.5722405,
          31.3118724
        ]
      },
      "properties": {
        "内容": "バス停: 生見海水浴場",
        "name": "生見海水浴場",
        "operator": "事業者不明",
        "ref": "",
        "url": "",
        "url2": ""
      }
    },
    {
      "type": "Feature",
      "geometry": {
        "type": "Point",
        "coordinates": [
          130.5673116,
          31.3180323
        ]
      },
      "properties": {
        "内容": "バス停: 米倉",
        "name": "米倉",
        "operator": "事業者不明",
        "ref": "",
        "url": "",
        "url2": ""
      }
    },
    {
      "type": "Feature",
      "geometry": {
        "type": "Point",
        "coordinates": [
          130.5633668,
          31.3267348
        ]
      },
      "properties": {
        "内容": "バス停: 久津輪",
        "name": "久津輪",
        "operator": "事業者不明",
        "ref": "",
        "url": "",
        "url2": ""
      }
    },
    {
      "type": "Feature",
      "geometry": {
        "type": "Point",
        "coordinates": [
          130.5607441,
          31.3329696
        ]
      },
      "properties": {
        "内容": "バス停: 鈴",
        "name": "鈴",
        "operator": "事業者不明",
        "ref": "",
        "url": "",
        "url2": ""
      }
    },
    {
      "type": "Feature",
      "geometry": {
        "type": "Point",
        "coordinates": [
          130.5573549,
          31.343619
        ]
      },
      "properties": {
        "内容": "バス停: 前之浜駅前",
        "name": "前之浜駅前",
        "operator": "事業者不明",
        "ref": "",
        "url": "",
        "url2": ""
      }
    },
    {
      "type": "Feature",
      "geometry": {
        "type": "Point",
        "coordinates": [
          130.5572424,
          31.343573
        ]
      },
      "properties": {
        "内容": "バス停: 前之浜駅前",
        "name": "前之浜駅前",
        "operator": "事業者不明",
        "ref": "",
        "url": "",
        "url2": ""
      }
    },
    {
      "type": "Feature",
      "geometry": {
        "type": "Point",
        "coordinates": [
          130.5557344,
          31.3465518
        ]
      },
      "properties": {
        "内容": "バス停: 前之浜郵便局前",
        "name": "前之浜郵便局前",
        "operator": "事業者不明",
        "ref": "",
        "url": "",
        "url2": ""
      }
    },
    {
      "type": "Feature",
      "geometry": {
        "type": "Point",
        "coordinates": [
          130.5555982,
          31.3464997
        ]
      },
      "properties": {
        "内容": "バス停: 前之浜郵便局前",
        "name": "前之浜郵便局前",
        "operator": "事業者不明",
        "ref": "",
        "url": "",
        "url2": ""
      }
    },
    {
      "type": "Feature",
      "geometry": {
        "type": "Point",
        "coordinates": [
          130.5547617,
          31.3501066
        ]
      },
      "properties": {
        "内容": "バス停: 喜入の里前",
        "name": "喜入の里前",
        "operator": "事業者不明",
        "ref": "",
        "url": "",
        "url2": ""
      }
    },
    {
      "type": "Feature",
      "geometry": {
        "type": "Point",
        "coordinates": [
          130.5545861,
          31.3500829
        ]
      },
      "properties": {
        "内容": "バス停: 喜入の里前",
        "name": "喜入の里前",
        "operator": "事業者不明",
        "ref": "",
        "url": "",
        "url2": ""
      }
    },
    {
      "type": "Feature",
      "geometry": {
        "type": "Point",
        "coordinates": [
          130.5166882,
          31.5299134
        ]
      },
      "properties": {
        "内容": "バス停: 永田",
        "name": "永田",
        "operator": "事業者不明",
        "ref": "",
        "url": "",
        "url2": ""
      }
    },
    {
      "type": "Feature",
      "geometry": {
        "type": "Point",
        "coordinates": [
          130.5160771,
          31.5291085
        ]
      },
      "properties": {
        "内容": "バス停: 永田",
        "name": "永田",
        "operator": "事業者不明",
        "ref": "",
        "url": "",
        "url2": ""
      }
    },
    {
      "type": "Feature",
      "geometry": {
        "type": "Point",
        "coordinates": [
          130.5163823,
          31.5009303
        ]
      },
      "properties": {
        "内容": "バス停: 和田団地下",
        "name": "和田団地下",
        "operator": "事業者不明",
        "ref": "",
        "url": "",
        "url2": ""
      }
    },
    {
      "type": "Feature",
      "geometry": {
        "type": "Point",
        "coordinates": [
          130.5013849,
          31.5493099
        ]
      },
      "properties": {
        "内容": "バス停: 中山交番前",
        "name": "中山交番前",
        "operator": "事業者不明",
        "ref": "",
        "url": "",
        "url2": ""
      }
    },
    {
      "type": "Feature",
      "geometry": {
        "type": "Point",
        "coordinates": [
          130.5010847,
          31.5494962
        ]
      },
      "properties": {
        "内容": "バス停: 中山交番前",
        "name": "中山交番前",
        "operator": "事業者不明",
        "ref": "",
        "url": "",
        "url2": ""
      }
    },
    {
      "type": "Feature",
      "geometry": {
        "type": "Point",
        "coordinates": [
          130.4317932,
          31.2548242
        ]
      },
      "properties": {
        "内容": "バス停: 岡村",
        "name": "岡村",
        "operator": "事業者不明",
        "ref": "",
        "url": "",
        "url2": ""
      }
    },
    {
      "type": "Feature",
      "geometry": {
        "type": "Point",
        "coordinates": [
          130.4317955,
          31.2546985
        ]
      },
      "properties": {
        "内容": "バス停: 岡村",
        "name": "岡村",
        "operator": "事業者不明",
        "ref": "",
        "url": "",
        "url2": ""
      }
    },
    {
      "type": "Feature",
      "geometry": {
        "type": "Point",
        "coordinates": [
          130.5098958,
          31.5121764
        ]
      },
      "properties": {
        "内容": "バス停: 川口",
        "name": "川口",
        "operator": "事業者不明",
        "ref": "",
        "url": "",
        "url2": ""
      }
    },
    {
      "type": "Feature",
      "geometry": {
        "type": "Point",
        "coordinates": [
          130.510587,
          31.5124381
        ]
      },
      "properties": {
        "内容": "バス停: 川口",
        "name": "川口",
        "operator": "事業者不明",
        "ref": "",
        "url": "",
        "url2": ""
      }
    },
    {
      "type": "Feature",
      "geometry": {
        "type": "Point",
        "coordinates": [
          130.5044289,
          31.5000874
        ]
      },
      "properties": {
        "内容": "バス停: 坂之上駅上",
        "name": "坂之上駅上",
        "operator": "事業者不明",
        "ref": "",
        "url": "",
        "url2": ""
      }
    },
    {
      "type": "Feature",
      "geometry": {
        "type": "Point",
        "coordinates": [
          130.5044012,
          31.4993965
        ]
      },
      "properties": {
        "内容": "バス停: 坂之上駅上",
        "name": "坂之上駅上",
        "operator": "事業者不明",
        "ref": "",
        "url": "",
        "url2": ""
      }
    },
    {
      "type": "Feature",
      "geometry": {
        "type": "Point",
        "coordinates": [
          130.5037287,
          31.4972392
        ]
      },
      "properties": {
        "内容": "バス停: 別府東",
        "name": "別府東",
        "operator": "事業者不明",
        "ref": "",
        "url": "",
        "url2": ""
      }
    },
    {
      "type": "Feature",
      "geometry": {
        "type": "Point",
        "coordinates": [
          130.5039047,
          31.4972186
        ]
      },
      "properties": {
        "内容": "バス停: 別府東",
        "name": "別府東",
        "operator": "事業者不明",
        "ref": "",
        "url": "",
        "url2": ""
      }
    },
    {
      "type": "Feature",
      "geometry": {
        "type": "Point",
        "coordinates": [
          130.5029193,
          31.493374
        ]
      },
      "properties": {
        "内容": "バス停: 別府中央",
        "name": "別府中央",
        "operator": "事業者不明",
        "ref": "",
        "url": "",
        "url2": ""
      }
    },
    {
      "type": "Feature",
      "geometry": {
        "type": "Point",
        "coordinates": [
          130.5028761,
          31.4936577
        ]
      },
      "properties": {
        "内容": "バス停: 別府中央",
        "name": "別府中央",
        "operator": "事業者不明",
        "ref": "",
        "url": "",
        "url2": ""
      }
    },
    {
      "type": "Feature",
      "geometry": {
        "type": "Point",
        "coordinates": [
          130.4992404,
          31.4951517
        ]
      },
      "properties": {
        "内容": "バス停: 国際大学前",
        "name": "国際大学前",
        "operator": "事業者不明",
        "ref": "",
        "url": "",
        "url2": ""
      }
    },
    {
      "type": "Feature",
      "geometry": {
        "type": "Point",
        "coordinates": [
          130.4993209,
          31.4951025
        ]
      },
      "properties": {
        "内容": "バス停: 国際大学前",
        "name": "国際大学前",
        "operator": "事業者不明",
        "ref": "",
        "url": "",
        "url2": ""
      }
    },
    {
      "type": "Feature",
      "geometry": {
        "type": "Point",
        "coordinates": [
          130.5000381,
          31.4976386
        ]
      },
      "properties": {
        "内容": "バス停: 坂之上保育園前",
        "name": "坂之上保育園前",
        "operator": "事業者不明",
        "ref": "",
        "url": "",
        "url2": ""
      }
    },
    {
      "type": "Feature",
      "geometry": {
        "type": "Point",
        "coordinates": [
          130.5001743,
          31.4975606
        ]
      },
      "properties": {
        "内容": "バス停: 坂之上保育園前",
        "name": "坂之上保育園前",
        "operator": "事業者不明",
        "ref": "",
        "url": "",
        "url2": ""
      }
    },
    {
      "type": "Feature",
      "geometry": {
        "type": "Point",
        "coordinates": [
          130.4996556,
          31.5000088
        ]
      },
      "properties": {
        "内容": "バス停: 別府",
        "name": "別府",
        "operator": "事業者不明",
        "ref": "",
        "url": "",
        "url2": ""
      }
    },
    {
      "type": "Feature",
      "geometry": {
        "type": "Point",
        "coordinates": [
          130.499846,
          31.4999149
        ]
      },
      "properties": {
        "内容": "バス停: 別府",
        "name": "別府",
        "operator": "事業者不明",
        "ref": "",
        "url": "",
        "url2": ""
      }
    },
    {
      "type": "Feature",
      "geometry": {
        "type": "Point",
        "coordinates": [
          130.4954078,
          31.4988719
        ]
      },
      "properties": {
        "内容": "バス停: 上床",
        "name": "上床",
        "operator": "事業者不明",
        "ref": "",
        "url": "",
        "url2": ""
      }
    },
    {
      "type": "Feature",
      "geometry": {
        "type": "Point",
        "coordinates": [
          130.4953854,
          31.4986882
        ]
      },
      "properties": {
        "内容": "バス停: 上床",
        "name": "上床",
        "operator": "事業者不明",
        "ref": "",
        "url": "",
        "url2": ""
      }
    },
    {
      "type": "Feature",
      "geometry": {
        "type": "Point",
        "coordinates": [
          130.4932347,
          31.5017397
        ]
      },
      "properties": {
        "内容": "バス停: 慈眼寺団地",
        "name": "慈眼寺団地",
        "operator": "事業者不明",
        "ref": "",
        "url": "",
        "url2": ""
      }
    },
    {
      "type": "Feature",
      "geometry": {
        "type": "Point",
        "coordinates": [
          130.4933535,
          31.5013959
        ]
      },
      "properties": {
        "内容": "バス停: 慈眼寺団地",
        "name": "慈眼寺団地",
        "operator": "事業者不明",
        "ref": "",
        "url": "",
        "url2": ""
      }
    },
    {
      "type": "Feature",
      "geometry": {
        "type": "Point",
        "coordinates": [
          130.4953903,
          31.5024928
        ]
      },
      "properties": {
        "内容": "バス停: 慈眼寺団地西",
        "name": "慈眼寺団地西",
        "operator": "事業者不明",
        "ref": "",
        "url": "",
        "url2": ""
      }
    },
    {
      "type": "Feature",
      "geometry": {
        "type": "Point",
        "coordinates": [
          130.495424,
          31.5023435
        ]
      },
      "properties": {
        "内容": "バス停: 慈眼寺団地西",
        "name": "慈眼寺団地西",
        "operator": "事業者不明",
        "ref": "",
        "url": "",
        "url2": ""
      }
    },
    {
      "type": "Feature",
      "geometry": {
        "type": "Point",
        "coordinates": [
          130.4966821,
          31.5040157
        ]
      },
      "properties": {
        "内容": "バス停: 慈眼寺団地中央",
        "name": "慈眼寺団地中央",
        "operator": "事業者不明",
        "ref": "",
        "url": "",
        "url2": ""
      }
    },
    {
      "type": "Feature",
      "geometry": {
        "type": "Point",
        "coordinates": [
          130.4968237,
          31.5041017
        ]
      },
      "properties": {
        "内容": "バス停: 慈眼寺団地中央",
        "name": "慈眼寺団地中央",
        "operator": "事業者不明",
        "ref": "",
        "url": "",
        "url2": ""
      }
    },
    {
      "type": "Feature",
      "geometry": {
        "type": "Point",
        "coordinates": [
          130.498981,
          31.5055906
        ]
      },
      "properties": {
        "内容": "バス停: 鹿児島幼稚園前",
        "name": "鹿児島幼稚園前",
        "operator": "事業者不明",
        "ref": "",
        "url": "",
        "url2": ""
      }
    },
    {
      "type": "Feature",
      "geometry": {
        "type": "Point",
        "coordinates": [
          130.4989686,
          31.5057098
        ]
      },
      "properties": {
        "内容": "バス停: 鹿児島幼稚園前",
        "name": "鹿児島幼稚園前",
        "operator": "事業者不明",
        "ref": "",
        "url": "",
        "url2": ""
      }
    },
    {
      "type": "Feature",
      "geometry": {
        "type": "Point",
        "coordinates": [
          130.5015624,
          31.5065082
        ]
      },
      "properties": {
        "内容": "バス停: 慈眼寺団地東",
        "name": "慈眼寺団地東",
        "operator": "事業者不明",
        "ref": "",
        "url": "",
        "url2": ""
      }
    },
    {
      "type": "Feature",
      "geometry": {
        "type": "Point",
        "coordinates": [
          130.5019542,
          31.5066123
        ]
      },
      "properties": {
        "内容": "バス停: 慈眼寺団地東",
        "name": "慈眼寺団地東",
        "operator": "事業者不明",
        "ref": "",
        "url": "",
        "url2": ""
      }
    },
    {
      "type": "Feature",
      "geometry": {
        "type": "Point",
        "coordinates": [
          130.5024653,
          31.5097658
        ]
      },
      "properties": {
        "内容": "バス停: 慈眼寺さくら広場前",
        "name": "慈眼寺さくら広場前",
        "operator": "事業者不明",
        "ref": "",
        "url": "",
        "url2": ""
      }
    },
    {
      "type": "Feature",
      "geometry": {
        "type": "Point",
        "coordinates": [
          130.502884,
          31.5092182
        ]
      },
      "properties": {
        "内容": "バス停: 慈眼寺さくら広場前",
        "name": "慈眼寺さくら広場前",
        "operator": "事業者不明",
        "ref": "",
        "url": "",
        "url2": ""
      }
    },
    {
      "type": "Feature",
      "geometry": {
        "type": "Point",
        "coordinates": [
          130.5579369,
          31.5577419
        ]
      },
      "properties": {
        "内容": "バス停: ニュータウン中央",
        "name": "ニュータウン中央",
        "operator": "事業者不明",
        "ref": "",
        "url": "",
        "url2": ""
      }
    },
    {
      "type": "Feature",
      "geometry": {
        "type": "Point",
        "coordinates": [
          130.5578722,
          31.5579099
        ]
      },
      "properties": {
        "内容": "バス停: ニュータウン中央",
        "name": "ニュータウン中央",
        "operator": "事業者不明",
        "ref": "",
        "url": "",
        "url2": ""
      }
    },
    {
      "type": "Feature",
      "geometry": {
        "type": "Point",
        "coordinates": [
          130.564293,
          31.5630536
        ]
      },
      "properties": {
        "内容": "バス停: 与次郎海岸通り",
        "name": "与次郎海岸通り",
        "operator": "事業者不明",
        "ref": "",
        "url": "",
        "url2": ""
      }
    },
    {
      "type": "Feature",
      "geometry": {
        "type": "Point",
        "coordinates": [
          130.5644378,
          31.5630195
        ]
      },
      "properties": {
        "内容": "バス停: 与次郎海岸通り",
        "name": "与次郎海岸通り",
        "operator": "事業者不明",
        "ref": "",
        "url": "",
        "url2": ""
      }
    },
    {
      "type": "Feature",
      "geometry": {
        "type": "Point",
        "coordinates": [
          130.557189,
          31.5570658
        ]
      },
      "properties": {
        "内容": "バス停: ニュータウン中央",
        "name": "ニュータウン中央",
        "operator": "事業者不明",
        "ref": "",
        "url": "",
        "url2": ""
      }
    },
    {
      "type": "Feature",
      "geometry": {
        "type": "Point",
        "coordinates": [
          130.5573996,
          31.557093
        ]
      },
      "properties": {
        "内容": "バス停: ニュータウン中央",
        "name": "ニュータウン中央",
        "operator": "事業者不明",
        "ref": "",
        "url": "",
        "url2": ""
      }
    },
    {
      "type": "Feature",
      "geometry": {
        "type": "Point",
        "coordinates": [
          130.5568811,
          31.5594242
        ]
      },
      "properties": {
        "内容": "バス停: 県庁前",
        "name": "県庁前",
        "operator": "事業者不明",
        "ref": "2 鹿児島中央駅・天文館・鹿児島駅方面",
        "url": "",
        "url2": ""
      }
    },
    {
      "type": "Feature",
      "geometry": {
        "type": "Point",
        "coordinates": [
          130.556893,
          31.5593357
        ]
      },
      "properties": {
        "内容": "バス停: 県庁前",
        "name": "県庁前",
        "operator": "事業者不明",
        "ref": "3 明和・武岡・玉里団地・吉野方面",
        "url": "",
        "url2": ""
      }
    },
    {
      "type": "Feature",
      "geometry": {
        "type": "Point",
        "coordinates": [
          130.5569077,
          31.5591844
        ]
      },
      "properties": {
        "内容": "バス停: 県庁前",
        "name": "県庁前",
        "operator": "事業者不明",
        "ref": "4 星ヶ峯・皇徳寺ニュータウン方面",
        "url": "",
        "url2": ""
      }
    },
    {
      "type": "Feature",
      "geometry": {
        "type": "Point",
        "coordinates": [
          130.5569236,
          31.5590683
        ]
      },
      "properties": {
        "内容": "バス停: 県庁前",
        "name": "県庁前",
        "operator": "事業者不明",
        "ref": "5 国道3号線(伊敷方面)",
        "url": "",
        "url2": ""
      }
    },
    {
      "type": "Feature",
      "geometry": {
        "type": "Point",
        "coordinates": [
          130.533299,
          31.36533
        ]
      },
      "properties": {
        "内容": "バス停: 浜田",
        "name": "浜田",
        "operator": "事業者不明",
        "ref": "",
        "url": "",
        "url2": ""
      }
    },
    {
      "type": "Feature",
      "geometry": {
        "type": "Point",
        "coordinates": [
          130.5332186,
          31.3654423
        ]
      },
      "properties": {
        "内容": "バス停: 浜田",
        "name": "浜田",
        "operator": "事業者不明",
        "ref": "",
        "url": "",
        "url2": ""
      }
    },
    {
      "type": "Feature",
      "geometry": {
        "type": "Point",
        "coordinates": [
          130.5556376,
          31.5543511
        ]
      },
      "properties": {
        "内容": "バス停: 鴨池新町",
        "name": "鴨池新町",
        "operator": "事業者不明",
        "ref": "",
        "url": "",
        "url2": ""
      }
    },
    {
      "type": "Feature",
      "geometry": {
        "type": "Point",
        "coordinates": [
          130.5558101,
          31.5547927
        ]
      },
      "properties": {
        "内容": "バス停: 鴨池新町",
        "name": "鴨池新町",
        "operator": "事業者不明",
        "ref": "",
        "url": "",
        "url2": ""
      }
    },
    {
      "type": "Feature",
      "geometry": {
        "type": "Point",
        "coordinates": [
          130.5641642,
          31.5673156
        ]
      },
      "properties": {
        "内容": "バス停: 市民文化ホール北口",
        "name": "市民文化ホール北口",
        "operator": "事業者不明",
        "ref": "",
        "url": "",
        "url2": ""
      }
    },
    {
      "type": "Feature",
      "geometry": {
        "type": "Point",
        "coordinates": [
          130.5643707,
          31.5674538
        ]
      },
      "properties": {
        "内容": "バス停: 市民文化ホール北口",
        "name": "市民文化ホール北口",
        "operator": "事業者不明",
        "ref": "",
        "url": "",
        "url2": ""
      }
    },
    {
      "type": "Feature",
      "geometry": {
        "type": "Point",
        "coordinates": [
          130.4741938,
          31.6805467
        ]
      },
      "properties": {
        "内容": "バス停: 郡山麓",
        "name": "郡山麓",
        "operator": "事業者不明",
        "ref": "",
        "url": "",
        "url2": ""
      }
    },
    {
      "type": "Feature",
      "geometry": {
        "type": "Point",
        "coordinates": [
          130.4742026,
          31.6803987
        ]
      },
      "properties": {
        "内容": "バス停: 郡山麓",
        "name": "郡山麓",
        "operator": "事業者不明",
        "ref": "",
        "url": "",
        "url2": ""
      }
    },
    {
      "type": "Feature",
      "geometry": {
        "type": "Point",
        "coordinates": [
          130.5350835,
          31.6124385
        ]
      },
      "properties": {
        "内容": "バス停: 高齢者福祉センター伊敷",
        "name": "高齢者福祉センター伊敷",
        "operator": "事業者不明",
        "ref": "",
        "url": "",
        "url2": ""
      }
    },
    {
      "type": "Feature",
      "geometry": {
        "type": "Point",
        "coordinates": [
          130.5260298,
          31.5579801
        ]
      },
      "properties": {
        "内容": "バス停: 西紫原中学校下",
        "name": "西紫原中学校下",
        "operator": "事業者不明",
        "ref": "",
        "url": "",
        "url2": ""
      }
    },
    {
      "type": "Feature",
      "geometry": {
        "type": "Point",
        "coordinates": [
          130.5263946,
          31.5587092
        ]
      },
      "properties": {
        "内容": "バス停: 西紫原中学校下",
        "name": "西紫原中学校下",
        "operator": "事業者不明",
        "ref": "",
        "url": "",
        "url2": ""
      }
    },
    {
      "type": "Feature",
      "geometry": {
        "type": "Point",
        "coordinates": [
          130.528525,
          31.5582491
        ]
      },
      "properties": {
        "内容": "バス停: 西紫原中前",
        "name": "西紫原中前",
        "operator": "事業者不明",
        "ref": "",
        "url": "",
        "url2": ""
      }
    },
    {
      "type": "Feature",
      "geometry": {
        "type": "Point",
        "coordinates": [
          130.5289723,
          31.556376
        ]
      },
      "properties": {
        "内容": "バス停: 西紫原公園前",
        "name": "西紫原公園前",
        "operator": "事業者不明",
        "ref": "",
        "url": "",
        "url2": ""
      }
    },
    {
      "type": "Feature",
      "geometry": {
        "type": "Point",
        "coordinates": [
          130.5258079,
          31.5463689
        ]
      },
      "properties": {
        "内容": "バス停: 歯学部前",
        "name": "歯学部前",
        "operator": "事業者不明",
        "ref": "",
        "url": "",
        "url2": ""
      }
    },
    {
      "type": "Feature",
      "geometry": {
        "type": "Point",
        "coordinates": [
          130.5359057,
          31.544666
        ]
      },
      "properties": {
        "内容": "バス停: 宇宿小前",
        "name": "宇宿小前",
        "operator": "事業者不明",
        "ref": "",
        "url": "",
        "url2": ""
      }
    },
    {
      "type": "Feature",
      "geometry": {
        "type": "Point",
        "coordinates": [
          130.5360147,
          31.5446114
        ]
      },
      "properties": {
        "内容": "バス停: 宇宿小前",
        "name": "宇宿小前",
        "operator": "事業者不明",
        "ref": "",
        "url": "",
        "url2": ""
      }
    },
    {
      "type": "Feature",
      "geometry": {
        "type": "Point",
        "coordinates": [
          130.5358523,
          31.5452399
        ]
      },
      "properties": {
        "内容": "バス停: 宇宿小前",
        "name": "宇宿小前",
        "operator": "事業者不明",
        "ref": "",
        "url": "",
        "url2": ""
      }
    },
    {
      "type": "Feature",
      "geometry": {
        "type": "Point",
        "coordinates": [
          130.5359247,
          31.5453287
        ]
      },
      "properties": {
        "内容": "バス停: 宇宿小前",
        "name": "宇宿小前",
        "operator": "事業者不明",
        "ref": "",
        "url": "",
        "url2": ""
      }
    },
    {
      "type": "Feature",
      "geometry": {
        "type": "Point",
        "coordinates": [
          130.5299724,
          31.5447265
        ]
      },
      "properties": {
        "内容": "バス停: 亀ヶ原",
        "name": "亀ヶ原",
        "operator": "事業者不明",
        "ref": "",
        "url": "",
        "url2": ""
      }
    },
    {
      "type": "Feature",
      "geometry": {
        "type": "Point",
        "coordinates": [
          130.5350252,
          31.5464775
        ]
      },
      "properties": {
        "内容": "バス停: 宇宿四丁目",
        "name": "宇宿四丁目",
        "operator": "事業者不明",
        "ref": "",
        "url": "",
        "url2": ""
      }
    },
    {
      "type": "Feature",
      "geometry": {
        "type": "Point",
        "coordinates": [
          130.5349205,
          31.5463725
        ]
      },
      "properties": {
        "内容": "バス停: 宇宿四丁目",
        "name": "宇宿四丁目",
        "operator": "事業者不明",
        "ref": "",
        "url": "",
        "url2": ""
      }
    },
    {
      "type": "Feature",
      "geometry": {
        "type": "Point",
        "coordinates": [
          130.5324541,
          31.5486539
        ]
      },
      "properties": {
        "内容": "バス停: 宇宿住宅",
        "name": "宇宿住宅",
        "operator": "事業者不明",
        "ref": "",
        "url": "",
        "url2": ""
      }
    },
    {
      "type": "Feature",
      "geometry": {
        "type": "Point",
        "coordinates": [
          130.4894249,
          31.2366482
        ]
      },
      "properties": {
        "内容": "バス停: 頴娃図書館",
        "name": "頴娃図書館",
        "operator": "事業者不明",
        "ref": "",
        "url": "",
        "url2": ""
      }
    },
    {
      "type": "Feature",
      "geometry": {
        "type": "Point",
        "coordinates": [
          130.5595267,
          31.575503
        ]
      },
      "properties": {
        "内容": "バス停: 天保山",
        "name": "天保山",
        "operator": "事業者不明",
        "ref": "",
        "url": "",
        "url2": ""
      }
    },
    {
      "type": "Feature",
      "geometry": {
        "type": "Point",
        "coordinates": [
          130.5567318,
          31.5759818
        ]
      },
      "properties": {
        "内容": "バス停: 下荒田婦人会館前",
        "name": "下荒田婦人会館前",
        "operator": "事業者不明",
        "ref": "",
        "url": "",
        "url2": ""
      }
    },
    {
      "type": "Feature",
      "geometry": {
        "type": "Point",
        "coordinates": [
          130.5173569,
          31.6041591
        ]
      },
      "properties": {
        "内容": "バス停: 北枝",
        "name": "北枝",
        "operator": "事業者不明",
        "ref": "",
        "url": "",
        "url2": ""
      }
    },
    {
      "type": "Feature",
      "geometry": {
        "type": "Point",
        "coordinates": [
          130.5175036,
          31.6040494
        ]
      },
      "properties": {
        "内容": "バス停: 北枝",
        "name": "北枝",
        "operator": "事業者不明",
        "ref": "",
        "url": "",
        "url2": ""
      }
    },
    {
      "type": "Feature",
      "geometry": {
        "type": "Point",
        "coordinates": [
          130.5195048,
          31.5987922
        ]
      },
      "properties": {
        "内容": "バス停: 明和西",
        "name": "明和西",
        "operator": "事業者不明",
        "ref": "",
        "url": "",
        "url2": ""
      }
    },
    {
      "type": "Feature",
      "geometry": {
        "type": "Point",
        "coordinates": [
          130.5206691,
          31.5581302
        ]
      },
      "properties": {
        "内容": "バス停: 原田久保",
        "name": "原田久保",
        "operator": "事業者不明",
        "ref": "",
        "url": "",
        "url2": ""
      }
    },
    {
      "type": "Feature",
      "geometry": {
        "type": "Point",
        "coordinates": [
          130.5205884,
          31.5581894
        ]
      },
      "properties": {
        "内容": "バス停: 原田久保",
        "name": "原田久保",
        "operator": "事業者不明",
        "ref": "",
        "url": "",
        "url2": ""
      }
    },
    {
      "type": "Feature",
      "geometry": {
        "type": "Point",
        "coordinates": [
          130.5168962,
          31.5577317
        ]
      },
      "properties": {
        "内容": "バス停: 八洲団地",
        "name": "八洲団地",
        "operator": "事業者不明",
        "ref": "",
        "url": "",
        "url2": ""
      }
    },
    {
      "type": "Feature",
      "geometry": {
        "type": "Point",
        "coordinates": [
          130.5168474,
          31.5575931
        ]
      },
      "properties": {
        "内容": "バス停: 八洲団地",
        "name": "八洲団地",
        "operator": "事業者不明",
        "ref": "",
        "url": "",
        "url2": ""
      }
    },
    {
      "type": "Feature",
      "geometry": {
        "type": "Point",
        "coordinates": [
          130.5165657,
          31.5587486
        ]
      },
      "properties": {
        "内容": "バス停: 向陽小学校前",
        "name": "向陽小学校前",
        "operator": "事業者不明",
        "ref": "",
        "url": "",
        "url2": ""
      }
    },
    {
      "type": "Feature",
      "geometry": {
        "type": "Point",
        "coordinates": [
          130.5166891,
          31.55868
        ]
      },
      "properties": {
        "内容": "バス停: 向陽小学校前",
        "name": "向陽小学校前",
        "operator": "事業者不明",
        "ref": "",
        "url": "",
        "url2": ""
      }
    },
    {
      "type": "Feature",
      "geometry": {
        "type": "Point",
        "coordinates": [
          130.5192477,
          31.5581323
        ]
      },
      "properties": {
        "内容": "バス停: 八洲団地入口",
        "name": "八洲団地入口",
        "operator": "事業者不明",
        "ref": "",
        "url": "",
        "url2": ""
      }
    },
    {
      "type": "Feature",
      "geometry": {
        "type": "Point",
        "coordinates": [
          130.5192396,
          31.5580232
        ]
      },
      "properties": {
        "内容": "バス停: 八洲団地入口",
        "name": "八洲団地入口",
        "operator": "事業者不明",
        "ref": "",
        "url": "",
        "url2": ""
      }
    },
    {
      "type": "Feature",
      "geometry": {
        "type": "Point",
        "coordinates": [
          130.5562226,
          31.5711738
        ]
      },
      "properties": {
        "内容": "バス停: 下荒田四丁目",
        "name": "下荒田四丁目",
        "operator": "事業者不明",
        "ref": "",
        "url": "",
        "url2": ""
      }
    },
    {
      "type": "Feature",
      "geometry": {
        "type": "Point",
        "coordinates": [
          130.5563319,
          31.5710277
        ]
      },
      "properties": {
        "内容": "バス停: 下荒田四丁目",
        "name": "下荒田四丁目",
        "operator": "事業者不明",
        "ref": "",
        "url": "",
        "url2": ""
      }
    },
    {
      "type": "Feature",
      "geometry": {
        "type": "Point",
        "coordinates": [
          130.5160677,
          31.5602854
        ]
      },
      "properties": {
        "内容": "バス停: 向陽台西",
        "name": "向陽台西",
        "operator": "事業者不明",
        "ref": "",
        "url": "",
        "url2": ""
      }
    },
    {
      "type": "Feature",
      "geometry": {
        "type": "Point",
        "coordinates": [
          130.5177977,
          31.5607349
        ]
      },
      "properties": {
        "内容": "バス停: 向陽台団地",
        "name": "向陽台団地",
        "operator": "事業者不明",
        "ref": "",
        "url": "",
        "url2": ""
      }
    },
    {
      "type": "Feature",
      "geometry": {
        "type": "Point",
        "coordinates": [
          130.5176509,
          31.5599488
        ]
      },
      "properties": {
        "内容": "バス停: 向陽台公園前",
        "name": "向陽台公園前",
        "operator": "事業者不明",
        "ref": "",
        "url": "",
        "url2": ""
      }
    },
    {
      "type": "Feature",
      "geometry": {
        "type": "Point",
        "coordinates": [
          130.5198844,
          31.56132
        ]
      },
      "properties": {
        "内容": "バス停: 下広木",
        "name": "下広木",
        "operator": "事業者不明",
        "ref": "",
        "url": "",
        "url2": ""
      }
    },
    {
      "type": "Feature",
      "geometry": {
        "type": "Point",
        "coordinates": [
          130.5197702,
          31.5612488
        ]
      },
      "properties": {
        "内容": "バス停: 下広木",
        "name": "下広木",
        "operator": "事業者不明",
        "ref": "",
        "url": "",
        "url2": ""
      }
    },
    {
      "type": "Feature",
      "geometry": {
        "type": "Point",
        "coordinates": [
          130.5572703,
          31.595524
        ]
      },
      "properties": {
        "内容": "バス停: 市役所前",
        "name": "市役所前",
        "operator": "事業者不明",
        "ref": "降車専用",
        "url": "",
        "url2": ""
      }
    },
    {
      "type": "Feature",
      "geometry": {
        "type": "Point",
        "coordinates": [
          130.3460956,
          31.5840196
        ]
      },
      "properties": {
        "内容": "バス停: 日置大橋",
        "name": "日置大橋",
        "operator": "事業者不明",
        "ref": "",
        "url": "",
        "url2": ""
      }
    },
    {
      "type": "Feature",
      "geometry": {
        "type": "Point",
        "coordinates": [
          130.3406241,
          31.5604755
        ]
      },
      "properties": {
        "内容": "バス停: 小園",
        "name": "小園",
        "operator": "事業者不明",
        "ref": "",
        "url": "",
        "url2": ""
      }
    },
    {
      "type": "Feature",
      "geometry": {
        "type": "Point",
        "coordinates": [
          130.3404896,
          31.5601951
        ]
      },
      "properties": {
        "内容": "バス停: 小園",
        "name": "小園",
        "operator": "事業者不明",
        "ref": "",
        "url": "",
        "url2": ""
      }
    },
    {
      "type": "Feature",
      "geometry": {
        "type": "Point",
        "coordinates": [
          130.3387424,
          31.5450215
        ]
      },
      "properties": {
        "内容": "バス停: 下草田",
        "name": "下草田",
        "operator": "事業者不明",
        "ref": "",
        "url": "",
        "url2": ""
      }
    },
    {
      "type": "Feature",
      "geometry": {
        "type": "Point",
        "coordinates": [
          130.3386268,
          31.5450557
        ]
      },
      "properties": {
        "内容": "バス停: 下草田",
        "name": "下草田",
        "operator": "事業者不明",
        "ref": "",
        "url": "",
        "url2": ""
      }
    },
    {
      "type": "Feature",
      "geometry": {
        "type": "Point",
        "coordinates": [
          130.3416019,
          31.5099193
        ]
      },
      "properties": {
        "内容": "バス停: 南宮内",
        "name": "南宮内",
        "operator": "事業者不明",
        "ref": "",
        "url": "",
        "url2": ""
      }
    },
    {
      "type": "Feature",
      "geometry": {
        "type": "Point",
        "coordinates": [
          130.3415808,
          31.509825
        ]
      },
      "properties": {
        "内容": "バス停: 南宮内",
        "name": "南宮内",
        "operator": "事業者不明",
        "ref": "",
        "url": "",
        "url2": ""
      }
    },
    {
      "type": "Feature",
      "geometry": {
        "type": "Point",
        "coordinates": [
          130.3458602,
          31.5840401
        ]
      },
      "properties": {
        "内容": "バス停: 日置大橋",
        "name": "日置大橋",
        "operator": "事業者不明",
        "ref": "",
        "url": "",
        "url2": ""
      }
    },
    {
      "type": "Feature",
      "geometry": {
        "type": "Point",
        "coordinates": [
          130.3890448,
          31.6249624
        ]
      },
      "properties": {
        "内容": "バス停: 大田口",
        "name": "大田口",
        "operator": "事業者不明",
        "ref": "",
        "url": "",
        "url2": ""
      }
    },
    {
      "type": "Feature",
      "geometry": {
        "type": "Point",
        "coordinates": [
          130.3929146,
          31.6270555
        ]
      },
      "properties": {
        "内容": "バス停: 松崎病院前",
        "name": "松崎病院前",
        "operator": "事業者不明",
        "ref": "",
        "url": "",
        "url2": ""
      }
    },
    {
      "type": "Feature",
      "geometry": {
        "type": "Point",
        "coordinates": [
          130.3928326,
          31.6270909
        ]
      },
      "properties": {
        "内容": "バス停: 松崎病院前",
        "name": "松崎病院前",
        "operator": "事業者不明",
        "ref": "",
        "url": "",
        "url2": ""
      }
    },
    {
      "type": "Feature",
      "geometry": {
        "type": "Point",
        "coordinates": [
          130.3422616,
          31.5639552
        ]
      },
      "properties": {
        "内容": "バス停: 池之上",
        "name": "池之上",
        "operator": "事業者不明",
        "ref": "",
        "url": "",
        "url2": ""
      }
    },
    {
      "type": "Feature",
      "geometry": {
        "type": "Point",
        "coordinates": [
          130.3421476,
          31.5640152
        ]
      },
      "properties": {
        "内容": "バス停: 池之上",
        "name": "池之上",
        "operator": "事業者不明",
        "ref": "",
        "url": "",
        "url2": ""
      }
    },
    {
      "type": "Feature",
      "geometry": {
        "type": "Point",
        "coordinates": [
          130.3379265,
          31.5538039
        ]
      },
      "properties": {
        "内容": "バス停: 天昌寺",
        "name": "天昌寺",
        "operator": "事業者不明",
        "ref": "",
        "url": "",
        "url2": ""
      }
    },
    {
      "type": "Feature",
      "geometry": {
        "type": "Point",
        "coordinates": [
          130.3380724,
          31.5538454
        ]
      },
      "properties": {
        "内容": "バス停: 天昌寺",
        "name": "天昌寺",
        "operator": "事業者不明",
        "ref": "",
        "url": "",
        "url2": ""
      }
    },
    {
      "type": "Feature",
      "geometry": {
        "type": "Point",
        "coordinates": [
          130.3282135,
          31.6751242
        ]
      },
      "properties": {
        "内容": "バス停: 向湯田三文字",
        "name": "向湯田三文字",
        "operator": "事業者不明",
        "ref": "",
        "url": "",
        "url2": ""
      }
    },
    {
      "type": "Feature",
      "geometry": {
        "type": "Point",
        "coordinates": [
          130.3282759,
          31.6752299
        ]
      },
      "properties": {
        "内容": "バス停: 向湯田三文字",
        "name": "向湯田三文字",
        "operator": "事業者不明",
        "ref": "",
        "url": "",
        "url2": ""
      }
    },
    {
      "type": "Feature",
      "geometry": {
        "type": "Point",
        "coordinates": [
          130.3323791,
          31.6730107
        ]
      },
      "properties": {
        "内容": "バス停: 田之湯",
        "name": "田之湯",
        "operator": "事業者不明",
        "ref": "",
        "url": "",
        "url2": ""
      }
    },
    {
      "type": "Feature",
      "geometry": {
        "type": "Point",
        "coordinates": [
          130.3326154,
          31.6727447
        ]
      },
      "properties": {
        "内容": "バス停: 田之湯",
        "name": "田之湯",
        "operator": "事業者不明",
        "ref": "",
        "url": "",
        "url2": ""
      }
    },
    {
      "type": "Feature",
      "geometry": {
        "type": "Point",
        "coordinates": [
          130.3359847,
          31.6709466
        ]
      },
      "properties": {
        "内容": "バス停: 湯之元",
        "name": "湯之元",
        "operator": "事業者不明",
        "ref": "",
        "url": "",
        "url2": ""
      }
    },
    {
      "type": "Feature",
      "geometry": {
        "type": "Point",
        "coordinates": [
          130.3359853,
          31.671109
        ]
      },
      "properties": {
        "内容": "バス停: 湯之元",
        "name": "湯之元",
        "operator": "事業者不明",
        "ref": "",
        "url": "",
        "url2": ""
      }
    },
    {
      "type": "Feature",
      "geometry": {
        "type": "Point",
        "coordinates": [
          130.3440656,
          31.663109
        ]
      },
      "properties": {
        "内容": "バス停: 杉ノ迫",
        "name": "杉ノ迫",
        "operator": "事業者不明",
        "ref": "",
        "url": "",
        "url2": ""
      }
    },
    {
      "type": "Feature",
      "geometry": {
        "type": "Point",
        "coordinates": [
          130.3439408,
          31.6629078
        ]
      },
      "properties": {
        "内容": "バス停: 杉ノ迫",
        "name": "杉ノ迫",
        "operator": "事業者不明",
        "ref": "",
        "url": "",
        "url2": ""
      }
    },
    {
      "type": "Feature",
      "geometry": {
        "type": "Point",
        "coordinates": [
          130.3452971,
          31.6574912
        ]
      },
      "properties": {
        "内容": "バス停: 長里",
        "name": "長里",
        "operator": "事業者不明",
        "ref": "",
        "url": "",
        "url2": ""
      }
    },
    {
      "type": "Feature",
      "geometry": {
        "type": "Point",
        "coordinates": [
          130.3454022,
          31.6572241
        ]
      },
      "properties": {
        "内容": "バス停: 長里",
        "name": "長里",
        "operator": "事業者不明",
        "ref": "",
        "url": "",
        "url2": ""
      }
    },
    {
      "type": "Feature",
      "geometry": {
        "type": "Point",
        "coordinates": [
          130.3470583,
          31.6559961
        ]
      },
      "properties": {
        "内容": "バス停: 東市来",
        "name": "東市来",
        "operator": "事業者不明",
        "ref": "",
        "url": "",
        "url2": ""
      }
    },
    {
      "type": "Feature",
      "geometry": {
        "type": "Point",
        "coordinates": [
          130.3471511,
          31.6561
        ]
      },
      "properties": {
        "内容": "バス停: 東市来",
        "name": "東市来",
        "operator": "事業者不明",
        "ref": "",
        "url": "",
        "url2": ""
      }
    },
    {
      "type": "Feature",
      "geometry": {
        "type": "Point",
        "coordinates": [
          130.384135,
          31.6500339
        ]
      },
      "properties": {
        "内容": "バス停: 野田",
        "name": "野田",
        "operator": "事業者不明",
        "ref": "",
        "url": "",
        "url2": ""
      }
    },
    {
      "type": "Feature",
      "geometry": {
        "type": "Point",
        "coordinates": [
          130.3847499,
          31.6502361
        ]
      },
      "properties": {
        "内容": "バス停: 野田",
        "name": "野田",
        "operator": "事業者不明",
        "ref": "",
        "url": "",
        "url2": ""
      }
    },
    {
      "type": "Feature",
      "geometry": {
        "type": "Point",
        "coordinates": [
          130.3879797,
          31.6524449
        ]
      },
      "properties": {
        "内容": "バス停: 野田上",
        "name": "野田上",
        "operator": "事業者不明",
        "ref": "",
        "url": "",
        "url2": ""
      }
    },
    {
      "type": "Feature",
      "geometry": {
        "type": "Point",
        "coordinates": [
          130.3886325,
          31.6524842
        ]
      },
      "properties": {
        "内容": "バス停: 野田上",
        "name": "野田上",
        "operator": "事業者不明",
        "ref": "",
        "url": "",
        "url2": ""
      }
    },
    {
      "type": "Feature",
      "geometry": {
        "type": "Point",
        "coordinates": [
          130.5074604,
          31.5122458
        ]
      },
      "properties": {
        "内容": "バス停: 新和田橋",
        "name": "新和田橋",
        "operator": "事業者不明",
        "ref": "",
        "url": "",
        "url2": ""
      }
    },
    {
      "type": "Feature",
      "geometry": {
        "type": "Point",
        "coordinates": [
          130.5076112,
          31.5122623
        ]
      },
      "properties": {
        "内容": "バス停: 新和田橋",
        "name": "新和田橋",
        "operator": "事業者不明",
        "ref": "",
        "url": "",
        "url2": ""
      }
    },
    {
      "type": "Feature",
      "geometry": {
        "type": "Point",
        "coordinates": [
          130.3184727,
          31.6771475
        ]
      },
      "properties": {
        "内容": "バス停: 島内",
        "name": "島内",
        "operator": "事業者不明",
        "ref": "",
        "url": "",
        "url2": ""
      }
    },
    {
      "type": "Feature",
      "geometry": {
        "type": "Point",
        "coordinates": [
          130.3166077,
          31.6766359
        ]
      },
      "properties": {
        "内容": "バス停: 島内",
        "name": "島内",
        "operator": "事業者不明",
        "ref": "",
        "url": "",
        "url2": ""
      }
    },
    {
      "type": "Feature",
      "geometry": {
        "type": "Point",
        "coordinates": [
          130.311495,
          31.6782464
        ]
      },
      "properties": {
        "内容": "バス停: 木場迫入口",
        "name": "木場迫入口",
        "operator": "事業者不明",
        "ref": "",
        "url": "",
        "url2": ""
      }
    },
    {
      "type": "Feature",
      "geometry": {
        "type": "Point",
        "coordinates": [
          130.3117714,
          31.6779277
        ]
      },
      "properties": {
        "内容": "バス停: 木場迫入口",
        "name": "木場迫入口",
        "operator": "事業者不明",
        "ref": "",
        "url": "",
        "url2": ""
      }
    },
    {
      "type": "Feature",
      "geometry": {
        "type": "Point",
        "coordinates": [
          130.3074723,
          31.6789583
        ]
      },
      "properties": {
        "内容": "バス停: 大里",
        "name": "大里",
        "operator": "事業者不明",
        "ref": "",
        "url": "",
        "url2": ""
      }
    },
    {
      "type": "Feature",
      "geometry": {
        "type": "Point",
        "coordinates": [
          130.3068706,
          31.6791522
        ]
      },
      "properties": {
        "内容": "バス停: 大里",
        "name": "大里",
        "operator": "事業者不明",
        "ref": "",
        "url": "",
        "url2": ""
      }
    },
    {
      "type": "Feature",
      "geometry": {
        "type": "Point",
        "coordinates": [
          130.2866942,
          31.7001379
        ]
      },
      "properties": {
        "内容": "バス停: 別府",
        "name": "別府",
        "operator": "事業者不明",
        "ref": "",
        "url": "",
        "url2": ""
      }
    },
    {
      "type": "Feature",
      "geometry": {
        "type": "Point",
        "coordinates": [
          130.28637,
          31.7001052
        ]
      },
      "properties": {
        "内容": "バス停: 別府",
        "name": "別府",
        "operator": "事業者不明",
        "ref": "",
        "url": "",
        "url2": ""
      }
    },
    {
      "type": "Feature",
      "geometry": {
        "type": "Point",
        "coordinates": [
          130.3385946,
          31.5391089
        ]
      },
      "properties": {
        "内容": "バス停: 小野馬場",
        "name": "小野馬場",
        "operator": "事業者不明",
        "ref": "",
        "url": "",
        "url2": ""
      }
    },
    {
      "type": "Feature",
      "geometry": {
        "type": "Point",
        "coordinates": [
          130.3384974,
          31.5391107
        ]
      },
      "properties": {
        "内容": "バス停: 小野馬場",
        "name": "小野馬場",
        "operator": "事業者不明",
        "ref": "",
        "url": "",
        "url2": ""
      }
    },
    {
      "type": "Feature",
      "geometry": {
        "type": "Point",
        "coordinates": [
          130.5385618,
          31.5929664
        ]
      },
      "properties": {
        "内容": "バス停: 城西公園前",
        "name": "城西公園前",
        "operator": "事業者不明",
        "ref": "",
        "url": "",
        "url2": ""
      }
    },
    {
      "type": "Feature",
      "geometry": {
        "type": "Point",
        "coordinates": [
          130.5386664,
          31.5930864
        ]
      },
      "properties": {
        "内容": "バス停: 城西公園前",
        "name": "城西公園前",
        "operator": "事業者不明",
        "ref": "",
        "url": "",
        "url2": ""
      }
    },
    {
      "type": "Feature",
      "geometry": {
        "type": "Point",
        "coordinates": [
          130.5367731,
          31.5964384
        ]
      },
      "properties": {
        "内容": "バス停: 原良小前",
        "name": "原良小前",
        "operator": "事業者不明",
        "ref": "",
        "url": "",
        "url2": ""
      }
    },
    {
      "type": "Feature",
      "geometry": {
        "type": "Point",
        "coordinates": [
          130.5367516,
          31.5967937
        ]
      },
      "properties": {
        "内容": "バス停: 原良小前",
        "name": "原良小前",
        "operator": "事業者不明",
        "ref": "",
        "url": "",
        "url2": ""
      }
    },
    {
      "type": "Feature",
      "geometry": {
        "type": "Point",
        "coordinates": [
          130.5526007,
          31.6200873
        ]
      },
      "properties": {
        "内容": "バス停: 坂元郵便局前",
        "name": "坂元郵便局前",
        "operator": "事業者不明",
        "ref": "",
        "url": "",
        "url2": ""
      }
    },
    {
      "type": "Feature",
      "geometry": {
        "type": "Point",
        "coordinates": [
          130.551707,
          31.6186552
        ]
      },
      "properties": {
        "内容": "バス停: 坂元台小学校前",
        "name": "坂元台小学校前",
        "operator": "事業者不明",
        "ref": "",
        "url": "",
        "url2": ""
      }
    },
    {
      "type": "Feature",
      "geometry": {
        "type": "Point",
        "coordinates": [
          130.5518167,
          31.6186194
        ]
      },
      "properties": {
        "内容": "バス停: 坂元台小学校前",
        "name": "坂元台小学校前",
        "operator": "事業者不明",
        "ref": "",
        "url": "",
        "url2": ""
      }
    },
    {
      "type": "Feature",
      "geometry": {
        "type": "Point",
        "coordinates": [
          130.5501628,
          31.6191027
        ]
      },
      "properties": {
        "内容": "バス停: 玉里団地東",
        "name": "玉里団地東",
        "operator": "事業者不明",
        "ref": "",
        "url": "",
        "url2": ""
      }
    },
    {
      "type": "Feature",
      "geometry": {
        "type": "Point",
        "coordinates": [
          130.550191,
          31.6189378
        ]
      },
      "properties": {
        "内容": "バス停: 玉里団地東",
        "name": "玉里団地東",
        "operator": "事業者不明",
        "ref": "",
        "url": "",
        "url2": ""
      }
    },
    {
      "type": "Feature",
      "geometry": {
        "type": "Point",
        "coordinates": [
          130.5456435,
          31.5812203
        ]
      },
      "properties": {
        "内容": "バス停: 上之園町",
        "name": "上之園町",
        "operator": "事業者不明",
        "ref": "",
        "url": "",
        "url2": ""
      }
    },
    {
      "type": "Feature",
      "geometry": {
        "type": "Point",
        "coordinates": [
          130.545586,
          31.5815527
        ]
      },
      "properties": {
        "内容": "バス停: 上之園町",
        "name": "上之園町",
        "operator": "事業者不明",
        "ref": "",
        "url": "",
        "url2": ""
      }
    },
    {
      "type": "Feature",
      "geometry": {
        "type": "Point",
        "coordinates": [
          130.3458061,
          31.5773903
        ]
      },
      "properties": {
        "内容": "バス停: 吉利北区",
        "name": "吉利北区",
        "operator": "事業者不明",
        "ref": "",
        "url": "",
        "url2": ""
      }
    },
    {
      "type": "Feature",
      "geometry": {
        "type": "Point",
        "coordinates": [
          130.3419199,
          31.5729787
        ]
      },
      "properties": {
        "内容": "バス停: 吉利農協前",
        "name": "吉利農協前",
        "operator": "事業者不明",
        "ref": "",
        "url": "",
        "url2": ""
      }
    },
    {
      "type": "Feature",
      "geometry": {
        "type": "Point",
        "coordinates": [
          130.5678682,
          31.57021
        ]
      },
      "properties": {
        "内容": "バス停: りぼんかん前",
        "name": "りぼんかん前",
        "operator": "事業者不明",
        "ref": "",
        "url": "",
        "url2": ""
      }
    },
    {
      "type": "Feature",
      "geometry": {
        "type": "Point",
        "coordinates": [
          130.5596193,
          31.5584543
        ]
      },
      "properties": {
        "内容": "バス停: 海づり公園前",
        "name": "海づり公園前",
        "operator": "事業者不明",
        "ref": "",
        "url": "",
        "url2": ""
      }
    },
    {
      "type": "Feature",
      "geometry": {
        "type": "Point",
        "coordinates": [
          130.5598079,
          31.5583848
        ]
      },
      "properties": {
        "内容": "バス停: 海づり公園前",
        "name": "海づり公園前",
        "operator": "事業者不明",
        "ref": "",
        "url": "",
        "url2": ""
      }
    },
    {
      "type": "Feature",
      "geometry": {
        "type": "Point",
        "coordinates": [
          130.5639662,
          31.5722197
        ]
      },
      "properties": {
        "内容": "バス停: 共月亭前",
        "name": "共月亭前",
        "operator": "事業者不明",
        "ref": "",
        "url": "",
        "url2": ""
      }
    },
    {
      "type": "Feature",
      "geometry": {
        "type": "Point",
        "coordinates": [
          130.5590826,
          31.5891344
        ]
      },
      "properties": {
        "内容": "バス停: 新町",
        "name": "新町",
        "operator": "事業者不明",
        "ref": "",
        "url": "",
        "url2": ""
      }
    },
    {
      "type": "Feature",
      "geometry": {
        "type": "Point",
        "coordinates": [
          130.5589597,
          31.5897487
        ]
      },
      "properties": {
        "内容": "バス停: 新町",
        "name": "新町",
        "operator": "事業者不明",
        "ref": "",
        "url": "",
        "url2": ""
      }
    },
    {
      "type": "Feature",
      "geometry": {
        "type": "Point",
        "coordinates": [
          130.2263697,
          31.3774774
        ]
      },
      "properties": {
        "内容": "バス停: 大浦",
        "name": "大浦",
        "operator": "事業者不明",
        "ref": "",
        "url": "",
        "url2": ""
      }
    },
    {
      "type": "Feature",
      "geometry": {
        "type": "Point",
        "coordinates": [
          130.2259096,
          31.3768399
        ]
      },
      "properties": {
        "内容": "バス停: 大浦小前",
        "name": "大浦小前",
        "operator": "事業者不明",
        "ref": "",
        "url": "",
        "url2": ""
      }
    },
    {
      "type": "Feature",
      "geometry": {
        "type": "Point",
        "coordinates": [
          130.2232586,
          31.3773717
        ]
      },
      "properties": {
        "内容": "バス停: 上の門",
        "name": "上の門",
        "operator": "事業者不明",
        "ref": "",
        "url": "",
        "url2": ""
      }
    },
    {
      "type": "Feature",
      "geometry": {
        "type": "Point",
        "coordinates": [
          130.206201,
          31.3947985
        ]
      },
      "properties": {
        "内容": "バス停: JA赤生木出張所前",
        "name": "JA赤生木出張所前",
        "operator": "事業者不明",
        "ref": "",
        "url": "",
        "url2": ""
      }
    },
    {
      "type": "Feature",
      "geometry": {
        "type": "Point",
        "coordinates": [
          130.2012699,
          31.4000827
        ]
      },
      "properties": {
        "内容": "バス停: 赤生木",
        "name": "赤生木",
        "operator": "事業者不明",
        "ref": "",
        "url": "",
        "url2": ""
      }
    },
    {
      "type": "Feature",
      "geometry": {
        "type": "Point",
        "coordinates": [
          130.2012663,
          31.399859
        ]
      },
      "properties": {
        "内容": "バス停: 赤生木",
        "name": "赤生木",
        "operator": "事業者不明",
        "ref": "",
        "url": "",
        "url2": ""
      }
    },
    {
      "type": "Feature",
      "geometry": {
        "type": "Point",
        "coordinates": [
          130.1858835,
          31.4102748
        ]
      },
      "properties": {
        "内容": "バス停: 玉林公民館前",
        "name": "玉林公民館前",
        "operator": "事業者不明",
        "ref": "",
        "url": "",
        "url2": ""
      }
    },
    {
      "type": "Feature",
      "geometry": {
        "type": "Point",
        "coordinates": [
          130.1826383,
          31.4158501
        ]
      },
      "properties": {
        "内容": "バス停: 熊ヶ浦",
        "name": "熊ヶ浦",
        "operator": "事業者不明",
        "ref": "",
        "url": "",
        "url2": ""
      }
    },
    {
      "type": "Feature",
      "geometry": {
        "type": "Point",
        "coordinates": [
          130.1780373,
          31.420024
        ]
      },
      "properties": {
        "内容": "バス停: 片浦郵便局前",
        "name": "片浦郵便局前",
        "operator": "事業者不明",
        "ref": "",
        "url": "",
        "url2": ""
      }
    },
    {
      "type": "Feature",
      "geometry": {
        "type": "Point",
        "coordinates": [
          130.1549893,
          31.4280673
        ]
      },
      "properties": {
        "内容": "バス停: 谷の山",
        "name": "谷の山",
        "operator": "事業者不明",
        "ref": "",
        "url": "",
        "url2": ""
      }
    },
    {
      "type": "Feature",
      "geometry": {
        "type": "Point",
        "coordinates": [
          130.1461926,
          31.4267622
        ]
      },
      "properties": {
        "内容": "バス停: 小崎",
        "name": "小崎",
        "operator": "事業者不明",
        "ref": "",
        "url": "",
        "url2": ""
      }
    },
    {
      "type": "Feature",
      "geometry": {
        "type": "Point",
        "coordinates": [
          130.1398442,
          31.4180581
        ]
      },
      "properties": {
        "内容": "バス停: 魚路",
        "name": "魚路",
        "operator": "事業者不明",
        "ref": "",
        "url": "",
        "url2": ""
      }
    },
    {
      "type": "Feature",
      "geometry": {
        "type": "Point",
        "coordinates": [
          130.135359,
          31.4159153
        ]
      },
      "properties": {
        "内容": "バス停: 笠沙恵比寿",
        "name": "笠沙恵比寿",
        "operator": "事業者不明",
        "ref": "",
        "url": "",
        "url2": ""
      }
    },
    {
      "type": "Feature",
      "geometry": {
        "type": "Point",
        "coordinates": [
          130.1454877,
          31.4080159
        ]
      },
      "properties": {
        "内容": "バス停: 石間伏",
        "name": "石間伏",
        "operator": "事業者不明",
        "ref": "",
        "url": "",
        "url2": ""
      }
    },
    {
      "type": "Feature",
      "geometry": {
        "type": "Point",
        "coordinates": [
          130.1510775,
          31.3974618
        ]
      },
      "properties": {
        "内容": "バス停: 姥",
        "name": "姥",
        "operator": "事業者不明",
        "ref": "",
        "url": "",
        "url2": ""
      }
    },
    {
      "type": "Feature",
      "geometry": {
        "type": "Point",
        "coordinates": [
          130.2248408,
          31.381422
        ]
      },
      "properties": {
        "内容": "バス停: 三本松",
        "name": "三本松",
        "operator": "事業者不明",
        "ref": "",
        "url": "",
        "url2": ""
      }
    },
    {
      "type": "Feature",
      "geometry": {
        "type": "Point",
        "coordinates": [
          130.2247099,
          31.3813615
        ]
      },
      "properties": {
        "内容": "バス停: 三本松",
        "name": "三本松",
        "operator": "事業者不明",
        "ref": "",
        "url": "",
        "url2": ""
      }
    },
    {
      "type": "Feature",
      "geometry": {
        "type": "Point",
        "coordinates": [
          130.3793924,
          31.4360551
        ]
      },
      "properties": {
        "内容": "バス停: 白川東",
        "name": "白川東",
        "operator": "事業者不明",
        "ref": "",
        "url": "",
        "url2": ""
      }
    },
    {
      "type": "Feature",
      "geometry": {
        "type": "Point",
        "coordinates": [
          130.5540599,
          31.5504296
        ]
      },
      "properties": {
        "内容": "バス停: 三和中央",
        "name": "三和中央",
        "operator": "事業者不明",
        "ref": "",
        "url": "",
        "url2": ""
      }
    },
    {
      "type": "Feature",
      "geometry": {
        "type": "Point",
        "coordinates": [
          130.5543155,
          31.5505956
        ]
      },
      "properties": {
        "内容": "バス停: 三和中央",
        "name": "三和中央",
        "operator": "事業者不明",
        "ref": "",
        "url": "",
        "url2": ""
      }
    },
    {
      "type": "Feature",
      "geometry": {
        "type": "Point",
        "coordinates": [
          130.5623742,
          31.5713256
        ]
      },
      "properties": {
        "内容": "バス停: 共月亭前",
        "name": "共月亭前",
        "operator": "事業者不明",
        "ref": "",
        "url": "",
        "url2": ""
      }
    },
    {
      "type": "Feature",
      "geometry": {
        "type": "Point",
        "coordinates": [
          130.5629135,
          31.5711581
        ]
      },
      "properties": {
        "内容": "バス停: 共月亭前",
        "name": "共月亭前",
        "operator": "事業者不明",
        "ref": "",
        "url": "",
        "url2": ""
      }
    },
    {
      "type": "Feature",
      "geometry": {
        "type": "Point",
        "coordinates": [
          130.2825628,
          31.421599
        ]
      },
      "properties": {
        "内容": "バス停: 相星",
        "name": "相星",
        "operator": "事業者不明",
        "ref": "",
        "url": "",
        "url2": ""
      }
    },
    {
      "type": "Feature",
      "geometry": {
        "type": "Point",
        "coordinates": [
          130.2893046,
          31.4227896
        ]
      },
      "properties": {
        "内容": "バス停: 小松原",
        "name": "小松原",
        "operator": "事業者不明",
        "ref": "",
        "url": "",
        "url2": ""
      }
    },
    {
      "type": "Feature",
      "geometry": {
        "type": "Point",
        "coordinates": [
          130.282471,
          31.4216733
        ]
      },
      "properties": {
        "内容": "バス停: 相星",
        "name": "相星",
        "operator": "事業者不明",
        "ref": "",
        "url": "",
        "url2": ""
      }
    },
    {
      "type": "Feature",
      "geometry": {
        "type": "Point",
        "coordinates": [
          130.2894019,
          31.4227103
        ]
      },
      "properties": {
        "内容": "バス停: 小松原",
        "name": "小松原",
        "operator": "事業者不明",
        "ref": "",
        "url": "",
        "url2": ""
      }
    },
    {
      "type": "Feature",
      "geometry": {
        "type": "Point",
        "coordinates": [
          130.2960208,
          31.4319621
        ]
      },
      "properties": {
        "内容": "バス停: 県営住宅前",
        "name": "県営住宅前",
        "operator": "事業者不明",
        "ref": "",
        "url": "",
        "url2": ""
      }
    },
    {
      "type": "Feature",
      "geometry": {
        "type": "Point",
        "coordinates": [
          130.29614,
          31.4318165
        ]
      },
      "properties": {
        "内容": "バス停: 県営住宅前",
        "name": "県営住宅前",
        "operator": "事業者不明",
        "ref": "",
        "url": "",
        "url2": ""
      }
    },
    {
      "type": "Feature",
      "geometry": {
        "type": "Point",
        "coordinates": [
          130.5160013,
          31.5916509
        ]
      },
      "properties": {
        "内容": "バス停: 武岡団地2丁目",
        "name": "武岡団地2丁目",
        "operator": "事業者不明",
        "ref": "",
        "url": "",
        "url2": ""
      }
    },
    {
      "type": "Feature",
      "geometry": {
        "type": "Point",
        "coordinates": [
          130.5159933,
          31.5915135
        ]
      },
      "properties": {
        "内容": "バス停: 武岡団地2丁目",
        "name": "武岡団地2丁目",
        "operator": "事業者不明",
        "ref": "",
        "url": "",
        "url2": ""
      }
    },
    {
      "type": "Feature",
      "geometry": {
        "type": "Point",
        "coordinates": [
          130.513438,
          31.5923961
        ]
      },
      "properties": {
        "内容": "バス停: 武岡ハイランド東",
        "name": "武岡ハイランド東",
        "operator": "事業者不明",
        "ref": "",
        "url": "",
        "url2": ""
      }
    },
    {
      "type": "Feature",
      "geometry": {
        "type": "Point",
        "coordinates": [
          130.5133187,
          31.5922458
        ]
      },
      "properties": {
        "内容": "バス停: 武岡ハイランド東",
        "name": "武岡ハイランド東",
        "operator": "事業者不明",
        "ref": "",
        "url": "",
        "url2": ""
      }
    },
    {
      "type": "Feature",
      "geometry": {
        "type": "Point",
        "coordinates": [
          130.5105357,
          31.5946936
        ]
      },
      "properties": {
        "内容": "バス停: ハイランド中央",
        "name": "ハイランド中央",
        "operator": "事業者不明",
        "ref": "",
        "url": "",
        "url2": ""
      }
    },
    {
      "type": "Feature",
      "geometry": {
        "type": "Point",
        "coordinates": [
          130.5107489,
          31.5945498
        ]
      },
      "properties": {
        "内容": "バス停: ハイランド中央",
        "name": "ハイランド中央",
        "operator": "事業者不明",
        "ref": "",
        "url": "",
        "url2": ""
      }
    },
    {
      "type": "Feature",
      "geometry": {
        "type": "Point",
        "coordinates": [
          130.5100814,
          31.5957814
        ]
      },
      "properties": {
        "内容": "バス停: 武岡団地5丁目",
        "name": "武岡団地5丁目",
        "operator": "事業者不明",
        "ref": "",
        "url": "",
        "url2": ""
      }
    },
    {
      "type": "Feature",
      "geometry": {
        "type": "Point",
        "coordinates": [
          130.5098454,
          31.5959765
        ]
      },
      "properties": {
        "内容": "バス停: 武岡団地5丁目",
        "name": "武岡団地5丁目",
        "operator": "事業者不明",
        "ref": "",
        "url": "",
        "url2": ""
      }
    },
    {
      "type": "Feature",
      "geometry": {
        "type": "Point",
        "coordinates": [
          130.5092654,
          31.5973428
        ]
      },
      "properties": {
        "内容": "バス停: ハイランド西",
        "name": "ハイランド西",
        "operator": "事業者不明",
        "ref": "",
        "url": "",
        "url2": ""
      }
    },
    {
      "type": "Feature",
      "geometry": {
        "type": "Point",
        "coordinates": [
          130.5092146,
          31.5971761
        ]
      },
      "properties": {
        "内容": "バス停: ハイランド西",
        "name": "ハイランド西",
        "operator": "事業者不明",
        "ref": "",
        "url": "",
        "url2": ""
      }
    },
    {
      "type": "Feature",
      "geometry": {
        "type": "Point",
        "coordinates": [
          130.5181978,
          31.5907635
        ]
      },
      "properties": {
        "内容": "バス停: 武岡小前",
        "name": "武岡小前",
        "operator": "事業者不明",
        "ref": "",
        "url": "",
        "url2": ""
      }
    },
    {
      "type": "Feature",
      "geometry": {
        "type": "Point",
        "coordinates": [
          130.5181601,
          31.5908731
        ]
      },
      "properties": {
        "内容": "バス停: 武岡小前",
        "name": "武岡小前",
        "operator": "事業者不明",
        "ref": "",
        "url": "",
        "url2": ""
      }
    },
    {
      "type": "Feature",
      "geometry": {
        "type": "Point",
        "coordinates": [
          130.4739424,
          31.6226441
        ]
      },
      "properties": {
        "内容": "バス停: 横井",
        "name": "横井",
        "operator": "事業者不明",
        "ref": "",
        "url": "",
        "url2": ""
      }
    },
    {
      "type": "Feature",
      "geometry": {
        "type": "Point",
        "coordinates": [
          130.4739087,
          31.6225313
        ]
      },
      "properties": {
        "内容": "バス停: 横井",
        "name": "横井",
        "operator": "事業者不明",
        "ref": "",
        "url": "",
        "url2": ""
      }
    },
    {
      "type": "Feature",
      "geometry": {
        "type": "Point",
        "coordinates": [
          130.4768643,
          31.6197227
        ]
      },
      "properties": {
        "内容": "バス停: 古別府",
        "name": "古別府",
        "operator": "事業者不明",
        "ref": "",
        "url": "",
        "url2": ""
      }
    },
    {
      "type": "Feature",
      "geometry": {
        "type": "Point",
        "coordinates": [
          130.4776632,
          31.6199298
        ]
      },
      "properties": {
        "内容": "バス停: 古別府",
        "name": "古別府",
        "operator": "事業者不明",
        "ref": "",
        "url": "",
        "url2": ""
      }
    },
    {
      "type": "Feature",
      "geometry": {
        "type": "Point",
        "coordinates": [
          130.4837768,
          31.6156849
        ]
      },
      "properties": {
        "内容": "バス停: 番屋下",
        "name": "番屋下",
        "operator": "事業者不明",
        "ref": "",
        "url": "",
        "url2": ""
      }
    },
    {
      "type": "Feature",
      "geometry": {
        "type": "Point",
        "coordinates": [
          130.4838251,
          31.6155476
        ]
      },
      "properties": {
        "内容": "バス停: 番屋下",
        "name": "番屋下",
        "operator": "事業者不明",
        "ref": "",
        "url": "",
        "url2": ""
      }
    },
    {
      "type": "Feature",
      "geometry": {
        "type": "Point",
        "coordinates": [
          130.3984454,
          31.6286676
        ]
      },
      "properties": {
        "内容": "バス停: 伊集院朝日通り",
        "name": "伊集院朝日通り",
        "operator": "事業者不明",
        "ref": "",
        "url": "",
        "url2": ""
      }
    },
    {
      "type": "Feature",
      "geometry": {
        "type": "Point",
        "coordinates": [
          130.3980612,
          31.6287701
        ]
      },
      "properties": {
        "内容": "バス停: 伊集院朝日通り",
        "name": "伊集院朝日通り",
        "operator": "事業者不明",
        "ref": "",
        "url": "",
        "url2": ""
      }
    },
    {
      "type": "Feature",
      "geometry": {
        "type": "Point",
        "coordinates": [
          130.4047786,
          31.6235921
        ]
      },
      "properties": {
        "内容": "バス停: 小諏訪",
        "name": "小諏訪",
        "operator": "事業者不明",
        "ref": "",
        "url": "",
        "url2": ""
      }
    },
    {
      "type": "Feature",
      "geometry": {
        "type": "Point",
        "coordinates": [
          130.4046507,
          31.6234794
        ]
      },
      "properties": {
        "内容": "バス停: 小諏訪",
        "name": "小諏訪",
        "operator": "事業者不明",
        "ref": "",
        "url": "",
        "url2": ""
      }
    },
    {
      "type": "Feature",
      "geometry": {
        "type": "Point",
        "coordinates": [
          130.4092424,
          31.6241342
        ]
      },
      "properties": {
        "内容": "バス停: 伊集院IC入口",
        "name": "伊集院IC入口",
        "operator": "事業者不明",
        "ref": "",
        "url": "",
        "url2": ""
      }
    },
    {
      "type": "Feature",
      "geometry": {
        "type": "Point",
        "coordinates": [
          130.4090778,
          31.6239057
        ]
      },
      "properties": {
        "内容": "バス停: 伊集院IC入口",
        "name": "伊集院IC入口",
        "operator": "事業者不明",
        "ref": "",
        "url": "",
        "url2": ""
      }
    },
    {
      "type": "Feature",
      "geometry": {
        "type": "Point",
        "coordinates": [
          130.4149095,
          31.6254886
        ]
      },
      "properties": {
        "内容": "バス停: 大迫",
        "name": "大迫",
        "operator": "事業者不明",
        "ref": "",
        "url": "",
        "url2": ""
      }
    },
    {
      "type": "Feature",
      "geometry": {
        "type": "Point",
        "coordinates": [
          130.4162615,
          31.6257056
        ]
      },
      "properties": {
        "内容": "バス停: 大迫",
        "name": "大迫",
        "operator": "事業者不明",
        "ref": "",
        "url": "",
        "url2": ""
      }
    },
    {
      "type": "Feature",
      "geometry": {
        "type": "Point",
        "coordinates": [
          130.4207066,
          31.6280046
        ]
      },
      "properties": {
        "内容": "バス停: 清藤",
        "name": "清藤",
        "operator": "事業者不明",
        "ref": "",
        "url": "",
        "url2": ""
      }
    },
    {
      "type": "Feature",
      "geometry": {
        "type": "Point",
        "coordinates": [
          130.420481,
          31.6279769
        ]
      },
      "properties": {
        "内容": "バス停: 清藤",
        "name": "清藤",
        "operator": "事業者不明",
        "ref": "",
        "url": "",
        "url2": ""
      }
    },
    {
      "type": "Feature",
      "geometry": {
        "type": "Point",
        "coordinates": [
          130.4300804,
          31.6323489
        ]
      },
      "properties": {
        "内容": "バス停: 下土橋",
        "name": "下土橋",
        "operator": "事業者不明",
        "ref": "",
        "url": "",
        "url2": ""
      }
    },
    {
      "type": "Feature",
      "geometry": {
        "type": "Point",
        "coordinates": [
          130.4300004,
          31.6324568
        ]
      },
      "properties": {
        "内容": "バス停: 下土橋",
        "name": "下土橋",
        "operator": "事業者不明",
        "ref": "",
        "url": "",
        "url2": ""
      }
    },
    {
      "type": "Feature",
      "geometry": {
        "type": "Point",
        "coordinates": [
          130.4328026,
          31.6360731
        ]
      },
      "properties": {
        "内容": "バス停: 中土橋",
        "name": "中土橋",
        "operator": "事業者不明",
        "ref": "",
        "url": "",
        "url2": ""
      }
    },
    {
      "type": "Feature",
      "geometry": {
        "type": "Point",
        "coordinates": [
          130.4327416,
          31.63617
        ]
      },
      "properties": {
        "内容": "バス停: 中土橋",
        "name": "中土橋",
        "operator": "事業者不明",
        "ref": "",
        "url": "",
        "url2": ""
      }
    },
    {
      "type": "Feature",
      "geometry": {
        "type": "Point",
        "coordinates": [
          130.4390594,
          31.6323815
        ]
      },
      "properties": {
        "内容": "バス停: 五本松",
        "name": "五本松",
        "operator": "事業者不明",
        "ref": "",
        "url": "",
        "url2": ""
      }
    },
    {
      "type": "Feature",
      "geometry": {
        "type": "Point",
        "coordinates": [
          130.4390411,
          31.63216
        ]
      },
      "properties": {
        "内容": "バス停: 五本松",
        "name": "五本松",
        "operator": "事業者不明",
        "ref": "",
        "url": "",
        "url2": ""
      }
    },
    {
      "type": "Feature",
      "geometry": {
        "type": "Point",
        "coordinates": [
          130.4416917,
          31.6309917
        ]
      },
      "properties": {
        "内容": "バス停: 上土橋",
        "name": "上土橋",
        "operator": "事業者不明",
        "ref": "",
        "url": "",
        "url2": ""
      }
    },
    {
      "type": "Feature",
      "geometry": {
        "type": "Point",
        "coordinates": [
          130.4413941,
          31.6308813
        ]
      },
      "properties": {
        "内容": "バス停: 上土橋",
        "name": "上土橋",
        "operator": "事業者不明",
        "ref": "",
        "url": "",
        "url2": ""
      }
    },
    {
      "type": "Feature",
      "geometry": {
        "type": "Point",
        "coordinates": [
          130.4576256,
          31.6300661
        ]
      },
      "properties": {
        "内容": "バス停: 新村",
        "name": "新村",
        "operator": "事業者不明",
        "ref": "",
        "url": "",
        "url2": ""
      }
    },
    {
      "type": "Feature",
      "geometry": {
        "type": "Point",
        "coordinates": [
          130.4575493,
          31.6299572
        ]
      },
      "properties": {
        "内容": "バス停: 新村",
        "name": "新村",
        "operator": "事業者不明",
        "ref": "",
        "url": "",
        "url2": ""
      }
    },
    {
      "type": "Feature",
      "geometry": {
        "type": "Point",
        "coordinates": [
          130.4662062,
          31.6283929
        ]
      },
      "properties": {
        "内容": "バス停: チェスト館前",
        "name": "チェスト館前",
        "operator": "事業者不明",
        "ref": "",
        "url": "",
        "url2": ""
      }
    },
    {
      "type": "Feature",
      "geometry": {
        "type": "Point",
        "coordinates": [
          130.4661243,
          31.628247
        ]
      },
      "properties": {
        "内容": "バス停: チェスト館前",
        "name": "チェスト館前",
        "operator": "事業者不明",
        "ref": "",
        "url": "",
        "url2": ""
      }
    },
    {
      "type": "Feature",
      "geometry": {
        "type": "Point",
        "coordinates": [
          130.347733,
          31.5229808
        ]
      },
      "properties": {
        "内容": "バス停: 田尻",
        "name": "田尻",
        "operator": "事業者不明",
        "ref": "",
        "url": "",
        "url2": ""
      }
    },
    {
      "type": "Feature",
      "geometry": {
        "type": "Point",
        "coordinates": [
          130.3474551,
          31.5231261
        ]
      },
      "properties": {
        "内容": "バス停: 田尻",
        "name": "田尻",
        "operator": "事業者不明",
        "ref": "",
        "url": "",
        "url2": ""
      }
    },
    {
      "type": "Feature",
      "geometry": {
        "type": "Point",
        "coordinates": [
          130.3493303,
          31.5141452
        ]
      },
      "properties": {
        "内容": "バス停: 宮内",
        "name": "宮内",
        "operator": "事業者不明",
        "ref": "",
        "url": "",
        "url2": ""
      }
    },
    {
      "type": "Feature",
      "geometry": {
        "type": "Point",
        "coordinates": [
          130.5549333,
          31.5520592
        ]
      },
      "properties": {
        "内容": "バス停: 鶴ケ崎",
        "name": "鶴ケ崎",
        "operator": "事業者不明",
        "ref": "",
        "url": "",
        "url2": ""
      }
    },
    {
      "type": "Feature",
      "geometry": {
        "type": "Point",
        "coordinates": [
          130.5549735,
          31.5518446
        ]
      },
      "properties": {
        "内容": "バス停: 鶴ケ崎",
        "name": "鶴ケ崎",
        "operator": "事業者不明",
        "ref": "",
        "url": "",
        "url2": ""
      }
    },
    {
      "type": "Feature",
      "geometry": {
        "type": "Point",
        "coordinates": [
          130.553395,
          31.5491669
        ]
      },
      "properties": {
        "内容": "バス停: 三和町",
        "name": "三和町",
        "operator": "事業者不明",
        "ref": "",
        "url": "",
        "url2": ""
      }
    },
    {
      "type": "Feature",
      "geometry": {
        "type": "Point",
        "coordinates": [
          130.5535197,
          31.5490615
        ]
      },
      "properties": {
        "内容": "バス停: 三和町",
        "name": "三和町",
        "operator": "事業者不明",
        "ref": "",
        "url": "",
        "url2": ""
      }
    },
    {
      "type": "Feature",
      "geometry": {
        "type": "Point",
        "coordinates": [
          130.5373821,
          31.648008
        ]
      },
      "properties": {
        "内容": "バス停: 西伊敷七丁目東",
        "name": "西伊敷七丁目東",
        "operator": "事業者不明",
        "ref": "",
        "url": "",
        "url2": ""
      }
    },
    {
      "type": "Feature",
      "geometry": {
        "type": "Point",
        "coordinates": [
          130.5372759,
          31.6479717
        ]
      },
      "properties": {
        "内容": "バス停: 西伊敷七丁目東",
        "name": "西伊敷七丁目東",
        "operator": "事業者不明",
        "ref": "",
        "url": "",
        "url2": ""
      }
    },
    {
      "type": "Feature",
      "geometry": {
        "type": "Point",
        "coordinates": [
          130.5373468,
          31.6460197
        ]
      },
      "properties": {
        "内容": "バス停: 西伊敷六丁目東",
        "name": "西伊敷六丁目東",
        "operator": "事業者不明",
        "ref": "",
        "url": "",
        "url2": ""
      }
    },
    {
      "type": "Feature",
      "geometry": {
        "type": "Point",
        "coordinates": [
          130.5372317,
          31.6458053
        ]
      },
      "properties": {
        "内容": "バス停: 西伊敷六丁目東",
        "name": "西伊敷六丁目東",
        "operator": "事業者不明",
        "ref": "",
        "url": "",
        "url2": ""
      }
    },
    {
      "type": "Feature",
      "geometry": {
        "type": "Point",
        "coordinates": [
          130.5359158,
          31.6449997
        ]
      },
      "properties": {
        "内容": "バス停: 西伊敷六丁目中央",
        "name": "西伊敷六丁目中央",
        "operator": "事業者不明",
        "ref": "",
        "url": "",
        "url2": ""
      }
    },
    {
      "type": "Feature",
      "geometry": {
        "type": "Point",
        "coordinates": [
          130.5358924,
          31.645105
        ]
      },
      "properties": {
        "内容": "バス停: 西伊敷六丁目中央",
        "name": "西伊敷六丁目中央",
        "operator": "事業者不明",
        "ref": "",
        "url": "",
        "url2": ""
      }
    },
    {
      "type": "Feature",
      "geometry": {
        "type": "Point",
        "coordinates": [
          130.530034,
          31.6379197
        ]
      },
      "properties": {
        "内容": "バス停: 西伊敷三丁目東",
        "name": "西伊敷三丁目東",
        "operator": "事業者不明",
        "ref": "",
        "url": "",
        "url2": ""
      }
    },
    {
      "type": "Feature",
      "geometry": {
        "type": "Point",
        "coordinates": [
          130.5346149,
          31.6438062
        ]
      },
      "properties": {
        "内容": "バス停: 西伊敷六丁目中通",
        "name": "西伊敷六丁目中通",
        "operator": "事業者不明",
        "ref": "",
        "url": "",
        "url2": ""
      }
    },
    {
      "type": "Feature",
      "geometry": {
        "type": "Point",
        "coordinates": [
          130.5344947,
          31.6438521
        ]
      },
      "properties": {
        "内容": "バス停: 西伊敷六丁目中通",
        "name": "西伊敷六丁目中通",
        "operator": "事業者不明",
        "ref": "",
        "url": "",
        "url2": ""
      }
    },
    {
      "type": "Feature",
      "geometry": {
        "type": "Point",
        "coordinates": [
          130.5324469,
          31.6406326
        ]
      },
      "properties": {
        "内容": "バス停: 西伊敷小入口",
        "name": "西伊敷小入口",
        "operator": "事業者不明",
        "ref": "",
        "url": "",
        "url2": ""
      }
    },
    {
      "type": "Feature",
      "geometry": {
        "type": "Point",
        "coordinates": [
          130.5324792,
          31.6405473
        ]
      },
      "properties": {
        "内容": "バス停: 西伊敷小入口",
        "name": "西伊敷小入口",
        "operator": "事業者不明",
        "ref": "",
        "url": "",
        "url2": ""
      }
    },
    {
      "type": "Feature",
      "geometry": {
        "type": "Point",
        "coordinates": [
          130.3412294,
          31.4416269
        ]
      },
      "properties": {
        "内容": "バス停: 新山",
        "name": "新山",
        "operator": "事業者不明",
        "ref": "",
        "url": "",
        "url2": ""
      }
    },
    {
      "type": "Feature",
      "geometry": {
        "type": "Point",
        "coordinates": [
          130.33342,
          31.4463299
        ]
      },
      "properties": {
        "内容": "バス停: 塘",
        "name": "塘",
        "operator": "事業者不明",
        "ref": "",
        "url": "",
        "url2": ""
      }
    },
    {
      "type": "Feature",
      "geometry": {
        "type": "Point",
        "coordinates": [
          130.3332859,
          31.4462285
        ]
      },
      "properties": {
        "内容": "バス停: 塘",
        "name": "塘",
        "operator": "事業者不明",
        "ref": "",
        "url": "",
        "url2": ""
      }
    },
    {
      "type": "Feature",
      "geometry": {
        "type": "Point",
        "coordinates": [
          130.3414625,
          31.4411323
        ]
      },
      "properties": {
        "内容": "バス停: 新山",
        "name": "新山",
        "operator": "事業者不明",
        "ref": "",
        "url": "",
        "url2": ""
      }
    },
    {
      "type": "Feature",
      "geometry": {
        "type": "Point",
        "coordinates": [
          130.3464778,
          31.4478691
        ]
      },
      "properties": {
        "内容": "バス停: 中津野",
        "name": "中津野",
        "operator": "事業者不明",
        "ref": "",
        "url": "",
        "url2": ""
      }
    },
    {
      "type": "Feature",
      "geometry": {
        "type": "Point",
        "coordinates": [
          130.5380583,
          31.5698273
        ]
      },
      "properties": {
        "内容": "バス停: 唐湊",
        "name": "唐湊",
        "operator": "事業者不明",
        "ref": "",
        "url": "",
        "url2": ""
      }
    },
    {
      "type": "Feature",
      "geometry": {
        "type": "Point",
        "coordinates": [
          130.537934,
          31.5686298
        ]
      },
      "properties": {
        "内容": "バス停: 唐湊公民館前",
        "name": "唐湊公民館前",
        "operator": "事業者不明",
        "ref": "",
        "url": "",
        "url2": ""
      }
    },
    {
      "type": "Feature",
      "geometry": {
        "type": "Point",
        "coordinates": [
          130.5378375,
          31.56689
        ]
      },
      "properties": {
        "内容": "バス停: 唐湊住宅",
        "name": "唐湊住宅",
        "operator": "事業者不明",
        "ref": "",
        "url": "",
        "url2": ""
      }
    },
    {
      "type": "Feature",
      "geometry": {
        "type": "Point",
        "coordinates": [
          130.4634877,
          31.5998128
        ]
      },
      "properties": {
        "内容": "バス停: 仁田尾団地 (鹿児島市;南国交通)",
        "name": "仁田尾団地",
        "operator": "鹿児島市;南国交通",
        "ref": "",
        "url": "",
        "url2": ""
      }
    },
    {
      "type": "Feature",
      "geometry": {
        "type": "Point",
        "coordinates": [
          130.4634933,
          31.6012652
        ]
      },
      "properties": {
        "内容": "バス停: 仁田尾団地 (鹿児島市;南国交通)",
        "name": "仁田尾団地",
        "operator": "鹿児島市;南国交通",
        "ref": "",
        "url": "",
        "url2": ""
      }
    },
    {
      "type": "Feature",
      "geometry": {
        "type": "Point",
        "coordinates": [
          130.4639903,
          31.5964751
        ]
      },
      "properties": {
        "内容": "バス停: 駅上 (鹿児島市;南国交通)",
        "name": "駅上",
        "operator": "鹿児島市;南国交通",
        "ref": "",
        "url": "",
        "url2": ""
      }
    },
    {
      "type": "Feature",
      "geometry": {
        "type": "Point",
        "coordinates": [
          130.5541768,
          31.5604431
        ]
      },
      "properties": {
        "内容": "バス停: 真砂保育園前",
        "name": "真砂保育園前",
        "operator": "事業者不明",
        "ref": "",
        "url": "",
        "url2": ""
      }
    },
    {
      "type": "Feature",
      "geometry": {
        "type": "Point",
        "coordinates": [
          130.5537182,
          31.5602569
        ]
      },
      "properties": {
        "内容": "バス停: 真砂保育園前",
        "name": "真砂保育園前",
        "operator": "事業者不明",
        "ref": "",
        "url": "",
        "url2": ""
      }
    },
    {
      "type": "Feature",
      "geometry": {
        "type": "Point",
        "coordinates": [
          130.551273,
          31.5606722
        ]
      },
      "properties": {
        "内容": "バス停: 真砂入口",
        "name": "真砂入口",
        "operator": "事業者不明",
        "ref": "",
        "url": "",
        "url2": ""
      }
    },
    {
      "type": "Feature",
      "geometry": {
        "type": "Point",
        "coordinates": [
          130.5511896,
          31.5605248
        ]
      },
      "properties": {
        "内容": "バス停: 真砂入口",
        "name": "真砂入口",
        "operator": "事業者不明",
        "ref": "",
        "url": "",
        "url2": ""
      }
    },
    {
      "type": "Feature",
      "geometry": {
        "type": "Point",
        "coordinates": [
          130.5392238,
          31.5714184
        ]
      },
      "properties": {
        "内容": "バス停: 唐湊郵便局前",
        "name": "唐湊郵便局前",
        "operator": "事業者不明",
        "ref": "",
        "url": "",
        "url2": ""
      }
    },
    {
      "type": "Feature",
      "geometry": {
        "type": "Point",
        "coordinates": [
          130.5393243,
          31.5714381
        ]
      },
      "properties": {
        "内容": "バス停: 唐湊郵便局前",
        "name": "唐湊郵便局前",
        "operator": "事業者不明",
        "ref": "",
        "url": "",
        "url2": ""
      }
    },
    {
      "type": "Feature",
      "geometry": {
        "type": "Point",
        "coordinates": [
          130.5415738,
          31.5746986
        ]
      },
      "properties": {
        "内容": "バス停: 市立病院前",
        "name": "市立病院前",
        "operator": "事業者不明",
        "ref": "",
        "url": "",
        "url2": ""
      }
    },
    {
      "type": "Feature",
      "geometry": {
        "type": "Point",
        "coordinates": [
          130.5415251,
          31.575167
        ]
      },
      "properties": {
        "内容": "バス停: 市立病院前",
        "name": "市立病院前",
        "operator": "事業者不明",
        "ref": "",
        "url": "",
        "url2": ""
      }
    },
    {
      "type": "Feature",
      "geometry": {
        "type": "Point",
        "coordinates": [
          130.5410601,
          31.5735144
        ]
      },
      "properties": {
        "内容": "バス停: 神田",
        "name": "神田",
        "operator": "事業者不明",
        "ref": "",
        "url": "",
        "url2": ""
      }
    },
    {
      "type": "Feature",
      "geometry": {
        "type": "Point",
        "coordinates": [
          130.5411097,
          31.5742062
        ]
      },
      "properties": {
        "内容": "バス停: 神田",
        "name": "神田",
        "operator": "事業者不明",
        "ref": "",
        "url": "",
        "url2": ""
      }
    },
    {
      "type": "Feature",
      "geometry": {
        "type": "Point",
        "coordinates": [
          130.401294,
          31.6288198
        ]
      },
      "properties": {
        "内容": "バス停: 朝日ヶ丘団地入口",
        "name": "朝日ヶ丘団地入口",
        "operator": "事業者不明",
        "ref": "",
        "url": "",
        "url2": ""
      }
    },
    {
      "type": "Feature",
      "geometry": {
        "type": "Point",
        "coordinates": [
          130.4010989,
          31.6288457
        ]
      },
      "properties": {
        "内容": "バス停: 朝日ヶ丘団地入口",
        "name": "朝日ヶ丘団地入口",
        "operator": "事業者不明",
        "ref": "",
        "url": "",
        "url2": ""
      }
    },
    {
      "type": "Feature",
      "geometry": {
        "type": "Point",
        "coordinates": [
          130.4007342,
          31.6320188
        ]
      },
      "properties": {
        "内容": "バス停: 日置警察署前",
        "name": "日置警察署前",
        "operator": "事業者不明",
        "ref": "",
        "url": "",
        "url2": ""
      }
    },
    {
      "type": "Feature",
      "geometry": {
        "type": "Point",
        "coordinates": [
          130.4006311,
          31.6320643
        ]
      },
      "properties": {
        "内容": "バス停: 日置警察署前",
        "name": "日置警察署前",
        "operator": "事業者不明",
        "ref": "",
        "url": "",
        "url2": ""
      }
    },
    {
      "type": "Feature",
      "geometry": {
        "type": "Point",
        "coordinates": [
          130.4010838,
          31.635275
        ]
      },
      "properties": {
        "内容": "バス停: 伊集院高校前",
        "name": "伊集院高校前",
        "operator": "事業者不明",
        "ref": "",
        "url": "",
        "url2": ""
      }
    },
    {
      "type": "Feature",
      "geometry": {
        "type": "Point",
        "coordinates": [
          130.4021657,
          31.6371265
        ]
      },
      "properties": {
        "内容": "バス停: 郡",
        "name": "郡",
        "operator": "事業者不明",
        "ref": "",
        "url": "",
        "url2": ""
      }
    },
    {
      "type": "Feature",
      "geometry": {
        "type": "Point",
        "coordinates": [
          130.4024013,
          31.6376525
        ]
      },
      "properties": {
        "内容": "バス停: 郡",
        "name": "郡",
        "operator": "事業者不明",
        "ref": "",
        "url": "",
        "url2": ""
      }
    },
    {
      "type": "Feature",
      "geometry": {
        "type": "Point",
        "coordinates": [
          130.5554647,
          31.5995127
        ]
      },
      "properties": {
        "内容": "バス停: 薩摩義士碑前",
        "name": "薩摩義士碑前",
        "operator": "事業者不明",
        "ref": "",
        "url": "",
        "url2": ""
      }
    },
    {
      "type": "Feature",
      "geometry": {
        "type": "Point",
        "coordinates": [
          130.5552296,
          31.5994457
        ]
      },
      "properties": {
        "内容": "バス停: 薩摩義士碑前",
        "name": "薩摩義士碑前",
        "operator": "事業者不明",
        "ref": "",
        "url": "",
        "url2": ""
      }
    },
    {
      "type": "Feature",
      "geometry": {
        "type": "Point",
        "coordinates": [
          130.64583,
          31.2178615
        ]
      },
      "properties": {
        "内容": "バス停: フェニックスホテル前",
        "name": "フェニックスホテル前",
        "operator": "事業者不明",
        "ref": "",
        "url": "",
        "url2": ""
      }
    },
    {
      "type": "Feature",
      "geometry": {
        "type": "Point",
        "coordinates": [
          130.64526,
          31.2176574
        ]
      },
      "properties": {
        "内容": "バス停: フェニックスホテル前",
        "name": "フェニックスホテル前",
        "operator": "事業者不明",
        "ref": "",
        "url": "",
        "url2": ""
      }
    },
    {
      "type": "Feature",
      "geometry": {
        "type": "Point",
        "coordinates": [
          130.6404023,
          31.2167522
        ]
      },
      "properties": {
        "内容": "バス停: 大渡",
        "name": "大渡",
        "operator": "事業者不明",
        "ref": "",
        "url": "",
        "url2": ""
      }
    },
    {
      "type": "Feature",
      "geometry": {
        "type": "Point",
        "coordinates": [
          130.640285,
          31.2165529
        ]
      },
      "properties": {
        "内容": "バス停: 大渡",
        "name": "大渡",
        "operator": "事業者不明",
        "ref": "",
        "url": "",
        "url2": ""
      }
    },
    {
      "type": "Feature",
      "geometry": {
        "type": "Point",
        "coordinates": [
          130.6289924,
          31.2096092
        ]
      },
      "properties": {
        "内容": "バス停: 成川",
        "name": "成川",
        "operator": "事業者不明",
        "ref": "",
        "url": "",
        "url2": ""
      }
    },
    {
      "type": "Feature",
      "geometry": {
        "type": "Point",
        "coordinates": [
          130.6287627,
          31.209393
        ]
      },
      "properties": {
        "内容": "バス停: 成川",
        "name": "成川",
        "operator": "事業者不明",
        "ref": "",
        "url": "",
        "url2": ""
      }
    },
    {
      "type": "Feature",
      "geometry": {
        "type": "Point",
        "coordinates": [
          130.6300798,
          31.2112556
        ]
      },
      "properties": {
        "内容": "バス停: 山川駅前",
        "name": "山川駅前",
        "operator": "事業者不明",
        "ref": "",
        "url": "",
        "url2": ""
      }
    },
    {
      "type": "Feature",
      "geometry": {
        "type": "Point",
        "coordinates": [
          130.629823,
          31.2112162
        ]
      },
      "properties": {
        "内容": "バス停: 山川駅前",
        "name": "山川駅前",
        "operator": "事業者不明",
        "ref": "",
        "url": "",
        "url2": ""
      }
    },
    {
      "type": "Feature",
      "geometry": {
        "type": "Point",
        "coordinates": [
          130.6477,
          31.2246501
        ]
      },
      "properties": {
        "内容": "バス停: 丈六入口",
        "name": "丈六入口",
        "operator": "事業者不明",
        "ref": "",
        "url": "",
        "url2": ""
      }
    },
    {
      "type": "Feature",
      "geometry": {
        "type": "Point",
        "coordinates": [
          130.6474669,
          31.224511
        ]
      },
      "properties": {
        "内容": "バス停: 丈六入口",
        "name": "丈六入口",
        "operator": "事業者不明",
        "ref": "",
        "url": "",
        "url2": ""
      }
    },
    {
      "type": "Feature",
      "geometry": {
        "type": "Point",
        "coordinates": [
          130.6503811,
          31.2260567
        ]
      },
      "properties": {
        "内容": "バス停: ホテル入口",
        "name": "ホテル入口",
        "operator": "事業者不明",
        "ref": "",
        "url": "",
        "url2": ""
      }
    },
    {
      "type": "Feature",
      "geometry": {
        "type": "Point",
        "coordinates": [
          130.6504742,
          31.2259912
        ]
      },
      "properties": {
        "内容": "バス停: ホテル入口",
        "name": "ホテル入口",
        "operator": "事業者不明",
        "ref": "",
        "url": "",
        "url2": ""
      }
    },
    {
      "type": "Feature",
      "geometry": {
        "type": "Point",
        "coordinates": [
          130.6479952,
          31.2350671
        ]
      },
      "properties": {
        "内容": "バス停: 迫",
        "name": "迫",
        "operator": "事業者不明",
        "ref": "",
        "url": "",
        "url2": ""
      }
    },
    {
      "type": "Feature",
      "geometry": {
        "type": "Point",
        "coordinates": [
          130.6481447,
          31.235093
        ]
      },
      "properties": {
        "内容": "バス停: 迫",
        "name": "迫",
        "operator": "事業者不明",
        "ref": "",
        "url": "",
        "url2": ""
      }
    },
    {
      "type": "Feature",
      "geometry": {
        "type": "Point",
        "coordinates": [
          130.6503761,
          31.2311491
        ]
      },
      "properties": {
        "内容": "バス停: 湯の浜",
        "name": "湯の浜",
        "operator": "事業者不明",
        "ref": "",
        "url": "",
        "url2": ""
      }
    },
    {
      "type": "Feature",
      "geometry": {
        "type": "Point",
        "coordinates": [
          130.6504144,
          31.2313936
        ]
      },
      "properties": {
        "内容": "バス停: 湯の浜",
        "name": "湯の浜",
        "operator": "事業者不明",
        "ref": "",
        "url": "",
        "url2": ""
      }
    },
    {
      "type": "Feature",
      "geometry": {
        "type": "Point",
        "coordinates": [
          130.6473799,
          31.2372994
        ]
      },
      "properties": {
        "内容": "バス停: 迫北",
        "name": "迫北",
        "operator": "事業者不明",
        "ref": "",
        "url": "",
        "url2": ""
      }
    },
    {
      "type": "Feature",
      "geometry": {
        "type": "Point",
        "coordinates": [
          130.6475626,
          31.2372226
        ]
      },
      "properties": {
        "内容": "バス停: 迫北",
        "name": "迫北",
        "operator": "事業者不明",
        "ref": "",
        "url": "",
        "url2": ""
      }
    },
    {
      "type": "Feature",
      "geometry": {
        "type": "Point",
        "coordinates": [
          130.5230368,
          31.351894
        ]
      },
      "properties": {
        "内容": "バス停: 一倉小前",
        "name": "一倉小前",
        "operator": "事業者不明",
        "ref": "",
        "url": "",
        "url2": ""
      }
    },
    {
      "type": "Feature",
      "geometry": {
        "type": "Point",
        "coordinates": [
          130.5232392,
          31.3519318
        ]
      },
      "properties": {
        "内容": "バス停: 一倉小前",
        "name": "一倉小前",
        "operator": "事業者不明",
        "ref": "",
        "url": "",
        "url2": ""
      }
    },
    {
      "type": "Feature",
      "geometry": {
        "type": "Point",
        "coordinates": [
          130.5225864,
          31.3542349
        ]
      },
      "properties": {
        "内容": "バス停: 弓指",
        "name": "弓指",
        "operator": "事業者不明",
        "ref": "",
        "url": "",
        "url2": ""
      }
    },
    {
      "type": "Feature",
      "geometry": {
        "type": "Point",
        "coordinates": [
          130.5227532,
          31.3542366
        ]
      },
      "properties": {
        "内容": "バス停: 弓指",
        "name": "弓指",
        "operator": "事業者不明",
        "ref": "",
        "url": "",
        "url2": ""
      }
    },
    {
      "type": "Feature",
      "geometry": {
        "type": "Point",
        "coordinates": [
          130.5097105,
          31.3534624
        ]
      },
      "properties": {
        "内容": "バス停: 観光農業公園前",
        "name": "観光農業公園前",
        "operator": "事業者不明",
        "ref": "",
        "url": "",
        "url2": ""
      }
    },
    {
      "type": "Feature",
      "geometry": {
        "type": "Point",
        "coordinates": [
          130.5429686,
          31.3744229
        ]
      },
      "properties": {
        "内容": "バス停: 喜入支所前",
        "name": "喜入支所前",
        "operator": "事業者不明",
        "ref": "",
        "url": "",
        "url2": ""
      }
    },
    {
      "type": "Feature",
      "geometry": {
        "type": "Point",
        "coordinates": [
          130.5429453,
          31.3743645
        ]
      },
      "properties": {
        "内容": "バス停: 喜入支所前",
        "name": "喜入支所前",
        "operator": "事業者不明",
        "ref": "",
        "url": "",
        "url2": ""
      }
    },
    {
      "type": "Feature",
      "geometry": {
        "type": "Point",
        "coordinates": [
          130.5127023,
          31.4703695
        ]
      },
      "properties": {
        "内容": "バス停: 産機団地",
        "name": "産機団地",
        "operator": "事業者不明",
        "ref": "",
        "url": "",
        "url2": ""
      }
    },
    {
      "type": "Feature",
      "geometry": {
        "type": "Point",
        "coordinates": [
          130.5126756,
          31.4710443
        ]
      },
      "properties": {
        "内容": "バス停: 産機団地",
        "name": "産機団地",
        "operator": "事業者不明",
        "ref": "",
        "url": "",
        "url2": ""
      }
    },
    {
      "type": "Feature",
      "geometry": {
        "type": "Point",
        "coordinates": [
          130.5126194,
          31.4765649
        ]
      },
      "properties": {
        "内容": "バス停: 七ツ島",
        "name": "七ツ島",
        "operator": "事業者不明",
        "ref": "",
        "url": "",
        "url2": ""
      }
    },
    {
      "type": "Feature",
      "geometry": {
        "type": "Point",
        "coordinates": [
          130.5123077,
          31.476581
        ]
      },
      "properties": {
        "内容": "バス停: 七ツ島",
        "name": "七ツ島",
        "operator": "事業者不明",
        "ref": "",
        "url": "",
        "url2": ""
      }
    },
    {
      "type": "Feature",
      "geometry": {
        "type": "Point",
        "coordinates": [
          130.5125606,
          31.4864758
        ]
      },
      "properties": {
        "内容": "バス停: サンライフプール前",
        "name": "サンライフプール前",
        "operator": "事業者不明",
        "ref": "",
        "url": "",
        "url2": ""
      }
    },
    {
      "type": "Feature",
      "geometry": {
        "type": "Point",
        "coordinates": [
          130.5127758,
          31.4854557
        ]
      },
      "properties": {
        "内容": "バス停: サンライフプール前",
        "name": "サンライフプール前",
        "operator": "事業者不明",
        "ref": "",
        "url": "",
        "url2": ""
      }
    },
    {
      "type": "Feature",
      "geometry": {
        "type": "Point",
        "coordinates": [
          130.5285843,
          31.5343324
        ]
      },
      "properties": {
        "内容": "バス停: 上塩屋",
        "name": "上塩屋",
        "operator": "事業者不明",
        "ref": "",
        "url": "",
        "url2": ""
      }
    },
    {
      "type": "Feature",
      "geometry": {
        "type": "Point",
        "coordinates": [
          130.5289421,
          31.5347874
        ]
      },
      "properties": {
        "内容": "バス停: 上塩屋",
        "name": "上塩屋",
        "operator": "事業者不明",
        "ref": "",
        "url": "",
        "url2": ""
      }
    },
    {
      "type": "Feature",
      "geometry": {
        "type": "Point",
        "coordinates": [
          130.5322394,
          31.5609879
        ]
      },
      "properties": {
        "内容": "バス停: 紫原中央",
        "name": "紫原中央",
        "operator": "事業者不明",
        "ref": "",
        "url": "",
        "url2": ""
      }
    },
    {
      "type": "Feature",
      "geometry": {
        "type": "Point",
        "coordinates": [
          130.532215,
          31.5610585
        ]
      },
      "properties": {
        "内容": "バス停: 紫原中央",
        "name": "紫原中央",
        "operator": "事業者不明",
        "ref": "",
        "url": "",
        "url2": ""
      }
    },
    {
      "type": "Feature",
      "geometry": {
        "type": "Point",
        "coordinates": [
          130.3396635,
          31.5342355
        ]
      },
      "properties": {
        "内容": "バス停: 吹上小野",
        "name": "吹上小野",
        "operator": "事業者不明",
        "ref": "",
        "url": "",
        "url2": ""
      }
    },
    {
      "type": "Feature",
      "geometry": {
        "type": "Point",
        "coordinates": [
          130.3395909,
          31.5340837
        ]
      },
      "properties": {
        "内容": "バス停: 吹上小野",
        "name": "吹上小野",
        "operator": "事業者不明",
        "ref": "",
        "url": "",
        "url2": ""
      }
    },
    {
      "type": "Feature",
      "geometry": {
        "type": "Point",
        "coordinates": [
          130.3567075,
          31.5092626
        ]
      },
      "properties": {
        "内容": "バス停: 片町",
        "name": "片町",
        "operator": "事業者不明",
        "ref": "",
        "url": "",
        "url2": ""
      }
    },
    {
      "type": "Feature",
      "geometry": {
        "type": "Point",
        "coordinates": [
          130.3567531,
          31.509164
        ]
      },
      "properties": {
        "内容": "バス停: 片町",
        "name": "片町",
        "operator": "事業者不明",
        "ref": "",
        "url": "",
        "url2": ""
      }
    },
    {
      "type": "Feature",
      "geometry": {
        "type": "Point",
        "coordinates": [
          130.503283,
          31.5638191
        ]
      },
      "properties": {
        "内容": "バス停: 山田 (鹿児島交通)",
        "name": "山田",
        "operator": "鹿児島交通",
        "ref": "",
        "url": "",
        "url2": ""
      }
    },
    {
      "type": "Feature",
      "geometry": {
        "type": "Point",
        "coordinates": [
          130.5031407,
          31.5634675
        ]
      },
      "properties": {
        "内容": "バス停: 山田 (鹿児島交通)",
        "name": "山田",
        "operator": "鹿児島交通",
        "ref": "",
        "url": "",
        "url2": ""
      }
    },
    {
      "type": "Feature",
      "geometry": {
        "type": "Point",
        "coordinates": [
          130.5043685,
          31.5609492
        ]
      },
      "properties": {
        "内容": "バス停: 谷山北中前",
        "name": "谷山北中前",
        "operator": "事業者不明",
        "ref": "",
        "url": "",
        "url2": ""
      }
    },
    {
      "type": "Feature",
      "geometry": {
        "type": "Point",
        "coordinates": [
          130.5039442,
          31.5611967
        ]
      },
      "properties": {
        "内容": "バス停: 谷山北中前",
        "name": "谷山北中前",
        "operator": "事業者不明",
        "ref": "",
        "url": "",
        "url2": ""
      }
    },
    {
      "type": "Feature",
      "geometry": {
        "type": "Point",
        "coordinates": [
          130.5610668,
          31.5628085
        ]
      },
      "properties": {
        "内容": "バス停: KKB前;陸上競技場前",
        "name": "KKB前;陸上競技場前",
        "operator": "事業者不明",
        "ref": "",
        "url": "",
        "url2": ""
      }
    },
    {
      "type": "Feature",
      "geometry": {
        "type": "Point",
        "coordinates": [
          130.5612836,
          31.5627241
        ]
      },
      "properties": {
        "内容": "バス停: KKB前;陸上競技場前",
        "name": "KKB前;陸上競技場前",
        "operator": "事業者不明",
        "ref": "",
        "url": "",
        "url2": ""
      }
    },
    {
      "type": "Feature",
      "geometry": {
        "type": "Point",
        "coordinates": [
          130.5210477,
          31.5149487
        ]
      },
      "properties": {
        "内容": "バス停: 卸本町中央",
        "name": "卸本町中央",
        "operator": "事業者不明",
        "ref": "",
        "url": "",
        "url2": ""
      }
    },
    {
      "type": "Feature",
      "geometry": {
        "type": "Point",
        "coordinates": [
          130.4777015,
          31.6902234
        ]
      },
      "properties": {
        "内容": "バス停: 油須木",
        "name": "油須木",
        "operator": "事業者不明",
        "ref": "",
        "url": "",
        "url2": ""
      }
    },
    {
      "type": "Feature",
      "geometry": {
        "type": "Point",
        "coordinates": [
          130.4777195,
          31.6897331
        ]
      },
      "properties": {
        "内容": "バス停: 油須木",
        "name": "油須木",
        "operator": "事業者不明",
        "ref": "",
        "url": "",
        "url2": ""
      }
    },
    {
      "type": "Feature",
      "geometry": {
        "type": "Point",
        "coordinates": [
          130.4789591,
          31.7091188
        ]
      },
      "properties": {
        "内容": "バス停: 茄子田",
        "name": "茄子田",
        "operator": "事業者不明",
        "ref": "",
        "url": "",
        "url2": ""
      }
    },
    {
      "type": "Feature",
      "geometry": {
        "type": "Point",
        "coordinates": [
          130.4783737,
          31.7091018
        ]
      },
      "properties": {
        "内容": "バス停: 茄子田",
        "name": "茄子田",
        "operator": "事業者不明",
        "ref": "",
        "url": "",
        "url2": ""
      }
    },
    {
      "type": "Feature",
      "geometry": {
        "type": "Point",
        "coordinates": [
          130.481405,
          31.7069143
        ]
      },
      "properties": {
        "内容": "バス停: 茄子田下",
        "name": "茄子田下",
        "operator": "事業者不明",
        "ref": "",
        "url": "",
        "url2": ""
      }
    },
    {
      "type": "Feature",
      "geometry": {
        "type": "Point",
        "coordinates": [
          130.4810892,
          31.7070558
        ]
      },
      "properties": {
        "内容": "バス停: 茄子田下",
        "name": "茄子田下",
        "operator": "事業者不明",
        "ref": "",
        "url": "",
        "url2": ""
      }
    },
    {
      "type": "Feature",
      "geometry": {
        "type": "Point",
        "coordinates": [
          130.4814608,
          31.7044317
        ]
      },
      "properties": {
        "内容": "バス停: 花尾口",
        "name": "花尾口",
        "operator": "事業者不明",
        "ref": "",
        "url": "",
        "url2": ""
      }
    },
    {
      "type": "Feature",
      "geometry": {
        "type": "Point",
        "coordinates": [
          130.4812918,
          31.704499
        ]
      },
      "properties": {
        "内容": "バス停: 花尾口",
        "name": "花尾口",
        "operator": "事業者不明",
        "ref": "",
        "url": "",
        "url2": ""
      }
    },
    {
      "type": "Feature",
      "geometry": {
        "type": "Point",
        "coordinates": [
          130.5190754,
          31.5267292
        ]
      },
      "properties": {
        "内容": "バス停: 谷山駅前",
        "name": "谷山駅前",
        "operator": "事業者不明",
        "ref": "",
        "url": "",
        "url2": ""
      }
    },
    {
      "type": "Feature",
      "geometry": {
        "type": "Point",
        "coordinates": [
          130.518698,
          31.5264267
        ]
      },
      "properties": {
        "内容": "バス停: 谷山駅前",
        "name": "谷山駅前",
        "operator": "事業者不明",
        "ref": "",
        "url": "",
        "url2": ""
      }
    },
    {
      "type": "Feature",
      "geometry": {
        "type": "Point",
        "coordinates": [
          130.5373384,
          31.2050369
        ]
      },
      "properties": {
        "内容": "バス停: 開聞口",
        "name": "開聞口",
        "operator": "事業者不明",
        "ref": "",
        "url": "",
        "url2": ""
      }
    },
    {
      "type": "Feature",
      "geometry": {
        "type": "Point",
        "coordinates": [
          130.5372957,
          31.2051688
        ]
      },
      "properties": {
        "内容": "バス停: 開聞口",
        "name": "開聞口",
        "operator": "事業者不明",
        "ref": "",
        "url": "",
        "url2": ""
      }
    },
    {
      "type": "Feature",
      "geometry": {
        "type": "Point",
        "coordinates": [
          130.5179032,
          31.203801
        ]
      },
      "properties": {
        "内容": "バス停: 東入野",
        "name": "東入野",
        "operator": "事業者不明",
        "ref": "",
        "url": "",
        "url2": ""
      }
    },
    {
      "type": "Feature",
      "geometry": {
        "type": "Point",
        "coordinates": [
          130.5106242,
          31.2130786
        ]
      },
      "properties": {
        "内容": "バス停: 物袋",
        "name": "物袋",
        "operator": "事業者不明",
        "ref": "",
        "url": "",
        "url2": ""
      }
    },
    {
      "type": "Feature",
      "geometry": {
        "type": "Point",
        "coordinates": [
          130.5107539,
          31.2131181
        ]
      },
      "properties": {
        "内容": "バス停: 物袋",
        "name": "物袋",
        "operator": "事業者不明",
        "ref": "",
        "url": "",
        "url2": ""
      }
    },
    {
      "type": "Feature",
      "geometry": {
        "type": "Point",
        "coordinates": [
          130.5219887,
          31.2018917
        ]
      },
      "properties": {
        "内容": "バス停: 脇入口",
        "name": "脇入口",
        "operator": "事業者不明",
        "ref": "",
        "url": "",
        "url2": ""
      }
    },
    {
      "type": "Feature",
      "geometry": {
        "type": "Point",
        "coordinates": [
          130.5223253,
          31.2023242
        ]
      },
      "properties": {
        "内容": "バス停: 脇入口",
        "name": "脇入口",
        "operator": "事業者不明",
        "ref": "",
        "url": "",
        "url2": ""
      }
    },
    {
      "type": "Feature",
      "geometry": {
        "type": "Point",
        "coordinates": [
          130.5346739,
          31.2049562
        ]
      },
      "properties": {
        "内容": "バス停: 開聞駅前",
        "name": "開聞駅前",
        "operator": "事業者不明",
        "ref": "",
        "url": "",
        "url2": ""
      }
    },
    {
      "type": "Feature",
      "geometry": {
        "type": "Point",
        "coordinates": [
          130.5345268,
          31.2050601
        ]
      },
      "properties": {
        "内容": "バス停: 開聞駅前",
        "name": "開聞駅前",
        "operator": "事業者不明",
        "ref": "",
        "url": "",
        "url2": ""
      }
    },
    {
      "type": "Feature",
      "geometry": {
        "type": "Point",
        "coordinates": [
          130.4200555,
          31.4108445
        ]
      },
      "properties": {
        "内容": "バス停: 宇都",
        "name": "宇都",
        "operator": "事業者不明",
        "ref": "",
        "url": "",
        "url2": ""
      }
    },
    {
      "type": "Feature",
      "geometry": {
        "type": "Point",
        "coordinates": [
          130.5177493,
          31.6011421
        ]
      },
      "properties": {
        "内容": "バス停: 明和南",
        "name": "明和南",
        "operator": "事業者不明",
        "ref": "",
        "url": "",
        "url2": ""
      }
    },
    {
      "type": "Feature",
      "geometry": {
        "type": "Point",
        "coordinates": [
          130.5214583,
          31.6023339
        ]
      },
      "properties": {
        "内容": "バス停: 明和中学前",
        "name": "明和中学前",
        "operator": "事業者不明",
        "ref": "",
        "url": "",
        "url2": ""
      }
    },
    {
      "type": "Feature",
      "geometry": {
        "type": "Point",
        "coordinates": [
          130.5217896,
          31.6115566
        ]
      },
      "properties": {
        "内容": "バス停: 馬込",
        "name": "馬込",
        "operator": "事業者不明",
        "ref": "",
        "url": "",
        "url2": ""
      }
    },
    {
      "type": "Feature",
      "geometry": {
        "type": "Point",
        "coordinates": [
          130.5173489,
          31.6041997
        ]
      },
      "properties": {
        "内容": "バス停: 北枝",
        "name": "北枝",
        "operator": "事業者不明",
        "ref": "",
        "url": "",
        "url2": ""
      }
    },
    {
      "type": "Feature",
      "geometry": {
        "type": "Point",
        "coordinates": [
          130.5628339,
          31.5961043
        ]
      },
      "properties": {
        "内容": "バス停: 名称不明バス停",
        "name": "名称不明バス停",
        "operator": "事業者不明",
        "ref": "",
        "url": "",
        "url2": ""
      }
    },
    {
      "type": "Feature",
      "geometry": {
        "type": "Point",
        "coordinates": [
          130.5649648,
          31.566723
        ]
      },
      "properties": {
        "内容": "バス停: 市民文化ホール北口",
        "name": "市民文化ホール北口",
        "operator": "事業者不明",
        "ref": "",
        "url": "",
        "url2": ""
      }
    },
    {
      "type": "Feature",
      "geometry": {
        "type": "Point",
        "coordinates": [
          130.5262776,
          31.5293848
        ]
      },
      "properties": {
        "内容": "バス停: 谷山電停前 (鹿児島交通)",
        "name": "谷山電停前",
        "operator": "鹿児島交通",
        "ref": "",
        "url": "",
        "url2": ""
      }
    },
    {
      "type": "Feature",
      "geometry": {
        "type": "Point",
        "coordinates": [
          130.5399231,
          31.5998046
        ]
      },
      "properties": {
        "内容": "バス停: 草牟田",
        "name": "草牟田",
        "operator": "事業者不明",
        "ref": "",
        "url": "",
        "url2": ""
      }
    },
    {
      "type": "Feature",
      "geometry": {
        "type": "Point",
        "coordinates": [
          130.187553,
          31.4046798
        ]
      },
      "properties": {
        "内容": "バス停: 黒瀬入口",
        "name": "黒瀬入口",
        "operator": "事業者不明",
        "ref": "",
        "url": "",
        "url2": ""
      }
    },
    {
      "type": "Feature",
      "geometry": {
        "type": "Point",
        "coordinates": [
          130.1876791,
          31.4048672
        ]
      },
      "properties": {
        "内容": "バス停: 黒瀬入口",
        "name": "黒瀬入口",
        "operator": "事業者不明",
        "ref": "",
        "url": "",
        "url2": ""
      }
    },
    {
      "type": "Feature",
      "geometry": {
        "type": "Point",
        "coordinates": [
          130.5422317,
          31.5746504
        ]
      },
      "properties": {
        "内容": "バス停: 市立病院",
        "name": "市立病院",
        "operator": "事業者不明",
        "ref": "",
        "url": "",
        "url2": ""
      }
    },
    {
      "type": "Feature",
      "geometry": {
        "type": "Point",
        "coordinates": [
          130.5086079,
          31.582957
        ]
      },
      "properties": {
        "内容": "バス停: 西陵四丁目",
        "name": "西陵四丁目",
        "operator": "事業者不明",
        "ref": "",
        "url": "",
        "url2": ""
      }
    },
    {
      "type": "Feature",
      "geometry": {
        "type": "Point",
        "coordinates": [
          130.5085041,
          31.5829957
        ]
      },
      "properties": {
        "内容": "バス停: 西陵四丁目",
        "name": "西陵四丁目",
        "operator": "事業者不明",
        "ref": "",
        "url": "",
        "url2": ""
      }
    },
    {
      "type": "Feature",
      "geometry": {
        "type": "Point",
        "coordinates": [
          129.5589811,
          28.4460184
        ]
      },
      "properties": {
        "内容": "バス停: 秋名",
        "name": "秋名",
        "operator": "事業者不明",
        "ref": "",
        "url": "",
        "url2": ""
      }
    },
    {
      "type": "Feature",
      "geometry": {
        "type": "Point",
        "coordinates": [
          129.5687202,
          28.4536192
        ]
      },
      "properties": {
        "内容": "バス停: 嘉渡",
        "name": "嘉渡",
        "operator": "事業者不明",
        "ref": "",
        "url": "",
        "url2": ""
      }
    },
    {
      "type": "Feature",
      "geometry": {
        "type": "Point",
        "coordinates": [
          129.570185,
          28.4552854
        ]
      },
      "properties": {
        "内容": "バス停: 嘉渡入口",
        "name": "嘉渡入口",
        "operator": "事業者不明",
        "ref": "",
        "url": "",
        "url2": ""
      }
    },
    {
      "type": "Feature",
      "geometry": {
        "type": "Point",
        "coordinates": [
          129.5878613,
          28.4664089
        ]
      },
      "properties": {
        "内容": "バス停: 円",
        "name": "円",
        "operator": "事業者不明",
        "ref": "",
        "url": "",
        "url2": ""
      }
    },
    {
      "type": "Feature",
      "geometry": {
        "type": "Point",
        "coordinates": [
          129.5960124,
          28.4342475
        ]
      },
      "properties": {
        "内容": "バス停: 久場",
        "name": "久場",
        "operator": "事業者不明",
        "ref": "",
        "url": "",
        "url2": ""
      }
    },
    {
      "type": "Feature",
      "geometry": {
        "type": "Point",
        "coordinates": [
          129.6058062,
          28.4359123
        ]
      },
      "properties": {
        "内容": "バス停: 番屋",
        "name": "番屋",
        "operator": "事業者不明",
        "ref": "",
        "url": "",
        "url2": ""
      }
    },
    {
      "type": "Feature",
      "geometry": {
        "type": "Point",
        "coordinates": [
          129.5916025,
          28.4234166
        ]
      },
      "properties": {
        "内容": "バス停: 瀬留",
        "name": "瀬留",
        "operator": "事業者不明",
        "ref": "",
        "url": "",
        "url2": ""
      }
    },
    {
      "type": "Feature",
      "geometry": {
        "type": "Point",
        "coordinates": [
          129.5871478,
          28.4092644
        ]
      },
      "properties": {
        "内容": "バス停: 浦",
        "name": "浦",
        "operator": "事業者不明",
        "ref": "",
        "url": "",
        "url2": ""
      }
    },
    {
      "type": "Feature",
      "geometry": {
        "type": "Point",
        "coordinates": [
          129.5871029,
          28.4092747
        ]
      },
      "properties": {
        "内容": "バス停: 浦",
        "name": "浦",
        "operator": "事業者不明",
        "ref": "",
        "url": "",
        "url2": ""
      }
    },
    {
      "type": "Feature",
      "geometry": {
        "type": "Point",
        "coordinates": [
          129.6475879,
          28.4271141
        ]
      },
      "properties": {
        "内容": "バス停: 一屯",
        "name": "一屯",
        "operator": "事業者不明",
        "ref": "",
        "url": "",
        "url2": ""
      }
    },
    {
      "type": "Feature",
      "geometry": {
        "type": "Point",
        "coordinates": [
          129.6476235,
          28.4271892
        ]
      },
      "properties": {
        "内容": "バス停: 一屯",
        "name": "一屯",
        "operator": "事業者不明",
        "ref": "",
        "url": "",
        "url2": ""
      }
    },
    {
      "type": "Feature",
      "geometry": {
        "type": "Point",
        "coordinates": [
          129.6768779,
          28.4500651
        ]
      },
      "properties": {
        "内容": "バス停: 大島北高等学校前",
        "name": "大島北高等学校前",
        "operator": "事業者不明",
        "ref": "",
        "url": "",
        "url2": ""
      }
    },
    {
      "type": "Feature",
      "geometry": {
        "type": "Point",
        "coordinates": [
          129.6767567,
          28.4497697
        ]
      },
      "properties": {
        "内容": "バス停: 大島北高等学校前",
        "name": "大島北高等学校前",
        "operator": "事業者不明",
        "ref": "",
        "url": "",
        "url2": ""
      }
    },
    {
      "type": "Feature",
      "geometry": {
        "type": "Point",
        "coordinates": [
          129.6568273,
          28.4979949
        ]
      },
      "properties": {
        "内容": "バス停: 屋仁",
        "name": "屋仁",
        "operator": "事業者不明",
        "ref": "",
        "url": "",
        "url2": ""
      }
    },
    {
      "type": "Feature",
      "geometry": {
        "type": "Point",
        "coordinates": [
          129.6709883,
          28.5132724
        ]
      },
      "properties": {
        "内容": "バス停: 佐仁",
        "name": "佐仁",
        "operator": "事業者不明",
        "ref": "",
        "url": "",
        "url2": ""
      }
    },
    {
      "type": "Feature",
      "geometry": {
        "type": "Point",
        "coordinates": [
          130.5233586,
          31.5301619
        ]
      },
      "properties": {
        "内容": "バス停: 谷山電停 (鹿児島市交通局)",
        "name": "谷山電停",
        "operator": "鹿児島市交通局",
        "ref": "",
        "url": "",
        "url2": ""
      }
    },
    {
      "type": "Feature",
      "geometry": {
        "type": "Point",
        "coordinates": [
          129.7117515,
          28.4493151
        ]
      },
      "properties": {
        "内容": "バス停: 宇宿局前",
        "name": "宇宿局前",
        "operator": "事業者不明",
        "ref": "",
        "url": "",
        "url2": ""
      }
    },
    {
      "type": "Feature",
      "geometry": {
        "type": "Point",
        "coordinates": [
          129.7018569,
          28.4241112
        ]
      },
      "properties": {
        "内容": "バス停: 和野",
        "name": "和野",
        "operator": "事業者不明",
        "ref": "",
        "url": "",
        "url2": ""
      }
    },
    {
      "type": "Feature",
      "geometry": {
        "type": "Point",
        "coordinates": [
          129.7018252,
          28.4241943
        ]
      },
      "properties": {
        "内容": "バス停: 和野",
        "name": "和野",
        "operator": "事業者不明",
        "ref": "",
        "url": "",
        "url2": ""
      }
    },
    {
      "type": "Feature",
      "geometry": {
        "type": "Point",
        "coordinates": [
          129.69408,
          28.4163469
        ]
      },
      "properties": {
        "内容": "バス停: 奄美パーク",
        "name": "奄美パーク",
        "operator": "事業者不明",
        "ref": "",
        "url": "",
        "url2": ""
      }
    },
    {
      "type": "Feature",
      "geometry": {
        "type": "Point",
        "coordinates": [
          129.6886918,
          28.4151503
        ]
      },
      "properties": {
        "内容": "バス停: 節田",
        "name": "節田",
        "operator": "事業者不明",
        "ref": "",
        "url": "",
        "url2": ""
      }
    },
    {
      "type": "Feature",
      "geometry": {
        "type": "Point",
        "coordinates": [
          129.6891581,
          28.4151654
        ]
      },
      "properties": {
        "内容": "バス停: 節田",
        "name": "節田",
        "operator": "事業者不明",
        "ref": "",
        "url": "",
        "url2": ""
      }
    },
    {
      "type": "Feature",
      "geometry": {
        "type": "Point",
        "coordinates": [
          129.6822394,
          28.4139513
        ]
      },
      "properties": {
        "内容": "バス停: 笠寿園前",
        "name": "笠寿園前",
        "operator": "事業者不明",
        "ref": "",
        "url": "",
        "url2": ""
      }
    },
    {
      "type": "Feature",
      "geometry": {
        "type": "Point",
        "coordinates": [
          129.682379,
          28.4140741
        ]
      },
      "properties": {
        "内容": "バス停: 笠寿園前",
        "name": "笠寿園前",
        "operator": "事業者不明",
        "ref": "",
        "url": "",
        "url2": ""
      }
    },
    {
      "type": "Feature",
      "geometry": {
        "type": "Point",
        "coordinates": [
          129.6795954,
          28.4267635
        ]
      },
      "properties": {
        "内容": "バス停: 平",
        "name": "平",
        "operator": "事業者不明",
        "ref": "",
        "url": "",
        "url2": ""
      }
    },
    {
      "type": "Feature",
      "geometry": {
        "type": "Point",
        "coordinates": [
          130.2098486,
          32.0364908
        ]
      },
      "properties": {
        "内容": "バス停: グランド入口(阿久根) (南国交通)",
        "name": "グランド入口(阿久根)",
        "operator": "南国交通",
        "ref": "",
        "url": "",
        "url2": ""
      }
    },
    {
      "type": "Feature",
      "geometry": {
        "type": "Point",
        "coordinates": [
          130.2083123,
          32.0361979
        ]
      },
      "properties": {
        "内容": "バス停: グランド入口(阿久根) (南国交通)",
        "name": "グランド入口(阿久根)",
        "operator": "南国交通",
        "ref": "",
        "url": "",
        "url2": ""
      }
    },
    {
      "type": "Feature",
      "geometry": {
        "type": "Point",
        "coordinates": [
          130.5180798,
          31.5470273
        ]
      },
      "properties": {
        "内容": "バス停: 桜丘交番前",
        "name": "桜丘交番前",
        "operator": "事業者不明",
        "ref": "",
        "url": "",
        "url2": ""
      }
    },
    {
      "type": "Feature",
      "geometry": {
        "type": "Point",
        "coordinates": [
          130.5201009,
          31.5455835
        ]
      },
      "properties": {
        "内容": "バス停: 桜ヶ丘6丁目公園前",
        "name": "桜ヶ丘6丁目公園前",
        "operator": "事業者不明",
        "ref": "",
        "url": "",
        "url2": ""
      }
    },
    {
      "type": "Feature",
      "geometry": {
        "type": "Point",
        "coordinates": [
          130.518013,
          31.5471674
        ]
      },
      "properties": {
        "内容": "バス停: 桜丘交番前",
        "name": "桜丘交番前",
        "operator": "事業者不明",
        "ref": "",
        "url": "",
        "url2": ""
      }
    },
    {
      "type": "Feature",
      "geometry": {
        "type": "Point",
        "coordinates": [
          130.5153392,
          31.5500045
        ]
      },
      "properties": {
        "内容": "バス停: ショッピングセンター前",
        "name": "ショッピングセンター前",
        "operator": "事業者不明",
        "ref": "",
        "url": "",
        "url2": ""
      }
    },
    {
      "type": "Feature",
      "geometry": {
        "type": "Point",
        "coordinates": [
          130.5113713,
          31.5562132
        ]
      },
      "properties": {
        "内容": "バス停: 桜ケ丘西小前",
        "name": "桜ケ丘西小前",
        "operator": "事業者不明",
        "ref": "",
        "url": "",
        "url2": ""
      }
    },
    {
      "type": "Feature",
      "geometry": {
        "type": "Point",
        "coordinates": [
          130.5187531,
          31.5494046
        ]
      },
      "properties": {
        "内容": "バス停: 桜ヶ丘五丁目",
        "name": "桜ヶ丘五丁目",
        "operator": "事業者不明",
        "ref": "",
        "url": "",
        "url2": ""
      }
    },
    {
      "type": "Feature",
      "geometry": {
        "type": "Point",
        "coordinates": [
          130.5207104,
          31.5478908
        ]
      },
      "properties": {
        "内容": "バス停: 桜ケ丘東小前",
        "name": "桜ケ丘東小前",
        "operator": "事業者不明",
        "ref": "",
        "url": "",
        "url2": ""
      }
    },
    {
      "type": "Feature",
      "geometry": {
        "type": "Point",
        "coordinates": [
          130.5132739,
          31.5527227
        ]
      },
      "properties": {
        "内容": "バス停: 県営住宅前",
        "name": "県営住宅前",
        "operator": "事業者不明",
        "ref": "",
        "url": "",
        "url2": ""
      }
    },
    {
      "type": "Feature",
      "geometry": {
        "type": "Point",
        "coordinates": [
          129.1844197,
          28.1864174
        ]
      },
      "properties": {
        "内容": "バス停: 実久 (加計呂麻バス)",
        "name": "実久",
        "operator": "加計呂麻バス",
        "ref": "",
        "url": "",
        "url2": ""
      }
    },
    {
      "type": "Feature",
      "geometry": {
        "type": "Point",
        "coordinates": [
          129.2114308,
          28.1925988
        ]
      },
      "properties": {
        "内容": "バス停: 芝 (加計呂麻バス)",
        "name": "芝",
        "operator": "加計呂麻バス",
        "ref": "",
        "url": "",
        "url2": ""
      }
    },
    {
      "type": "Feature",
      "geometry": {
        "type": "Point",
        "coordinates": [
          129.2037322,
          28.178345
        ]
      },
      "properties": {
        "内容": "バス停: 薩川 (加計呂麻バス)",
        "name": "薩川",
        "operator": "加計呂麻バス",
        "ref": "",
        "url": "",
        "url2": ""
      }
    },
    {
      "type": "Feature",
      "geometry": {
        "type": "Point",
        "coordinates": [
          129.2101917,
          28.1658864
        ]
      },
      "properties": {
        "内容": "バス停: 瀬武 (加計呂麻バス)",
        "name": "瀬武",
        "operator": "加計呂麻バス",
        "ref": "",
        "url": "",
        "url2": ""
      }
    },
    {
      "type": "Feature",
      "geometry": {
        "type": "Point",
        "coordinates": [
          129.198689,
          28.1523654
        ]
      },
      "properties": {
        "内容": "バス停: 阿多地 (加計呂麻バス)",
        "name": "阿多地",
        "operator": "加計呂麻バス",
        "ref": "",
        "url": "",
        "url2": ""
      }
    },
    {
      "type": "Feature",
      "geometry": {
        "type": "Point",
        "coordinates": [
          129.210889,
          28.1461035
        ]
      },
      "properties": {
        "内容": "バス停: 須子茂 (加計呂麻バス)",
        "name": "須子茂",
        "operator": "加計呂麻バス",
        "ref": "",
        "url": "",
        "url2": ""
      }
    },
    {
      "type": "Feature",
      "geometry": {
        "type": "Point",
        "coordinates": [
          129.2201286,
          28.1584181
        ]
      },
      "properties": {
        "内容": "バス停: 木慈 (加計呂麻バス)",
        "name": "木慈",
        "operator": "加計呂麻バス",
        "ref": "",
        "url": "",
        "url2": ""
      }
    },
    {
      "type": "Feature",
      "geometry": {
        "type": "Point",
        "coordinates": [
          129.219912,
          28.1409955
        ]
      },
      "properties": {
        "内容": "バス停: 嘉入 (加計呂麻バス)",
        "name": "嘉入",
        "operator": "加計呂麻バス",
        "ref": "",
        "url": "",
        "url2": ""
      }
    },
    {
      "type": "Feature",
      "geometry": {
        "type": "Point",
        "coordinates": [
          129.2441384,
          28.1492638
        ]
      },
      "properties": {
        "内容": "バス停: 三浦 (加計呂麻バス)",
        "name": "三浦",
        "operator": "加計呂麻バス",
        "ref": "",
        "url": "",
        "url2": ""
      }
    },
    {
      "type": "Feature",
      "geometry": {
        "type": "Point",
        "coordinates": [
          129.2419386,
          28.1356647
        ]
      },
      "properties": {
        "内容": "バス停: 俵 (加計呂麻バス)",
        "name": "俵",
        "operator": "加計呂麻バス",
        "ref": "",
        "url": "",
        "url2": ""
      }
    },
    {
      "type": "Feature",
      "geometry": {
        "type": "Point",
        "coordinates": [
          129.2209024,
          28.1115023
        ]
      },
      "properties": {
        "内容": "バス停: 西阿室 (加計呂麻バス)",
        "name": "西阿室",
        "operator": "加計呂麻バス",
        "ref": "",
        "url": "",
        "url2": ""
      }
    },
    {
      "type": "Feature",
      "geometry": {
        "type": "Point",
        "coordinates": [
          129.2404631,
          28.1006821
        ]
      },
      "properties": {
        "内容": "バス停: 花富 (加計呂麻バス)",
        "name": "花富",
        "operator": "加計呂麻バス",
        "ref": "",
        "url": "",
        "url2": ""
      }
    },
    {
      "type": "Feature",
      "geometry": {
        "type": "Point",
        "coordinates": [
          130.5958897,
          30.4140859
        ]
      },
      "properties": {
        "内容": "バス停: 麦生",
        "name": "麦生",
        "operator": "事業者不明",
        "ref": "",
        "url": "",
        "url2": ""
      }
    },
    {
      "type": "Feature",
      "geometry": {
        "type": "Point",
        "coordinates": [
          130.660256,
          30.3811915
        ]
      },
      "properties": {
        "内容": "バス停: 長峰",
        "name": "長峰",
        "operator": "事業者不明",
        "ref": "",
        "url": "",
        "url2": ""
      }
    },
    {
      "type": "Feature",
      "geometry": {
        "type": "Point",
        "coordinates": [
          129.2434604,
          28.1071243
        ]
      },
      "properties": {
        "内容": "バス停: 伊子茂 (加計呂麻バス)",
        "name": "伊子茂",
        "operator": "加計呂麻バス",
        "ref": "",
        "url": "",
        "url2": ""
      }
    },
    {
      "type": "Feature",
      "geometry": {
        "type": "Point",
        "coordinates": [
          129.249994,
          28.1118503
        ]
      },
      "properties": {
        "内容": "バス停: 於斉 (加計呂麻バス)",
        "name": "於斉",
        "operator": "加計呂麻バス",
        "ref": "",
        "url": "",
        "url2": ""
      }
    },
    {
      "type": "Feature",
      "geometry": {
        "type": "Point",
        "coordinates": [
          129.2729332,
          28.1132515
        ]
      },
      "properties": {
        "内容": "バス停: 押角 (加計呂麻バス)",
        "name": "押角",
        "operator": "加計呂麻バス",
        "ref": "",
        "url": "",
        "url2": ""
      }
    },
    {
      "type": "Feature",
      "geometry": {
        "type": "Point",
        "coordinates": [
          129.2600445,
          28.1173799
        ]
      },
      "properties": {
        "内容": "バス停: 呑之浦 (加計呂麻バス)",
        "name": "呑之浦",
        "operator": "加計呂麻バス",
        "ref": "",
        "url": "",
        "url2": ""
      }
    },
    {
      "type": "Feature",
      "geometry": {
        "type": "Point",
        "coordinates": [
          129.2954222,
          28.1075365
        ]
      },
      "properties": {
        "内容": "バス停: 勝能 (加計呂麻バス)",
        "name": "勝能",
        "operator": "加計呂麻バス",
        "ref": "",
        "url": "",
        "url2": ""
      }
    },
    {
      "type": "Feature",
      "geometry": {
        "type": "Point",
        "coordinates": [
          129.2846726,
          28.0838094
        ]
      },
      "properties": {
        "内容": "バス停: 秋徳 (加計呂麻バス)",
        "name": "秋徳",
        "operator": "加計呂麻バス",
        "ref": "",
        "url": "",
        "url2": ""
      }
    },
    {
      "type": "Feature",
      "geometry": {
        "type": "Point",
        "coordinates": [
          129.2660581,
          28.0884546
        ]
      },
      "properties": {
        "内容": "バス停: 佐知克 (加計呂麻バス)",
        "name": "佐知克",
        "operator": "加計呂麻バス",
        "ref": "",
        "url": "",
        "url2": ""
      }
    },
    {
      "type": "Feature",
      "geometry": {
        "type": "Point",
        "coordinates": [
          129.2618617,
          28.1005729
        ]
      },
      "properties": {
        "内容": "バス停: 勢里 (加計呂麻バス)",
        "name": "勢里",
        "operator": "加計呂麻バス",
        "ref": "",
        "url": "",
        "url2": ""
      }
    },
    {
      "type": "Feature",
      "geometry": {
        "type": "Point",
        "coordinates": [
          129.2917221,
          28.0928257
        ]
      },
      "properties": {
        "内容": "バス停: 野見山 (加計呂麻バス)",
        "name": "野見山",
        "operator": "加計呂麻バス",
        "ref": "",
        "url": "",
        "url2": ""
      }
    },
    {
      "type": "Feature",
      "geometry": {
        "type": "Point",
        "coordinates": [
          129.314822,
          28.1081286
        ]
      },
      "properties": {
        "内容": "バス停: 諸数 (加計呂麻バス)",
        "name": "諸数",
        "operator": "加計呂麻バス",
        "ref": "",
        "url": "",
        "url2": ""
      }
    },
    {
      "type": "Feature",
      "geometry": {
        "type": "Point",
        "coordinates": [
          129.3039885,
          28.1176745
        ]
      },
      "properties": {
        "内容": "バス停: スリ浜 (加計呂麻バス)",
        "name": "スリ浜",
        "operator": "加計呂麻バス",
        "ref": "",
        "url": "",
        "url2": ""
      }
    },
    {
      "type": "Feature",
      "geometry": {
        "type": "Point",
        "coordinates": [
          129.3252115,
          28.1055462
        ]
      },
      "properties": {
        "内容": "バス停: 本生間 (加計呂麻バス)",
        "name": "本生間",
        "operator": "加計呂麻バス",
        "ref": "",
        "url": "",
        "url2": ""
      }
    },
    {
      "type": "Feature",
      "geometry": {
        "type": "Point",
        "coordinates": [
          129.3205337,
          28.1011662
        ]
      },
      "properties": {
        "内容": "バス停: 生間 (加計呂麻バス)",
        "name": "生間",
        "operator": "加計呂麻バス",
        "ref": "",
        "url": "",
        "url2": ""
      }
    },
    {
      "type": "Feature",
      "geometry": {
        "type": "Point",
        "coordinates": [
          129.3396498,
          28.1111371
        ]
      },
      "properties": {
        "内容": "バス停: 渡連 (加計呂麻バス)",
        "name": "渡連",
        "operator": "加計呂麻バス",
        "ref": "",
        "url": "",
        "url2": ""
      }
    },
    {
      "type": "Feature",
      "geometry": {
        "type": "Point",
        "coordinates": [
          129.345833,
          28.1075424
        ]
      },
      "properties": {
        "内容": "バス停: 安脚場 (加計呂麻バス)",
        "name": "安脚場",
        "operator": "加計呂麻バス",
        "ref": "",
        "url": "",
        "url2": ""
      }
    },
    {
      "type": "Feature",
      "geometry": {
        "type": "Point",
        "coordinates": [
          129.3285703,
          28.0743517
        ]
      },
      "properties": {
        "内容": "バス停: 徳浜 (加計呂麻バス)",
        "name": "徳浜",
        "operator": "加計呂麻バス",
        "ref": "",
        "url": "",
        "url2": ""
      }
    },
    {
      "type": "Feature",
      "geometry": {
        "type": "Point",
        "coordinates": [
          129.3299322,
          28.0939443
        ]
      },
      "properties": {
        "内容": "バス停: 諸鈍 (加計呂麻バス)",
        "name": "諸鈍",
        "operator": "加計呂麻バス",
        "ref": "",
        "url": "",
        "url2": ""
      }
    },
    {
      "type": "Feature",
      "geometry": {
        "type": "Point",
        "coordinates": [
          129.2458168,
          28.1256843
        ]
      },
      "properties": {
        "内容": "バス停: 瀬相 (加計呂麻バス)",
        "name": "瀬相",
        "operator": "加計呂麻バス",
        "ref": "",
        "url": "",
        "url2": ""
      }
    },
    {
      "type": "Feature",
      "geometry": {
        "type": "Point",
        "coordinates": [
          129.2451999,
          28.1251242
        ]
      },
      "properties": {
        "内容": "バス停: 瀬相 (加計呂麻バス)",
        "name": "瀬相",
        "operator": "加計呂麻バス",
        "ref": "",
        "url": "",
        "url2": ""
      }
    },
    {
      "type": "Feature",
      "geometry": {
        "type": "Point",
        "coordinates": [
          129.2326652,
          28.153669
        ]
      },
      "properties": {
        "内容": "バス停: 武名 (加計呂麻バス)",
        "name": "武名",
        "operator": "加計呂麻バス",
        "ref": "",
        "url": "",
        "url2": ""
      }
    },
    {
      "type": "Feature",
      "geometry": {
        "type": "Point",
        "coordinates": [
          129.3205056,
          28.1018529
        ]
      },
      "properties": {
        "内容": "バス停: 生間 (加計呂麻バス)",
        "name": "生間",
        "operator": "加計呂麻バス",
        "ref": "",
        "url": "",
        "url2": ""
      }
    },
    {
      "type": "Feature",
      "geometry": {
        "type": "Point",
        "coordinates": [
          129.3204499,
          28.1025474
        ]
      },
      "properties": {
        "内容": "バス停: 生間 (加計呂麻バス)",
        "name": "生間",
        "operator": "加計呂麻バス",
        "ref": "",
        "url": "",
        "url2": ""
      }
    },
    {
      "type": "Feature",
      "geometry": {
        "type": "Point",
        "coordinates": [
          130.4321949,
          31.3609466
        ]
      },
      "properties": {
        "内容": "バス停: 名称不明バス停",
        "name": "名称不明バス停",
        "operator": "事業者不明",
        "ref": "",
        "url": "",
        "url2": ""
      }
    },
    {
      "type": "Feature",
      "geometry": {
        "type": "Point",
        "coordinates": [
          130.3938807,
          31.2570181
        ]
      },
      "properties": {
        "内容": "バス停: Bus to Chiran",
        "name": "Bus to Chiran",
        "operator": "事業者不明",
        "ref": "",
        "url": "",
        "url2": ""
      }
    },
    {
      "type": "Feature",
      "geometry": {
        "type": "Point",
        "coordinates": [
          130.4248091,
          31.3471587
        ]
      },
      "properties": {
        "内容": "バス停: 名称不明バス停",
        "name": "名称不明バス停",
        "operator": "事業者不明",
        "ref": "",
        "url": "",
        "url2": ""
      }
    },
    {
      "type": "Feature",
      "geometry": {
        "type": "Point",
        "coordinates": [
          130.4309569,
          31.3542605
        ]
      },
      "properties": {
        "内容": "バス停: 名称不明バス停",
        "name": "名称不明バス停",
        "operator": "事業者不明",
        "ref": "",
        "url": "",
        "url2": ""
      }
    },
    {
      "type": "Feature",
      "geometry": {
        "type": "Point",
        "coordinates": [
          130.4322451,
          31.3555608
        ]
      },
      "properties": {
        "内容": "バス停: 名称不明バス停",
        "name": "名称不明バス停",
        "operator": "事業者不明",
        "ref": "",
        "url": "",
        "url2": ""
      }
    },
    {
      "type": "Feature",
      "geometry": {
        "type": "Point",
        "coordinates": [
          130.4281996,
          31.3547696
        ]
      },
      "properties": {
        "内容": "バス停: 名称不明バス停",
        "name": "名称不明バス停",
        "operator": "事業者不明",
        "ref": "",
        "url": "",
        "url2": ""
      }
    },
    {
      "type": "Feature",
      "geometry": {
        "type": "Point",
        "coordinates": [
          130.4264628,
          31.3502658
        ]
      },
      "properties": {
        "内容": "バス停: 名称不明バス停",
        "name": "名称不明バス停",
        "operator": "事業者不明",
        "ref": "",
        "url": "",
        "url2": ""
      }
    },
    {
      "type": "Feature",
      "geometry": {
        "type": "Point",
        "coordinates": [
          130.4185076,
          31.3374611
        ]
      },
      "properties": {
        "内容": "バス停: 名称不明バス停",
        "name": "名称不明バス停",
        "operator": "事業者不明",
        "ref": "",
        "url": "",
        "url2": ""
      }
    },
    {
      "type": "Feature",
      "geometry": {
        "type": "Point",
        "coordinates": [
          130.4204671,
          31.3369047
        ]
      },
      "properties": {
        "内容": "バス停: 名称不明バス停",
        "name": "名称不明バス停",
        "operator": "事業者不明",
        "ref": "",
        "url": "",
        "url2": ""
      }
    },
    {
      "type": "Feature",
      "geometry": {
        "type": "Point",
        "coordinates": [
          130.5345826,
          31.2044636
        ]
      },
      "properties": {
        "内容": "バス停: 名称不明バス停",
        "name": "名称不明バス停",
        "operator": "事業者不明",
        "ref": "",
        "url": "",
        "url2": ""
      }
    },
    {
      "type": "Feature",
      "geometry": {
        "type": "Point",
        "coordinates": [
          130.5620357,
          31.5778442
        ]
      },
      "properties": {
        "内容": "バス停: 清滝通",
        "name": "清滝通",
        "operator": "事業者不明",
        "ref": "",
        "url": "",
        "url2": ""
      }
    },
    {
      "type": "Feature",
      "geometry": {
        "type": "Point",
        "coordinates": [
          130.5619224,
          31.5780681
        ]
      },
      "properties": {
        "内容": "バス停: 清滝通",
        "name": "清滝通",
        "operator": "事業者不明",
        "ref": "",
        "url": "",
        "url2": ""
      }
    },
    {
      "type": "Feature",
      "geometry": {
        "type": "Point",
        "coordinates": [
          130.5087692,
          31.5664212
        ]
      },
      "properties": {
        "内容": "バス停: 宇都平",
        "name": "宇都平",
        "operator": "事業者不明",
        "ref": "",
        "url": "",
        "url2": ""
      }
    },
    {
      "type": "Feature",
      "geometry": {
        "type": "Point",
        "coordinates": [
          130.5050966,
          31.5664296
        ]
      },
      "properties": {
        "内容": "バス停: 坂元",
        "name": "坂元",
        "operator": "事業者不明",
        "ref": "",
        "url": "",
        "url2": ""
      }
    },
    {
      "type": "Feature",
      "geometry": {
        "type": "Point",
        "coordinates": [
          130.9198041,
          30.4455521
        ]
      },
      "properties": {
        "内容": "バス停: 長谷 (さんまりん観光)",
        "name": "長谷",
        "operator": "さんまりん観光",
        "ref": "",
        "url": "",
        "url2": ""
      }
    },
    {
      "type": "Feature",
      "geometry": {
        "type": "Point",
        "coordinates": [
          130.9899535,
          30.7317427
        ]
      },
      "properties": {
        "内容": "バス停: 西之表港 (さんまりん観光)",
        "name": "西之表港",
        "operator": "さんまりん観光",
        "ref": "",
        "url": "",
        "url2": ""
      }
    },
    {
      "type": "Feature",
      "geometry": {
        "type": "Point",
        "coordinates": [
          130.9947623,
          30.7331858
        ]
      },
      "properties": {
        "内容": "バス停: 熊毛支庁下 (さんまりん観光)",
        "name": "熊毛支庁下",
        "operator": "さんまりん観光",
        "ref": "",
        "url": "",
        "url2": ""
      }
    },
    {
      "type": "Feature",
      "geometry": {
        "type": "Point",
        "coordinates": [
          130.9948688,
          30.7331604
        ]
      },
      "properties": {
        "内容": "バス停: 熊毛支庁下 (さんまりん観光)",
        "name": "熊毛支庁下",
        "operator": "さんまりん観光",
        "ref": "",
        "url": "",
        "url2": ""
      }
    },
    {
      "type": "Feature",
      "geometry": {
        "type": "Point",
        "coordinates": [
          130.5160271,
          31.4829008
        ]
      },
      "properties": {
        "内容": "バス停: 名称不明バス停",
        "name": "名称不明バス停",
        "operator": "事業者不明",
        "ref": "",
        "url": "",
        "url2": ""
      }
    },
    {
      "type": "Feature",
      "geometry": {
        "type": "Point",
        "coordinates": [
          130.635906,
          30.3006995
        ]
      },
      "properties": {
        "内容": "バス停: 名称不明バス停",
        "name": "名称不明バス停",
        "operator": "事業者不明",
        "ref": "",
        "url": "",
        "url2": ""
      }
    },
    {
      "type": "Feature",
      "geometry": {
        "type": "Point",
        "coordinates": [
          130.5815511,
          30.2449032
        ]
      },
      "properties": {
        "内容": "バス停: Hara",
        "name": "Hara",
        "operator": "事業者不明",
        "ref": "",
        "url": "",
        "url2": ""
      }
    },
    {
      "type": "Feature",
      "geometry": {
        "type": "Point",
        "coordinates": [
          130.5355352,
          31.578901
        ]
      },
      "properties": {
        "内容": "バス停: 武中学校下",
        "name": "武中学校下",
        "operator": "事業者不明",
        "ref": "",
        "url": "",
        "url2": ""
      }
    },
    {
      "type": "Feature",
      "geometry": {
        "type": "Point",
        "coordinates": [
          130.5378193,
          31.1987711
        ]
      },
      "properties": {
        "内容": "バス停: 開聞岳一合目",
        "name": "開聞岳一合目",
        "operator": "事業者不明",
        "ref": "",
        "url": "",
        "url2": ""
      }
    },
    {
      "type": "Feature",
      "geometry": {
        "type": "Point",
        "coordinates": [
          130.5377926,
          31.1987359
        ]
      },
      "properties": {
        "内容": "バス停: 名称不明バス停",
        "name": "名称不明バス停",
        "operator": "事業者不明",
        "ref": "",
        "url": "",
        "url2": ""
      }
    },
    {
      "type": "Feature",
      "geometry": {
        "type": "Point",
        "coordinates": [
          128.4136994,
          27.0461259
        ]
      },
      "properties": {
        "内容": "バス停: 郵便局前 (南陸運)",
        "name": "郵便局前",
        "operator": "南陸運",
        "ref": "17",
        "url": "",
        "url2": ""
      }
    },
    {
      "type": "Feature",
      "geometry": {
        "type": "Point",
        "coordinates": [
          130.2937191,
          31.8413498
        ]
      },
      "properties": {
        "内容": "バス停: 京セラ第二ブロック工場前",
        "name": "京セラ第二ブロック工場前",
        "operator": "事業者不明",
        "ref": "",
        "url": "",
        "url2": ""
      }
    },
    {
      "type": "Feature",
      "geometry": {
        "type": "Point",
        "coordinates": [
          130.291043,
          31.8330212
        ]
      },
      "properties": {
        "内容": "バス停: 名称不明バス停",
        "name": "名称不明バス停",
        "operator": "事業者不明",
        "ref": "",
        "url": "",
        "url2": ""
      }
    },
    {
      "type": "Feature",
      "geometry": {
        "type": "Point",
        "coordinates": [
          130.5571294,
          31.5597244
        ]
      },
      "properties": {
        "内容": "バス停: 県庁前",
        "name": "県庁前",
        "operator": "事業者不明",
        "ref": "8 鴨池港・鹿屋方面",
        "url": "",
        "url2": ""
      }
    },
    {
      "type": "Feature",
      "geometry": {
        "type": "Point",
        "coordinates": [
          130.5617477,
          31.6055088
        ]
      },
      "properties": {
        "内容": "バス停: Kagoshima City View (Kagoshima City)",
        "name": "Kagoshima City View",
        "operator": "Kagoshima City",
        "ref": "11",
        "url": "",
        "url2": ""
      }
    },
    {
      "type": "Feature",
      "geometry": {
        "type": "Point",
        "coordinates": [
          130.6174643,
          31.5666006
        ]
      },
      "properties": {
        "内容": "バス停: Sakurajima International Volcanic Sabo Center (Sakurajima Island View)",
        "name": "Sakurajima International Volcanic Sabo Center",
        "operator": "Sakurajima Island View",
        "ref": "8",
        "url": "",
        "url2": ""
      }
    },
    {
      "type": "Feature",
      "geometry": {
        "type": "Point",
        "coordinates": [
          130.5958719,
          31.5911684
        ]
      },
      "properties": {
        "内容": "バス停: Rainbow Inn (Sakurajima Island View Bus)",
        "name": "Rainbow Inn",
        "operator": "Sakurajima Island View Bus",
        "ref": "",
        "url": "",
        "url2": ""
      }
    },
    {
      "type": "Feature",
      "geometry": {
        "type": "Point",
        "coordinates": [
          130.5741196,
          30.3801167
        ]
      },
      "properties": {
        "内容": "バス停: Shiratani Unsuikyo",
        "name": "Shiratani Unsuikyo",
        "operator": "事業者不明",
        "ref": "",
        "url": "",
        "url2": ""
      }
    },
    {
      "type": "Feature",
      "geometry": {
        "type": "Point",
        "coordinates": [
          130.8505418,
          31.3894994
        ]
      },
      "properties": {
        "内容": "バス停: 鹿屋",
        "name": "鹿屋",
        "operator": "事業者不明",
        "ref": "",
        "url": "",
        "url2": ""
      }
    }
  ]
}