{
"type": "FeatureCollection",
"name": "geo_46_地域密着型通所介護",
"crs": { "type": "name", "properties": { "name": "urn:ogc:def:crs:OGC:1.3:CRS84" } },
"features": [
{ "type": "Feature", "properties": { "内容": "それいゆ船津【地域密着型通所介護】船津町3-11", "url": "https://www.kaigokensaku.mhlw.go.jp/46/index.php?action_kouhyou_detail_004_kani=true&JigyosyoCd=4670107186-00&ServiceCd=780&Type=search", "url2": null }, "geometry": { "type": "Point", "coordinates": [ 130.557871500000033, 31.5879351 ] } },
{ "type": "Feature", "properties": { "内容": "ゆめの舎【地域密着型通所介護】鹿児島県鹿児島市下荒田1丁目20-3", "url": "https://www.kaigokensaku.mhlw.go.jp/46/index.php?action_kouhyou_detail_004_kani=true&JigyosyoCd=4670105883-00&ServiceCd=780&Type=search", "url2": null }, "geometry": { "type": "Point", "coordinates": [ 130.555824700000016, 31.5792278 ] } },
{ "type": "Feature", "properties": { "内容": "ディサービストマト【地域密着型通所介護】鹿児島市西坂元町１２－２５", "url": "https://www.kaigokensaku.mhlw.go.jp/46/index.php?action_kouhyou_detail_004_kani=true&JigyosyoCd=4690102340-00&ServiceCd=780&Type=search", "url2": null }, "geometry": { "type": "Point", "coordinates": [ 130.553183600000011, 31.6100147 ] } },
{ "type": "Feature", "properties": { "内容": "デイサービス　元気庵錬【地域密着型通所介護】鹿児島市伊敷台７丁目２７番２６号", "url": "https://www.kaigokensaku.mhlw.go.jp/46/index.php?action_kouhyou_detail_004_kani=true&JigyosyoCd=4670107426-00&ServiceCd=780&Type=search", "url2": "http://www.hcd.co.jp/" }, "geometry": { "type": "Point", "coordinates": [ 130.553611700000033, 31.6265228 ] } },
{ "type": "Feature", "properties": { "内容": "デイサービス悠友【地域密着型通所介護】鹿児島市新栄町２番７号有料老人ホーム悠友内", "url": "https://www.kaigokensaku.mhlw.go.jp/46/index.php?action_kouhyou_detail_004_kani=true&JigyosyoCd=4690102076-00&ServiceCd=780&Type=search", "url2": "http://www.jinaikai.com/" }, "geometry": { "type": "Point", "coordinates": [ 130.545444564942926, 31.551323586970536 ] } },
{ "type": "Feature", "properties": { "内容": "デイサービス　オアシスケア郡元【地域密着型通所介護】鹿児島市郡元町6番28号高齢者優良賃貸住宅　オアシスケア郡元", "url": "https://www.kaigokensaku.mhlw.go.jp/46/index.php?action_kouhyou_detail_004_kani=true&JigyosyoCd=4670107954-00&ServiceCd=780&Type=search", "url2": "http://oasiscare.jp" }, "geometry": { "type": "Point", "coordinates": [ 130.54518989999994, 31.5609795 ] } },
{ "type": "Feature", "properties": { "内容": "デイサービスセンターほりんの里【地域密着型通所介護】鹿児島県鹿児島市石谷町４９９５－１総合福祉センターほりん", "url": "https://www.kaigokensaku.mhlw.go.jp/46/index.php?action_kouhyou_detail_004_kani=true&JigyosyoCd=4690101417-00&ServiceCd=780&Type=search", "url2": "http://www5.synapse.ne.jp/horin/" }, "geometry": { "type": "Point", "coordinates": [ 130.446719931368989, 31.616075511859609 ] } },
{ "type": "Feature", "properties": { "内容": "デイサービスハウスBell【地域密着型通所介護】鹿児島県鹿児島市田上7丁目24-10", "url": "https://www.kaigokensaku.mhlw.go.jp/46/index.php?action_kouhyou_detail_004_kani=true&JigyosyoCd=4690102571-00&ServiceCd=780&Type=search", "url2": null }, "geometry": { "type": "Point", "coordinates": [ 130.5195798, 31.58565 ] } },
{ "type": "Feature", "properties": { "内容": "ディサービス　さざなみ【地域密着型通所介護】鹿児島市谷山中央4丁目152-1ディサービス　さざなみ", "url": "https://www.kaigokensaku.mhlw.go.jp/46/index.php?action_kouhyou_detail_004_kani=true&JigyosyoCd=4670109091-00&ServiceCd=780&Type=search", "url2": null }, "geometry": { "type": "Point", "coordinates": [ 130.516258, 31.517889 ] } },
{ "type": "Feature", "properties": { "内容": "リハビリ特化型デイサービス　プラスワン【地域密着型通所介護】鹿児島県鹿児島市唐湊4丁目5-6唐湊ビル１F", "url": "https://www.kaigokensaku.mhlw.go.jp/46/index.php?action_kouhyou_detail_004_kani=true&JigyosyoCd=4690102118-00&ServiceCd=780&Type=search", "url2": "http://hp.kaipoke.biz/6v8/140891/detail_0004.html" }, "geometry": { "type": "Point", "coordinates": [ 130.537859055819695, 31.5695832807782 ] } },
{ "type": "Feature", "properties": { "内容": "デイリーライフ鹿児島【地域密着型通所介護】鹿児島県鹿児島市谷山中央6丁目24-2デイリーライフ鹿児島", "url": "https://www.kaigokensaku.mhlw.go.jp/46/index.php?action_kouhyou_detail_004_kani=true&JigyosyoCd=4690101557-00&ServiceCd=780&Type=search", "url2": null }, "geometry": { "type": "Point", "coordinates": [ 130.50826963680538, 31.514860040213517 ] } },
{ "type": "Feature", "properties": { "内容": "ケアモール宇宿【地域密着型通所介護】鹿児島県鹿児島市宇宿1-8-7", "url": "https://www.kaigokensaku.mhlw.go.jp/46/index.php?action_kouhyou_detail_004_kani=true&JigyosyoCd=4690102233-00&ServiceCd=780&Type=search", "url2": null }, "geometry": { "type": "Point", "coordinates": [ 130.5426612, 31.5510484 ] } },
{ "type": "Feature", "properties": { "内容": "デイサービスわかば【地域密着型通所介護】吉野町７４９４番地４", "url": "https://www.kaigokensaku.mhlw.go.jp/46/index.php?action_kouhyou_detail_004_kani=true&JigyosyoCd=4670106279-00&ServiceCd=780&Type=search", "url2": null }, "geometry": { "type": "Point", "coordinates": [ 130.58413738713719, 31.630453117553326 ] } },
{ "type": "Feature", "properties": { "内容": "デイサービスセンターよりみち【地域密着型通所介護】鹿児島県鹿児島市西谷山3丁目10番15号", "url": "https://www.kaigokensaku.mhlw.go.jp/46/index.php?action_kouhyou_detail_004_kani=true&JigyosyoCd=4690101979-00&ServiceCd=780&Type=search", "url2": null }, "geometry": { "type": "Point", "coordinates": [ 130.503222640955528, 31.520648230047424 ] } },
{ "type": "Feature", "properties": { "内容": "デイサービスゆかりの里【地域密着型通所介護】上荒田町５３番１３号ゆかりの里　上荒田", "url": "https://www.kaigokensaku.mhlw.go.jp/46/index.php?action_kouhyou_detail_004_kani=true&JigyosyoCd=4670109562-00&ServiceCd=780&Type=search", "url2": "http://yukarinosato.com/" }, "geometry": { "type": "Point", "coordinates": [ 130.537306599999965, 31.57387229999998 ] } },
{ "type": "Feature", "properties": { "内容": "デイサービスセンター道しるべ西伊敷【地域密着型通所介護】鹿児島県鹿児島市西伊敷７丁目１０－２", "url": "https://www.kaigokensaku.mhlw.go.jp/46/index.php?action_kouhyou_detail_004_kani=true&JigyosyoCd=4690101961-00&ServiceCd=780&Type=search", "url2": "https://www.matthews-japan.com" }, "geometry": { "type": "Point", "coordinates": [ 130.5351463, 31.6468756 ] } },
{ "type": "Feature", "properties": { "内容": "デイサービスあいがて真砂【地域密着型通所介護】鹿児島県鹿児島市真砂町74-4ユウセイ丸進ビル101", "url": "https://www.kaigokensaku.mhlw.go.jp/46/index.php?action_kouhyou_detail_004_kani=true&JigyosyoCd=4690101581-00&ServiceCd=780&Type=search", "url2": "https://aigate-masago.localinfo.jp/" }, "geometry": { "type": "Point", "coordinates": [ 130.551195944180307, 31.560050971413343 ] } },
{ "type": "Feature", "properties": { "内容": "リハビリ特化型デイサービス　ムーブメントプロ星ヶ峯【地域密着型通所介護】鹿児島県鹿児島市星ヶ峯４－５－１セントラルハイツ103号", "url": "https://www.kaigokensaku.mhlw.go.jp/46/index.php?action_kouhyou_detail_004_kani=true&JigyosyoCd=4670110180-00&ServiceCd=780&Type=search", "url2": "https://randc-shonan.co.jp/" }, "geometry": { "type": "Point", "coordinates": [ 130.492233899999974, 31.5770856 ] } },
{ "type": "Feature", "properties": { "内容": "デイサービス道しるべ荒田【地域密着型通所介護】鹿児島市荒田2-67-20オークハイツ１階", "url": "https://www.kaigokensaku.mhlw.go.jp/46/index.php?action_kouhyou_detail_004_kani=true&JigyosyoCd=4690101722-00&ServiceCd=780&Type=search", "url2": "https://www.matthews-japan.com" }, "geometry": { "type": "Point", "coordinates": [ 130.549225400000068, 31.5695121 ] } },
{ "type": "Feature", "properties": { "内容": "デイサービスセンターフローラルガーデン早馬【地域密着型通所介護】鹿児島市吉野町９０９１番地", "url": "https://www.kaigokensaku.mhlw.go.jp/46/index.php?action_kouhyou_detail_004_kani=true&JigyosyoCd=4670107269-00&ServiceCd=780&Type=search", "url2": "www.k-nonoka.com" }, "geometry": { "type": "Point", "coordinates": [ 130.57218, 31.6304031 ] } },
{ "type": "Feature", "properties": { "内容": "デイサービスセンターさくら草【地域密着型通所介護】鹿児島県鹿児島市山田町2405番地1特別養護老人ホーム　ふれあいの街ねむの里　１階", "url": "https://www.kaigokensaku.mhlw.go.jp/46/index.php?action_kouhyou_detail_004_kani=true&JigyosyoCd=4690102381-00&ServiceCd=780&Type=search", "url2": "http://ueharaclinic.jp/facilities/" }, "geometry": { "type": "Point", "coordinates": [ 130.498228, 31.562259 ] } },
{ "type": "Feature", "properties": { "内容": "デイサービスセンターさくら【地域密着型通所介護】鹿児島県鹿児島市喜入瀬々串町604番地147", "url": "https://www.kaigokensaku.mhlw.go.jp/46/index.php?action_kouhyou_detail_004_kani=true&JigyosyoCd=4690102456-00&ServiceCd=780&Type=search", "url2": null }, "geometry": { "type": "Point", "coordinates": [ 130.510856, 31.431846 ] } },
{ "type": "Feature", "properties": { "内容": "梅ヶ丘デイセンター【地域密着型通所介護】鹿児島市下福元町7284-13", "url": "https://www.kaigokensaku.mhlw.go.jp/46/index.php?action_kouhyou_detail_004_kani=true&JigyosyoCd=4690101730-00&ServiceCd=780&Type=search", "url2": null }, "geometry": { "type": "Point", "coordinates": [ 130.498105542852727, 31.487539417576897 ] } },
{ "type": "Feature", "properties": { "内容": "デイサービス　ウェルカム【地域密着型通所介護】西伊敷1丁目15-21", "url": "https://www.kaigokensaku.mhlw.go.jp/46/index.php?action_kouhyou_detail_004_kani=true&JigyosyoCd=4670108309-00&ServiceCd=780&Type=search", "url2": "http://welcome-kagoshima.com/" }, "geometry": { "type": "Point", "coordinates": [ 130.529749692675011, 31.63308549162328 ] } },
{ "type": "Feature", "properties": { "内容": "デイサービス　ウェルカムデイズ【地域密着型通所介護】鹿児島県鹿児島市西伊敷１－２８－３", "url": "https://www.kaigokensaku.mhlw.go.jp/46/index.php?action_kouhyou_detail_004_kani=true&JigyosyoCd=4670110339-00&ServiceCd=780&Type=search", "url2": "http://welcome-kagoshima.com/" }, "geometry": { "type": "Point", "coordinates": [ 130.528096900000094, 31.6313583 ] } },
{ "type": "Feature", "properties": { "内容": "デイサービス昭和クラブ【地域密着型通所介護】高麗町２７−１９竹原ビル", "url": "https://www.kaigokensaku.mhlw.go.jp/46/index.php?action_kouhyou_detail_004_kani=true&JigyosyoCd=4690101490-00&ServiceCd=780&Type=search", "url2": "http://lifecareclub.info" }, "geometry": { "type": "Point", "coordinates": [ 130.548491799999965, 31.5804552 ] } },
{ "type": "Feature", "properties": { "内容": "デイサービス第三昭和クラブ【地域密着型通所介護】鹿児島市下荒田1-35-20ランブリッジ下荒田", "url": "https://www.kaigokensaku.mhlw.go.jp/46/index.php?action_kouhyou_detail_004_kani=true&JigyosyoCd=4690102563-00&ServiceCd=780&Type=search", "url2": null }, "geometry": { "type": "Point", "coordinates": [ 130.5572775, 31.5769599 ] } },
{ "type": "Feature", "properties": { "内容": "デイサービス　アルティパス武【地域密着型通所介護】鹿児島市武2丁目11番8号", "url": "https://www.kaigokensaku.mhlw.go.jp/46/index.php?action_kouhyou_detail_004_kani=true&JigyosyoCd=4690102837-00&ServiceCd=780&Type=search", "url2": null }, "geometry": { "type": "Point", "coordinates": [ 130.537284, 31.581538 ] } },
{ "type": "Feature", "properties": { "内容": "デイサービスむれがおかⅠ番館【地域密着型通所介護】鹿児島県鹿児島市牟礼岡３丁目２－１３", "url": "https://www.kaigokensaku.mhlw.go.jp/46/index.php?action_kouhyou_detail_004_kani=true&JigyosyoCd=4670106808-00&ServiceCd=780&Type=search", "url2": "muregaoka.co.jp/" }, "geometry": { "type": "Point", "coordinates": [ 130.585050376721284, 31.674203726747805 ] } },
{ "type": "Feature", "properties": { "内容": "デイサービスむれがおかⅡ番館【地域密着型通所介護】鹿児島県鹿児島市牟礼岡１丁目２１－５", "url": "https://www.kaigokensaku.mhlw.go.jp/46/index.php?action_kouhyou_detail_004_kani=true&JigyosyoCd=4670109257-00&ServiceCd=780&Type=search", "url2": "muregaoaka.co.jp/" }, "geometry": { "type": "Point", "coordinates": [ 130.584835800000064, 31.6739435 ] } },
{ "type": "Feature", "properties": { "内容": "デイサービス笑癒中央【地域密着型通所介護】上之園町3-1堂園メディカルハウス　２階", "url": "https://www.kaigokensaku.mhlw.go.jp/46/index.php?action_kouhyou_detail_004_kani=true&JigyosyoCd=4670107459-00&ServiceCd=780&Type=search", "url2": "https://care-warai.com/outpatient-care/chuoh/" }, "geometry": { "type": "Point", "coordinates": [ 130.546754621611029, 31.583289614353674 ] } },
{ "type": "Feature", "properties": { "内容": "デイサービスセンターおきがる【地域密着型通所介護】鹿児島県鹿児島市星ヶ峯二丁目11番8号", "url": "https://www.kaigokensaku.mhlw.go.jp/46/index.php?action_kouhyou_detail_004_kani=true&JigyosyoCd=4690101821-00&ServiceCd=780&Type=search", "url2": "https://www.tannpopo-kai.com/" }, "geometry": { "type": "Point", "coordinates": [ 130.499179199999958, 31.5763224 ] } },
{ "type": "Feature", "properties": { "内容": "デイサービス土佐屋【地域密着型通所介護】鹿児島市谷山中央6丁目25番5号", "url": "https://www.kaigokensaku.mhlw.go.jp/46/index.php?action_kouhyou_detail_004_kani=true&JigyosyoCd=4690102811-00&ServiceCd=780&Type=search", "url2": null }, "geometry": { "type": "Point", "coordinates": [ 130.5085432, 31.5149076 ] } },
{ "type": "Feature", "properties": { "内容": "シオンの家生きる【地域密着型通所介護】鹿児島県鹿児島市光山2丁目14番17号", "url": "https://www.kaigokensaku.mhlw.go.jp/46/index.php?action_kouhyou_detail_004_kani=true&JigyosyoCd=4670109018-00&ServiceCd=780&Type=search", "url2": "https://zionnoie.jimdofree.com/" }, "geometry": { "type": "Point", "coordinates": [ 130.50901314907378, 31.490233041565961 ] } },
{ "type": "Feature", "properties": { "内容": "シオンの家【地域密着型通所介護】鹿児島市光山２丁目３番２３号", "url": "https://www.kaigokensaku.mhlw.go.jp/46/index.php?action_kouhyou_detail_004_kani=true&JigyosyoCd=4670104316-00&ServiceCd=780&Type=search", "url2": "http://zionnoie.jimdo.com/" }, "geometry": { "type": "Point", "coordinates": [ 130.506053699999939, 31.4896801 ] } },
{ "type": "Feature", "properties": { "内容": "デイサービス縁と笑【地域密着型通所介護】皇徳寺台3丁目33番12号", "url": "https://www.kaigokensaku.mhlw.go.jp/46/index.php?action_kouhyou_detail_004_kani=true&JigyosyoCd=4670108333-00&ServiceCd=780&Type=search", "url2": "www.entosyou.com" }, "geometry": { "type": "Point", "coordinates": [ 130.487814833998755, 31.563925691874527 ] } },
{ "type": "Feature", "properties": { "内容": "シオンの家光山【地域密着型通所介護】光山２丁目１８番６号", "url": "https://www.kaigokensaku.mhlw.go.jp/46/index.php?action_kouhyou_detail_004_kani=true&JigyosyoCd=4670105958-00&ServiceCd=780&Type=search", "url2": "http://zionnoie.jimdo.com/" }, "geometry": { "type": "Point", "coordinates": [ 130.5095728, 31.4892747 ] } },
{ "type": "Feature", "properties": { "内容": "マッサージ・リハビリ重視型デイサービスハーベスト【地域密着型通所介護】鹿児島県鹿児島市東谷山2丁目40-15", "url": "https://www.kaigokensaku.mhlw.go.jp/46/index.php?action_kouhyou_detail_004_kani=true&JigyosyoCd=4670111212-00&ServiceCd=780&Type=search", "url2": null }, "geometry": { "type": "Point", "coordinates": [ 130.521080940432597, 31.531998357742239 ] } },
{ "type": "Feature", "properties": { "内容": "ふれあいステーション愛【地域密着型通所介護】吉野二丁目13-13", "url": "https://www.kaigokensaku.mhlw.go.jp/46/index.php?action_kouhyou_detail_004_kani=true&JigyosyoCd=4670104688-00&ServiceCd=780&Type=search", "url2": "http://fureai-ai.kawamoto-cl.or.jp/" }, "geometry": { "type": "Point", "coordinates": [ 130.565984800000024, 31.6565284 ] } },
{ "type": "Feature", "properties": { "内容": "通所介護リバーサイド城西【地域密着型通所介護】鹿児島市城西１丁目２－２２　3階こしのクリニック３階", "url": "https://www.kaigokensaku.mhlw.go.jp/46/index.php?action_kouhyou_detail_004_kani=true&JigyosyoCd=4670109380-00&ServiceCd=780&Type=search", "url2": "http://www.taihoukai.jp/" }, "geometry": { "type": "Point", "coordinates": [ 130.542158500000028, 31.5936868 ] } },
{ "type": "Feature", "properties": { "内容": "デイサービス自由ヶ丘【地域密着型通所介護】自由ヶ丘2丁目21-11", "url": "https://www.kaigokensaku.mhlw.go.jp/46/index.php?action_kouhyou_detail_004_kani=true&JigyosyoCd=4670109943-00&ServiceCd=780&Type=search", "url2": null }, "geometry": { "type": "Point", "coordinates": [ 130.510808, 31.541492400000013 ] } },
{ "type": "Feature", "properties": { "内容": "みんかリハサービス【地域密着型通所介護】鹿児島県鹿児島市西陵2丁目1-45-2", "url": "https://www.kaigokensaku.mhlw.go.jp/46/index.php?action_kouhyou_detail_004_kani=true&JigyosyoCd=4670108945-00&ServiceCd=780&Type=search", "url2": null }, "geometry": { "type": "Point", "coordinates": [ 130.507225725421335, 31.577782032529928 ] } },
{ "type": "Feature", "properties": { "内容": "デイサービスセンターとらすと【地域密着型通所介護】鹿児島県鹿児島市稲荷町9-24", "url": "https://www.kaigokensaku.mhlw.go.jp/46/index.php?action_kouhyou_detail_004_kani=true&JigyosyoCd=4670111097-00&ServiceCd=780&Type=search", "url2": "http://hp.kaipoke.biz/kud/" }, "geometry": { "type": "Point", "coordinates": [ 130.5672396, 31.6109347 ] } },
{ "type": "Feature", "properties": { "内容": "寿康園通所介護事業所【地域密着型通所介護】鹿児島市本名町２３４番地寿康園通所介護事業所", "url": "https://www.kaigokensaku.mhlw.go.jp/46/index.php?action_kouhyou_detail_004_kani=true&JigyosyoCd=4690102605-00&ServiceCd=780&Type=search", "url2": "https://jukouen.jp/" }, "geometry": { "type": "Point", "coordinates": [ 130.547087331877123, 31.694914889414715 ] } },
{ "type": "Feature", "properties": { "内容": "デイサービスセンター厚地【地域密着型通所介護】鹿児島市照国町1番13号2階２階", "url": "https://www.kaigokensaku.mhlw.go.jp/46/index.php?action_kouhyou_detail_004_kani=true&JigyosyoCd=4670106485-00&ServiceCd=780&Type=search", "url2": "https://jifukai.jp/dayserviceatsuchi/" }, "geometry": { "type": "Point", "coordinates": [ 130.549999771033299, 31.591476291688725 ] } },
{ "type": "Feature", "properties": { "内容": "デイサービス架け橋【地域密着型通所介護】鹿児島市堀江町3-3ウェルネスじあいビル　5階", "url": "https://www.kaigokensaku.mhlw.go.jp/46/index.php?action_kouhyou_detail_004_kani=true&JigyosyoCd=4670110305-00&ServiceCd=780&Type=search", "url2": "https://kakehashi.jiaikai-k.or.jp/" }, "geometry": { "type": "Point", "coordinates": [ 130.559583076721225, 31.591107528075781 ] } },
{ "type": "Feature", "properties": { "内容": "デイサービスひびき【地域密着型通所介護】西田3丁目１５－５－4F", "url": "https://www.kaigokensaku.mhlw.go.jp/46/index.php?action_kouhyou_detail_004_kani=true&JigyosyoCd=4670109554-00&ServiceCd=780&Type=search", "url2": "http://hayashi-care.com/" }, "geometry": { "type": "Point", "coordinates": [ 130.5368396, 31.5848099 ] } },
{ "type": "Feature", "properties": { "内容": "民家型デイサービス大地【地域密着型通所介護】鹿児島市本名町844-2", "url": "https://www.kaigokensaku.mhlw.go.jp/46/index.php?action_kouhyou_detail_004_kani=true&JigyosyoCd=4670107780-00&ServiceCd=780&Type=search", "url2": null }, "geometry": { "type": "Point", "coordinates": [ 130.557462200000032, 31.6838788 ] } },
{ "type": "Feature", "properties": { "内容": "アプリシエイション　たもん【地域密着型通所介護】鹿児島県鹿児島市郡元２丁目６－７学生会館　京幸1階店舗", "url": "https://www.kaigokensaku.mhlw.go.jp/46/index.php?action_kouhyou_detail_004_kani=true&JigyosyoCd=4670109125-00&ServiceCd=780&Type=search", "url2": null }, "geometry": { "type": "Point", "coordinates": [ 130.547056399999974, 31.5624738 ] } },
{ "type": "Feature", "properties": { "内容": "デイサービスセンター千年の杜【地域密着型通所介護】鹿児島県鹿児島市千年2丁目11-111階", "url": "https://www.kaigokensaku.mhlw.go.jp/46/index.php?action_kouhyou_detail_004_kani=true&JigyosyoCd=4690101672-00&ServiceCd=780&Type=search", "url2": "https://eiwakai.jp/" }, "geometry": { "type": "Point", "coordinates": [ 130.522941599999967, 31.6395188 ] } },
{ "type": "Feature", "properties": { "内容": "スマイル塾【地域密着型通所介護】鹿児島県鹿児島市星ヶ峯三丁目40-8", "url": "https://www.kaigokensaku.mhlw.go.jp/46/index.php?action_kouhyou_detail_004_kani=true&JigyosyoCd=4690102266-00&ServiceCd=780&Type=search", "url2": "http://www.seseragi-kagosima.com/" }, "geometry": { "type": "Point", "coordinates": [ 130.492529800000057, 31.5818052 ] } },
{ "type": "Feature", "properties": { "内容": "デイサロンピース谷山【地域密着型通所介護】鹿児島県鹿児島市小松原２丁目32-18ボイスビル１階", "url": "https://www.kaigokensaku.mhlw.go.jp/46/index.php?action_kouhyou_detail_004_kani=true&JigyosyoCd=4690102472-00&ServiceCd=780&Type=search", "url2": "https://www.je-wa.jp/introduction.html" }, "geometry": { "type": "Point", "coordinates": [ 130.5241743, 31.5293242 ] } },
{ "type": "Feature", "properties": { "内容": "シオンの家坂之上【地域密着型通所介護】鹿児島市坂之上6丁目5－21", "url": "https://www.kaigokensaku.mhlw.go.jp/46/index.php?action_kouhyou_detail_004_kani=true&JigyosyoCd=4670107525-00&ServiceCd=780&Type=search", "url2": "http://zionnoie.jimdo.com/" }, "geometry": { "type": "Point", "coordinates": [ 130.503845599999977, 31.4963155 ] } },
{ "type": "Feature", "properties": { "内容": "早稲田イーライフ鹿児島中央【地域密着型通所介護】西田３丁目１番１９号FUJISAKIBLD　1F", "url": "https://www.kaigokensaku.mhlw.go.jp/46/index.php?action_kouhyou_detail_004_kani=true&JigyosyoCd=4670109208-00&ServiceCd=780&Type=search", "url2": "kagoshima-chuo@waseda-e-life.co.jp" }, "geometry": { "type": "Point", "coordinates": [ 130.538775814958171, 31.588770028778566 ] } },
{ "type": "Feature", "properties": { "内容": "デイサービスセンターこもれび【地域密着型通所介護】鹿児島県鹿児島市小松原2丁目12番12号", "url": "https://www.kaigokensaku.mhlw.go.jp/46/index.php?action_kouhyou_detail_004_kani=true&JigyosyoCd=4690102332-00&ServiceCd=780&Type=search", "url2": null }, "geometry": { "type": "Point", "coordinates": [ 130.525129465641413, 31.530326726115561 ] } },
{ "type": "Feature", "properties": { "内容": "医療法人　秀愛会　デイサービス清滝【地域密着型通所介護】鹿児島市西千石町13-30", "url": "https://www.kaigokensaku.mhlw.go.jp/46/index.php?action_kouhyou_detail_004_kani=true&JigyosyoCd=4670107871-00&ServiceCd=780&Type=search", "url2": "http://okino-hp.or.jp/" }, "geometry": { "type": "Point", "coordinates": [ 130.549019300000026, 31.589443 ] } },
{ "type": "Feature", "properties": { "内容": "千年デイサービスセンター【地域密着型通所介護】鹿児島県鹿児島市千年2丁目11番12号1階", "url": "https://www.kaigokensaku.mhlw.go.jp/46/index.php?action_kouhyou_detail_004_kani=true&JigyosyoCd=4690101474-00&ServiceCd=780&Type=search", "url2": "https://eiwakai.jp" }, "geometry": { "type": "Point", "coordinates": [ 130.523692953800264, 31.639477125390474 ] } },
{ "type": "Feature", "properties": { "内容": "デイサービスセンターゆりかご【地域密着型通所介護】鹿児島市伊敷5丁目17番1号シニアハウスはぴねす1階", "url": "https://www.kaigokensaku.mhlw.go.jp/46/index.php?action_kouhyou_detail_004_kani=true&JigyosyoCd=4670109497-00&ServiceCd=780&Type=search", "url2": null }, "geometry": { "type": "Point", "coordinates": [ 130.52615830000002, 31.6267225 ] } },
{ "type": "Feature", "properties": { "内容": "デイサービスセンター　キューピット【地域密着型通所介護】上福元町5932番地1", "url": "https://www.kaigokensaku.mhlw.go.jp/46/index.php?action_kouhyou_detail_004_kani=true&JigyosyoCd=4670105792-00&ServiceCd=780&Type=search", "url2": "http://tasukeai-k.jp" }, "geometry": { "type": "Point", "coordinates": [ 130.497990299999969, 31.532268299999977 ] } },
{ "type": "Feature", "properties": { "内容": "デイサービスセンター　ラビット【地域密着型通所介護】鹿児島市上福元町5932番地1", "url": "https://www.kaigokensaku.mhlw.go.jp/46/index.php?action_kouhyou_detail_004_kani=true&JigyosyoCd=4670108093-00&ServiceCd=780&Type=search", "url2": "https://tasukeai-k.jp/" }, "geometry": { "type": "Point", "coordinates": [ 130.497990299999969, 31.5322683 ] } },
{ "type": "Feature", "properties": { "内容": "デイサービスオアシスケア天保山【地域密着型通所介護】鹿児島県鹿児島市下荒田２丁目４５番6号", "url": "https://www.kaigokensaku.mhlw.go.jp/46/index.php?action_kouhyou_detail_004_kani=true&JigyosyoCd=4670109612-00&ServiceCd=780&Type=search", "url2": "http://www.symbio.jp" }, "geometry": { "type": "Point", "coordinates": [ 130.55830519999995, 31.573345200000013 ] } },
{ "type": "Feature", "properties": { "内容": "デイサービスオアシスケア吉野【地域密着型通所介護】吉野町8859－2", "url": "https://www.kaigokensaku.mhlw.go.jp/46/index.php?action_kouhyou_detail_004_kani=true&JigyosyoCd=4670103813-00&ServiceCd=780&Type=search", "url2": "http://oasiscare.jp/" }, "geometry": { "type": "Point", "coordinates": [ 130.576349199999981, 31.6370802 ] } },
{ "type": "Feature", "properties": { "内容": "デイサービス　オアシスケア原良【地域密着型通所介護】鹿児島市原良1丁目1-5二千花ビル　1階", "url": "https://www.kaigokensaku.mhlw.go.jp/46/index.php?action_kouhyou_detail_004_kani=true&JigyosyoCd=4670107731-00&ServiceCd=780&Type=search", "url2": "http://oasiscare.jp" }, "geometry": { "type": "Point", "coordinates": [ 130.53881130000002, 31.5982472 ] } },
{ "type": "Feature", "properties": { "内容": "だんらん【地域密着型通所介護】鹿児島県鹿児島市星ヶ峯２丁目１４番１号", "url": "https://www.kaigokensaku.mhlw.go.jp/46/index.php?action_kouhyou_detail_004_kani=true&JigyosyoCd=4670111329-00&ServiceCd=780&Type=search", "url2": "ブログ：npo.anpei@gmail.com" }, "geometry": { "type": "Point", "coordinates": [ 130.497702500000059, 31.578141 ] } },
{ "type": "Feature", "properties": { "内容": "一本桜温泉デイサービス【地域密着型通所介護】鹿児島県鹿児島市紫原6丁目１－１５", "url": "https://www.kaigokensaku.mhlw.go.jp/46/index.php?action_kouhyou_detail_004_kani=true&JigyosyoCd=4670107939-00&ServiceCd=780&Type=search", "url2": null }, "geometry": { "type": "Point", "coordinates": [ 130.535465499999987, 31.5625624 ] } },
{ "type": "Feature", "properties": { "内容": "シオンの家中山【地域密着型通所介護】鹿児島県鹿児島市東谷山６丁目３３番２２", "url": "https://www.kaigokensaku.mhlw.go.jp/46/index.php?action_kouhyou_detail_004_kani=true&JigyosyoCd=4690101763-00&ServiceCd=780&Type=search", "url2": "Zionchuzan@gmail.com" }, "geometry": { "type": "Point", "coordinates": [ 130.518279399999983, 31.5385317 ] } },
{ "type": "Feature", "properties": { "内容": "デイサービスいろりの家【地域密着型通所介護】鹿児島市坂之上六丁目２０番３０号", "url": "https://www.kaigokensaku.mhlw.go.jp/46/index.php?action_kouhyou_detail_004_kani=true&JigyosyoCd=4670105271-00&ServiceCd=780&Type=search", "url2": null }, "geometry": { "type": "Point", "coordinates": [ 130.5016958, 31.4959905 ] } },
{ "type": "Feature", "properties": { "内容": "通所介護カレッジケア東谷山【地域密着型通所介護】鹿児島県鹿児島市東谷山1丁目72番10号", "url": "https://www.kaigokensaku.mhlw.go.jp/46/index.php?action_kouhyou_detail_004_kani=true&JigyosyoCd=4670110164-00&ServiceCd=780&Type=search", "url2": null }, "geometry": { "type": "Point", "coordinates": [ 130.525470264417976, 31.534015316761334 ] } },
{ "type": "Feature", "properties": { "内容": "通所介護カレッジケア桜ヶ丘【地域密着型通所介護】鹿児島市鹿児島市桜ヶ丘6丁目16番7号", "url": "https://www.kaigokensaku.mhlw.go.jp/46/index.php?action_kouhyou_detail_004_kani=true&JigyosyoCd=4690102217-00&ServiceCd=780&Type=search", "url2": null }, "geometry": { "type": "Point", "coordinates": [ 130.521248199999945, 31.5472369 ] } },
{ "type": "Feature", "properties": { "内容": "運動クラブぷらっと【地域密着型通所介護】鹿児島県鹿児島市草牟田1丁目11-11", "url": "https://www.kaigokensaku.mhlw.go.jp/46/index.php?action_kouhyou_detail_004_kani=true&JigyosyoCd=4690102845-00&ServiceCd=780&Type=search", "url2": null }, "geometry": { "type": "Point", "coordinates": [ 130.5403053, 31.6013474 ] } },
{ "type": "Feature", "properties": { "内容": "宅老所　じぃじとばぁばのえんがわ【地域密着型通所介護】鹿児島市吉野町７７３番地1", "url": "https://www.kaigokensaku.mhlw.go.jp/46/index.php?action_kouhyou_detail_004_kani=true&JigyosyoCd=4670109190-00&ServiceCd=780&Type=search", "url2": null }, "geometry": { "type": "Point", "coordinates": [ 130.562607899999989, 31.6383745 ] } },
{ "type": "Feature", "properties": { "内容": "スター倶楽部【地域密着型通所介護】池之上町６番１５号税所ビル１階（旧　田中ビル）", "url": "https://www.kaigokensaku.mhlw.go.jp/46/index.php?action_kouhyou_detail_004_kani=true&JigyosyoCd=4670109356-00&ServiceCd=780&Type=search", "url2": "https://dayss.co.jp" }, "geometry": { "type": "Point", "coordinates": [ 130.563639700000067, 31.6084885 ] } },
{ "type": "Feature", "properties": { "内容": "スター倶楽部よしの【地域密着型通所介護】鹿児島県鹿児島市吉野町6972-1", "url": "https://www.kaigokensaku.mhlw.go.jp/46/index.php?action_kouhyou_detail_004_kani=true&JigyosyoCd=4690101854-00&ServiceCd=780&Type=search", "url2": "https://dayss.co.jp" }, "geometry": { "type": "Point", "coordinates": [ 130.58406279999997, 31.6371052 ] } },
{ "type": "Feature", "properties": { "内容": "あおぞらデイサービスセンター【地域密着型通所介護】武３丁目１３－４黒木ビル１Ｆ", "url": "https://www.kaigokensaku.mhlw.go.jp/46/index.php?action_kouhyou_detail_004_kani=true&JigyosyoCd=4670106956-00&ServiceCd=780&Type=search", "url2": "http://www.aozora-gp.com/" }, "geometry": { "type": "Point", "coordinates": [ 139.6453553, 35.2206308 ] } },
{ "type": "Feature", "properties": { "内容": "あおぞらデイサービスセンター田上【地域密着型通所介護】鹿児島県鹿児島市田上5丁目3-2", "url": "https://www.kaigokensaku.mhlw.go.jp/46/index.php?action_kouhyou_detail_004_kani=true&JigyosyoCd=4690102746-00&ServiceCd=780&Type=search", "url2": "https://www.aozora-cg.com/" }, "geometry": { "type": "Point", "coordinates": [ 130.526087, 31.5765566 ] } },
{ "type": "Feature", "properties": { "内容": "あおぞらでいさーびすせんたーながよし【地域密着型通所介護】鹿児島県鹿児島市永吉2-1-14", "url": "https://www.kaigokensaku.mhlw.go.jp/46/index.php?action_kouhyou_detail_004_kani=true&JigyosyoCd=4690103066-00&ServiceCd=780&Type=search", "url2": "https://www.aozora-cg.com/" }, "geometry": { "type": "Point", "coordinates": [ 130.5330272, 31.6028325 ] } },
{ "type": "Feature", "properties": { "内容": "リハビリ特化型デイサービスムーブメントプロ清水【地域密着型通所介護】鹿児島県鹿児島市清水町15-22エクステンド清水101", "url": "https://www.kaigokensaku.mhlw.go.jp/46/index.php?action_kouhyou_detail_004_kani=true&JigyosyoCd=4670110172-00&ServiceCd=780&Type=search", "url2": "https://randc-shonan.co.jp/" }, "geometry": { "type": "Point", "coordinates": [ 130.5681866, 31.6078748 ] } },
{ "type": "Feature", "properties": { "内容": "清谿園デイサービスセンターひめゆり【地域密着型通所介護】鹿児島市中山町5216番地1", "url": "https://www.kaigokensaku.mhlw.go.jp/46/index.php?action_kouhyou_detail_004_kani=true&JigyosyoCd=4670105842-00&ServiceCd=780&Type=search", "url2": "http://www.seikeien.com" }, "geometry": { "type": "Point", "coordinates": [ 130.500715, 31.5346543 ] } },
{ "type": "Feature", "properties": { "内容": "デイサービスみどりのお家　伊敷台【地域密着型通所介護】鹿児島県鹿児島市伊敷3丁目25番20号", "url": "https://www.kaigokensaku.mhlw.go.jp/46/index.php?action_kouhyou_detail_004_kani=true&JigyosyoCd=4670108218-00&ServiceCd=780&Type=search", "url2": "http://www.greencoop.or.jp/" }, "geometry": { "type": "Point", "coordinates": [ 130.529146700000041, 31.624703200000035 ] } },
{ "type": "Feature", "properties": { "内容": "デイサービスセンター老祝【地域密着型通所介護】鹿児島県鹿児島市春山町１７２６－５介護相談センター老祝", "url": "https://www.kaigokensaku.mhlw.go.jp/46/index.php?action_kouhyou_detail_004_kani=true&JigyosyoCd=4670110602-00&ServiceCd=780&Type=search", "url2": null }, "geometry": { "type": "Point", "coordinates": [ 130.458588711110565, 31.58759344651196 ] } },
{ "type": "Feature", "properties": { "内容": "デイサービスセンターすずらん喜入【地域密着型通所介護】鹿児島県鹿児島市喜入中名町2977-1", "url": "https://www.kaigokensaku.mhlw.go.jp/46/index.php?action_kouhyou_detail_004_kani=true&JigyosyoCd=4670110545-00&ServiceCd=780&Type=search", "url2": null }, "geometry": { "type": "Point", "coordinates": [ 130.537018216932097, 31.385140594346105 ] } },
{ "type": "Feature", "properties": { "内容": "デイサービスセンターすずらん【地域密着型通所介護】鹿児島市平川町１５３９－１", "url": "https://www.kaigokensaku.mhlw.go.jp/46/index.php?action_kouhyou_detail_004_kani=true&JigyosyoCd=4670106261-00&ServiceCd=780&Type=search", "url2": null }, "geometry": { "type": "Point", "coordinates": [ 130.50727310000002, 31.4699958 ] } },
{ "type": "Feature", "properties": { "内容": "リハデイサービス　オーシャンハート【地域密着型通所介護】鹿児島市唐湊1-14-28森山ビル102", "url": "https://www.kaigokensaku.mhlw.go.jp/46/index.php?action_kouhyou_detail_004_kani=true&JigyosyoCd=4690102548-00&ServiceCd=780&Type=search", "url2": null }, "geometry": { "type": "Point", "coordinates": [ 130.537833799999987, 31.5699172 ] } },
{ "type": "Feature", "properties": { "内容": "デイサービス　かんまち【地域密着型通所介護】鹿児島県鹿児島市大竜町7-35", "url": "https://www.kaigokensaku.mhlw.go.jp/46/index.php?action_kouhyou_detail_004_kani=true&JigyosyoCd=4690102696-00&ServiceCd=780&Type=search", "url2": "http://yoshino-medical.com" }, "geometry": { "type": "Point", "coordinates": [ 130.5614597, 31.6049294 ] } },
{ "type": "Feature", "properties": { "内容": "デイサービスセンターみやび【地域密着型通所介護】鹿児島市谷山中央1丁目4319番地", "url": "https://www.kaigokensaku.mhlw.go.jp/46/index.php?action_kouhyou_detail_004_kani=true&JigyosyoCd=4670104043-00&ServiceCd=780&Type=search", "url2": "http://www4.synapse.ne.jp/miyabi/" }, "geometry": { "type": "Point", "coordinates": [ 130.514927298147541, 31.524415936344717 ] } },
{ "type": "Feature", "properties": { "内容": "民家型デイサービス　のんびり小町【地域密着型通所介護】鹿児島県鹿児島市和田2丁目32-3", "url": "https://www.kaigokensaku.mhlw.go.jp/46/index.php?action_kouhyou_detail_004_kani=true&JigyosyoCd=4670110321-00&ServiceCd=780&Type=search", "url2": "www4.hp-ez/hp/nonbirikomati" }, "geometry": { "type": "Point", "coordinates": [ 130.505664700000011, 31.5117865 ] } },
{ "type": "Feature", "properties": { "内容": "ゆうあいデイサービス【地域密着型通所介護】中山町5293-6", "url": "https://www.kaigokensaku.mhlw.go.jp/46/index.php?action_kouhyou_detail_004_kani=true&JigyosyoCd=4670105453-00&ServiceCd=780&Type=search", "url2": null }, "geometry": { "type": "Point", "coordinates": [ 130.49816809999993, 31.5347654 ] } },
{ "type": "Feature", "properties": { "内容": "LLちゅうざん【地域密着型通所介護】鹿児島県鹿児島市中山２丁目２８−６１", "url": "https://www.kaigokensaku.mhlw.go.jp/46/index.php?action_kouhyou_detail_004_kani=true&JigyosyoCd=4690103090-00&ServiceCd=780&Type=search", "url2": "https://sll.co.jp/" }, "geometry": { "type": "Point", "coordinates": [ 130.506679917196664, 31.548242117424159 ] } },
{ "type": "Feature", "properties": { "内容": "ゆたかのもりの花棚クラブ【地域密着型通所介護】鹿児島県鹿児島市吉野2丁目38番13号", "url": "https://www.kaigokensaku.mhlw.go.jp/46/index.php?action_kouhyou_detail_004_kani=true&JigyosyoCd=4690102001-00&ServiceCd=780&Type=search", "url2": "http://www.muginome-fukushi.or.jp/" }, "geometry": { "type": "Point", "coordinates": [ 130.567418203704847, 31.658455469256964 ] } },
{ "type": "Feature", "properties": { "内容": "リハビリテーションハレ城西【地域密着型通所介護】西田3丁目26-19", "url": "https://www.kaigokensaku.mhlw.go.jp/46/index.php?action_kouhyou_detail_004_kani=true&JigyosyoCd=4690103025-00&ServiceCd=780&Type=search", "url2": null }, "geometry": { "type": "Point", "coordinates": [ 130.536656, 31.5867702 ] } },
{ "type": "Feature", "properties": { "内容": "デイサービス悠暮里【地域密着型通所介護】鹿児島市郡山町68番地", "url": "https://www.kaigokensaku.mhlw.go.jp/46/index.php?action_kouhyou_detail_004_kani=true&JigyosyoCd=4670105255-00&ServiceCd=780&Type=search", "url2": "yukuri-grp.com/" }, "geometry": { "type": "Point", "coordinates": [ 130.479362, 31.6815408 ] } },
{ "type": "Feature", "properties": { "内容": "スイートピア楓【地域密着型通所介護】鹿児島市坂之上2丁目21-45", "url": "https://www.kaigokensaku.mhlw.go.jp/46/index.php?action_kouhyou_detail_004_kani=true&JigyosyoCd=4690102530-00&ServiceCd=780&Type=search", "url2": "https://nozomikai.co" }, "geometry": { "type": "Point", "coordinates": [ 130.505549, 31.5053953 ] } },
{ "type": "Feature", "properties": { "内容": "地域密着型通所介護　糀-cozy-【地域密着型通所介護】玉里団地3丁目37番18号", "url": "https://www.kaigokensaku.mhlw.go.jp/46/index.php?action_kouhyou_detail_004_kani=true&JigyosyoCd=4690102795-00&ServiceCd=780&Type=search", "url2": "cozy-prop.com" }, "geometry": { "type": "Point", "coordinates": [ 130.547099593254131, 31.621767164098205 ] } },
{ "type": "Feature", "properties": { "内容": "リハビリラボ歩むと【地域密着型通所介護】鹿児島県鹿児島市鴨池新町21-1町田ビル1階", "url": "https://www.kaigokensaku.mhlw.go.jp/46/index.php?action_kouhyou_detail_004_kani=true&JigyosyoCd=4690102969-00&ServiceCd=780&Type=search", "url2": "https://regait-8.co.jp/" }, "geometry": { "type": "Point", "coordinates": [ 130.5598459, 31.55731 ] } },
{ "type": "Feature", "properties": { "内容": "デイサービス金色のの【地域密着型通所介護】鹿児島県鹿児島市東谷山２丁目１９番９号", "url": "https://www.kaigokensaku.mhlw.go.jp/46/index.php?action_kouhyou_detail_004_kani=true&JigyosyoCd=4690102167-00&ServiceCd=780&Type=search", "url2": "konjikinono.jp" }, "geometry": { "type": "Point", "coordinates": [ 130.5245572, 31.5322161 ] } },
{ "type": "Feature", "properties": { "内容": "ハウスメイト福平【地域密着型通所介護】鹿児島市下福元町７５０７番地ハウスメイト福平", "url": "https://www.kaigokensaku.mhlw.go.jp/46/index.php?action_kouhyou_detail_004_kani=true&JigyosyoCd=4690101789-00&ServiceCd=780&Type=search", "url2": "http://www.hapinam.com" }, "geometry": { "type": "Point", "coordinates": [ 130.499629037573186, 31.485105737166787 ] } },
{ "type": "Feature", "properties": { "内容": "アルファデイサービスセンター上荒田【地域密着型通所介護】鹿児島県鹿児島市上荒田町31-12アルファリビング鹿児島上荒田内", "url": "https://www.kaigokensaku.mhlw.go.jp/46/index.php?action_kouhyou_detail_004_kani=true&JigyosyoCd=4690102258-00&ServiceCd=780&Type=search", "url2": "https://www.a-living.jp/kagoshima/uearata/" }, "geometry": { "type": "Point", "coordinates": [ 130.546627199999989, 31.5747461 ] } },
{ "type": "Feature", "properties": { "内容": "三船園ﾃﾞｲｻｰﾋﾞｽｾﾝﾀｰ【地域密着型通所介護】吉野町10005番地4", "url": "https://www.kaigokensaku.mhlw.go.jp/46/index.php?action_kouhyou_detail_004_kani=true&JigyosyoCd=4670101916-00&ServiceCd=780&Type=search", "url2": "http://www1.ocn.ne.jp/~mifuneen/" }, "geometry": { "type": "Point", "coordinates": [ 130.601356, 31.6334059 ] } },
{ "type": "Feature", "properties": { "内容": "ほたるの里デイサービスセンター【地域密着型通所介護】鹿児島県鹿児島市油須木町21番地1", "url": "https://www.kaigokensaku.mhlw.go.jp/46/index.php?action_kouhyou_detail_004_kani=true&JigyosyoCd=4670105669-00&ServiceCd=780&Type=search", "url2": null }, "geometry": { "type": "Point", "coordinates": [ 130.47885610000003, 31.6878735 ] } },
{ "type": "Feature", "properties": { "内容": "ほたるの家デイサービスセンター【地域密着型通所介護】鹿児島県鹿児島市油須木町5番地", "url": "https://www.kaigokensaku.mhlw.go.jp/46/index.php?action_kouhyou_detail_004_kani=true&JigyosyoCd=4670108853-00&ServiceCd=780&Type=search", "url2": null }, "geometry": { "type": "Point", "coordinates": [ 130.483933900000011, 31.6820546 ] } },
{ "type": "Feature", "properties": { "内容": "ディサービスセンターあいせ平之町【地域密着型通所介護】鹿児島県鹿児島市平之町10番9号", "url": "https://www.kaigokensaku.mhlw.go.jp/46/index.php?action_kouhyou_detail_004_kani=true&JigyosyoCd=4670110834-00&ServiceCd=780&Type=search", "url2": "http://dayservice-aise.com/aise02.html" }, "geometry": { "type": "Point", "coordinates": [ 130.548527599999943, 31.5907567 ] } },
{ "type": "Feature", "properties": { "内容": "R.CISHIKIBase【地域密着型通所介護】鹿児島県鹿児島市西伊敷4丁目5−1", "url": "https://www.kaigokensaku.mhlw.go.jp/46/index.php?action_kouhyou_detail_004_kani=true&JigyosyoCd=4690102670-00&ServiceCd=780&Type=search", "url2": "https://www.unity-g.com" }, "geometry": { "type": "Point", "coordinates": [ 130.5314115, 31.6403836 ] } },
{ "type": "Feature", "properties": { "内容": "デイサービスセンター日之出【地域密着型通所介護】鹿児島県鹿児島市紫原3丁目31番10号", "url": "https://www.kaigokensaku.mhlw.go.jp/46/index.php?action_kouhyou_detail_004_kani=true&JigyosyoCd=4690102399-00&ServiceCd=780&Type=search", "url2": "www.hwyuu.com" }, "geometry": { "type": "Point", "coordinates": [ 130.5369058, 31.5519756 ] } },
{ "type": "Feature", "properties": { "内容": "ディサービス　優美庵【地域密着型通所介護】鹿児島県鹿児島市宇宿9丁目6番30号", "url": "https://www.kaigokensaku.mhlw.go.jp/46/index.php?action_kouhyou_detail_004_kani=true&JigyosyoCd=4690101565-00&ServiceCd=780&Type=search", "url2": "www.amayurikai.or.jp" }, "geometry": { "type": "Point", "coordinates": [ 130.524208300000026, 31.5552019 ] } },
{ "type": "Feature", "properties": { "内容": "コミュニティデイサービスあしあと壱番館【地域密着型通所介護】鹿児島市鴨池２丁目１０－２１住宅型有料老人ホームあしあと壱番館６F", "url": "https://www.kaigokensaku.mhlw.go.jp/46/index.php?action_kouhyou_detail_004_kani=true&JigyosyoCd=4690103041-00&ServiceCd=780&Type=search", "url2": null }, "geometry": { "type": "Point", "coordinates": [ 130.551629600000012, 31.5674723 ] } },
{ "type": "Feature", "properties": { "内容": "コミュニティデイサービスあしあと弐番館【地域密着型通所介護】鹿児島県鹿児島市東谷山２丁目６－１住宅型有料老人ホームあしあと弐番館６F", "url": "https://www.kaigokensaku.mhlw.go.jp/46/index.php?action_kouhyou_detail_004_kani=true&JigyosyoCd=4690103058-00&ServiceCd=780&Type=search", "url2": null }, "geometry": { "type": "Point", "coordinates": [ 130.524039222090153, 31.530667063305955 ] } },
{ "type": "Feature", "properties": { "内容": "デイサービス優花【地域密着型通所介護】鹿児島県鹿児島市広木２丁目４８番２号", "url": "https://www.kaigokensaku.mhlw.go.jp/46/index.php?action_kouhyou_detail_004_kani=true&JigyosyoCd=4690103157-00&ServiceCd=780&Type=search", "url2": "www.amayurikai.or.jp" }, "geometry": { "type": "Point", "coordinates": [ 130.5210759, 31.5616007 ] } },
{ "type": "Feature", "properties": { "内容": "デイサービス笑癒照国【地域密着型通所介護】鹿児島県鹿児島市照国町１８－９サンシュライン照国１階", "url": "https://www.kaigokensaku.mhlw.go.jp/46/index.php?action_kouhyou_detail_004_kani=true&JigyosyoCd=4670109182-00&ServiceCd=780&Type=search", "url2": "http://www.careーwarai.com/outpatient－care/tarukuni" }, "geometry": { "type": "Point", "coordinates": [ 130.5510524, 31.593812 ] } },
{ "type": "Feature", "properties": { "内容": "デイサービスおたふく郡元【地域密着型通所介護】郡元１−１５−５井手ビル　１階", "url": "https://www.kaigokensaku.mhlw.go.jp/46/index.php?action_kouhyou_detail_004_kani=true&JigyosyoCd=4670107665-00&ServiceCd=780&Type=search", "url2": "http://ohtadc-gp.jp/otafuku/" }, "geometry": { "type": "Point", "coordinates": [ 130.5451342, 31.564818 ] } },
{ "type": "Feature", "properties": { "内容": "ﾃﾞｲｻｰﾋﾞｽｾﾝﾀｰじゅらく常盤【地域密着型通所介護】鹿児島県鹿児島市常盤1-24-39", "url": "https://www.kaigokensaku.mhlw.go.jp/46/index.php?action_kouhyou_detail_004_kani=true&JigyosyoCd=4670110917-00&ServiceCd=780&Type=search", "url2": null }, "geometry": { "type": "Point", "coordinates": [ 130.530098482937888, 31.588201090817943 ] } },
{ "type": "Feature", "properties": { "内容": "デイサービス　リスタ【地域密着型通所介護】桜ケ丘８丁目４０－７", "url": "https://www.kaigokensaku.mhlw.go.jp/46/index.php?action_kouhyou_detail_004_kani=true&JigyosyoCd=4670111287-00&ServiceCd=780&Type=search", "url2": "www.ab.auone-net.jp/~kyukyu/" }, "geometry": { "type": "Point", "coordinates": [ 130.530892608225372, 31.545152197851451 ] } },
{ "type": "Feature", "properties": { "内容": "ショコラうすき通い【地域密着型通所介護】鹿児島市宇宿7丁目14番3号", "url": "https://www.kaigokensaku.mhlw.go.jp/46/index.php?action_kouhyou_detail_004_kani=true&JigyosyoCd=4670103912-00&ServiceCd=780&Type=search", "url2": "https://chocolatusuki.com" }, "geometry": { "type": "Point", "coordinates": [ 130.526802699999962, 31.5531994 ] } },
{ "type": "Feature", "properties": { "内容": "「ほしがみね」デイサービスセンター【地域密着型通所介護】鹿児島県鹿児島市山田町２９７３番地１", "url": "https://www.kaigokensaku.mhlw.go.jp/46/index.php?action_kouhyou_detail_004_kani=true&JigyosyoCd=4690102431-00&ServiceCd=780&Type=search", "url2": null }, "geometry": { "type": "Point", "coordinates": [ 130.500511, 31.5684292 ] } },
{ "type": "Feature", "properties": { "内容": "ナカノデイサービス【地域密着型通所介護】鹿児島県鹿児島市伊敷３丁目１４番８号", "url": "https://www.kaigokensaku.mhlw.go.jp/46/index.php?action_kouhyou_detail_004_kani=true&JigyosyoCd=4670109737-00&ServiceCd=780&Type=search", "url2": "http://nakanozaitaku.jp/" }, "geometry": { "type": "Point", "coordinates": [ 130.530105400000025, 31.6235894 ] } },
{ "type": "Feature", "properties": { "内容": "おとなの学校天保山橋校デイサービスセンター【地域密着型通所介護】下荒田1丁目37－2藤崎ビル1階", "url": "https://www.kaigokensaku.mhlw.go.jp/46/index.php?action_kouhyou_detail_004_kani=true&JigyosyoCd=4670108952-00&ServiceCd=780&Type=search", "url2": "http://www.otona-gakkou.com/" }, "geometry": { "type": "Point", "coordinates": [ 130.558316200000036, 31.5779557 ] } },
{ "type": "Feature", "properties": { "内容": "デイサービスセンター七福神【地域密着型通所介護】小野2丁目8-15", "url": "https://www.kaigokensaku.mhlw.go.jp/46/index.php?action_kouhyou_detail_004_kani=true&JigyosyoCd=4690101896-00&ServiceCd=780&Type=search", "url2": "729729.ｊｐ" }, "geometry": { "type": "Point", "coordinates": [ 130.526447599999983, 31.6152844 ] } },
{ "type": "Feature", "properties": { "内容": "だんらんの家　鹿児島唐湊【地域密着型通所介護】鹿児島県鹿児島市唐湊1丁目7番21号", "url": "https://www.kaigokensaku.mhlw.go.jp/46/index.php?action_kouhyou_detail_004_kani=true&JigyosyoCd=4690103017-00&ServiceCd=780&Type=search", "url2": null }, "geometry": { "type": "Point", "coordinates": [ 130.535931, 31.5727741 ] } },
{ "type": "Feature", "properties": { "内容": "リハビリ特化型デイサービス　ムーブメントプロ谷山【地域密着型通所介護】鹿児島県鹿児島市東谷山1-64-20", "url": "https://www.kaigokensaku.mhlw.go.jp/46/index.php?action_kouhyou_detail_004_kani=true&JigyosyoCd=4690101797-00&ServiceCd=780&Type=search", "url2": "https://randc-shonan.co.jp/" }, "geometry": { "type": "Point", "coordinates": [ 130.526339017255964, 31.53528435876364 ] } },
{ "type": "Feature", "properties": { "内容": "デイサービスきぼうの里【地域密着型通所介護】鹿児島県鹿児島市玉里団地2-5-1", "url": "https://www.kaigokensaku.mhlw.go.jp/46/index.php?action_kouhyou_detail_004_kani=true&JigyosyoCd=4690101540-00&ServiceCd=780&Type=search", "url2": "http://shimazu-hd.jp/" }, "geometry": { "type": "Point", "coordinates": [ 130.546790500000043, 31.6178734 ] } },
{ "type": "Feature", "properties": { "内容": "デイサービス　おじゃったもんせ【地域密着型通所介護】鹿児島市小川町11番8号2階メゾン・ド・ボヌール", "url": "https://www.kaigokensaku.mhlw.go.jp/46/index.php?action_kouhyou_detail_004_kani=true&JigyosyoCd=4670106493-00&ServiceCd=780&Type=search", "url2": "https://ojyattamonse.jp/" }, "geometry": { "type": "Point", "coordinates": [ 130.56166597672123, 31.600233998527223 ] } },
{ "type": "Feature", "properties": { "内容": "デイサービス　きゅっきゅ【地域密着型通所介護】鹿児島県鹿児島市伊敷4丁目10-1", "url": "https://www.kaigokensaku.mhlw.go.jp/46/index.php?action_kouhyou_detail_004_kani=true&JigyosyoCd=4690102712-00&ServiceCd=780&Type=search", "url2": null }, "geometry": { "type": "Point", "coordinates": [ 130.534118189549275, 31.632747775151927 ] } },
{ "type": "Feature", "properties": { "内容": "えんむすび谷山【地域密着型通所介護】鹿児島県鹿児島市谷山中央4丁目4852", "url": "https://www.kaigokensaku.mhlw.go.jp/46/index.php?action_kouhyou_detail_004_kani=true&JigyosyoCd=4690102720-00&ServiceCd=780&Type=search", "url2": "https://snk000service.wixsite.com/enmusubi" }, "geometry": { "type": "Point", "coordinates": [ 130.517980200000011, 31.5189245 ] } },
{ "type": "Feature", "properties": { "内容": "デイサービスセンターてあて【地域密着型通所介護】鹿児島県鹿児島市坂之上３丁目８番１号", "url": "https://www.kaigokensaku.mhlw.go.jp/46/index.php?action_kouhyou_detail_004_kani=true&JigyosyoCd=4690102589-00&ServiceCd=780&Type=search", "url2": null }, "geometry": { "type": "Point", "coordinates": [ 130.5022204, 31.5061093 ] } },
{ "type": "Feature", "properties": { "内容": "機能訓練重視型　デイサ－ビス　ささひら【地域密着型通所介護】小原町23-1", "url": "https://www.kaigokensaku.mhlw.go.jp/46/index.php?action_kouhyou_detail_004_kani=true&JigyosyoCd=4670105339-00&ServiceCd=780&Type=search", "url2": null }, "geometry": { "type": "Point", "coordinates": [ 130.522895299999959, 31.5422812 ] } },
{ "type": "Feature", "properties": { "内容": "南国東千石デイサービス【地域密着型通所介護】鹿児島市東千石町3－15南国東千石ケアハイツ", "url": "https://www.kaigokensaku.mhlw.go.jp/46/index.php?action_kouhyou_detail_004_kani=true&JigyosyoCd=4670107574-00&ServiceCd=780&Type=search", "url2": "http://nangoku-lc.com/" }, "geometry": { "type": "Point", "coordinates": [ 130.552961111778245, 31.591314577994208 ] } },
{ "type": "Feature", "properties": { "内容": "リハビリ特化型デイサービス　リハビックス甲突店【地域密着型通所介護】鹿児島県鹿児島市甲突町２番７号", "url": "https://www.kaigokensaku.mhlw.go.jp/46/index.php?action_kouhyou_detail_004_kani=true&JigyosyoCd=4690102555-00&ServiceCd=780&Type=search", "url2": "http://hp.kaipoke.biz/6pw/" }, "geometry": { "type": "Point", "coordinates": [ 130.559540531282806, 31.582870721937795 ] } },
{ "type": "Feature", "properties": { "内容": "リハビリ特化型デイサービスたいそう【地域密着型通所介護】鹿児島県鹿児島市花野光ヶ丘2丁目48番1号", "url": "https://www.kaigokensaku.mhlw.go.jp/46/index.php?action_kouhyou_detail_004_kani=true&JigyosyoCd=4670109950-00&ServiceCd=780&Type=search", "url2": null }, "geometry": { "type": "Point", "coordinates": [ 130.526597181722963, 31.6516513867908 ] } },
{ "type": "Feature", "properties": { "内容": "リハビリ特化型デイサービス　ムーブメントプロ鴨池【地域密着型通所介護】鹿児島県鹿児島市真砂本町29番7号松野ビル1階", "url": "https://www.kaigokensaku.mhlw.go.jp/46/index.php?action_kouhyou_detail_004_kani=true&JigyosyoCd=4690102514-00&ServiceCd=780&Type=search", "url2": "https://www.randc-shonan.co.jp" }, "geometry": { "type": "Point", "coordinates": [ 130.553657700000031, 31.5562938 ] } },
{ "type": "Feature", "properties": { "内容": "フローラルガーデン花野【地域密着型通所介護】鹿児島県鹿児島市皆与志町622‐4", "url": "https://www.kaigokensaku.mhlw.go.jp/46/index.php?action_kouhyou_detail_004_kani=true&JigyosyoCd=4690102597-00&ServiceCd=780&Type=search", "url2": "https://k-nonoka.com/" }, "geometry": { "type": "Point", "coordinates": [ 130.5246259, 31.6494121 ] } },
{ "type": "Feature", "properties": { "内容": "リハビリテーションハレ【地域密着型通所介護】鴨池1-16-8", "url": "https://www.kaigokensaku.mhlw.go.jp/46/index.php?action_kouhyou_detail_004_kani=true&JigyosyoCd=4690102100-00&ServiceCd=780&Type=search", "url2": null }, "geometry": { "type": "Point", "coordinates": [ 130.5496382, 31.5666563 ] } },
{ "type": "Feature", "properties": { "内容": "スプラウトデイサービス達者の家KAGOSHIMA【地域密着型通所介護】鹿児島県鹿児島市小野３−３−１４", "url": "https://www.kaigokensaku.mhlw.go.jp/46/index.php?action_kouhyou_detail_004_kani=true&JigyosyoCd=4690102787-00&ServiceCd=780&Type=search", "url2": "http://www.carecraftsman.com/" }, "geometry": { "type": "Point", "coordinates": [ 130.523879293254083, 31.611809399999988 ] } },
{ "type": "Feature", "properties": { "内容": "デイサービスセンターつばめ【地域密着型通所介護】鹿児島市山田町442-1有料老人ホームちどり", "url": "https://www.kaigokensaku.mhlw.go.jp/46/index.php?action_kouhyou_detail_004_kani=true&JigyosyoCd=4670107566-00&ServiceCd=780&Type=search", "url2": null }, "geometry": { "type": "Point", "coordinates": [ 130.508224299999938, 31.5546047 ] } },
{ "type": "Feature", "properties": { "内容": "住宅型有料老人ホーム　デイサービス　小春日和【地域密着型通所介護】鹿児島県鹿児島市小野1丁目5-25", "url": "https://www.kaigokensaku.mhlw.go.jp/46/index.php?action_kouhyou_detail_004_kani=true&JigyosyoCd=4690102423-00&ServiceCd=780&Type=search", "url2": null }, "geometry": { "type": "Point", "coordinates": [ 130.5310738, 31.610823 ] } },
{ "type": "Feature", "properties": { "内容": "りはびりとっかがたでいさーびす　さつまけんこううんどうじゅく【地域密着型通所介護】鹿児島県鹿児島市春山町1274-1あいビル1階", "url": "https://www.kaigokensaku.mhlw.go.jp/46/index.php?action_kouhyou_detail_004_kani=true&JigyosyoCd=4690102886-00&ServiceCd=780&Type=search", "url2": "www.satumaundou.net" }, "geometry": { "type": "Point", "coordinates": [ 130.458858600000013, 31.5830883 ] } },
{ "type": "Feature", "properties": { "内容": "スイートピア吉野【地域密着型通所介護】鹿児島市下田町650-1", "url": "https://www.kaigokensaku.mhlw.go.jp/46/index.php?action_kouhyou_detail_004_kani=true&JigyosyoCd=4690102878-00&ServiceCd=780&Type=search", "url2": "http://tanpoponosato.jp/" }, "geometry": { "type": "Point", "coordinates": [ 130.561719900000014, 31.6456417 ] } },
{ "type": "Feature", "properties": { "内容": "デイサービスセンター　とうぶ【地域密着型通所介護】鹿児島県鹿児島市東谷山４丁目　３４－２", "url": "https://www.kaigokensaku.mhlw.go.jp/46/index.php?action_kouhyou_detail_004_kani=true&JigyosyoCd=4690101839-00&ServiceCd=780&Type=search", "url2": null }, "geometry": { "type": "Point", "coordinates": [ 130.518754599999966, 31.5324989 ] } },
{ "type": "Feature", "properties": { "内容": "地域密着型通所介護　オーシャン倶楽部【地域密着型通所介護】鹿児島県鹿児島市紫原４丁目４－２　３階", "url": "https://www.kaigokensaku.mhlw.go.jp/46/index.php?action_kouhyou_detail_004_kani=true&JigyosyoCd=4690101714-00&ServiceCd=780&Type=search", "url2": "http://jyouseikai.jp" }, "geometry": { "type": "Point", "coordinates": [ 130.53341744055902, 31.559827579201681 ] } },
{ "type": "Feature", "properties": { "内容": "LLさねかた【地域密着型通所介護】鹿児島県鹿児島市吉野町４５１−１", "url": "https://www.kaigokensaku.mhlw.go.jp/46/index.php?action_kouhyou_detail_004_kani=true&JigyosyoCd=4690102498-00&ServiceCd=780&Type=search", "url2": "sll.co.jp" }, "geometry": { "type": "Point", "coordinates": [ 130.5619184, 31.6306618 ] } },
{ "type": "Feature", "properties": { "内容": "コープデイサービス田上にじいろ【地域密着型通所介護】広木一丁目1番1号", "url": "https://www.kaigokensaku.mhlw.go.jp/46/index.php?action_kouhyou_detail_004_kani=true&JigyosyoCd=4670108523-00&ServiceCd=780&Type=search", "url2": "http://www.kagoshima.coop/" }, "geometry": { "type": "Point", "coordinates": [ 130.5214717, 31.5688169 ] } },
{ "type": "Feature", "properties": { "内容": "デイサービスクオーレ東谷山【地域密着型通所介護】鹿児島市清和1丁目10番20号", "url": "https://www.kaigokensaku.mhlw.go.jp/46/index.php?action_kouhyou_detail_004_kani=true&JigyosyoCd=4690103108-00&ServiceCd=780&Type=search", "url2": "http://iandicuore.com" }, "geometry": { "type": "Point", "coordinates": [ 130.516290700000013, 31.5355731 ] } },
{ "type": "Feature", "properties": { "内容": "リハビリデイサービス花咲かり【地域密着型通所介護】坂之上６丁目３２番１１号", "url": "https://www.kaigokensaku.mhlw.go.jp/46/index.php?action_kouhyou_detail_004_kani=true&JigyosyoCd=4670109620-00&ServiceCd=780&Type=search", "url2": "https://www.facebook.com/hanazakari.rehaday" }, "geometry": { "type": "Point", "coordinates": [ 130.499076599999967, 31.4936934 ] } },
{ "type": "Feature", "properties": { "内容": "デイサービス　まるちゃん家【地域密着型通所介護】鹿児島県鹿児島市坂之上1-47-10", "url": "https://www.kaigokensaku.mhlw.go.jp/46/index.php?action_kouhyou_detail_004_kani=true&JigyosyoCd=4690102621-00&ServiceCd=780&Type=search", "url2": "https://brace-sakanoue.localinfo.jp/" }, "geometry": { "type": "Point", "coordinates": [ 130.5096934, 31.5013293 ] } },
{ "type": "Feature", "properties": { "内容": "リハビリジムＡＲＡＴＡ【地域密着型通所介護】鹿児島県鹿児島市荒田１丁目５１－１３", "url": "https://www.kaigokensaku.mhlw.go.jp/46/index.php?action_kouhyou_detail_004_kani=true&JigyosyoCd=4690103298-00&ServiceCd=780&Type=search", "url2": "https://ookatsu.jp/" }, "geometry": { "type": "Point", "coordinates": [ 130.5477032, 31.5740495 ] } },
{ "type": "Feature", "properties": { "内容": "ﾃﾞｲｻｰﾋﾞｽ楓【地域密着型通所介護】鹿児島県鹿児島市小川町22-15", "url": "https://www.kaigokensaku.mhlw.go.jp/46/index.php?action_kouhyou_detail_004_kani=true&JigyosyoCd=4670107947-00&ServiceCd=780&Type=search", "url2": "http://kaede118.com/" }, "geometry": { "type": "Point", "coordinates": [ 130.562126300000045, 31.5998477 ] } },
{ "type": "Feature", "properties": { "内容": "デイサービスセンターいろえんぴつ【地域密着型通所介護】田上台4丁目42番13号", "url": "https://www.kaigokensaku.mhlw.go.jp/46/index.php?action_kouhyou_detail_004_kani=true&JigyosyoCd=4670108150-00&ServiceCd=780&Type=search", "url2": null }, "geometry": { "type": "Point", "coordinates": [ 130.518966299999988, 31.5747023 ] } },
{ "type": "Feature", "properties": { "内容": "デイサービスセンター　しおり【地域密着型通所介護】清水町１０－７", "url": "https://www.kaigokensaku.mhlw.go.jp/46/index.php?action_kouhyou_detail_004_kani=true&JigyosyoCd=4670107343-00&ServiceCd=780&Type=search", "url2": "http://www.kaigo-shiori.com/" }, "geometry": { "type": "Point", "coordinates": [ 130.5668339, 31.6090385 ] } },
{ "type": "Feature", "properties": { "内容": "でい喫茶エルコミ【地域密着型通所介護】南林寺町17‐39ゼブラビル１F", "url": "https://www.kaigokensaku.mhlw.go.jp/46/index.php?action_kouhyou_detail_004_kani=true&JigyosyoCd=4690103249-00&ServiceCd=780&Type=search", "url2": null }, "geometry": { "type": "Point", "coordinates": [ 130.561937300000011, 31.5827926 ] } },
{ "type": "Feature", "properties": { "内容": "LLこうよう【地域密着型通所介護】鹿児島県鹿児島市向陽２丁目２１−５", "url": "https://www.kaigokensaku.mhlw.go.jp/46/index.php?action_kouhyou_detail_004_kani=true&JigyosyoCd=4690103322-00&ServiceCd=780&Type=search", "url2": "sll.co.jp" }, "geometry": { "type": "Point", "coordinates": [ 130.5168036, 31.5567512 ] } },
{ "type": "Feature", "properties": { "内容": "デイサービス　おじゃったもんせ　伊敷【地域密着型通所介護】鹿児島県鹿児島市伊敷１丁目２３番３０号福田ビル", "url": "https://www.kaigokensaku.mhlw.go.jp/46/index.php?action_kouhyou_detail_004_kani=true&JigyosyoCd=4670110123-00&ServiceCd=780&Type=search", "url2": "https://ojyattamonse.jo/" }, "geometry": { "type": "Point", "coordinates": [ 130.526161300000012, 31.621584 ] } },
{ "type": "Feature", "properties": { "内容": "デイサービスセンター　おひさま【地域密着型通所介護】鹿児島県鹿児島市田上８丁目１３ー２９", "url": "https://www.kaigokensaku.mhlw.go.jp/46/index.php?action_kouhyou_detail_004_kani=true&JigyosyoCd=4670107913-00&ServiceCd=780&Type=search", "url2": "https://kagoshima-ohisama.com" }, "geometry": { "type": "Point", "coordinates": [ 130.506738129848372, 31.59340620396241 ] } },
{ "type": "Feature", "properties": { "内容": "第２せせらぎ【地域密着型通所介護】星ヶ峯3丁目46番2", "url": "https://www.kaigokensaku.mhlw.go.jp/46/index.php?action_kouhyou_detail_004_kani=true&JigyosyoCd=4670104993-00&ServiceCd=780&Type=search", "url2": "http://www.seseragi-kagoshima.com/" }, "geometry": { "type": "Point", "coordinates": [ 130.492565005773713, 31.582369471630788 ] } },
{ "type": "Feature", "properties": { "内容": "デイサービス笑顔【地域密着型通所介護】鹿児島市吉野2丁目17番15号", "url": "https://www.kaigokensaku.mhlw.go.jp/46/index.php?action_kouhyou_detail_004_kani=true&JigyosyoCd=4670112442-00&ServiceCd=780&Type=search", "url2": "http://yoshino-medical.com/" }, "geometry": { "type": "Point", "coordinates": [ 130.567552400000068, 31.655969 ] } },
{ "type": "Feature", "properties": { "内容": "デイサービスつどいの家【地域密着型通所介護】鹿児島県鹿児島市武岡４丁目22-20", "url": "https://www.kaigokensaku.mhlw.go.jp/46/index.php?action_kouhyou_detail_004_kani=true&JigyosyoCd=4670109851-00&ServiceCd=780&Type=search", "url2": "https//www.tsudoinomori.jp/" }, "geometry": { "type": "Point", "coordinates": [ 130.510694251555407, 31.594174764284091 ] } },
{ "type": "Feature", "properties": { "内容": "サロン・ド・プランタン【地域密着型通所介護】鹿児島市鷹師１丁目４－１プランタン西田橋１F", "url": "https://www.kaigokensaku.mhlw.go.jp/46/index.php?action_kouhyou_detail_004_kani=true&JigyosyoCd=4670110362-00&ServiceCd=780&Type=search", "url2": "http://jikeikai.net/" }, "geometry": { "type": "Point", "coordinates": [ 130.544478642327903, 31.589040176665598 ] } },
{ "type": "Feature", "properties": { "内容": "デイセンター「たんぽぽの里」【地域密着型通所介護】鹿児島県鹿児島市下福元町6720", "url": "https://www.kaigokensaku.mhlw.go.jp/46/index.php?action_kouhyou_detail_004_kani=true&JigyosyoCd=4670104662-00&ServiceCd=780&Type=search", "url2": "http://tanpoponosato.jp" }, "geometry": { "type": "Point", "coordinates": [ 130.510231100000027, 31.483778 ] } },
{ "type": "Feature", "properties": { "内容": "デイサービスセンター鹿児島中央【地域密着型通所介護】鹿児島県鹿児島市新屋敷町25-10", "url": "https://www.kaigokensaku.mhlw.go.jp/46/index.php?action_kouhyou_detail_004_kani=true&JigyosyoCd=4670110230-00&ServiceCd=780&Type=search", "url2": "http://shimazu-hd.jp/" }, "geometry": { "type": "Point", "coordinates": [ 130.556524500000023, 31.5841661 ] } },
{ "type": "Feature", "properties": { "内容": "デイサービス家族【地域密着型通所介護】鹿児島市小山田町1446", "url": "https://www.kaigokensaku.mhlw.go.jp/46/index.php?action_kouhyou_detail_004_kani=true&JigyosyoCd=4690102365-00&ServiceCd=780&Type=search", "url2": null }, "geometry": { "type": "Point", "coordinates": [ 130.4957933, 31.6531954 ] } },
{ "type": "Feature", "properties": { "内容": "いこま永吉アリーナ２単位型通所介護【地域密着型通所介護】鹿児島県鹿児島市永吉１－１－２０1階", "url": "https://www.kaigokensaku.mhlw.go.jp/46/index.php?action_kouhyou_detail_004_kani=true&JigyosyoCd=4690102738-00&ServiceCd=780&Type=search", "url2": "https://life-care-ikoma.com" }, "geometry": { "type": "Point", "coordinates": [ 130.532661100000013, 31.5991912 ] } },
{ "type": "Feature", "properties": { "内容": "たけおかの郷通所介護【地域密着型通所介護】武岡1丁目7-5", "url": "https://www.kaigokensaku.mhlw.go.jp/46/index.php?action_kouhyou_detail_004_kani=true&JigyosyoCd=4690102357-00&ServiceCd=780&Type=search", "url2": "https://life-care-ikoma.com" }, "geometry": { "type": "Point", "coordinates": [ 130.52267950000001, 31.590475 ] } },
{ "type": "Feature", "properties": { "内容": "ディサービスセンター緑ヶ丘【地域密着型通所介護】串良町岡崎2679番地1", "url": "https://www.kaigokensaku.mhlw.go.jp/46/index.php?action_kouhyou_detail_004_kani=true&JigyosyoCd=4670301615-00&ServiceCd=780&Type=search", "url2": null }, "geometry": { "type": "Point", "coordinates": [ 130.947626885847967, 31.391218257809953 ] } },
{ "type": "Feature", "properties": { "内容": "デイサービス花ごよみ【地域密着型通所介護】鹿児島県鹿屋市横山町２７６８番地３", "url": "https://www.kaigokensaku.mhlw.go.jp/46/index.php?action_kouhyou_detail_004_kani=true&JigyosyoCd=4670301300-00&ServiceCd=780&Type=search", "url2": null }, "geometry": { "type": "Point", "coordinates": [ 130.821710154261837, 31.34465182659174 ] } },
{ "type": "Feature", "properties": { "内容": "壮快デイサービス下小原【地域密着型通所介護】鹿児島県鹿屋市串良町下小原4788", "url": "https://www.kaigokensaku.mhlw.go.jp/46/index.php?action_kouhyou_detail_004_kani=true&JigyosyoCd=4670301391-00&ServiceCd=780&Type=search", "url2": null }, "geometry": { "type": "Point", "coordinates": [ 130.943191800000022, 31.3707477 ] } },
{ "type": "Feature", "properties": { "内容": "デイサービス未里【地域密着型通所介護】永野田町525-11", "url": "https://www.kaigokensaku.mhlw.go.jp/46/index.php?action_kouhyou_detail_004_kani=true&JigyosyoCd=4670301334-00&ServiceCd=780&Type=search", "url2": "village-misato.com" }, "geometry": { "type": "Point", "coordinates": [ 130.882769427647389, 31.350810515341593 ] } },
{ "type": "Feature", "properties": { "内容": "デイサービスセンター湧水の里【地域密着型通所介護】祓川町5277番地", "url": "https://www.kaigokensaku.mhlw.go.jp/46/index.php?action_kouhyou_detail_004_kani=true&JigyosyoCd=4670301359-00&ServiceCd=780&Type=search", "url2": null }, "geometry": { "type": "Point", "coordinates": [ 130.856776, 31.4172582 ] } },
{ "type": "Feature", "properties": { "内容": "デイサービス華蓮【地域密着型通所介護】鹿児島県鹿屋市野里町３４５６－８", "url": "https://www.kaigokensaku.mhlw.go.jp/46/index.php?action_kouhyou_detail_004_kani=true&JigyosyoCd=4670301441-00&ServiceCd=780&Type=search", "url2": null }, "geometry": { "type": "Point", "coordinates": [ 130.816941214086114, 31.359707299057479 ] } },
{ "type": "Feature", "properties": { "内容": "デイサービスセンター　うぐいすの里【地域密着型通所介護】吾平町下名3397-14", "url": "https://www.kaigokensaku.mhlw.go.jp/46/index.php?action_kouhyou_detail_004_kani=true&JigyosyoCd=4670301847-00&ServiceCd=780&Type=search", "url2": null }, "geometry": { "type": "Point", "coordinates": [ 130.887817400000017, 31.3343537 ] } },
{ "type": "Feature", "properties": { "内容": "デイサービスだんだん【地域密着型通所介護】鹿屋市新川町５４５３番地１", "url": "https://www.kaigokensaku.mhlw.go.jp/46/index.php?action_kouhyou_detail_004_kani=true&JigyosyoCd=4670301706-00&ServiceCd=780&Type=search", "url2": "http://confiance-kaigo.com/wordpress/" }, "geometry": { "type": "Point", "coordinates": [ 130.869976, 31.3755374 ] } },
{ "type": "Feature", "properties": { "内容": "デイサービス寿苑【地域密着型通所介護】鹿児島県鹿屋市寿４丁目１５ー１２", "url": "https://www.kaigokensaku.mhlw.go.jp/46/index.php?action_kouhyou_detail_004_kani=true&JigyosyoCd=4670302183-00&ServiceCd=780&Type=search", "url2": null }, "geometry": { "type": "Point", "coordinates": [ 130.880169099999989, 31.3882463 ] } },
{ "type": "Feature", "properties": { "内容": "デイサービス柳の里【地域密着型通所介護】鹿児島県鹿屋市上野町４５５４-１１", "url": "https://www.kaigokensaku.mhlw.go.jp/46/index.php?action_kouhyou_detail_004_kani=true&JigyosyoCd=4670301375-00&ServiceCd=780&Type=search", "url2": null }, "geometry": { "type": "Point", "coordinates": [ 130.810538700000023, 31.381068 ] } },
{ "type": "Feature", "properties": { "内容": "青い鳥　デイサービス【地域密着型通所介護】鹿児島県鹿屋市古江町７９６番地1", "url": "https://www.kaigokensaku.mhlw.go.jp/46/index.php?action_kouhyou_detail_004_kani=true&JigyosyoCd=4670301417-00&ServiceCd=780&Type=search", "url2": null }, "geometry": { "type": "Point", "coordinates": [ 130.769716099999982, 31.4000674 ] } },
{ "type": "Feature", "properties": { "内容": "有限会社なごみ福祉会【地域密着型通所介護】古江町７９６－１デイサービス凪", "url": "https://www.kaigokensaku.mhlw.go.jp/46/index.php?action_kouhyou_detail_004_kani=true&JigyosyoCd=4670301920-00&ServiceCd=780&Type=search", "url2": null }, "geometry": { "type": "Point", "coordinates": [ 130.769716099999982, 31.4000674 ] } },
{ "type": "Feature", "properties": { "内容": "デイサービス志保の家【地域密着型通所介護】鹿屋市王子町4328番地1", "url": "https://www.kaigokensaku.mhlw.go.jp/46/index.php?action_kouhyou_detail_004_kani=true&JigyosyoCd=4670301235-00&ServiceCd=780&Type=search", "url2": "http://medicalwill.info/" }, "geometry": { "type": "Point", "coordinates": [ 130.857713647885106, 31.397248105517384 ] } },
{ "type": "Feature", "properties": { "内容": "デイサービスセンターまごころ【地域密着型通所介護】鹿屋市浜田町903番地7", "url": "https://www.kaigokensaku.mhlw.go.jp/46/index.php?action_kouhyou_detail_004_kani=true&JigyosyoCd=4670300906-00&ServiceCd=780&Type=search", "url2": "http://medicalwill.info/" }, "geometry": { "type": "Point", "coordinates": [ 130.808095699999967, 31.3361696 ] } },
{ "type": "Feature", "properties": { "内容": "ミニデイサービス輝【地域密着型通所介護】鹿屋市輝北町上百引1919-1", "url": "https://www.kaigokensaku.mhlw.go.jp/46/index.php?action_kouhyou_detail_004_kani=true&JigyosyoCd=4670301144-00&ServiceCd=780&Type=search", "url2": "http://medicalwill.info/" }, "geometry": { "type": "Point", "coordinates": [ 130.8756141, 31.5509928 ] } },
{ "type": "Feature", "properties": { "内容": "デイサービス　スマイルガーデン　すみれ【地域密着型通所介護】鹿屋市上谷町11199番地1", "url": "https://www.kaigokensaku.mhlw.go.jp/46/index.php?action_kouhyou_detail_004_kani=true&JigyosyoCd=4670301771-00&ServiceCd=780&Type=search", "url2": "http://medicalwill.info/" }, "geometry": { "type": "Point", "coordinates": [ 130.8453412, 31.3972958 ] } },
{ "type": "Feature", "properties": { "内容": "にっこりハウスデイサービス浜田【地域密着型通所介護】鹿屋市浜田町９５１番地３", "url": "https://www.kaigokensaku.mhlw.go.jp/46/index.php?action_kouhyou_detail_004_kani=true&JigyosyoCd=4670301607-00&ServiceCd=780&Type=search", "url2": null }, "geometry": { "type": "Point", "coordinates": [ 130.8083067, 31.3387749 ] } },
{ "type": "Feature", "properties": { "内容": "にっこりハウスデイサービス輝北【地域密着型通所介護】鹿屋市輝北町諏訪原１３６７番地１", "url": "https://www.kaigokensaku.mhlw.go.jp/46/index.php?action_kouhyou_detail_004_kani=true&JigyosyoCd=4670301425-00&ServiceCd=780&Type=search", "url2": null }, "geometry": { "type": "Point", "coordinates": [ 130.856719200000043, 31.6092421 ] } },
{ "type": "Feature", "properties": { "内容": "デイサービス　太陽の丘【地域密着型通所介護】今坂町12557-1共生型地域自立支援センター太陽の丘", "url": "https://www.kaigokensaku.mhlw.go.jp/46/index.php?action_kouhyou_detail_004_kani=true&JigyosyoCd=4670302084-00&ServiceCd=780&Type=search", "url2": "https://www.keishingroup.jp/" }, "geometry": { "type": "Point", "coordinates": [ 130.82031962303995, 31.384762510683171 ] } },
{ "type": "Feature", "properties": { "内容": "ミニデイサービス　舷揮くん家【地域密着型通所介護】鹿児島県鹿屋市祓川町5204-3ミニデイサービス舷揮くん家", "url": "https://www.kaigokensaku.mhlw.go.jp/46/index.php?action_kouhyou_detail_004_kani=true&JigyosyoCd=4670301573-00&ServiceCd=780&Type=search", "url2": "http://genki@kanoya-choujuen-jp" }, "geometry": { "type": "Point", "coordinates": [ 130.855234399999972, 31.417647 ] } },
{ "type": "Feature", "properties": { "内容": "デイサービス　はっぴーらいふ【地域密着型通所介護】田崎町２２２２－５５", "url": "https://www.kaigokensaku.mhlw.go.jp/46/index.php?action_kouhyou_detail_004_kani=true&JigyosyoCd=4670301995-00&ServiceCd=780&Type=search", "url2": null }, "geometry": { "type": "Point", "coordinates": [ 130.849408700000026, 31.3602911 ] } },
{ "type": "Feature", "properties": { "内容": "デイサービス　暖家【地域密着型通所介護】鹿児島県枕崎市大塚中町424", "url": "https://www.kaigokensaku.mhlw.go.jp/46/index.php?action_kouhyou_detail_004_kani=true&JigyosyoCd=4690400090-00&ServiceCd=780&Type=search", "url2": null }, "geometry": { "type": "Point", "coordinates": [ 130.2722779, 31.2730909 ] } },
{ "type": "Feature", "properties": { "内容": "デイサービスセンター　櫻【地域密着型通所介護】枕崎市若葉町83番地シニアハウス櫻内", "url": "https://www.kaigokensaku.mhlw.go.jp/46/index.php?action_kouhyou_detail_004_kani=true&JigyosyoCd=4670400250-00&ServiceCd=780&Type=search", "url2": "http://sakura.fumiwaki.com/" }, "geometry": { "type": "Point", "coordinates": [ 130.302301100000022, 31.2767777 ] } },
{ "type": "Feature", "properties": { "内容": "サザン・ヒルズデイサービスセンター【地域密着型通所介護】鹿児島県枕崎市住吉町14番地", "url": "https://www.kaigokensaku.mhlw.go.jp/46/index.php?action_kouhyou_detail_004_kani=true&JigyosyoCd=4690400082-00&ServiceCd=780&Type=search", "url2": "https://southernregion.jp" }, "geometry": { "type": "Point", "coordinates": [ 130.2982525, 31.2717303 ] } },
{ "type": "Feature", "properties": { "内容": "地域ふれあいサロンたんぽぽ【地域密着型通所介護】鹿児島県枕崎市田布川町１６７", "url": "https://www.kaigokensaku.mhlw.go.jp/46/index.php?action_kouhyou_detail_004_kani=true&JigyosyoCd=4670400318-00&ServiceCd=780&Type=search", "url2": null }, "geometry": { "type": "Point", "coordinates": [ 130.2877512, 31.3162368 ] } },
{ "type": "Feature", "properties": { "内容": "デイサービス桃の家【地域密着型通所介護】阿久根市山下4452-1", "url": "https://www.kaigokensaku.mhlw.go.jp/46/index.php?action_kouhyou_detail_004_kani=true&JigyosyoCd=4670600271-00&ServiceCd=780&Type=search", "url2": "http://www.momonoie.jp" }, "geometry": { "type": "Point", "coordinates": [ 130.237872, 31.9899412 ] } },
{ "type": "Feature", "properties": { "内容": "デイサービス　コミュニティケアいずみ【地域密着型通所介護】鹿児島県出水市上鯖淵1475番地３", "url": "https://www.kaigokensaku.mhlw.go.jp/46/index.php?action_kouhyou_detail_004_kani=true&JigyosyoCd=4690800125-00&ServiceCd=780&Type=search", "url2": null }, "geometry": { "type": "Point", "coordinates": [ 130.363772144470232, 32.085419980140792 ] } },
{ "type": "Feature", "properties": { "内容": "デイサービス彩加里【地域密着型通所介護】高尾野町下水流2280-3", "url": "https://www.kaigokensaku.mhlw.go.jp/46/index.php?action_kouhyou_detail_004_kani=true&JigyosyoCd=4670800798-00&ServiceCd=780&Type=search", "url2": null }, "geometry": { "type": "Point", "coordinates": [ 130.301956300000029, 32.0950403 ] } },
{ "type": "Feature", "properties": { "内容": "ひなたの家【地域密着型通所介護】鹿児島県出水市上鯖渕2215番地", "url": "https://www.kaigokensaku.mhlw.go.jp/46/index.php?action_kouhyou_detail_004_kani=true&JigyosyoCd=4670800954-00&ServiceCd=780&Type=search", "url2": "http://www.atago-kai.jp/about/" }, "geometry": { "type": "Point", "coordinates": [ 130.369436990907246, 32.07687476480401 ] } },
{ "type": "Feature", "properties": { "内容": "有限会社　さくらケアサービス【地域密着型通所介護】鹿児島県出水市福ノ江町758番地", "url": "https://www.kaigokensaku.mhlw.go.jp/46/index.php?action_kouhyou_detail_004_kani=true&JigyosyoCd=4670800301-00&ServiceCd=780&Type=search", "url2": "http://sakura-izumi.com" }, "geometry": { "type": "Point", "coordinates": [ 130.316374399999972, 32.1029061 ] } },
{ "type": "Feature", "properties": { "内容": "デイサービスセンターオリビンの浜辺【地域密着型通所介護】鹿児島県指宿市開聞川尻4912-4", "url": "https://www.kaigokensaku.mhlw.go.jp/46/index.php?action_kouhyou_detail_004_kani=true&JigyosyoCd=4671000711-00&ServiceCd=780&Type=search", "url2": "https://www.olivinenohamabe.jp/" }, "geometry": { "type": "Point", "coordinates": [ 130.560129990842029, 31.185911678433207 ] } },
{ "type": "Feature", "properties": { "内容": "リハプライド指宿【地域密着型通所介護】湯の浜1丁目3-12", "url": "https://www.kaigokensaku.mhlw.go.jp/46/index.php?action_kouhyou_detail_004_kani=true&JigyosyoCd=4671000703-00&ServiceCd=780&Type=search", "url2": "http://www.rehapride.co.jp/ibusuki/" }, "geometry": { "type": "Point", "coordinates": [ 130.644762714680496, 31.237183406051237 ] } },
{ "type": "Feature", "properties": { "内容": "つれづれ２【地域密着型通所介護】鹿児島県指宿市十町字古浜1952番地18", "url": "https://www.kaigokensaku.mhlw.go.jp/46/index.php?action_kouhyou_detail_004_kani=true&JigyosyoCd=4671000695-00&ServiceCd=780&Type=search", "url2": null }, "geometry": { "type": "Point", "coordinates": [ 130.628865, 31.2544255 ] } },
{ "type": "Feature", "properties": { "内容": "地域密着型通所介護　つれづれ【地域密着型通所介護】鹿児島県指宿市大牟礼四丁目4番8号", "url": "https://www.kaigokensaku.mhlw.go.jp/46/index.php?action_kouhyou_detail_004_kani=true&JigyosyoCd=4671000687-00&ServiceCd=780&Type=search", "url2": "https://ibusuki-carenet.or.jp" }, "geometry": { "type": "Point", "coordinates": [ 130.645544400000063, 31.2450351 ] } },
{ "type": "Feature", "properties": { "内容": "デイホームげんき【地域密着型通所介護】鹿児島県指宿市東方田口田１０８５１番地７", "url": "https://www.kaigokensaku.mhlw.go.jp/46/index.php?action_kouhyou_detail_004_kani=true&JigyosyoCd=4671000455-00&ServiceCd=780&Type=search", "url2": null }, "geometry": { "type": "Point", "coordinates": [ 130.627009899999962, 31.263439 ] } },
{ "type": "Feature", "properties": { "内容": "デイサービスすばる【地域密着型通所介護】鹿児島県西之表市西之表7627-2", "url": "https://www.kaigokensaku.mhlw.go.jp/46/index.php?action_kouhyou_detail_004_kani=true&JigyosyoCd=4671300277-00&ServiceCd=780&Type=search", "url2": null }, "geometry": { "type": "Point", "coordinates": [ 130.998927812235195, 30.73138613549456 ] } },
{ "type": "Feature", "properties": { "内容": "デイサービス　はまゆう【地域密着型通所介護】住吉　3209番地", "url": "https://www.kaigokensaku.mhlw.go.jp/46/index.php?action_kouhyou_detail_004_kani=true&JigyosyoCd=4671300434-00&ServiceCd=780&Type=search", "url2": null }, "geometry": { "type": "Point", "coordinates": [ 130.942343259246826, 30.669036554373207 ] } },
{ "type": "Feature", "properties": { "内容": "デイサービスあんしん【地域密着型通所介護】鴨女町50-10", "url": "https://www.kaigokensaku.mhlw.go.jp/46/index.php?action_kouhyou_detail_004_kani=true&JigyosyoCd=4671300442-00&ServiceCd=780&Type=search", "url2": null }, "geometry": { "type": "Point", "coordinates": [ 130.9970356, 30.7238904 ] } },
{ "type": "Feature", "properties": { "内容": "ポシブル種子島【地域密着型通所介護】鹿児島県西之表市西之表14415-26砂剛アパート１階", "url": "https://www.kaigokensaku.mhlw.go.jp/46/index.php?action_kouhyou_detail_004_kani=true&JigyosyoCd=4671300392-00&ServiceCd=780&Type=search", "url2": "ポシブル.COM" }, "geometry": { "type": "Point", "coordinates": [ 130.993244299999986, 30.7237097 ] } },
{ "type": "Feature", "properties": { "内容": "国上デイサービスセンター【地域密着型通所介護】鹿児島県西之表市国上2066-5", "url": "https://www.kaigokensaku.mhlw.go.jp/46/index.php?action_kouhyou_detail_004_kani=true&JigyosyoCd=4671300343-00&ServiceCd=780&Type=search", "url2": null }, "geometry": { "type": "Point", "coordinates": [ 131.040263316462614, 30.809172894988421 ] } },
{ "type": "Feature", "properties": { "内容": "デイサービス　こもれび【地域密着型通所介護】鹿児島県西之表市西之表4093番地1", "url": "https://www.kaigokensaku.mhlw.go.jp/46/index.php?action_kouhyou_detail_004_kani=true&JigyosyoCd=4691300042-00&ServiceCd=780&Type=search", "url2": "https://www.big-advance.site/s/189/1631" }, "geometry": { "type": "Point", "coordinates": [ 131.02137414082199, 30.726878899464165 ] } },
{ "type": "Feature", "properties": { "内容": "デイサービスなごみ苑【地域密着型通所介護】西之表市西之表６４１７－１５", "url": "https://www.kaigokensaku.mhlw.go.jp/46/index.php?action_kouhyou_detail_004_kani=true&JigyosyoCd=4671300350-00&ServiceCd=780&Type=search", "url2": null }, "geometry": { "type": "Point", "coordinates": [ 131.0032622, 30.7409002 ] } },
{ "type": "Feature", "properties": { "内容": "なごみ苑　2号棟【地域密着型通所介護】西之表市西之表6417－18", "url": "https://www.kaigokensaku.mhlw.go.jp/46/index.php?action_kouhyou_detail_004_kani=true&JigyosyoCd=4671300418-00&ServiceCd=780&Type=search", "url2": null }, "geometry": { "type": "Point", "coordinates": [ 131.00354, 30.7410029 ] } },
{ "type": "Feature", "properties": { "内容": "デイサービス　恵顔の泉【地域密着型通所介護】鹿児島県垂水市新城955番地2", "url": "https://www.kaigokensaku.mhlw.go.jp/46/index.php?action_kouhyou_detail_004_kani=true&JigyosyoCd=4671700369-00&ServiceCd=780&Type=search", "url2": "wakiaiai2018.com" }, "geometry": { "type": "Point", "coordinates": [ 130.726585, 31.4537265 ] } },
{ "type": "Feature", "properties": { "内容": "ほほえみデイサービスセンター【地域密着型通所介護】鹿児島県垂水市海潟663番地3", "url": "https://www.kaigokensaku.mhlw.go.jp/46/index.php?action_kouhyou_detail_004_kani=true&JigyosyoCd=4671400234-00&ServiceCd=780&Type=search", "url2": "www.hohoemi.trmz.jp" }, "geometry": { "type": "Point", "coordinates": [ 130.7004918, 31.5275853 ] } },
{ "type": "Feature", "properties": { "内容": "薩摩川内市社会福祉協議会甑【地域密着型通所介護】鹿児島県薩摩川内市里町里１９００番地の２里生活支援ハウス", "url": "https://www.kaigokensaku.mhlw.go.jp/46/index.php?action_kouhyou_detail_004_kani=true&JigyosyoCd=4670200916-00&ServiceCd=780&Type=search", "url2": null }, "geometry": { "type": "Point", "coordinates": [ 129.91727370000001, 31.8421454 ] } },
{ "type": "Feature", "properties": { "内容": "デイサービス　みどりのお家せんだい【地域密着型通所介護】宮内町　3886番地1", "url": "https://www.kaigokensaku.mhlw.go.jp/46/index.php?action_kouhyou_detail_004_kani=true&JigyosyoCd=4671500447-00&ServiceCd=780&Type=search", "url2": "www.fukushi-greencoop.or.jp" }, "geometry": { "type": "Point", "coordinates": [ 130.2874177, 31.83094 ] } },
{ "type": "Feature", "properties": { "内容": "デイサービスみんなの家【地域密着型通所介護】天辰町716-3デイサービス・住宅型有料老人ホームみんなの家", "url": "https://www.kaigokensaku.mhlw.go.jp/46/index.php?action_kouhyou_detail_004_kani=true&JigyosyoCd=4671500389-00&ServiceCd=780&Type=search", "url2": null }, "geometry": { "type": "Point", "coordinates": [ 130.321648, 31.8291273 ] } },
{ "type": "Feature", "properties": { "内容": "社会福祉法人伸志会　デイサービスセンター永利【地域密着型通所介護】薩摩川内市永利町2531番地", "url": "https://www.kaigokensaku.mhlw.go.jp/46/index.php?action_kouhyou_detail_004_kani=true&JigyosyoCd=4670201351-00&ServiceCd=780&Type=search", "url2": "dayservice.nagatosi@biscuit.ocn.ne.jp" }, "geometry": { "type": "Point", "coordinates": [ 130.346225373016296, 31.80683785832753 ] } },
{ "type": "Feature", "properties": { "内容": "デイサービス絆【地域密着型通所介護】鹿児島県　薩摩川内市五代町3035番地1", "url": "https://www.kaigokensaku.mhlw.go.jp/46/index.php?action_kouhyou_detail_004_kani=true&JigyosyoCd=4691500195-00&ServiceCd=780&Type=search", "url2": null }, "geometry": { "type": "Point", "coordinates": [ 130.283254100000022, 31.8320009 ] } },
{ "type": "Feature", "properties": { "内容": "デイサービスセンター　美里園【地域密着型通所介護】宮里町397番地1", "url": "https://www.kaigokensaku.mhlw.go.jp/46/index.php?action_kouhyou_detail_004_kani=true&JigyosyoCd=4670201260-00&ServiceCd=780&Type=search", "url2": "http://misatoen.jp/" }, "geometry": { "type": "Point", "coordinates": [ 130.2761107, 31.8192268 ] } },
{ "type": "Feature", "properties": { "内容": "デイサービスセンターひわきの郷【地域密着型通所介護】鹿児島県薩摩川内市樋脇町塔之原2670-1", "url": "https://www.kaigokensaku.mhlw.go.jp/46/index.php?action_kouhyou_detail_004_kani=true&JigyosyoCd=4671500512-00&ServiceCd=780&Type=search", "url2": "https://hiwakinosato.co.jp" }, "geometry": { "type": "Point", "coordinates": [ 130.364688461377028, 31.827852810033114 ] } },
{ "type": "Feature", "properties": { "内容": "薩摩川内市社会福祉協議会甑島敬老園地域密着通所介護事業所【地域密着型通所介護】下甑町長浜1185-2甑島敬老園特別養護老人ホーム2階", "url": "https://www.kaigokensaku.mhlw.go.jp/46/index.php?action_kouhyou_detail_004_kani=true&JigyosyoCd=4670201310-00&ServiceCd=780&Type=search", "url2": null }, "geometry": { "type": "Point", "coordinates": [ 129.7389829, 31.7061877 ] } },
{ "type": "Feature", "properties": { "内容": "デイサービス健康はうす湯之元【地域密着型通所介護】東市来町湯田3633-15", "url": "https://www.kaigokensaku.mhlw.go.jp/46/index.php?action_kouhyou_detail_004_kani=true&JigyosyoCd=4671500546-00&ServiceCd=780&Type=search", "url2": "kenkouhouse.sakura.ne.jp" }, "geometry": { "type": "Point", "coordinates": [ 130.335808300000053, 31.6736028 ] } },
{ "type": "Feature", "properties": { "内容": "デイサービスセンターさくらの里【地域密着型通所介護】曽於市末吉町二之方3085番地2", "url": "https://www.kaigokensaku.mhlw.go.jp/46/index.php?action_kouhyou_detail_004_kani=true&JigyosyoCd=4676600150-00&ServiceCd=780&Type=search", "url2": "http://hakufu-kai.or.jp/" }, "geometry": { "type": "Point", "coordinates": [ 131.039956500000017, 31.6359954 ] } },
{ "type": "Feature", "properties": { "内容": "ＪＡそお鹿児島　デイサービス　ゆずの郷【地域密着型通所介護】鹿児島県曽於市末吉町諏訪方字北横尾８０００－１", "url": "https://www.kaigokensaku.mhlw.go.jp/46/index.php?action_kouhyou_detail_004_kani=true&JigyosyoCd=4671600536-00&ServiceCd=780&Type=search", "url2": null }, "geometry": { "type": "Point", "coordinates": [ 131.01768549999997, 31.6493159 ] } },
{ "type": "Feature", "properties": { "内容": "デイサービス　なのはな【地域密着型通所介護】鹿児島県曽於市末吉町南之郷4354番地2", "url": "https://www.kaigokensaku.mhlw.go.jp/46/index.php?action_kouhyou_detail_004_kani=true&JigyosyoCd=4671600379-00&ServiceCd=780&Type=search", "url2": "http://www.oasis-soo.com" }, "geometry": { "type": "Point", "coordinates": [ 131.064235300000064, 31.6206563 ] } },
{ "type": "Feature", "properties": { "内容": "ディサービス　えん【地域密着型通所介護】財部町北俣1823-1", "url": "https://www.kaigokensaku.mhlw.go.jp/46/index.php?action_kouhyou_detail_004_kani=true&JigyosyoCd=4671600395-00&ServiceCd=780&Type=search", "url2": null }, "geometry": { "type": "Point", "coordinates": [ 130.991565148479481, 31.728200035635407 ] } },
{ "type": "Feature", "properties": { "内容": "みつばちデイサービス【地域密着型通所介護】末吉町上町4丁目9番3", "url": "https://www.kaigokensaku.mhlw.go.jp/46/index.php?action_kouhyou_detail_004_kani=true&JigyosyoCd=4671600387-00&ServiceCd=780&Type=search", "url2": null }, "geometry": { "type": "Point", "coordinates": [ 131.022468200000048, 31.6527461 ] } },
{ "type": "Feature", "properties": { "内容": "みつばちデイサービス　1日型【地域密着型通所介護】鹿児島県曽於市末吉町上町4丁目9番3", "url": "https://www.kaigokensaku.mhlw.go.jp/46/index.php?action_kouhyou_detail_004_kani=true&JigyosyoCd=4671600478-00&ServiceCd=780&Type=search", "url2": null }, "geometry": { "type": "Point", "coordinates": [ 131.022468200000048, 31.6527461 ] } },
{ "type": "Feature", "properties": { "内容": "デイサービスセンター　ゆずり葉【地域密着型通所介護】鹿児島県曽於市末吉町上町7丁目3番地5", "url": "https://www.kaigokensaku.mhlw.go.jp/46/index.php?action_kouhyou_detail_004_kani=true&JigyosyoCd=4671600437-00&ServiceCd=780&Type=search", "url2": null }, "geometry": { "type": "Point", "coordinates": [ 131.021699, 31.6488854 ] } },
{ "type": "Feature", "properties": { "内容": "デイサービス　てんとうむし【地域密着型通所介護】鹿児島県曽於市財部町下財部1685番地1", "url": "https://www.kaigokensaku.mhlw.go.jp/46/index.php?action_kouhyou_detail_004_kani=true&JigyosyoCd=4671600445-00&ServiceCd=780&Type=search", "url2": null }, "geometry": { "type": "Point", "coordinates": [ 131.009370214680501, 31.724703245328172 ] } },
{ "type": "Feature", "properties": { "内容": "茶話本舗デイサービス姫城【地域密着型通所介護】国分姫城2935番", "url": "https://www.kaigokensaku.mhlw.go.jp/46/index.php?action_kouhyou_detail_004_kani=true&JigyosyoCd=4671200741-00&ServiceCd=780&Type=search", "url2": "http://hp.kaipoke.biz/y66/94956/base_0004.html" }, "geometry": { "type": "Point", "coordinates": [ 130.770993099999941, 31.7581167 ] } },
{ "type": "Feature", "properties": { "内容": "国分府中デイサービス【地域密着型通所介護】鹿児島県霧島市国分府中町１３－１５", "url": "https://www.kaigokensaku.mhlw.go.jp/46/index.php?action_kouhyou_detail_004_kani=true&JigyosyoCd=4671200535-00&ServiceCd=780&Type=search", "url2": null }, "geometry": { "type": "Point", "coordinates": [ 130.759775200000036, 31.7445791 ] } },
{ "type": "Feature", "properties": { "内容": "デイサービスセンター　より愛きりしま【地域密着型通所介護】鹿児島県霧島市国分新町１５３７－１", "url": "https://www.kaigokensaku.mhlw.go.jp/46/index.php?action_kouhyou_detail_004_kani=true&JigyosyoCd=4671201178-00&ServiceCd=780&Type=search", "url2": "http://www.mct.ne.jp/users/yorikiri/index.html" }, "geometry": { "type": "Point", "coordinates": [ 130.774746932840827, 31.755084659559522 ] } },
{ "type": "Feature", "properties": { "内容": "木の花デイサービス【地域密着型通所介護】隼人町松永1丁目39番地1", "url": "https://www.kaigokensaku.mhlw.go.jp/46/index.php?action_kouhyou_detail_004_kani=true&JigyosyoCd=4671201004-00&ServiceCd=780&Type=search", "url2": null }, "geometry": { "type": "Point", "coordinates": [ 130.759342896295152, 31.774240035061961 ] } },
{ "type": "Feature", "properties": { "内容": "短時間型デイサービスSmileLife【地域密着型通所介護】鹿児島県霧島市隼人町見次560-3カテドラルJ２階", "url": "https://www.kaigokensaku.mhlw.go.jp/46/index.php?action_kouhyou_detail_004_kani=true&JigyosyoCd=4691200598-00&ServiceCd=780&Type=search", "url2": "https://smilelife-kagoshima.com" }, "geometry": { "type": "Point", "coordinates": [ 130.74089810000001, 31.7387539 ] } },
{ "type": "Feature", "properties": { "内容": "デイサービス　かたろう家【地域密着型通所介護】霧島市隼人町松永3277-13", "url": "https://www.kaigokensaku.mhlw.go.jp/46/index.php?action_kouhyou_detail_004_kani=true&JigyosyoCd=4671200857-00&ServiceCd=780&Type=search", "url2": "enyusya.com" }, "geometry": { "type": "Point", "coordinates": [ 130.765717682872321, 31.780073453840185 ] } },
{ "type": "Feature", "properties": { "内容": "デイサービスほほえみの郷【地域密着型通所介護】鹿児島県霧島市隼人町姫城１９０４番地", "url": "https://www.kaigokensaku.mhlw.go.jp/46/index.php?action_kouhyou_detail_004_kani=true&JigyosyoCd=4671201079-00&ServiceCd=780&Type=search", "url2": null }, "geometry": { "type": "Point", "coordinates": [ 130.764750557672187, 31.769295310998238 ] } },
{ "type": "Feature", "properties": { "内容": "デイサービス　テラス【地域密着型通所介護】鹿児島県霧島市国分新町二丁目15番7号デイサービス　テラス", "url": "https://www.kaigokensaku.mhlw.go.jp/46/index.php?action_kouhyou_detail_004_kani=true&JigyosyoCd=4671201061-00&ServiceCd=780&Type=search", "url2": "http://e-terasu.com/" }, "geometry": { "type": "Point", "coordinates": [ 130.76323, 31.7542588 ] } },
{ "type": "Feature", "properties": { "内容": "リハビリデイサービス隼人国分【地域密着型通所介護】国分野口西289番地", "url": "https://www.kaigokensaku.mhlw.go.jp/46/index.php?action_kouhyou_detail_004_kani=true&JigyosyoCd=4671201319-00&ServiceCd=780&Type=search", "url2": "http://www.rehaday.life-aid-llc.com/" }, "geometry": { "type": "Point", "coordinates": [ 130.743085170252925, 31.736683091237111 ] } },
{ "type": "Feature", "properties": { "内容": "隼人小田原病院【地域密着型通所介護】隼人町小田240番地", "url": "https://www.kaigokensaku.mhlw.go.jp/46/index.php?action_kouhyou_detail_004_kani=true&JigyosyoCd=4611910607-00&ServiceCd=780&Type=search", "url2": null }, "geometry": { "type": "Point", "coordinates": [ 130.72575740000002, 31.7366483 ] } },
{ "type": "Feature", "properties": { "内容": "デイサービスセンター元気の里　霧島館【地域密着型通所介護】鹿児島県霧島市国分新町966番地1", "url": "https://www.kaigokensaku.mhlw.go.jp/46/index.php?action_kouhyou_detail_004_kani=true&JigyosyoCd=4691200523-00&ServiceCd=780&Type=search", "url2": "https://www.sun3.jp/genki-kirishima/" }, "geometry": { "type": "Point", "coordinates": [ 130.778128599999974, 31.7615137 ] } },
{ "type": "Feature", "properties": { "内容": "デイサービス青春【地域密着型通所介護】国分湊463-4", "url": "https://www.kaigokensaku.mhlw.go.jp/46/index.php?action_kouhyou_detail_004_kani=true&JigyosyoCd=4671200964-00&ServiceCd=780&Type=search", "url2": null }, "geometry": { "type": "Point", "coordinates": [ 130.776552300000048, 31.7236086 ] } },
{ "type": "Feature", "properties": { "内容": "デイサービスぽっかぽか【地域密着型通所介護】国分剣之宇都町12番地3", "url": "https://www.kaigokensaku.mhlw.go.jp/46/index.php?action_kouhyou_detail_004_kani=true&JigyosyoCd=4671200733-00&ServiceCd=780&Type=search", "url2": "http://ikoi-athome.info/" }, "geometry": { "type": "Point", "coordinates": [ 130.766709499999934, 31.769399100000047 ] } },
{ "type": "Feature", "properties": { "内容": "デイサービスつくしのわ【地域密着型通所介護】鹿児島県霧島市国分敷根９０５番地１", "url": "https://www.kaigokensaku.mhlw.go.jp/46/index.php?action_kouhyou_detail_004_kani=true&JigyosyoCd=4671201186-00&ServiceCd=780&Type=search", "url2": null }, "geometry": { "type": "Point", "coordinates": [ 130.793601299999978, 31.7047411 ] } },
{ "type": "Feature", "properties": { "内容": "デイサービスむけいん【地域密着型通所介護】鹿児島県霧島市国分府中59番地1むけいん", "url": "https://www.kaigokensaku.mhlw.go.jp/46/index.php?action_kouhyou_detail_004_kani=true&JigyosyoCd=4691200507-00&ServiceCd=780&Type=search", "url2": "info@mukein.jp" }, "geometry": { "type": "Point", "coordinates": [ 130.773956699999985, 31.7600888 ] } },
{ "type": "Feature", "properties": { "内容": "デイサービスセンター日和館【地域密着型通所介護】鹿児島県霧島市隼人町住吉１８６-１住宅型有料老人ホーム日和館", "url": "https://www.kaigokensaku.mhlw.go.jp/46/index.php?action_kouhyou_detail_004_kani=true&JigyosyoCd=4671201525-00&ServiceCd=780&Type=search", "url2": "http:/www/.yoshimitsu-group.com" }, "geometry": { "type": "Point", "coordinates": [ 130.746537427291827, 31.72394228319888 ] } },
{ "type": "Feature", "properties": { "内容": "スイートピア霧島【地域密着型通所介護】霧島市国分上小川732", "url": "https://www.kaigokensaku.mhlw.go.jp/46/index.php?action_kouhyou_detail_004_kani=true&JigyosyoCd=4671200832-00&ServiceCd=780&Type=search", "url2": "http://tanpoponosato.jp" }, "geometry": { "type": "Point", "coordinates": [ 130.767894935582035, 31.723791358756305 ] } },
{ "type": "Feature", "properties": { "内容": "デイサービスセンターオレンジの里国分【地域密着型通所介護】鹿児島県霧島市国分福島3丁目5-15-1", "url": "https://www.kaigokensaku.mhlw.go.jp/46/index.php?action_kouhyou_detail_004_kani=true&JigyosyoCd=4691200515-00&ServiceCd=780&Type=search", "url2": "http://www.sfc-tachibanakai.or.jp/" }, "geometry": { "type": "Point", "coordinates": [ 130.761823273751645, 31.731645432295601 ] } },
{ "type": "Feature", "properties": { "内容": "デイサービス蓮華【地域密着型通所介護】鹿児島県いちき串木野市八房８８３番４", "url": "https://www.kaigokensaku.mhlw.go.jp/46/index.php?action_kouhyou_detail_004_kani=true&JigyosyoCd=4670500281-00&ServiceCd=780&Type=search", "url2": null }, "geometry": { "type": "Point", "coordinates": [ 130.289539, 31.7020739 ] } },
{ "type": "Feature", "properties": { "内容": "デイサービス　すこやか【地域密着型通所介護】鹿児島県いちき串木野市大里3910番地1", "url": "https://www.kaigokensaku.mhlw.go.jp/46/index.php?action_kouhyou_detail_004_kani=true&JigyosyoCd=4672800051-00&ServiceCd=780&Type=search", "url2": "ichiki-naikahifuka.com" }, "geometry": { "type": "Point", "coordinates": [ 130.298524400000019, 31.6872425 ] } },
{ "type": "Feature", "properties": { "内容": "デイサービス　音いろ【地域密着型通所介護】鹿児島県いちき串木野市川上44-4", "url": "https://www.kaigokensaku.mhlw.go.jp/46/index.php?action_kouhyou_detail_004_kani=true&JigyosyoCd=4670500299-00&ServiceCd=780&Type=search", "url2": null }, "geometry": { "type": "Point", "coordinates": [ 130.295810599999982, 31.702163 ] } },
{ "type": "Feature", "properties": { "内容": "デイサービス至誠舎くしきの【地域密着型通所介護】鹿児島県いちき串木野市緑町７０番", "url": "https://www.kaigokensaku.mhlw.go.jp/46/index.php?action_kouhyou_detail_004_kani=true&JigyosyoCd=4670500364-00&ServiceCd=780&Type=search", "url2": null }, "geometry": { "type": "Point", "coordinates": [ 130.273226040614304, 31.71186493774508 ] } },
{ "type": "Feature", "properties": { "内容": "石垣の里【地域密着型通所介護】笠沙町片浦9878", "url": "https://www.kaigokensaku.mhlw.go.jp/46/index.php?action_kouhyou_detail_004_kani=true&JigyosyoCd=4672300060-00&ServiceCd=780&Type=search", "url2": "https://koujin-ayanokai.or.jp/" }, "geometry": { "type": "Point", "coordinates": [ 130.1688888, 31.4221221 ] } },
{ "type": "Feature", "properties": { "内容": "デイサービスつぬき【地域密着型通所介護】鹿児島県南さつま市加世田津貫１１１４４番地１", "url": "https://www.kaigokensaku.mhlw.go.jp/46/index.php?action_kouhyou_detail_004_kani=true&JigyosyoCd=4691100178-00&ServiceCd=780&Type=search", "url2": null }, "geometry": { "type": "Point", "coordinates": [ 130.291053114459999, 31.353971622218591 ] } },
{ "type": "Feature", "properties": { "内容": "デイサービス和顔施【地域密着型通所介護】鹿児島県南さつま市金峰町浦之名1430番地", "url": "https://www.kaigokensaku.mhlw.go.jp/46/index.php?action_kouhyou_detail_004_kani=true&JigyosyoCd=4671100511-00&ServiceCd=780&Type=search", "url2": null }, "geometry": { "type": "Point", "coordinates": [ 130.3667882, 31.451566 ] } },
{ "type": "Feature", "properties": { "内容": "サロン・ド・じゃがいも【地域密着型通所介護】鹿児島県南さつま市加世田高橋1958番地6", "url": "https://www.kaigokensaku.mhlw.go.jp/46/index.php?action_kouhyou_detail_004_kani=true&JigyosyoCd=4671100263-00&ServiceCd=780&Type=search", "url2": null }, "geometry": { "type": "Point", "coordinates": [ 130.293980269975236, 31.436014809806892 ] } },
{ "type": "Feature", "properties": { "内容": "株式会社　秀翠ディサービスセンター【地域密着型通所介護】鹿児島県志布志市有明町野神3603-1", "url": "https://www.kaigokensaku.mhlw.go.jp/46/index.php?action_kouhyou_detail_004_kani=true&JigyosyoCd=4691700100-00&ServiceCd=780&Type=search", "url2": "http://syuusui.co.jp" }, "geometry": { "type": "Point", "coordinates": [ 130.999161358989937, 31.491977983724581 ] } },
{ "type": "Feature", "properties": { "内容": "デイサービス　一茶ん家【地域密着型通所介護】有明町伊崎田8791-1", "url": "https://www.kaigokensaku.mhlw.go.jp/46/index.php?action_kouhyou_detail_004_kani=true&JigyosyoCd=4671700252-00&ServiceCd=780&Type=search", "url2": "global-day2662@btvm.ne.jp" }, "geometry": { "type": "Point", "coordinates": [ 131.057014699999968, 31.52836 ] } },
{ "type": "Feature", "properties": { "内容": "小松の里デイサービスセンター【地域密着型通所介護】鹿児島県志布志市有明町野井倉2006番地1", "url": "https://www.kaigokensaku.mhlw.go.jp/46/index.php?action_kouhyou_detail_004_kani=true&JigyosyoCd=4676900063-00&ServiceCd=780&Type=search", "url2": "https://kinseikai.jp/" }, "geometry": { "type": "Point", "coordinates": [ 131.039525424992348, 31.496472877298981 ] } },
{ "type": "Feature", "properties": { "内容": "社会福祉法人志布志市社会福祉協議会指定通所介護事業所【地域密着型通所介護】鹿児島県志布志市志布志町志布志3222番地1健康ふれあいプラザ内", "url": "https://www.kaigokensaku.mhlw.go.jp/46/index.php?action_kouhyou_detail_004_kani=true&JigyosyoCd=4671700070-00&ServiceCd=780&Type=search", "url2": "http://shibushi-syakyo.jp/" }, "geometry": { "type": "Point", "coordinates": [ 131.099023635463112, 31.471797204174567 ] } },
{ "type": "Feature", "properties": { "内容": "地域密着型通所介護事業所あしゃげ【地域密着型通所介護】鹿児島県奄美市名瀬朝仁新町17番地17", "url": "https://www.kaigokensaku.mhlw.go.jp/46/index.php?action_kouhyou_detail_004_kani=true&JigyosyoCd=4670701020-00&ServiceCd=780&Type=search", "url2": null }, "geometry": { "type": "Point", "coordinates": [ 129.485454900000036, 28.3969457 ] } },
{ "type": "Feature", "properties": { "内容": "奄美市社協笠利通所介護事業所【地域密着型通所介護】鹿児島県奄美市笠利町中金久４５番地ふれ愛の郷", "url": "https://www.kaigokensaku.mhlw.go.jp/46/index.php?action_kouhyou_detail_004_kani=true&JigyosyoCd=4690700093-00&ServiceCd=780&Type=search", "url2": null }, "geometry": { "type": "Point", "coordinates": [ 129.694933, 28.4889862 ] } },
{ "type": "Feature", "properties": { "内容": "デイきずな【地域密着型通所介護】鹿児島県奄美市名瀬浜里町４９番地", "url": "https://www.kaigokensaku.mhlw.go.jp/46/index.php?action_kouhyou_detail_004_kani=true&JigyosyoCd=4670701103-00&ServiceCd=780&Type=search", "url2": "amamikizuna.jp" }, "geometry": { "type": "Point", "coordinates": [ 129.4714755, 28.3990256 ] } },
{ "type": "Feature", "properties": { "内容": "通所介護事業所　ゆとりあん【地域密着型通所介護】鹿児島県奄美市名瀬小浜町24番7号サービス付き高齢者向け住宅　ゆとりあん　1Ｆ", "url": "https://www.kaigokensaku.mhlw.go.jp/46/index.php?action_kouhyou_detail_004_kani=true&JigyosyoCd=4670701160-00&ServiceCd=780&Type=search", "url2": "http://mukai.ryuukyu/yutorian" }, "geometry": { "type": "Point", "coordinates": [ 129.5012949, 28.3858837 ] } },
{ "type": "Feature", "properties": { "内容": "デイサービスセンターしおさい【地域密着型通所介護】鹿児島県奄美市名瀬朝仁町２番１０号", "url": "https://www.kaigokensaku.mhlw.go.jp/46/index.php?action_kouhyou_detail_004_kani=true&JigyosyoCd=4670700873-00&ServiceCd=780&Type=search", "url2": "http://hp.kaipoke.biz/017/" }, "geometry": { "type": "Point", "coordinates": [ 129.481335700000045, 28.3998313 ] } },
{ "type": "Feature", "properties": { "内容": "あおぞらデイサービス【地域密着型通所介護】鹿児島県奄美市名瀬幸町20番17号3Fシダマ薬局ビル3Ｆ", "url": "https://www.kaigokensaku.mhlw.go.jp/46/index.php?action_kouhyou_detail_004_kani=true&JigyosyoCd=4670700402-00&ServiceCd=780&Type=search", "url2": null }, "geometry": { "type": "Point", "coordinates": [ 129.493293631877094, 28.377878585626497 ] } },
{ "type": "Feature", "properties": { "内容": "デイサービス　センリアン【地域密着型通所介護】鹿児島県奄美市名瀬有屋町２６番地９", "url": "https://www.kaigokensaku.mhlw.go.jp/46/index.php?action_kouhyou_detail_004_kani=true&JigyosyoCd=4690700069-00&ServiceCd=780&Type=search", "url2": "http://senrian.dip.jp/-" }, "geometry": { "type": "Point", "coordinates": [ 129.528745100000037, 28.3910806 ] } },
{ "type": "Feature", "properties": { "内容": "いのべ・赤木名【地域密着型通所介護】鹿児島県奄美市笠利町大字里50番地2", "url": "https://www.kaigokensaku.mhlw.go.jp/46/index.php?action_kouhyou_detail_004_kani=true&JigyosyoCd=4690700168-00&ServiceCd=780&Type=search", "url2": null }, "geometry": { "type": "Point", "coordinates": [ 129.677376399999957, 28.4521723 ] } },
{ "type": "Feature", "properties": { "内容": "わんわんデイサービス【地域密着型通所介護】奄美市名瀬永田町4-15", "url": "https://www.kaigokensaku.mhlw.go.jp/46/index.php?action_kouhyou_detail_004_kani=true&JigyosyoCd=4670700675-00&ServiceCd=780&Type=search", "url2": "http://wanwan.amamin.jp/" }, "geometry": { "type": "Point", "coordinates": [ 129.495076899999958, 28.3762233 ] } },
{ "type": "Feature", "properties": { "内容": "デイサービス和月【地域密着型通所介護】鹿児島県奄美市名瀬古田町3-13", "url": "https://www.kaigokensaku.mhlw.go.jp/46/index.php?action_kouhyou_detail_004_kani=true&JigyosyoCd=4670700980-00&ServiceCd=780&Type=search", "url2": "https://www.waduki-amami.com/" }, "geometry": { "type": "Point", "coordinates": [ 129.4993365, 28.3720832 ] } },
{ "type": "Feature", "properties": { "内容": "デイサービスセンターてて【地域密着型通所介護】鹿児島県奄美市笠利町大字屋仁1番地2", "url": "https://www.kaigokensaku.mhlw.go.jp/46/index.php?action_kouhyou_detail_004_kani=true&JigyosyoCd=4670700899-00&ServiceCd=780&Type=search", "url2": null }, "geometry": { "type": "Point", "coordinates": [ 129.658621477868707, 28.498891610586529 ] } },
{ "type": "Feature", "properties": { "内容": "デイサービスゆい【地域密着型通所介護】笠利町喜瀬2431-7", "url": "https://www.kaigokensaku.mhlw.go.jp/46/index.php?action_kouhyou_detail_004_kani=true&JigyosyoCd=4670701004-00&ServiceCd=780&Type=search", "url2": null }, "geometry": { "type": "Point", "coordinates": [ 129.658427800000027, 28.4299152 ] } },
{ "type": "Feature", "properties": { "内容": "岡村さん家【地域密着型通所介護】頴娃町別府4845-3", "url": "https://www.kaigokensaku.mhlw.go.jp/46/index.php?action_kouhyou_detail_004_kani=true&JigyosyoCd=4674300142-00&ServiceCd=780&Type=search", "url2": null }, "geometry": { "type": "Point", "coordinates": [ 130.432564, 31.2563673 ] } },
{ "type": "Feature", "properties": { "内容": "のぎく園デイサービス【地域密着型通所介護】鹿児島県南九州市頴娃町御領３４５０番地２", "url": "https://www.kaigokensaku.mhlw.go.jp/46/index.php?action_kouhyou_detail_004_kani=true&JigyosyoCd=4674300266-00&ServiceCd=780&Type=search", "url2": "https://goryofukushikai.jp" }, "geometry": { "type": "Point", "coordinates": [ 130.47870913862306, 31.251893855951124 ] } },
{ "type": "Feature", "properties": { "内容": "あおぞらデイサービス【地域密着型通所介護】鹿児島県南九州市頴娃町牧之内1846-1", "url": "https://www.kaigokensaku.mhlw.go.jp/46/index.php?action_kouhyou_detail_004_kani=true&JigyosyoCd=4694300122-00&ServiceCd=780&Type=search", "url2": null }, "geometry": { "type": "Point", "coordinates": [ 130.489717599999949, 31.2426142 ] } },
{ "type": "Feature", "properties": { "内容": "しせいそうデイサービスセンター【地域密着型通所介護】鹿児島県南九州市頴娃町牧之内2228番地５しせいそうデイサービスセンター", "url": "https://www.kaigokensaku.mhlw.go.jp/46/index.php?action_kouhyou_detail_004_kani=true&JigyosyoCd=4674300282-00&ServiceCd=780&Type=search", "url2": null }, "geometry": { "type": "Point", "coordinates": [ 130.484488101513676, 31.241055744513162 ] } },
{ "type": "Feature", "properties": { "内容": "でいさーびすさつまふじ【地域密着型通所介護】鹿児島県南九州市頴娃町牧之内2156番地", "url": "https://www.kaigokensaku.mhlw.go.jp/46/index.php?action_kouhyou_detail_004_kani=true&JigyosyoCd=4674300464-00&ServiceCd=780&Type=search", "url2": null }, "geometry": { "type": "Point", "coordinates": [ 130.494272799999976, 31.2404228 ] } },
{ "type": "Feature", "properties": { "内容": "デイサービスおはな松山【地域密着型通所介護】鹿児島県南九州市知覧町塩屋14946-5", "url": "https://www.kaigokensaku.mhlw.go.jp/46/index.php?action_kouhyou_detail_004_kani=true&JigyosyoCd=4674300241-00&ServiceCd=780&Type=search", "url2": null }, "geometry": { "type": "Point", "coordinates": [ 130.3990417, 31.288751499999972 ] } },
{ "type": "Feature", "properties": { "内容": "デイサービスこころ【地域密着型通所介護】南九州市頴娃町上別府2193番地1", "url": "https://www.kaigokensaku.mhlw.go.jp/46/index.php?action_kouhyou_detail_004_kani=true&JigyosyoCd=4674300217-00&ServiceCd=780&Type=search", "url2": null }, "geometry": { "type": "Point", "coordinates": [ 130.483330434804174, 31.297718266373032 ] } },
{ "type": "Feature", "properties": { "内容": "通所介護さくらさくら【地域密着型通所介護】鹿児島県南九州市知覧町郡17825番4", "url": "https://www.kaigokensaku.mhlw.go.jp/46/index.php?action_kouhyou_detail_004_kani=true&JigyosyoCd=4674300381-00&ServiceCd=780&Type=search", "url2": null }, "geometry": { "type": "Point", "coordinates": [ 130.431155200000035, 31.3613222 ] } },
{ "type": "Feature", "properties": { "内容": "デイサービスセンターめぐみ【地域密着型通所介護】鹿児島県伊佐市大口曾木470-3", "url": "https://www.kaigokensaku.mhlw.go.jp/46/index.php?action_kouhyou_detail_004_kani=true&JigyosyoCd=4670900283-00&ServiceCd=780&Type=search", "url2": null }, "geometry": { "type": "Point", "coordinates": [ 130.603446500000018, 32.0138316 ] } },
{ "type": "Feature", "properties": { "内容": "デイサービスさつま苑【地域密着型通所介護】鹿児島県伊佐市大口針持1613番地43", "url": "https://www.kaigokensaku.mhlw.go.jp/46/index.php?action_kouhyou_detail_004_kani=true&JigyosyoCd=4674400132-00&ServiceCd=780&Type=search", "url2": null }, "geometry": { "type": "Point", "coordinates": [ 130.581506, 31.9822373 ] } },
{ "type": "Feature", "properties": { "内容": "デイサービス友の和【地域密着型通所介護】鹿児島県姶良市姶良市脇元７０３番地１デイサービス友の和", "url": "https://www.kaigokensaku.mhlw.go.jp/46/index.php?action_kouhyou_detail_004_kani=true&JigyosyoCd=4674500519-00&ServiceCd=780&Type=search", "url2": null }, "geometry": { "type": "Point", "coordinates": [ 130.61538031184773, 31.710550579730128 ] } },
{ "type": "Feature", "properties": { "内容": "デイサービスセンターのどか【地域密着型通所介護】鹿児島県姶良市西餅田３３３０番地６住宅型有料老人ホームのどか（敷地内）", "url": "https://www.kaigokensaku.mhlw.go.jp/46/index.php?action_kouhyou_detail_004_kani=true&JigyosyoCd=4674500329-00&ServiceCd=780&Type=search", "url2": null }, "geometry": { "type": "Point", "coordinates": [ 130.621754066934216, 31.715585903490812 ] } },
{ "type": "Feature", "properties": { "内容": "通所介護（デイサービス）わかな【地域密着型通所介護】鹿児島県姶良市西餅田70番地5", "url": "https://www.kaigokensaku.mhlw.go.jp/46/index.php?action_kouhyou_detail_004_kani=true&JigyosyoCd=4694500200-00&ServiceCd=780&Type=search", "url2": null }, "geometry": { "type": "Point", "coordinates": [ 130.623757100000034, 31.7349743 ] } },
{ "type": "Feature", "properties": { "内容": "通所介護（デイサービス）みすず【地域密着型通所介護】姶良市西餅田1868番地", "url": "https://www.kaigokensaku.mhlw.go.jp/46/index.php?action_kouhyou_detail_004_kani=true&JigyosyoCd=4675300265-00&ServiceCd=780&Type=search", "url2": "misuzu@po5.synapse.ne.jp" }, "geometry": { "type": "Point", "coordinates": [ 130.62003, 31.7358028 ] } },
{ "type": "Feature", "properties": { "内容": "共生型地域自立支援センター　たたえ【地域密着型通所介護】鹿児島県姶良市加治木町木田1394番地32", "url": "https://www.kaigokensaku.mhlw.go.jp/46/index.php?action_kouhyou_detail_004_kani=true&JigyosyoCd=4674500170-00&ServiceCd=780&Type=search", "url2": "http://www.sachikaze.jp/" }, "geometry": { "type": "Point", "coordinates": [ 130.647679367320251, 31.722743524695435 ] } },
{ "type": "Feature", "properties": { "内容": "生活向上特化型リハビリデイサービス　チェスト【地域密着型通所介護】鹿児島県姶良市加治木町朝日町61-1", "url": "https://www.kaigokensaku.mhlw.go.jp/46/index.php?action_kouhyou_detail_004_kani=true&JigyosyoCd=4674500527-00&ServiceCd=780&Type=search", "url2": "https://www.rehaactive.com/" }, "geometry": { "type": "Point", "coordinates": [ 130.671157465081819, 31.734873582973353 ] } },
{ "type": "Feature", "properties": { "内容": "リハビリ＆デイサービスＧＥＮＫＩ【地域密着型通所介護】鹿児島県姶良市東餅田531番地", "url": "https://www.kaigokensaku.mhlw.go.jp/46/index.php?action_kouhyou_detail_004_kani=true&JigyosyoCd=4674500279-00&ServiceCd=780&Type=search", "url2": "https://genkinowa.net/wp/" }, "geometry": { "type": "Point", "coordinates": [ 130.635121214294458, 31.732649138611755 ] } },
{ "type": "Feature", "properties": { "内容": "デイサービスセンター　くまひめの結【地域密着型通所介護】鹿児島県姶良市加治木町木田4195", "url": "https://www.kaigokensaku.mhlw.go.jp/46/index.php?action_kouhyou_detail_004_kani=true&JigyosyoCd=4674500378-00&ServiceCd=780&Type=search", "url2": null }, "geometry": { "type": "Point", "coordinates": [ 130.654720355286372, 31.748395711089863 ] } },
{ "type": "Feature", "properties": { "内容": "達者の家【地域密着型通所介護】鹿児島県出水郡長島町蔵之元３６９６番地", "url": "https://www.kaigokensaku.mhlw.go.jp/46/index.php?action_kouhyou_detail_004_kani=true&JigyosyoCd=4675000154-00&ServiceCd=780&Type=search", "url2": "http://carecraftsman.com" }, "geometry": { "type": "Point", "coordinates": [ 130.106627399999979, 32.1822514 ] } },
{ "type": "Feature", "properties": { "内容": "桃源郷デイサービスセンター【地域密着型通所介護】鹿児島県出水郡長島町鷹巣740番地２", "url": "https://www.kaigokensaku.mhlw.go.jp/46/index.php?action_kouhyou_detail_004_kani=true&JigyosyoCd=4695000051-00&ServiceCd=780&Type=search", "url2": null }, "geometry": { "type": "Point", "coordinates": [ 130.17949909999993, 32.1964347 ] } },
{ "type": "Feature", "properties": { "内容": "社会福祉法人長島町社会福祉協議会デイサービス事業所【地域密着型通所介護】鹿児島県出水郡長島町鷹巣１６５９番地１長島町保健福祉センター", "url": "https://www.kaigokensaku.mhlw.go.jp/46/index.php?action_kouhyou_detail_004_kani=true&JigyosyoCd=4675000113-00&ServiceCd=780&Type=search", "url2": null }, "geometry": { "type": "Point", "coordinates": [ 130.177146599999986, 32.1961804 ] } },
{ "type": "Feature", "properties": { "内容": "デイサービスセンター結【地域密着型通所介護】鹿児島県出水郡長島町川床3410-1", "url": "https://www.kaigokensaku.mhlw.go.jp/46/index.php?action_kouhyou_detail_004_kani=true&JigyosyoCd=4695000036-00&ServiceCd=780&Type=search", "url2": null }, "geometry": { "type": "Point", "coordinates": [ 130.179644899999971, 32.1563536 ] } },
{ "type": "Feature", "properties": { "内容": "湧水館デイサービスセンター【地域密着型通所介護】姶良郡湧水町木場1077番地2", "url": "https://www.kaigokensaku.mhlw.go.jp/46/index.php?action_kouhyou_detail_004_kani=true&JigyosyoCd=4675700183-00&ServiceCd=780&Type=search", "url2": null }, "geometry": { "type": "Point", "coordinates": [ 130.72442419999993, 31.952188499999984 ] } },
{ "type": "Feature", "properties": { "内容": "リハビリ専門デイサービス　ひゆもりの和【地域密着型通所介護】鹿児島県姶良郡湧水町木場29-1", "url": "https://www.kaigokensaku.mhlw.go.jp/46/index.php?action_kouhyou_detail_004_kani=true&JigyosyoCd=4695700049-00&ServiceCd=780&Type=search", "url2": "http://hp.kaipoke.biz/k5f/" }, "geometry": { "type": "Point", "coordinates": [ 130.718191199999978, 31.9536465 ] } },
{ "type": "Feature", "properties": { "内容": "デイサービスセンター　グリーン光芳【地域密着型通所介護】姶良郡湧水町米永2387番地", "url": "https://www.kaigokensaku.mhlw.go.jp/46/index.php?action_kouhyou_detail_004_kani=true&JigyosyoCd=4675700035-00&ServiceCd=780&Type=search", "url2": "http://greenkouhouyusui.ec-net.jp/" }, "geometry": { "type": "Point", "coordinates": [ 130.721105800000032, 31.9252629 ] } },
{ "type": "Feature", "properties": { "内容": "デイサービスほほえみ【地域密着型通所介護】鹿児島県姶良郡湧水町中津川1086-1", "url": "https://www.kaigokensaku.mhlw.go.jp/46/index.php?action_kouhyou_detail_004_kani=true&JigyosyoCd=4695700056-00&ServiceCd=780&Type=search", "url2": null }, "geometry": { "type": "Point", "coordinates": [ 130.745383700000048, 32.0190034 ] } },
{ "type": "Feature", "properties": { "内容": "デイサービス西福【地域密着型通所介護】鹿児島県姶良郡湧水町恒次1105-2", "url": "https://www.kaigokensaku.mhlw.go.jp/46/index.php?action_kouhyou_detail_004_kani=true&JigyosyoCd=4695700031-00&ServiceCd=780&Type=search", "url2": null }, "geometry": { "type": "Point", "coordinates": [ 130.691215199999988, 31.960805 ] } },
{ "type": "Feature", "properties": { "内容": "かきの木【地域密着型通所介護】鹿児島県曽於郡大崎町假宿３５５－１８", "url": "https://www.kaigokensaku.mhlw.go.jp/46/index.php?action_kouhyou_detail_004_kani=true&JigyosyoCd=4677000228-00&ServiceCd=780&Type=search", "url2": "kakinoki-ref.localinfo.jp" }, "geometry": { "type": "Point", "coordinates": [ 130.996355334918235, 31.427566949606124 ] } },
{ "type": "Feature", "properties": { "内容": "明光園デイサービスセンター【地域密着型通所介護】鹿児島県肝属郡東串良町川東4292番地", "url": "https://www.kaigokensaku.mhlw.go.jp/46/index.php?action_kouhyou_detail_004_kani=true&JigyosyoCd=4677200281-00&ServiceCd=780&Type=search", "url2": null }, "geometry": { "type": "Point", "coordinates": [ 131.0077070621102, 31.373717058504212 ] } },
{ "type": "Feature", "properties": { "内容": "デイサービス　らんらん【地域密着型通所介護】鹿児島県肝属郡東串良町池之原1998番地1", "url": "https://www.kaigokensaku.mhlw.go.jp/46/index.php?action_kouhyou_detail_004_kani=true&JigyosyoCd=4677200240-00&ServiceCd=780&Type=search", "url2": "http://www5.synapse.ne.jp/ajisai/" }, "geometry": { "type": "Point", "coordinates": [ 130.972619612982157, 31.391485478836351 ] } },
{ "type": "Feature", "properties": { "内容": "デイサービスセンター　あじさい【地域密着型通所介護】鹿児島県肝属郡東串良町池之原1998番地1", "url": "https://www.kaigokensaku.mhlw.go.jp/46/index.php?action_kouhyou_detail_004_kani=true&JigyosyoCd=4677200273-00&ServiceCd=780&Type=search", "url2": "http://www5.synaspe.ne.jp/azisai/" }, "geometry": { "type": "Point", "coordinates": [ 130.974039, 31.3911471 ] } },
{ "type": "Feature", "properties": { "内容": "デイサービスセンター菜の花【地域密着型通所介護】鹿児島県肝属郡錦江町馬場998番地1", "url": "https://www.kaigokensaku.mhlw.go.jp/46/index.php?action_kouhyou_detail_004_kani=true&JigyosyoCd=4677600142-00&ServiceCd=780&Type=search", "url2": null }, "geometry": { "type": "Point", "coordinates": [ 130.778038100000032, 31.237882846774152 ] } },
{ "type": "Feature", "properties": { "内容": "デイサービスセンター奏でる【地域密着型通所介護】鹿児島県肝属郡南大隅町根占川北91-2", "url": "https://www.kaigokensaku.mhlw.go.jp/46/index.php?action_kouhyou_detail_004_kani=true&JigyosyoCd=4697700039-00&ServiceCd=780&Type=search", "url2": null }, "geometry": { "type": "Point", "coordinates": [ 130.7646273, 31.2190094 ] } },
{ "type": "Feature", "properties": { "内容": "ミニデイ　南の星【地域密着型通所介護】肝属郡肝付町富山字今市牧1791番地1特定非営利活動法人南の太陽", "url": "https://www.kaigokensaku.mhlw.go.jp/46/index.php?action_kouhyou_detail_004_kani=true&JigyosyoCd=4677300214-00&ServiceCd=780&Type=search", "url2": "http://minaminotaiyo.co.jp" }, "geometry": { "type": "Point", "coordinates": [ 130.908466346946739, 31.367765623534563 ] } },
{ "type": "Feature", "properties": { "内容": "デイサービス幸芽【地域密着型通所介護】肝属郡肝付町後田5568番地1", "url": "https://www.kaigokensaku.mhlw.go.jp/46/index.php?action_kouhyou_detail_004_kani=true&JigyosyoCd=4677300198-00&ServiceCd=780&Type=search", "url2": null }, "geometry": { "type": "Point", "coordinates": [ 130.92366549999997, 31.3125204 ] } },
{ "type": "Feature", "properties": { "内容": "デイサービスきしら【地域密着型通所介護】岸良392番地1", "url": "https://www.kaigokensaku.mhlw.go.jp/46/index.php?action_kouhyou_detail_004_kani=true&JigyosyoCd=4677300230-00&ServiceCd=780&Type=search", "url2": "daykishira@po2.synapse.ne.jp" }, "geometry": { "type": "Point", "coordinates": [ 131.005200400000035, 31.2281147 ] } },
{ "type": "Feature", "properties": { "内容": "デイサービスセンター　こころ【地域密着型通所介護】鹿児島県肝属郡肝付町新富4390番地", "url": "https://www.kaigokensaku.mhlw.go.jp/46/index.php?action_kouhyou_detail_004_kani=true&JigyosyoCd=4677300255-00&ServiceCd=780&Type=search", "url2": null }, "geometry": { "type": "Point", "coordinates": [ 130.962212446154837, 31.346632641693901 ] } },
{ "type": "Feature", "properties": { "内容": "デイサービス　あゆみ【地域密着型通所介護】鹿児島県肝属郡肝付町新富5183-1", "url": "https://www.kaigokensaku.mhlw.go.jp/46/index.php?action_kouhyou_detail_004_kani=true&JigyosyoCd=4677300289-00&ServiceCd=780&Type=search", "url2": "www.kk-thmm.com" }, "geometry": { "type": "Point", "coordinates": [ 130.9541193, 31.3479171 ] } },
{ "type": "Feature", "properties": { "内容": "通所介護おたつめたつ【地域密着型通所介護】鹿児島県熊毛郡中種子町納官5170番地", "url": "https://www.kaigokensaku.mhlw.go.jp/46/index.php?action_kouhyou_detail_004_kani=true&JigyosyoCd=4678000185-00&ServiceCd=780&Type=search", "url2": null }, "geometry": { "type": "Point", "coordinates": [ 130.9530231, 30.5955637 ] } },
{ "type": "Feature", "properties": { "内容": "デイサービスありがとう中種子【地域密着型通所介護】鹿児島県熊毛郡中種子町野間11298-1", "url": "https://www.kaigokensaku.mhlw.go.jp/46/index.php?action_kouhyou_detail_004_kani=true&JigyosyoCd=4698000025-00&ServiceCd=780&Type=search", "url2": "https://kaigo-arigato.com/" }, "geometry": { "type": "Point", "coordinates": [ 130.950142199999988, 30.515794 ] } },
{ "type": "Feature", "properties": { "内容": "デイサービス島間【地域密着型通所介護】鹿児島県熊毛郡南種子町島間2123番地", "url": "https://www.kaigokensaku.mhlw.go.jp/46/index.php?action_kouhyou_detail_004_kani=true&JigyosyoCd=4678100159-00&ServiceCd=780&Type=search", "url2": null }, "geometry": { "type": "Point", "coordinates": [ 130.860779811222841, 30.456339111373879 ] } },
{ "type": "Feature", "properties": { "内容": "ミニ・デイ　野の花【地域密着型通所介護】熊毛郡屋久島町平内542-5", "url": "https://www.kaigokensaku.mhlw.go.jp/46/index.php?action_kouhyou_detail_004_kani=true&JigyosyoCd=4678300114-00&ServiceCd=780&Type=search", "url2": null }, "geometry": { "type": "Point", "coordinates": [ 130.501568300000031, 30.2368654 ] } },
{ "type": "Feature", "properties": { "内容": "ミニ・デイサービス｢ほほ笑み｣【地域密着型通所介護】熊毛郡屋久島町栗生１２４５番地１６ゆっくりかん", "url": "https://www.kaigokensaku.mhlw.go.jp/46/index.php?action_kouhyou_detail_004_kani=true&JigyosyoCd=4678300098-00&ServiceCd=780&Type=search", "url2": null }, "geometry": { "type": "Point", "coordinates": [ 130.42098569999996, 30.2688847 ] } },
{ "type": "Feature", "properties": { "内容": "大和村社会福祉協議会　通所介護事業所【地域密着型通所介護】大島郡大和村戸円１８８２番地３大和村老人福祉センター", "url": "https://www.kaigokensaku.mhlw.go.jp/46/index.php?action_kouhyou_detail_004_kani=true&JigyosyoCd=4678400054-00&ServiceCd=780&Type=search", "url2": null }, "geometry": { "type": "Point", "coordinates": [ 129.315994600000067, 28.3467879 ] } },
{ "type": "Feature", "properties": { "内容": "社会福祉法人　宇検村社会福祉協議会【地域密着型通所介護】鹿児島県大島郡宇検村湯湾2937-87宇検村地域福祉センター　やけうちの里", "url": "https://www.kaigokensaku.mhlw.go.jp/46/index.php?action_kouhyou_detail_004_kani=true&JigyosyoCd=4678500044-00&ServiceCd=780&Type=search", "url2": null }, "geometry": { "type": "Point", "coordinates": [ 129.295736799999986, 28.27424 ] } },
{ "type": "Feature", "properties": { "内容": "愛寿園デイサービスセンター【地域密着型通所介護】鹿児島県大島郡龍郷町浦1874番地", "url": "https://www.kaigokensaku.mhlw.go.jp/46/index.php?action_kouhyou_detail_004_kani=true&JigyosyoCd=4678800055-00&ServiceCd=780&Type=search", "url2": "ryuusenkai.org" }, "geometry": { "type": "Point", "coordinates": [ 129.595450699999986, 28.4122002 ] } },
{ "type": "Feature", "properties": { "内容": "デイサービスセンター　聖愛の里【地域密着型通所介護】鹿児島県大島郡喜界町大字湾字宮戸５４０番地９なし", "url": "https://www.kaigokensaku.mhlw.go.jp/46/index.php?action_kouhyou_detail_004_kani=true&JigyosyoCd=4679000119-00&ServiceCd=780&Type=search", "url2": "なし" }, "geometry": { "type": "Point", "coordinates": [ 129.9375866, 28.3161965 ] } },
{ "type": "Feature", "properties": { "内容": "ディサービスぐぅくる【地域密着型通所介護】鹿児島県大島郡和泊町和泊４７５－３", "url": "https://www.kaigokensaku.mhlw.go.jp/46/index.php?action_kouhyou_detail_004_kani=true&JigyosyoCd=4679400236-00&ServiceCd=780&Type=search", "url2": null }, "geometry": { "type": "Point", "coordinates": [ 128.656011, 27.3940758 ] } },
{ "type": "Feature", "properties": { "内容": "さくら園デイサービスセンター【地域密着型通所介護】鹿児島県大島郡知名町知名1952-1", "url": "https://www.kaigokensaku.mhlw.go.jp/46/index.php?action_kouhyou_detail_004_kani=true&JigyosyoCd=4699500098-00&ServiceCd=780&Type=search", "url2": null }, "geometry": { "type": "Point", "coordinates": [ 128.5632697, 27.3343399 ] } },
{ "type": "Feature", "properties": { "内容": "憩いの森ゆしきゃ【地域密着型通所介護】大字下平川７２５番地", "url": "https://www.kaigokensaku.mhlw.go.jp/46/index.php?action_kouhyou_detail_004_kani=true&JigyosyoCd=4679500142-00&ServiceCd=780&Type=search", "url2": null }, "geometry": { "type": "Point", "coordinates": [ 128.597645392972254, 27.358561280082508 ] } }
]
}
