{
"type": "FeatureCollection",
"name": "geo_46_訪問介護",
"crs": { "type": "name", "properties": { "name": "urn:ogc:def:crs:OGC:1.3:CRS84" } },
"features": [
{ "type": "Feature", "properties": { "内容": "有限会社一葉商店　ヘルパーステーションはな・花【訪問介護】鹿児島市紫原6丁目19-10大洋ハイツ206号", "url": "https://www.kaigokensaku.mhlw.go.jp/46/index.php?action_kouhyou_detail_004_kani=true&JigyosyoCd=4670105511-00&ServiceCd=110&Type=search", "url2": null }, "geometry": { "type": "Point", "coordinates": [ 130.531901800000014, 31.562884500000013 ] } },
{ "type": "Feature", "properties": { "内容": "訪問介護プレジャー【訪問介護】鹿児島県鹿児島市西坂元町１２－２２", "url": "https://www.kaigokensaku.mhlw.go.jp/46/index.php?action_kouhyou_detail_004_kani=true&JigyosyoCd=4670112822-00&ServiceCd=110&Type=search", "url2": null }, "geometry": { "type": "Point", "coordinates": [ 130.556119400000028, 31.5578977 ] } },
{ "type": "Feature", "properties": { "内容": "ら・千年　ヘルパーステーション【訪問介護】鹿児島県鹿児島市千年２丁目１１番２１号", "url": "https://www.kaigokensaku.mhlw.go.jp/46/index.php?action_kouhyou_detail_004_kani=true&JigyosyoCd=4670109596-00&ServiceCd=110&Type=search", "url2": null }, "geometry": { "type": "Point", "coordinates": [ 130.524210284864012, 31.640199863233953 ] } },
{ "type": "Feature", "properties": { "内容": "訪問介護ステーションてあて【訪問介護】鹿児島市坂之上3丁目8番1", "url": "https://www.kaigokensaku.mhlw.go.jp/46/index.php?action_kouhyou_detail_004_kani=true&JigyosyoCd=4670112665-00&ServiceCd=110&Type=search", "url2": "https://cure-connect.jp/" }, "geometry": { "type": "Point", "coordinates": [ 130.502178230550015, 31.506876564608699 ] } },
{ "type": "Feature", "properties": { "内容": "訪問介護ステーションほりん【訪問介護】鹿児島県鹿児島市石谷町４９９５-１", "url": "https://www.kaigokensaku.mhlw.go.jp/46/index.php?action_kouhyou_detail_004_kani=true&JigyosyoCd=4670112293-00&ServiceCd=110&Type=search", "url2": "http://www5.synapse.ne.jp/horin/" }, "geometry": { "type": "Point", "coordinates": [ 130.446233322975786, 31.61625453296676 ] } },
{ "type": "Feature", "properties": { "内容": "ヘルパーステーションデイリーライフ【訪問介護】鹿児島県鹿児島市谷山中央6丁目25-10", "url": "https://www.kaigokensaku.mhlw.go.jp/46/index.php?action_kouhyou_detail_004_kani=true&JigyosyoCd=4670111501-00&ServiceCd=110&Type=search", "url2": null }, "geometry": { "type": "Point", "coordinates": [ 130.508398540827841, 31.515064924770439 ] } },
{ "type": "Feature", "properties": { "内容": "ヘルパーステーションやまと【訪問介護】鹿児島県鹿児島市東谷山５丁目４１番３号", "url": "https://www.kaigokensaku.mhlw.go.jp/46/index.php?action_kouhyou_detail_004_kani=true&JigyosyoCd=4670113671-00&ServiceCd=110&Type=search", "url2": null }, "geometry": { "type": "Point", "coordinates": [ 130.5139165, 31.5295623 ] } },
{ "type": "Feature", "properties": { "内容": "ヘルパーステーション　未来の空【訪問介護】鹿児島県鹿児島市紫原2丁目41番7号バイオレットハイツ202号", "url": "https://www.kaigokensaku.mhlw.go.jp/46/index.php?action_kouhyou_detail_004_kani=true&JigyosyoCd=4670111345-00&ServiceCd=110&Type=search", "url2": null }, "geometry": { "type": "Point", "coordinates": [ 130.538168153006353, 31.558229285710802 ] } },
{ "type": "Feature", "properties": { "内容": "ヘルパーステーション鶴丸ホーム【訪問介護】明和1-25-11", "url": "https://www.kaigokensaku.mhlw.go.jp/46/index.php?action_kouhyou_detail_004_kani=true&JigyosyoCd=4670113366-00&ServiceCd=110&Type=search", "url2": "https://tsuruhome.com" }, "geometry": { "type": "Point", "coordinates": [ 130.569756, 31.648556 ] } },
{ "type": "Feature", "properties": { "内容": "ヘルパ－ステ－シヨン　木の花【訪問介護】鹿児島県鹿児島市西陵二丁目４７番６号", "url": "https://www.kaigokensaku.mhlw.go.jp/46/index.php?action_kouhyou_detail_004_kani=true&JigyosyoCd=4670104035-00&ServiceCd=110&Type=search", "url2": null }, "geometry": { "type": "Point", "coordinates": [ 130.5135669, 31.5794602 ] } },
{ "type": "Feature", "properties": { "内容": "アネスト鹿児島訪問介護サービス【訪問介護】鹿児島県鹿児島市武1丁目5-17武ステーション703", "url": "https://www.kaigokensaku.mhlw.go.jp/46/index.php?action_kouhyou_detail_004_kani=true&JigyosyoCd=4670113267-00&ServiceCd=110&Type=search", "url2": null }, "geometry": { "type": "Point", "coordinates": [ 130.538682200000011, 31.58384 ] } },
{ "type": "Feature", "properties": { "内容": "訪問介護　とどけあ鹿児島【訪問介護】堀江町２番１０号ドクタープレミアムＢＬＤ５Ｆ", "url": "https://www.kaigokensaku.mhlw.go.jp/46/index.php?action_kouhyou_detail_004_kani=true&JigyosyoCd=4670112798-00&ServiceCd=110&Type=search", "url2": "https://www.caresync.jp" }, "geometry": { "type": "Point", "coordinates": [ 130.559551199999959, 31.5913267 ] } },
{ "type": "Feature", "properties": { "内容": "中央介護サービス訪問介護事業所【訪問介護】鹿児島市荒田2丁目22番2号", "url": "https://www.kaigokensaku.mhlw.go.jp/46/index.php?action_kouhyou_detail_004_kani=true&JigyosyoCd=4670103615-00&ServiceCd=110&Type=search", "url2": null }, "geometry": { "type": "Point", "coordinates": [ 130.54866149999998, 31.5726117 ] } },
{ "type": "Feature", "properties": { "内容": "ヘルパーステーション　結の街【訪問介護】鹿児島市　小原町９番１号", "url": "https://www.kaigokensaku.mhlw.go.jp/46/index.php?action_kouhyou_detail_004_kani=true&JigyosyoCd=4670100082-00&ServiceCd=110&Type=search", "url2": "http://www.jiaikai.or.jp/" }, "geometry": { "type": "Point", "coordinates": [ 130.530528, 31.5416119 ] } },
{ "type": "Feature", "properties": { "内容": "ハァーティーケアまごころ【訪問介護】鹿児島県鹿児島市城山１丁目50-3", "url": "https://www.kaigokensaku.mhlw.go.jp/46/index.php?action_kouhyou_detail_004_kani=true&JigyosyoCd=4670113044-00&ServiceCd=110&Type=search", "url2": null }, "geometry": { "type": "Point", "coordinates": [ 130.5438834, 31.6084982 ] } },
{ "type": "Feature", "properties": { "内容": "ヘルパーステーション城西【訪問介護】鹿児島市鷹師1丁目4－1プランタン西田橋2階", "url": "https://www.kaigokensaku.mhlw.go.jp/46/index.php?action_kouhyou_detail_004_kani=true&JigyosyoCd=4670101031-00&ServiceCd=110&Type=search", "url2": "http://www.jikeikai.net" }, "geometry": { "type": "Point", "coordinates": [ 130.543403, 31.5887818 ] } },
{ "type": "Feature", "properties": { "内容": "訪問介護事業所せせらぎの里鹿児島南【訪問介護】東谷山2丁目5-8", "url": "https://www.kaigokensaku.mhlw.go.jp/46/index.php?action_kouhyou_detail_004_kani=true&JigyosyoCd=4670109331-00&ServiceCd=110&Type=search", "url2": "http://www.seseragi-minami.jp" }, "geometry": { "type": "Point", "coordinates": [ 130.524134600000025, 31.5310852 ] } },
{ "type": "Feature", "properties": { "内容": "ホームケア土屋鹿児島【訪問介護】鹿児島県鹿児島市船津町4-6カーサ・グランデ船津1001号室", "url": "https://www.kaigokensaku.mhlw.go.jp/46/index.php?action_kouhyou_detail_004_kani=true&JigyosyoCd=4670114067-00&ServiceCd=110&Type=search", "url2": "https://share.google/raBCpz9Vw3yRvHs3S" }, "geometry": { "type": "Point", "coordinates": [ 130.558299299999987, 31.5888927 ] } },
{ "type": "Feature", "properties": { "内容": "ヘルパーステーション　たから【訪問介護】鹿児島県鹿児島市山田町2174番地6号", "url": "https://www.kaigokensaku.mhlw.go.jp/46/index.php?action_kouhyou_detail_004_kani=true&JigyosyoCd=4670108598-00&ServiceCd=110&Type=search", "url2": "http://tkr3a.co.jp/" }, "geometry": { "type": "Point", "coordinates": [ 130.5074962, 31.5650729 ] } },
{ "type": "Feature", "properties": { "内容": "カインドハート合同会社【訪問介護】鹿児島県鹿児島市伊敷台3丁目２１－５", "url": "https://www.kaigokensaku.mhlw.go.jp/46/index.php?action_kouhyou_detail_004_kani=true&JigyosyoCd=4670113457-00&ServiceCd=110&Type=search", "url2": null }, "geometry": { "type": "Point", "coordinates": [ 130.535477400000019, 31.629862100000032 ] } },
{ "type": "Feature", "properties": { "内容": "ヘルパーステーション　春うらら【訪問介護】鹿児島市真砂本町21-16", "url": "https://www.kaigokensaku.mhlw.go.jp/46/index.php?action_kouhyou_detail_004_kani=true&JigyosyoCd=4670103532-00&ServiceCd=110&Type=search", "url2": "http://haruurarak.wixsite.com" }, "geometry": { "type": "Point", "coordinates": [ 130.552229595037005, 31.555799689594046 ] } },
{ "type": "Feature", "properties": { "内容": "介護支援センター愛【訪問介護】鹿児島市吉野二丁目13番13号", "url": "https://www.kaigokensaku.mhlw.go.jp/46/index.php?action_kouhyou_detail_004_kani=true&JigyosyoCd=4670101445-00&ServiceCd=110&Type=search", "url2": "http://www.kawamoto-cl.or.jp/" }, "geometry": { "type": "Point", "coordinates": [ 130.566049173016381, 31.656596893632759 ] } },
{ "type": "Feature", "properties": { "内容": "訪問介護リバーサイド城西【訪問介護】鹿児島市城西１丁目２－２２　3階こしのクリニック３階", "url": "https://www.kaigokensaku.mhlw.go.jp/46/index.php?action_kouhyou_detail_004_kani=true&JigyosyoCd=4670109232-00&ServiceCd=110&Type=search", "url2": "http://www.taihoukai.jp/riverside_kaigo/index.html" }, "geometry": { "type": "Point", "coordinates": [ 130.542158500000028, 31.5936868 ] } },
{ "type": "Feature", "properties": { "内容": "ヘルパーステーションみらい【訪問介護】鹿児島県鹿児島市下荒田2-8-9", "url": "https://www.kaigokensaku.mhlw.go.jp/46/index.php?action_kouhyou_detail_004_kani=true&JigyosyoCd=4670110651-00&ServiceCd=110&Type=search", "url2": null }, "geometry": { "type": "Point", "coordinates": [ 130.549049765051222, 31.57528419059858 ] } },
{ "type": "Feature", "properties": { "内容": "寿康園訪問介護事業所【訪問介護】鹿児島市本名町234番地", "url": "https://www.kaigokensaku.mhlw.go.jp/46/index.php?action_kouhyou_detail_004_kani=true&JigyosyoCd=4671500058-00&ServiceCd=110&Type=search", "url2": "http://jukouen.jp/" }, "geometry": { "type": "Point", "coordinates": [ 121.517016600000034, 25.008325300000035 ] } },
{ "type": "Feature", "properties": { "内容": "訪問介護事業所桜島苑【訪問介護】鹿児島県鹿児島市桜島横山町1722－45", "url": "https://www.kaigokensaku.mhlw.go.jp/46/index.php?action_kouhyou_detail_004_kani=true&JigyosyoCd=4671600056-00&ServiceCd=110&Type=search", "url2": "https://sakurajimaen.com" }, "geometry": { "type": "Point", "coordinates": [ 130.602123, 31.590113200000033 ] } },
{ "type": "Feature", "properties": { "内容": "ヘルパーステーション風凛【訪問介護】鹿児島県鹿児島市荒田2丁目22-10山内ビル105", "url": "https://www.kaigokensaku.mhlw.go.jp/46/index.php?action_kouhyou_detail_004_kani=true&JigyosyoCd=4670111279-00&ServiceCd=110&Type=search", "url2": null }, "geometry": { "type": "Point", "coordinates": [ 130.548492, 31.5724256 ] } },
{ "type": "Feature", "properties": { "内容": "ヘルパーステーションふくろう【訪問介護】鹿児島市真砂本町9-15-２F", "url": "https://www.kaigokensaku.mhlw.go.jp/46/index.php?action_kouhyou_detail_004_kani=true&JigyosyoCd=4670113176-00&ServiceCd=110&Type=search", "url2": null }, "geometry": { "type": "Point", "coordinates": [ 130.55159230000001, 31.5571191 ] } },
{ "type": "Feature", "properties": { "内容": "訪問介護事業所　パークハウス【訪問介護】鹿児島県鹿児島市冷水町12-17", "url": "https://www.kaigokensaku.mhlw.go.jp/46/index.php?action_kouhyou_detail_004_kani=true&JigyosyoCd=4670113606-00&ServiceCd=110&Type=search", "url2": null }, "geometry": { "type": "Point", "coordinates": [ 130.551085, 31.6056437 ] } },
{ "type": "Feature", "properties": { "内容": "ヘルパーステーション　あざみ【訪問介護】鹿児島市草牟田2丁目18番4号里之園ビル102号", "url": "https://www.kaigokensaku.mhlw.go.jp/46/index.php?action_kouhyou_detail_004_kani=true&JigyosyoCd=4670105024-00&ServiceCd=110&Type=search", "url2": null }, "geometry": { "type": "Point", "coordinates": [ 130.539108400000032, 31.6031439 ] } },
{ "type": "Feature", "properties": { "内容": "ヘルパーステーションせせらぎ【訪問介護】鹿児島市星ケ峯三丁目28番1号", "url": "https://www.kaigokensaku.mhlw.go.jp/46/index.php?action_kouhyou_detail_004_kani=true&JigyosyoCd=4670109489-00&ServiceCd=110&Type=search", "url2": "http.//www.seseragi-kagoshima.com/" }, "geometry": { "type": "Point", "coordinates": [ 130.494003979098636, 31.581204722392812 ] } },
{ "type": "Feature", "properties": { "内容": "ヘルパーステーション本名の郷【訪問介護】鹿児島県鹿児島市本名町1083番地2", "url": "https://www.kaigokensaku.mhlw.go.jp/46/index.php?action_kouhyou_detail_004_kani=true&JigyosyoCd=4670112087-00&ServiceCd=110&Type=search", "url2": null }, "geometry": { "type": "Point", "coordinates": [ 130.553548500000034, 31.6840176 ] } },
{ "type": "Feature", "properties": { "内容": "ホームヘルプサービス桜の苑【訪問介護】下福元町9057番地", "url": "https://www.kaigokensaku.mhlw.go.jp/46/index.php?action_kouhyou_detail_004_kani=true&JigyosyoCd=4670101718-00&ServiceCd=110&Type=search", "url2": null }, "geometry": { "type": "Point", "coordinates": [ 130.487338598147517, 31.497823709236048 ] } },
{ "type": "Feature", "properties": { "内容": "ヘルパーステーション侑介【訪問介護】鹿児島県鹿児島市紫原３丁目31-10れいめい壱番館", "url": "https://www.kaigokensaku.mhlw.go.jp/46/index.php?action_kouhyou_detail_004_kani=true&JigyosyoCd=4670113390-00&ServiceCd=110&Type=search", "url2": "http://www.hwyuu.com" }, "geometry": { "type": "Point", "coordinates": [ 130.5368944, 31.5519758 ] } },
{ "type": "Feature", "properties": { "内容": "ヘルパーステーションはぴねす【訪問介護】鹿児島県鹿児島市桜ヶ丘４丁目１−１０グランデール桜ヶ丘９０８号室", "url": "https://www.kaigokensaku.mhlw.go.jp/46/index.php?action_kouhyou_detail_004_kani=true&JigyosyoCd=4670113382-00&ServiceCd=110&Type=search", "url2": null }, "geometry": { "type": "Point", "coordinates": [ 130.516922776102206, 31.550370389364733 ] } },
{ "type": "Feature", "properties": { "内容": "美樹園ヘルパーステーション【訪問介護】鹿児島市谷山中央２丁目４５１５番地", "url": "https://www.kaigokensaku.mhlw.go.jp/46/index.php?action_kouhyou_detail_004_kani=true&JigyosyoCd=4670102104-00&ServiceCd=110&Type=search", "url2": "https://mikien.or.jp" }, "geometry": { "type": "Point", "coordinates": [ 130.519190900000012, 31.5228137 ] } },
{ "type": "Feature", "properties": { "内容": "訪問介護ステーションかもいけ【訪問介護】鹿児島市東郡元町12番3号", "url": "https://www.kaigokensaku.mhlw.go.jp/46/index.php?action_kouhyou_detail_004_kani=true&JigyosyoCd=4670101791-00&ServiceCd=110&Type=search", "url2": "https://jifukai.jp/stationkamoike/" }, "geometry": { "type": "Point", "coordinates": [ 130.548662758572817, 31.553911031743581 ] } },
{ "type": "Feature", "properties": { "内容": "げんき介護　鹿児島【訪問介護】小野1丁目11-29ＧＩＮＹＡビル102", "url": "https://www.kaigokensaku.mhlw.go.jp/46/index.php?action_kouhyou_detail_004_kani=true&JigyosyoCd=4670112590-00&ServiceCd=110&Type=search", "url2": "kagoshima@elderly/jp" }, "geometry": { "type": "Point", "coordinates": [ 130.529619122753985, 31.612350305240984 ] } },
{ "type": "Feature", "properties": { "内容": "オーシャンヘルパーステーション【訪問介護】鹿児島県鹿児島市紫原2丁目18-9", "url": "https://www.kaigokensaku.mhlw.go.jp/46/index.php?action_kouhyou_detail_004_kani=true&JigyosyoCd=4670111964-00&ServiceCd=110&Type=search", "url2": "http://jyouseikai.jp" }, "geometry": { "type": "Point", "coordinates": [ 130.533259600000065, 31.5599024 ] } },
{ "type": "Feature", "properties": { "内容": "ヘルパーステーションサザン【訪問介護】鹿児島県鹿児島市池之上町９番１４号", "url": "https://www.kaigokensaku.mhlw.go.jp/46/index.php?action_kouhyou_detail_004_kani=true&JigyosyoCd=4670104936-00&ServiceCd=110&Type=search", "url2": null }, "geometry": { "type": "Point", "coordinates": [ 130.564170200000035, 31.6088302 ] } },
{ "type": "Feature", "properties": { "内容": "訪問介護たなか【訪問介護】鹿児島市本名町1077番地", "url": "https://www.kaigokensaku.mhlw.go.jp/46/index.php?action_kouhyou_detail_004_kani=true&JigyosyoCd=4670113598-00&ServiceCd=110&Type=search", "url2": "http://human-tanaka.com/" }, "geometry": { "type": "Point", "coordinates": [ 130.5541307615579, 31.6835755963934 ] } },
{ "type": "Feature", "properties": { "内容": "清谿園訪問介護ステーションおかめ会【訪問介護】鹿児島県鹿児島市山田町3801番地", "url": "https://www.kaigokensaku.mhlw.go.jp/46/index.php?action_kouhyou_detail_004_kani=true&JigyosyoCd=4670101841-00&ServiceCd=110&Type=search", "url2": "http://www.seikeien.com" }, "geometry": { "type": "Point", "coordinates": [ 130.491642009361158, 31.573330167223524 ] } },
{ "type": "Feature", "properties": { "内容": "ホームヘルパーステーション　旭ヶ丘園【訪問介護】鹿児島市平川町1382番地", "url": "https://www.kaigokensaku.mhlw.go.jp/46/index.php?action_kouhyou_detail_004_kani=true&JigyosyoCd=4670101999-00&ServiceCd=110&Type=search", "url2": "https://kyokuseikai.com/" }, "geometry": { "type": "Point", "coordinates": [ 130.5037873, 31.46621 ] } },
{ "type": "Feature", "properties": { "内容": "介護センター　悠悠【訪問介護】鹿児島市吉野二丁目12番12号", "url": "https://www.kaigokensaku.mhlw.go.jp/46/index.php?action_kouhyou_detail_004_kani=true&JigyosyoCd=4670106360-00&ServiceCd=110&Type=search", "url2": null }, "geometry": { "type": "Point", "coordinates": [ 130.565518200000042, 31.6564062 ] } },
{ "type": "Feature", "properties": { "内容": "ヘルパーステーションゆりかご【訪問介護】鹿児島県鹿児島市伊敷5丁目18番1号", "url": "https://www.kaigokensaku.mhlw.go.jp/46/index.php?action_kouhyou_detail_004_kani=true&JigyosyoCd=4670109398-00&ServiceCd=110&Type=search", "url2": "https：//kaiedageka.jp" }, "geometry": { "type": "Point", "coordinates": [ 130.52636940000005, 31.6269864 ] } },
{ "type": "Feature", "properties": { "内容": "ホームヘルプステーション高喜苑【訪問介護】小野町2427-2", "url": "https://www.kaigokensaku.mhlw.go.jp/46/index.php?action_kouhyou_detail_004_kani=true&JigyosyoCd=4670101437-00&ServiceCd=110&Type=search", "url2": "http://www.saiseikai-kg.jp/" }, "geometry": { "type": "Point", "coordinates": [ 130.512402400000042, 31.5996135 ] } },
{ "type": "Feature", "properties": { "内容": "ふくしサービスセンター　げんきママ【訪問介護】鹿児島市伊敷３丁目２５番２０号", "url": "https://www.kaigokensaku.mhlw.go.jp/46/index.php?action_kouhyou_detail_004_kani=true&JigyosyoCd=4670105735-00&ServiceCd=110&Type=search", "url2": "http://www.fukushi-greencoop.or.jp/" }, "geometry": { "type": "Point", "coordinates": [ 130.529179987558024, 31.62467093219156 ] } },
{ "type": "Feature", "properties": { "内容": "ヘルパーステーション陽光花【訪問介護】鹿児島県鹿児島市石谷町９９５－５ヘルパーステーション陽光花", "url": "https://www.kaigokensaku.mhlw.go.jp/46/index.php?action_kouhyou_detail_004_kani=true&JigyosyoCd=4670108713-00&ServiceCd=110&Type=search", "url2": "https://www.youkouka.co.jp" }, "geometry": { "type": "Point", "coordinates": [ 130.462225, 31.6206034 ] } },
{ "type": "Feature", "properties": { "内容": "ヘルパーステーション甲南【訪問介護】鹿児島市高麗町８－２５自社ビル　４Ｆ", "url": "https://www.kaigokensaku.mhlw.go.jp/46/index.php?action_kouhyou_detail_004_kani=true&JigyosyoCd=4670100967-00&ServiceCd=110&Type=search", "url2": null }, "geometry": { "type": "Point", "coordinates": [ 130.549886099999981, 31.5825189 ] } },
{ "type": "Feature", "properties": { "内容": "とそ清風園訪問介護事業所【訪問介護】田上台1丁目43番1号", "url": "https://www.kaigokensaku.mhlw.go.jp/46/index.php?action_kouhyou_detail_004_kani=true&JigyosyoCd=4670101734-00&ServiceCd=110&Type=search", "url2": "http://tososeifuen.com" }, "geometry": { "type": "Point", "coordinates": [ 130.529614249073802, 31.566650610857597 ] } },
{ "type": "Feature", "properties": { "内容": "ヘルパーステーション　クレール下荒田【訪問介護】鹿児島市下荒田２丁目７番２号", "url": "https://www.kaigokensaku.mhlw.go.jp/46/index.php?action_kouhyou_detail_004_kani=true&JigyosyoCd=4670103797-00&ServiceCd=110&Type=search", "url2": "https://chidorifukusikai.jp/" }, "geometry": { "type": "Point", "coordinates": [ 130.553713900000048, 31.5747172 ] } },
{ "type": "Feature", "properties": { "内容": "ヘルパーステーションあけぼの【訪問介護】山田町2021", "url": "https://www.kaigokensaku.mhlw.go.jp/46/index.php?action_kouhyou_detail_004_kani=true&JigyosyoCd=4670103243-00&ServiceCd=110&Type=search", "url2": "http://www.kakuyokai.com/" }, "geometry": { "type": "Point", "coordinates": [ 130.506932399999982, 31.5633509 ] } },
{ "type": "Feature", "properties": { "内容": "むぎのめケアステーション【訪問介護】鹿児島市川上町1862-1", "url": "https://www.kaigokensaku.mhlw.go.jp/46/index.php?action_kouhyou_detail_004_kani=true&JigyosyoCd=4670103649-00&ServiceCd=110&Type=search", "url2": "http://www.muginome-fukushi.or.jp" }, "geometry": { "type": "Point", "coordinates": [ 130.563927074868786, 31.657846963493999 ] } },
{ "type": "Feature", "properties": { "内容": "訪問介護事業所ひなた【訪問介護】田上台4丁目9-8", "url": "https://www.kaigokensaku.mhlw.go.jp/46/index.php?action_kouhyou_detail_004_kani=true&JigyosyoCd=4670103516-00&ServiceCd=110&Type=search", "url2": "http://www.hinata-scs.com/" }, "geometry": { "type": "Point", "coordinates": [ 130.526055916207923, 31.574769401011437 ] } },
{ "type": "Feature", "properties": { "内容": "医療法人明輝会　ヘルパ－ステ－ションよしの【訪問介護】鹿児島市吉野2丁目１７番１５号総合ケアセンタ－よしの", "url": "https://www.kaigokensaku.mhlw.go.jp/46/index.php?action_kouhyou_detail_004_kani=true&JigyosyoCd=4670100991-00&ServiceCd=110&Type=search", "url2": "http://www.meikikai.com/" }, "geometry": { "type": "Point", "coordinates": [ 130.567440300000044, 31.6559618 ] } },
{ "type": "Feature", "properties": { "内容": "ヘルパーステーションかんまち【訪問介護】鹿児島市上竜尾町4-23", "url": "https://www.kaigokensaku.mhlw.go.jp/46/index.php?action_kouhyou_detail_004_kani=true&JigyosyoCd=4670107038-00&ServiceCd=110&Type=search", "url2": null }, "geometry": { "type": "Point", "coordinates": [ 130.560737728836074, 31.605575281297039 ] } },
{ "type": "Feature", "properties": { "内容": "ヘルパーステーション蘭【訪問介護】鹿児島市郡山町1455番地", "url": "https://www.kaigokensaku.mhlw.go.jp/46/index.php?action_kouhyou_detail_004_kani=true&JigyosyoCd=4670110446-00&ServiceCd=110&Type=search", "url2": "https://maruyamaseikeigeka.jp" }, "geometry": { "type": "Point", "coordinates": [ 130.47408079220429, 31.679261890150379 ] } },
{ "type": "Feature", "properties": { "内容": "ヘルパーステーション真砂本町【訪問介護】鹿児島市真砂本町１２番２号三州会サテライトビル２Ｆ", "url": "https://www.kaigokensaku.mhlw.go.jp/46/index.php?action_kouhyou_detail_004_kani=true&JigyosyoCd=4670106154-00&ServiceCd=110&Type=search", "url2": "http://ookatsu.jp/" }, "geometry": { "type": "Point", "coordinates": [ 130.5508855, 31.5580943 ] } },
{ "type": "Feature", "properties": { "内容": "谷山緑地苑（訪問介護）【訪問介護】鹿児島県鹿児島市谷山中央２丁目702-56", "url": "https://www.kaigokensaku.mhlw.go.jp/46/index.php?action_kouhyou_detail_004_kani=true&JigyosyoCd=4670113903-00&ServiceCd=110&Type=search", "url2": "https://nozomikai.co" }, "geometry": { "type": "Point", "coordinates": [ 130.5243585, 31.5262264 ] } },
{ "type": "Feature", "properties": { "内容": "やさしい手　宇宿訪問介護事業所【訪問介護】宇宿3-1-1カワイビル２階", "url": "https://www.kaigokensaku.mhlw.go.jp/46/index.php?action_kouhyou_detail_004_kani=true&JigyosyoCd=4670112012-00&ServiceCd=110&Type=search", "url2": "http://www.yasashiite.com/subdomains/section/481/" }, "geometry": { "type": "Point", "coordinates": [ 130.537291200000027, 31.544781 ] } },
{ "type": "Feature", "properties": { "内容": "生協ヘルパーステーション・たにやま【訪問介護】鹿児島市谷山中央三丁目4582番地", "url": "https://www.kaigokensaku.mhlw.go.jp/46/index.php?action_kouhyou_detail_004_kani=true&JigyosyoCd=4670101874-00&ServiceCd=110&Type=search", "url2": null }, "geometry": { "type": "Point", "coordinates": [ 130.518624400000022, 31.5200861 ] } },
{ "type": "Feature", "properties": { "内容": "ヘルパーステーション美顔【訪問介護】鹿児島県鹿児島市中山2丁目15番31号", "url": "https://www.kaigokensaku.mhlw.go.jp/46/index.php?action_kouhyou_detail_004_kani=true&JigyosyoCd=4670112368-00&ServiceCd=110&Type=search", "url2": null }, "geometry": { "type": "Point", "coordinates": [ 130.507641499999977, 31.5464085 ] } },
{ "type": "Feature", "properties": { "内容": "ヘルパーステーション美顔清和【訪問介護】清和3丁目15-1", "url": "https://www.kaigokensaku.mhlw.go.jp/46/index.php?action_kouhyou_detail_004_kani=true&JigyosyoCd=4670113127-00&ServiceCd=110&Type=search", "url2": null }, "geometry": { "type": "Point", "coordinates": [ 130.508028541139197, 31.537046968037608 ] } },
{ "type": "Feature", "properties": { "内容": "へルパーステーション青い鳥【訪問介護】鹿児島県鹿児島市小野3丁目14-11エスポアールハイツ102", "url": "https://www.kaigokensaku.mhlw.go.jp/46/index.php?action_kouhyou_detail_004_kani=true&JigyosyoCd=4670113887-00&ServiceCd=110&Type=search", "url2": null }, "geometry": { "type": "Point", "coordinates": [ 130.5223492, 31.6122977 ] } },
{ "type": "Feature", "properties": { "内容": "コープヘルパーステーション鹿児島【訪問介護】広木一丁目1番1号", "url": "https://www.kaigokensaku.mhlw.go.jp/46/index.php?action_kouhyou_detail_004_kani=true&JigyosyoCd=4670100744-00&ServiceCd=110&Type=search", "url2": "https://www.kagoshima.coop/page_service_service/welfare/" }, "geometry": { "type": "Point", "coordinates": [ 130.521723827647406, 31.568043756731125 ] } },
{ "type": "Feature", "properties": { "内容": "ケアライフ南鹿児島ヘルパーステーション【訪問介護】鹿児島県鹿児島市東開町13-29ケアライフ南鹿児島", "url": "https://www.kaigokensaku.mhlw.go.jp/46/index.php?action_kouhyou_detail_004_kani=true&JigyosyoCd=4670108705-00&ServiceCd=110&Type=search", "url2": "http://www.bestlife1165.coｍ/" }, "geometry": { "type": "Point", "coordinates": [ 130.540311, 31.5271979 ] } },
{ "type": "Feature", "properties": { "内容": "訪問介護事業所来夢来灯【訪問介護】鹿児島市東開町３－１７９", "url": "https://www.kaigokensaku.mhlw.go.jp/46/index.php?action_kouhyou_detail_004_kani=true&JigyosyoCd=4670108986-00&ServiceCd=110&Type=search", "url2": "https://toukaimedical.jp/raimuraito" }, "geometry": { "type": "Point", "coordinates": [ 130.530874365853862, 31.53000135799677 ] } },
{ "type": "Feature", "properties": { "内容": "ヘルパーステーション　清滝【訪問介護】西千石町13－30シニアライフ清滝公園内３階", "url": "https://www.kaigokensaku.mhlw.go.jp/46/index.php?action_kouhyou_detail_004_kani=true&JigyosyoCd=4670107137-00&ServiceCd=110&Type=search", "url2": "http://okino-hp.or.jp/‎" }, "geometry": { "type": "Point", "coordinates": [ 130.549019300000026, 31.589443 ] } },
{ "type": "Feature", "properties": { "内容": "あなぶきケアサービス鹿児島【訪問介護】鹿児島県鹿児島市上之園町4－15アルファリビング鹿児島上之園内", "url": "https://www.kaigokensaku.mhlw.go.jp/46/index.php?action_kouhyou_detail_004_kani=true&JigyosyoCd=4670109463-00&ServiceCd=110&Type=search", "url2": "http://www.a－living.jp/uenosono/" }, "geometry": { "type": "Point", "coordinates": [ 130.548128748548834, 31.583072231744374 ] } },
{ "type": "Feature", "properties": { "内容": "ヘルパーステーションさくら【訪問介護】清和二丁目1番21号", "url": "https://www.kaigokensaku.mhlw.go.jp/46/index.php?action_kouhyou_detail_004_kani=true&JigyosyoCd=4670111899-00&ServiceCd=110&Type=search", "url2": null }, "geometry": { "type": "Point", "coordinates": [ 130.523492900000065, 31.5328517 ] } },
{ "type": "Feature", "properties": { "内容": "睦園訪問介護事業所【訪問介護】鹿児島県鹿児島市吉野町６０７７番地５６", "url": "https://www.kaigokensaku.mhlw.go.jp/46/index.php?action_kouhyou_detail_004_kani=true&JigyosyoCd=4670105552-00&ServiceCd=110&Type=search", "url2": "https://www.mutumien.com" }, "geometry": { "type": "Point", "coordinates": [ 130.592700499999978, 31.6501791 ] } },
{ "type": "Feature", "properties": { "内容": "松元訪問介護事業所【訪問介護】鹿児島県鹿児島市上谷口町3366番地5", "url": "https://www.kaigokensaku.mhlw.go.jp/46/index.php?action_kouhyou_detail_004_kani=true&JigyosyoCd=4673100048-00&ServiceCd=110&Type=search", "url2": "https://syafukuseijukai.com/" }, "geometry": { "type": "Point", "coordinates": [ 130.429502400000047, 31.5967294 ] } },
{ "type": "Feature", "properties": { "内容": "訪問介護事業所かうぴり【訪問介護】鹿児島県鹿児島市清和３丁目１２番地２６号シャルム松元Ａ０１", "url": "https://www.kaigokensaku.mhlw.go.jp/46/index.php?action_kouhyou_detail_004_kani=true&JigyosyoCd=4670112327-00&ServiceCd=110&Type=search", "url2": null }, "geometry": { "type": "Point", "coordinates": [ 130.508827900000028, 31.5344904 ] } },
{ "type": "Feature", "properties": { "内容": "ニチイケアセンター西鹿児島駅前【訪問介護】鹿児島県鹿児島市西千石町4-2グリーンパークビル2F", "url": "https://www.kaigokensaku.mhlw.go.jp/46/index.php?action_kouhyou_detail_004_kani=true&JigyosyoCd=4670101015-00&ServiceCd=110&Type=search", "url2": "http://www.nichiigakkan.co.jp" }, "geometry": { "type": "Point", "coordinates": [ 130.545991700000059, 31.5885653 ] } },
{ "type": "Feature", "properties": { "内容": "ニチイケアセンター南鹿児島【訪問介護】鹿児島県鹿児島市宇宿5丁目21番17号", "url": "https://www.kaigokensaku.mhlw.go.jp/46/index.php?action_kouhyou_detail_004_kani=true&JigyosyoCd=4670103896-00&ServiceCd=110&Type=search", "url2": "http://www.nichiigakkan.co.jp" }, "geometry": { "type": "Point", "coordinates": [ 130.531769299999951, 31.5476168 ] } },
{ "type": "Feature", "properties": { "内容": "介護支援センター　ヘルパーステーション　ちょう家【訪問介護】鹿児島市坂元町20-13", "url": "https://www.kaigokensaku.mhlw.go.jp/46/index.php?action_kouhyou_detail_004_kani=true&JigyosyoCd=4670104928-00&ServiceCd=110&Type=search", "url2": null }, "geometry": { "type": "Point", "coordinates": [ 130.5515289, 31.6206594 ] } },
{ "type": "Feature", "properties": { "内容": "ケアネット徳洲会鹿児島ケアセンター【訪問介護】鹿児島市東谷山１丁目５７－９レインボーヒルズ１０１号", "url": "https://www.kaigokensaku.mhlw.go.jp/46/index.php?action_kouhyou_detail_004_kani=true&JigyosyoCd=4670106238-00&ServiceCd=110&Type=search", "url2": "http://www.carenet-tk.com/" }, "geometry": { "type": "Point", "coordinates": [ 130.5287025, 31.5350031 ] } },
{ "type": "Feature", "properties": { "内容": "アドナース鹿児島　訪問介護【訪問介護】鹿児島県鹿児島市武2-15-16", "url": "https://www.kaigokensaku.mhlw.go.jp/46/index.php?action_kouhyou_detail_004_kani=true&JigyosyoCd=4670109919-00&ServiceCd=110&Type=search", "url2": "https://adnurse.co.jp/" }, "geometry": { "type": "Point", "coordinates": [ 130.536819900000012, 31.5804815 ] } },
{ "type": "Feature", "properties": { "内容": "ありがとう鹿児島支店【訪問介護】鹿児島県鹿児島市泉町１２−２０", "url": "https://www.kaigokensaku.mhlw.go.jp/46/index.php?action_kouhyou_detail_004_kani=true&JigyosyoCd=4670111675-00&ServiceCd=110&Type=search", "url2": "http://kaigo-arigato.com" }, "geometry": { "type": "Point", "coordinates": [ -8.24389, 53.41291 ] } },
{ "type": "Feature", "properties": { "内容": "ヘルパーステーションM&H【訪問介護】鹿児島県鹿児島市天保山町21-1-2階", "url": "https://www.kaigokensaku.mhlw.go.jp/46/index.php?action_kouhyou_detail_004_kani=true&JigyosyoCd=4670112616-00&ServiceCd=110&Type=search", "url2": "https://fuzokushomae.jp" }, "geometry": { "type": "Point", "coordinates": [ 130.561720966488082, 31.574204623520121 ] } },
{ "type": "Feature", "properties": { "内容": "訪問介護道しるべ【訪問介護】鹿児島県鹿児島市平之町9－33牧野ビル5階", "url": "https://www.kaigokensaku.mhlw.go.jp/46/index.php?action_kouhyou_detail_004_kani=true&JigyosyoCd=4670113507-00&ServiceCd=110&Type=search", "url2": "https://www.matthews-japan.com" }, "geometry": { "type": "Point", "coordinates": [ 130.5475607, 31.5899902 ] } },
{ "type": "Feature", "properties": { "内容": "ヘルパーステーションゆうばえ【訪問介護】鹿児島市本名町472", "url": "https://www.kaigokensaku.mhlw.go.jp/46/index.php?action_kouhyou_detail_004_kani=true&JigyosyoCd=4671500066-00&ServiceCd=110&Type=search", "url2": "http://www.sekisaikai.jp/index.php" }, "geometry": { "type": "Point", "coordinates": [ 130.546220828172295, 31.692257783371261 ] } },
{ "type": "Feature", "properties": { "内容": "特定非営利活動法人　ほたるの里ヘルパーステーション郡山【訪問介護】鹿児島県鹿児島市油須木町21番地1", "url": "https://www.kaigokensaku.mhlw.go.jp/46/index.php?action_kouhyou_detail_004_kani=true&JigyosyoCd=4673200087-00&ServiceCd=110&Type=search", "url2": null }, "geometry": { "type": "Point", "coordinates": [ 130.47885610000003, 31.6878735 ] } },
{ "type": "Feature", "properties": { "内容": "まつしたケアサービス【訪問介護】鹿児島県鹿児島市西田1丁目6-23アビタシオン松下2階", "url": "https://www.kaigokensaku.mhlw.go.jp/46/index.php?action_kouhyou_detail_004_kani=true&JigyosyoCd=4670103177-00&ServiceCd=110&Type=search", "url2": "http://matsushita-care.com/" }, "geometry": { "type": "Point", "coordinates": [ 130.544808500000045, 31.5873737 ] } },
{ "type": "Feature", "properties": { "内容": "ホーム―ヘルパーステーション　西陵【訪問介護】西陵一丁目43-1", "url": "https://www.kaigokensaku.mhlw.go.jp/46/index.php?action_kouhyou_detail_004_kani=true&JigyosyoCd=4670102963-00&ServiceCd=110&Type=search", "url2": "https://ryofu-kai.com" }, "geometry": { "type": "Point", "coordinates": [ 130.515749799999952, 31.5837958 ] } },
{ "type": "Feature", "properties": { "内容": "泰山荘訪問介護【訪問介護】鹿児島県鹿児島市皆与志町2261番地1", "url": "https://www.kaigokensaku.mhlw.go.jp/46/index.php?action_kouhyou_detail_004_kani=true&JigyosyoCd=4670100785-00&ServiceCd=110&Type=search", "url2": "https://taizansou.jp" }, "geometry": { "type": "Point", "coordinates": [ 130.5291985, 31.6656241 ] } },
{ "type": "Feature", "properties": { "内容": "ヘルパーステーション　ひまわり園【訪問介護】伊敷５－４－１７", "url": "https://www.kaigokensaku.mhlw.go.jp/46/index.php?action_kouhyou_detail_004_kani=true&JigyosyoCd=4670100728-00&ServiceCd=110&Type=search", "url2": "https://www.himawarien.jp" }, "geometry": { "type": "Point", "coordinates": [ 130.525437661467805, 31.624536353791992 ] } },
{ "type": "Feature", "properties": { "内容": "訪問介護いろ葉レンジャー【訪問介護】鹿児島市小松原２丁目３９−１", "url": "https://www.kaigokensaku.mhlw.go.jp/46/index.php?action_kouhyou_detail_004_kani=true&JigyosyoCd=4670111642-00&ServiceCd=110&Type=search", "url2": null }, "geometry": { "type": "Point", "coordinates": [ 130.524500574767245, 31.528202249695056 ] } },
{ "type": "Feature", "properties": { "内容": "ヘルパーステーションうきぐも【訪問介護】与次郎２丁目４番３５号ＫＳＣ鴨池ビル３Ｆ", "url": "https://www.kaigokensaku.mhlw.go.jp/46/index.php?action_kouhyou_detail_004_kani=true&JigyosyoCd=4670104357-00&ServiceCd=110&Type=search", "url2": null }, "geometry": { "type": "Point", "coordinates": [ 130.562452500000063, 31.5615018 ] } },
{ "type": "Feature", "properties": { "内容": "ヘルパ－ステ－ション　じゅらく【訪問介護】鹿児島市常盤1丁目24－39", "url": "https://www.kaigokensaku.mhlw.go.jp/46/index.php?action_kouhyou_detail_004_kani=true&JigyosyoCd=4670104605-00&ServiceCd=110&Type=search", "url2": "juraku725@yahoo.co.jp" }, "geometry": { "type": "Point", "coordinates": [ 130.530045177863826, 31.588207019565655 ] } },
{ "type": "Feature", "properties": { "内容": "ヘルパーステーションサンエイ【訪問介護】鹿児島県鹿児島市谷山中央3丁目383-20　サクセスビル202号", "url": "https://www.kaigokensaku.mhlw.go.jp/46/index.php?action_kouhyou_detail_004_kani=true&JigyosyoCd=4670112830-00&ServiceCd=110&Type=search", "url2": "https://saneicare.com/" }, "geometry": { "type": "Point", "coordinates": [ 130.519181607047244, 31.517698921022003 ] } },
{ "type": "Feature", "properties": { "内容": "ネコロボマン訪問介護ほしがみね店【訪問介護】鹿児島県鹿児島市山田町2973番地1", "url": "https://www.kaigokensaku.mhlw.go.jp/46/index.php?action_kouhyou_detail_004_kani=true&JigyosyoCd=4670114323-00&ServiceCd=110&Type=search", "url2": null }, "geometry": { "type": "Point", "coordinates": [ 130.500511, 31.5684292 ] } },
{ "type": "Feature", "properties": { "内容": "社会福祉法人グリーンコープ　ふくしサービスセンター　ミナミ【訪問介護】小松原一丁目６４番２５号", "url": "https://www.kaigokensaku.mhlw.go.jp/46/index.php?action_kouhyou_detail_004_kani=true&JigyosyoCd=4670105768-00&ServiceCd=110&Type=search", "url2": "ｍ２５ｗｃｏａ＠ｇｒｅｅｎｃｏｏｐ．ｏｒ．ｊｐ" }, "geometry": { "type": "Point", "coordinates": [ 130.515901799999938, 31.5415758 ] } },
{ "type": "Feature", "properties": { "内容": "訪問介護（介護予防訪問介護）事業所　ライフサポート慈遊館【訪問介護】鹿児島市下福元町2635パークヒルズ慈遊館内1階", "url": "https://www.kaigokensaku.mhlw.go.jp/46/index.php?action_kouhyou_detail_004_kani=true&JigyosyoCd=4670106691-00&ServiceCd=110&Type=search", "url2": null }, "geometry": { "type": "Point", "coordinates": [ 130.497204499999953, 31.5117502 ] } },
{ "type": "Feature", "properties": { "内容": "ヘルパーステーション　オアシスケア薬師【訪問介護】鹿児島県鹿児島市薬師1丁目20番21号", "url": "https://www.kaigokensaku.mhlw.go.jp/46/index.php?action_kouhyou_detail_004_kani=true&JigyosyoCd=4670106170-00&ServiceCd=110&Type=search", "url2": "http://oasiscare.jp" }, "geometry": { "type": "Point", "coordinates": [ 130.541227920793148, 31.592970644255839 ] } },
{ "type": "Feature", "properties": { "内容": "あおぞら介護ステーション　訪問介護事業所【訪問介護】鹿児島県鹿児島市鴨池２丁目３－１６えりかビル３Ｆ", "url": "https://www.kaigokensaku.mhlw.go.jp/46/index.php?action_kouhyou_detail_004_kani=true&JigyosyoCd=4670105586-00&ServiceCd=110&Type=search", "url2": "http://www.aozora-ｇp.com/" }, "geometry": { "type": "Point", "coordinates": [ 130.552352301002543, 31.567802075568792 ] } },
{ "type": "Feature", "properties": { "内容": "実ケアサポート【訪問介護】鹿児島県鹿児島市紫原３丁目８－９プリベール２０５", "url": "https://www.kaigokensaku.mhlw.go.jp/46/index.php?action_kouhyou_detail_004_kani=true&JigyosyoCd=4670113549-00&ServiceCd=110&Type=search", "url2": "https://mt0459mt28.wixsite.com/minori" }, "geometry": { "type": "Point", "coordinates": [ 130.535227883561987, 31.556137210890739 ] } },
{ "type": "Feature", "properties": { "内容": "ヘルパーステーション西千石【訪問介護】鹿児島県鹿児島市西千石町8番13号", "url": "https://www.kaigokensaku.mhlw.go.jp/46/index.php?action_kouhyou_detail_004_kani=true&JigyosyoCd=4670104639-00&ServiceCd=110&Type=search", "url2": "http://www.jinpuh.or.jp" }, "geometry": { "type": "Point", "coordinates": [ 130.5481221, 31.5883737 ] } },
{ "type": "Feature", "properties": { "内容": "ヘルパーステーションゆめ【訪問介護】鹿児島県鹿児島市田上5丁目8番19号YMコーポ203号室", "url": "https://www.kaigokensaku.mhlw.go.jp/46/index.php?action_kouhyou_detail_004_kani=true&JigyosyoCd=4670113465-00&ServiceCd=110&Type=search", "url2": "https://www.llc-mirai.com/" }, "geometry": { "type": "Point", "coordinates": [ 130.5264678, 31.5780605 ] } },
{ "type": "Feature", "properties": { "内容": "ヘルパーステーション　縁と笑【訪問介護】皇徳寺台3丁目33番12号", "url": "https://www.kaigokensaku.mhlw.go.jp/46/index.php?action_kouhyou_detail_004_kani=true&JigyosyoCd=4670108291-00&ServiceCd=110&Type=search", "url2": null }, "geometry": { "type": "Point", "coordinates": [ 130.48781, 31.563923 ] } },
{ "type": "Feature", "properties": { "内容": "ヘルパーステーション　さくらんぼ【訪問介護】鹿児島市下田町1759番地", "url": "https://www.kaigokensaku.mhlw.go.jp/46/index.php?action_kouhyou_detail_004_kani=true&JigyosyoCd=4670101304-00&ServiceCd=110&Type=search", "url2": "http://www.kanyoukai.or.jp/sakuranbo/index.html" }, "geometry": { "type": "Point", "coordinates": [ 130.545236599999953, 31.6460182 ] } },
{ "type": "Feature", "properties": { "内容": "訪問介護ゆあ【訪問介護】鹿児島県鹿児島市清水町17番10号住宅型有料老人ホームゆあ-1Ｆ", "url": "https://www.kaigokensaku.mhlw.go.jp/46/index.php?action_kouhyou_detail_004_kani=true&JigyosyoCd=4670112194-00&ServiceCd=110&Type=search", "url2": null }, "geometry": { "type": "Point", "coordinates": [ 130.568472700000029, 31.6072915 ] } },
{ "type": "Feature", "properties": { "内容": "訪問介護ステーション空【訪問介護】鹿児島県鹿児島市西伊敷５丁目10番8号", "url": "https://www.kaigokensaku.mhlw.go.jp/46/index.php?action_kouhyou_detail_004_kani=true&JigyosyoCd=4670103680-00&ServiceCd=110&Type=search", "url2": "https://www.luck-is-in-sky.com/" }, "geometry": { "type": "Point", "coordinates": [ 130.540843518404046, 31.642701929904558 ] } },
{ "type": "Feature", "properties": { "内容": "ヘルパーステーション　こころ【訪問介護】鹿児島市向陽２丁目21－22介護事業所こころ", "url": "https://www.kaigokensaku.mhlw.go.jp/46/index.php?action_kouhyou_detail_004_kani=true&JigyosyoCd=4670108515-00&ServiceCd=110&Type=search", "url2": "https://cocoro-kagoshima.com/" }, "geometry": { "type": "Point", "coordinates": [ 130.516819882264713, 31.556633862624889 ] } },
{ "type": "Feature", "properties": { "内容": "ヘルパーステイション　　わかば【訪問介護】鹿児島県鹿児島市桜島白浜町１１３６－２", "url": "https://www.kaigokensaku.mhlw.go.jp/46/index.php?action_kouhyou_detail_004_kani=true&JigyosyoCd=4670110560-00&ServiceCd=110&Type=search", "url2": null }, "geometry": { "type": "Point", "coordinates": [ 130.664778399999932, 31.6257693 ] } },
{ "type": "Feature", "properties": { "内容": "株式会社　ほのぼの介護・玉里【訪問介護】鹿児島県鹿児島市城山1丁目7－65城山Nビル101号室", "url": "https://www.kaigokensaku.mhlw.go.jp/46/index.php?action_kouhyou_detail_004_kani=true&JigyosyoCd=4670107814-00&ServiceCd=110&Type=search", "url2": null }, "geometry": { "type": "Point", "coordinates": [ 130.543600899999973, 31.603013 ] } },
{ "type": "Feature", "properties": { "内容": "ヘルパーステーションはれ【訪問介護】鹿児島県鹿児島市東坂元２丁目47-18", "url": "https://www.kaigokensaku.mhlw.go.jp/46/index.php?action_kouhyou_detail_004_kani=true&JigyosyoCd=4670112376-00&ServiceCd=110&Type=search", "url2": null }, "geometry": { "type": "Point", "coordinates": [ 130.555509567289732, 31.624384572653291 ] } },
{ "type": "Feature", "properties": { "内容": "訪問介護ｽﾃｰｼｮﾝきいれ【訪問介護】喜入前之浜町7808-1老人保健施設ｻﾝｼｬｲﾝきいれ", "url": "https://www.kaigokensaku.mhlw.go.jp/46/index.php?action_kouhyou_detail_004_kani=true&JigyosyoCd=4670108564-00&ServiceCd=110&Type=search", "url2": "http://kiire.jp/" }, "geometry": { "type": "Point", "coordinates": [ 130.552774658860812, 31.350947817941023 ] } },
{ "type": "Feature", "properties": { "内容": "特定非営利活動法人鹿児島自立支援ネットワーク【訪問介護】宇宿５丁目２２－２", "url": "https://www.kaigokensaku.mhlw.go.jp/46/index.php?action_kouhyou_detail_004_kani=true&JigyosyoCd=4670102716-00&ServiceCd=110&Type=search", "url2": "http://www.k-jiritsushien.or.jp/" }, "geometry": { "type": "Point", "coordinates": [ 130.532704422090092, 31.547358027207878 ] } },
{ "type": "Feature", "properties": { "内容": "ヘルパーステーション　寿笑門【訪問介護】鹿児島県鹿児島市坂之上8-12-5", "url": "https://www.kaigokensaku.mhlw.go.jp/46/index.php?action_kouhyou_detail_004_kani=true&JigyosyoCd=4670112434-00&ServiceCd=110&Type=search", "url2": "https://jyuemon-fukuemon.com/" }, "geometry": { "type": "Point", "coordinates": [ 130.499332500000037, 31.4970886 ] } },
{ "type": "Feature", "properties": { "内容": "白石病院　　訪問介護事業所【訪問介護】鹿児島市薬師1丁目12番22号", "url": "https://www.kaigokensaku.mhlw.go.jp/46/index.php?action_kouhyou_detail_004_kani=true&JigyosyoCd=4610113591-00&ServiceCd=110&Type=search", "url2": null }, "geometry": { "type": "Point", "coordinates": [ 130.541641760817328, 31.591300867399188 ] } },
{ "type": "Feature", "properties": { "内容": "ヘルパーステーションいしきの杜【訪問介護】鹿児島県鹿児島市伊敷７丁目１３番２３号", "url": "https://www.kaigokensaku.mhlw.go.jp/46/index.php?action_kouhyou_detail_004_kani=true&JigyosyoCd=4670112095-00&ServiceCd=110&Type=search", "url2": null }, "geometry": { "type": "Point", "coordinates": [ 130.518795, 31.6297222 ] } },
{ "type": "Feature", "properties": { "内容": "訪問介護ステーション　ソーネット【訪問介護】鹿児島県鹿児島市喜入町7020番地１株式会社ソーネット", "url": "https://www.kaigokensaku.mhlw.go.jp/46/index.php?action_kouhyou_detail_004_kani=true&JigyosyoCd=4670112186-00&ServiceCd=110&Type=search", "url2": null }, "geometry": { "type": "Point", "coordinates": [ 130.542319028050116, 31.372910877945007 ] } },
{ "type": "Feature", "properties": { "内容": "訪問介護ステーションどっとけあ【訪問介護】光山2-3-56", "url": "https://www.kaigokensaku.mhlw.go.jp/46/index.php?action_kouhyou_detail_004_kani=true&JigyosyoCd=4670113135-00&ServiceCd=110&Type=search", "url2": null }, "geometry": { "type": "Point", "coordinates": [ 130.5056181, 31.4902106 ] } },
{ "type": "Feature", "properties": { "内容": "訪問介護ステーションぶどうの木【訪問介護】鹿児島県鹿児島市東谷山6丁目6番11号", "url": "https://www.kaigokensaku.mhlw.go.jp/46/index.php?action_kouhyou_detail_004_kani=true&JigyosyoCd=4670108234-00&ServiceCd=110&Type=search", "url2": null }, "geometry": { "type": "Point", "coordinates": [ 130.522937238657732, 31.536849330287357 ] } },
{ "type": "Feature", "properties": { "内容": "訪問介護ステーション　ココレ【訪問介護】鹿児島県鹿児島市武1丁目5-18グランシャリオ武305号", "url": "https://www.kaigokensaku.mhlw.go.jp/46/index.php?action_kouhyou_detail_004_kani=true&JigyosyoCd=4670113879-00&ServiceCd=110&Type=search", "url2": "https://ligula-cocole.hp.peraichi.com/?utm_source=ig&utm_medium=social&utm_content=link_in_bio&fbclid=PAZnRzaAP3uEZleHRuA2FlbQIxMQBzcnRjBmFwcF9pZA8xMjQwMjQ1NzQyODc0MTQAAafFp6NeXre0Hrcixa_kKCvAh_QUCLSI44N0auiOqRvLNmnRlBhons3GextlhQ_aem_N1cy4DJvkhemKd0-gnfJ" }, "geometry": { "type": "Point", "coordinates": [ 130.5387014, 31.583932 ] } },
{ "type": "Feature", "properties": { "内容": "ヘルパーステーション　オアシスケア吉野【訪問介護】鹿児島市吉野町8794-1", "url": "https://www.kaigokensaku.mhlw.go.jp/46/index.php?action_kouhyou_detail_004_kani=true&JigyosyoCd=4670101056-00&ServiceCd=110&Type=search", "url2": "http://kaigonomori.jp" }, "geometry": { "type": "Point", "coordinates": [ 130.577025811707841, 31.634391674433207 ] } },
{ "type": "Feature", "properties": { "内容": "訪問介護　ふだん日和【訪問介護】下伊敷2丁目31‐3第6コーポ幸B棟2号", "url": "https://www.kaigokensaku.mhlw.go.jp/46/index.php?action_kouhyou_detail_004_kani=true&JigyosyoCd=4670114406-00&ServiceCd=110&Type=search", "url2": null }, "geometry": { "type": "Point", "coordinates": [ 130.542971042327878, 31.6235111 ] } },
{ "type": "Feature", "properties": { "内容": "やさしい手平之町訪問介護事業所【訪問介護】鹿児島県鹿児島市平之町17-7", "url": "https://www.kaigokensaku.mhlw.go.jp/46/index.php?action_kouhyou_detail_004_kani=true&JigyosyoCd=4670111980-00&ServiceCd=110&Type=search", "url2": "http://www.yasashiite.com/" }, "geometry": { "type": "Point", "coordinates": [ 130.545737282375768, 31.592464312947207 ] } },
{ "type": "Feature", "properties": { "内容": "ヘルパーステーション　美都【訪問介護】鹿児島市天保山町11番8号ファミール美都6F", "url": "https://www.kaigokensaku.mhlw.go.jp/46/index.php?action_kouhyou_detail_004_kani=true&JigyosyoCd=4670105818-00&ServiceCd=110&Type=search", "url2": null }, "geometry": { "type": "Point", "coordinates": [ 130.561418739425704, 31.572122280958435 ] } },
{ "type": "Feature", "properties": { "内容": "ヘルパーステーションたんぽぽの里【訪問介護】鹿児島市下田町650-1", "url": "https://www.kaigokensaku.mhlw.go.jp/46/index.php?action_kouhyou_detail_004_kani=true&JigyosyoCd=4670104670-00&ServiceCd=110&Type=search", "url2": "http://tanpoponosato.jp" }, "geometry": { "type": "Point", "coordinates": [ 130.493203699999953, 31.569583500000011 ] } },
{ "type": "Feature", "properties": { "内容": "ヘルパーステーション緑ヶ丘【訪問介護】鹿屋市串良町岡崎2801-1", "url": "https://www.kaigokensaku.mhlw.go.jp/46/index.php?action_kouhyou_detail_004_kani=true&JigyosyoCd=4670301623-00&ServiceCd=110&Type=search", "url2": "http://www15.synapse.ne.jp/mitui-ph/midorigaoka/index.html" }, "geometry": { "type": "Point", "coordinates": [ 130.947929599999952, 31.39155190000001 ] } },
{ "type": "Feature", "properties": { "内容": "陵幸園指定訪問介護事業所【訪問介護】鹿屋市吾平町麓3805番地", "url": "https://www.kaigokensaku.mhlw.go.jp/46/index.php?action_kouhyou_detail_004_kani=true&JigyosyoCd=4677500086-00&ServiceCd=110&Type=search", "url2": "https://ryoukoukai1987.com" }, "geometry": { "type": "Point", "coordinates": [ 130.892956599999934, 31.3220883 ] } },
{ "type": "Feature", "properties": { "内容": "有限会社　結愛【訪問介護】寿8丁目7244-8", "url": "https://www.kaigokensaku.mhlw.go.jp/46/index.php?action_kouhyou_detail_004_kani=true&JigyosyoCd=4670300153-00&ServiceCd=110&Type=search", "url2": "https://www.yuai-kanoya.com/" }, "geometry": { "type": "Point", "coordinates": [ 130.879975, 31.3789929 ] } },
{ "type": "Feature", "properties": { "内容": "総合サポートセンター　ラン【訪問介護】鹿児島県鹿屋市飯隈町３３６８番地１", "url": "https://www.kaigokensaku.mhlw.go.jp/46/index.php?action_kouhyou_detail_004_kani=true&JigyosyoCd=4670302563-00&ServiceCd=110&Type=search", "url2": "http://www.aikohkai.com/" }, "geometry": { "type": "Point", "coordinates": [ 130.879162, 31.344618 ] } },
{ "type": "Feature", "properties": { "内容": "ヘルパーステーション龍【訪問介護】鹿児島県鹿屋市串良町下小原４７８８番地", "url": "https://www.kaigokensaku.mhlw.go.jp/46/index.php?action_kouhyou_detail_004_kani=true&JigyosyoCd=4670302399-00&ServiceCd=110&Type=search", "url2": null }, "geometry": { "type": "Point", "coordinates": [ 130.943191800000022, 31.3707477 ] } },
{ "type": "Feature", "properties": { "内容": "慈恵園ヘルパーステーション【訪問介護】鹿児島県鹿屋市大姶良町２２６番地", "url": "https://www.kaigokensaku.mhlw.go.jp/46/index.php?action_kouhyou_detail_004_kani=true&JigyosyoCd=4670300351-00&ServiceCd=110&Type=search", "url2": "http://zikeien.org" }, "geometry": { "type": "Point", "coordinates": [ 130.83373, 31.3325489 ] } },
{ "type": "Feature", "properties": { "内容": "ヘルパーステーションひまわり【訪問介護】今坂町10117-5", "url": "https://www.kaigokensaku.mhlw.go.jp/46/index.php?action_kouhyou_detail_004_kani=true&JigyosyoCd=4670302886-00&ServiceCd=110&Type=search", "url2": null }, "geometry": { "type": "Point", "coordinates": [ 130.824966100000012, 31.3799134 ] } },
{ "type": "Feature", "properties": { "内容": "訪問介護事業所　ゑびすさん【訪問介護】鹿児島県鹿屋市札元２丁目3664-1サニーハウス１０２号室", "url": "https://www.kaigokensaku.mhlw.go.jp/46/index.php?action_kouhyou_detail_004_kani=true&JigyosyoCd=4670302274-00&ServiceCd=110&Type=search", "url2": null }, "geometry": { "type": "Point", "coordinates": [ 130.875846150579036, 31.400540052873492 ] } },
{ "type": "Feature", "properties": { "内容": "社会福祉法人鹿屋市社会福祉協議会訪問介護事業所【訪問介護】向江町29番2号社会福祉会館", "url": "https://www.kaigokensaku.mhlw.go.jp/46/index.php?action_kouhyou_detail_004_kani=true&JigyosyoCd=4670301029-00&ServiceCd=110&Type=search", "url2": "https://kanoyasyakyou.or.jp/" }, "geometry": { "type": "Point", "coordinates": [ 130.84988020000003, 31.3823278 ] } },
{ "type": "Feature", "properties": { "内容": "ヘルパーステーション　ヴィラかのや【訪問介護】寿８丁目７３０９－２", "url": "https://www.kaigokensaku.mhlw.go.jp/46/index.php?action_kouhyou_detail_004_kani=true&JigyosyoCd=4670300336-00&ServiceCd=110&Type=search", "url2": "helper-st@koshinkai.or.jp" }, "geometry": { "type": "Point", "coordinates": [ 130.8775445, 31.3864116 ] } },
{ "type": "Feature", "properties": { "内容": "ヘルパーステーション悠々【訪問介護】鹿児島県鹿屋市大浦町14028番6", "url": "https://www.kaigokensaku.mhlw.go.jp/46/index.php?action_kouhyou_detail_004_kani=true&JigyosyoCd=4670300609-00&ServiceCd=110&Type=search", "url2": "http://www.fk-yuyu.net" }, "geometry": { "type": "Point", "coordinates": [ 130.8427828, 31.4039701 ] } },
{ "type": "Feature", "properties": { "内容": "ヘルパーステーションうるおい【訪問介護】鹿屋市東原町２８３７－１", "url": "https://www.kaigokensaku.mhlw.go.jp/46/index.php?action_kouhyou_detail_004_kani=true&JigyosyoCd=4670302092-00&ServiceCd=110&Type=search", "url2": null }, "geometry": { "type": "Point", "coordinates": [ 130.888535899999965, 31.4177417 ] } },
{ "type": "Feature", "properties": { "内容": "ヘルパーステーション　アザレア【訪問介護】鹿児島県鹿屋市本町4番2号", "url": "https://www.kaigokensaku.mhlw.go.jp/46/index.php?action_kouhyou_detail_004_kani=true&JigyosyoCd=4670302290-00&ServiceCd=110&Type=search", "url2": "helper-azalea@flora-kanoya.com" }, "geometry": { "type": "Point", "coordinates": [ 130.850991099999987, 31.3872163 ] } },
{ "type": "Feature", "properties": { "内容": "以和貴苑　指定訪問介護事業所【訪問介護】鹿屋市串良町下小原3103-2", "url": "https://www.kaigokensaku.mhlw.go.jp/46/index.php?action_kouhyou_detail_004_kani=true&JigyosyoCd=4677100069-00&ServiceCd=110&Type=search", "url2": "https://iwakikai.org" }, "geometry": { "type": "Point", "coordinates": [ 130.931854385267457, 31.396248400000022 ] } },
{ "type": "Feature", "properties": { "内容": "ホームヘルパーステーション　グリーンバード【訪問介護】輝北町市成2121-3番地", "url": "https://www.kaigokensaku.mhlw.go.jp/46/index.php?action_kouhyou_detail_004_kani=true&JigyosyoCd=4676400080-00&ServiceCd=110&Type=search", "url2": "http://shuhokai.info/" }, "geometry": { "type": "Point", "coordinates": [ 130.860084456066943, 31.589378069909127 ] } },
{ "type": "Feature", "properties": { "内容": "センター事業団　大隅地域福祉事業所　ゆらおう【訪問介護】鹿児島県鹿屋市新生町２０－５オガワﾋﾞﾙ103号", "url": "https://www.kaigokensaku.mhlw.go.jp/46/index.php?action_kouhyou_detail_004_kani=true&JigyosyoCd=4670300708-00&ServiceCd=110&Type=search", "url2": "https://yuraou.jimdofree.com/" }, "geometry": { "type": "Point", "coordinates": [ 130.846577700000012, 31.3802862 ] } },
{ "type": "Feature", "properties": { "内容": "ホームヘルパーステーション鹿屋長寿園【訪問介護】笠之原町４５番５２－３号", "url": "https://www.kaigokensaku.mhlw.go.jp/46/index.php?action_kouhyou_detail_004_kani=true&JigyosyoCd=4670301185-00&ServiceCd=110&Type=search", "url2": "helperkanoya@kanoya-choujuen.jp" }, "geometry": { "type": "Point", "coordinates": [ 130.890790513272123, 31.382513280963504 ] } },
{ "type": "Feature", "properties": { "内容": "ヘルパーステーション　うぐいすの里【訪問介護】鹿児島県鹿屋市吾平町下名３３９７－４", "url": "https://www.kaigokensaku.mhlw.go.jp/46/index.php?action_kouhyou_detail_004_kani=true&JigyosyoCd=4670301839-00&ServiceCd=110&Type=search", "url2": null }, "geometry": { "type": "Point", "coordinates": [ 130.887817400000017, 31.3343537 ] } },
{ "type": "Feature", "properties": { "内容": "ニチイケアセンター西大手町【訪問介護】鹿児島県鹿屋市西大手町８９９０番地1", "url": "https://www.kaigokensaku.mhlw.go.jp/46/index.php?action_kouhyou_detail_004_kani=true&JigyosyoCd=4670300310-00&ServiceCd=110&Type=search", "url2": "http://www.nichiigakkan.co.jp/" }, "geometry": { "type": "Point", "coordinates": [ 130.848724261735157, 31.389314818442461 ] } },
{ "type": "Feature", "properties": { "内容": "ヘルパーステーションだんだん【訪問介護】鹿児島県鹿屋市新川町5453-1", "url": "https://www.kaigokensaku.mhlw.go.jp/46/index.php?action_kouhyou_detail_004_kani=true&JigyosyoCd=4670302258-00&ServiceCd=110&Type=search", "url2": "http:///confiance-kaigo.com" }, "geometry": { "type": "Point", "coordinates": [ 130.870009399999958, 31.3755013 ] } },
{ "type": "Feature", "properties": { "内容": "訪問介護事業所　希【訪問介護】鹿児島県鹿屋市上野町4554-11", "url": "https://www.kaigokensaku.mhlw.go.jp/46/index.php?action_kouhyou_detail_004_kani=true&JigyosyoCd=4670302266-00&ServiceCd=110&Type=search", "url2": null }, "geometry": { "type": "Point", "coordinates": [ 130.810535800000025, 31.3810683 ] } },
{ "type": "Feature", "properties": { "内容": "コープヘルパーステーション鹿屋【訪問介護】鹿屋市札元2丁目3801-3", "url": "https://www.kaigokensaku.mhlw.go.jp/46/index.php?action_kouhyou_detail_004_kani=true&JigyosyoCd=4670300757-00&ServiceCd=110&Type=search", "url2": null }, "geometry": { "type": "Point", "coordinates": [ 130.870919599999979, 31.400624 ] } },
{ "type": "Feature", "properties": { "内容": "訪問介護ステーション　あじさい【訪問介護】鹿児島県鹿屋市田崎町1316番地", "url": "https://www.kaigokensaku.mhlw.go.jp/46/index.php?action_kouhyou_detail_004_kani=true&JigyosyoCd=4670302050-00&ServiceCd=110&Type=search", "url2": "https://www.enishi-smile.co.jp" }, "geometry": { "type": "Point", "coordinates": [ 130.857606837920031, 31.364003505594265 ] } },
{ "type": "Feature", "properties": { "内容": "訪問介護事業所メディカルウイル【訪問介護】鹿児島県鹿屋市上谷町11200番地3", "url": "https://www.kaigokensaku.mhlw.go.jp/46/index.php?action_kouhyou_detail_004_kani=true&JigyosyoCd=4670302175-00&ServiceCd=110&Type=search", "url2": "http://medicalwill.info/" }, "geometry": { "type": "Point", "coordinates": [ 130.845422624684147, 31.396955153738272 ] } },
{ "type": "Feature", "properties": { "内容": "ヘルパーステーションかのやジャム【訪問介護】鹿児島県鹿屋市笠之原町４４番１５-１号", "url": "https://www.kaigokensaku.mhlw.go.jp/46/index.php?action_kouhyou_detail_004_kani=true&JigyosyoCd=4670301961-00&ServiceCd=110&Type=search", "url2": "http://kanoyajam/com" }, "geometry": { "type": "Point", "coordinates": [ 130.889901799999961, 31.383651100000016 ] } },
{ "type": "Feature", "properties": { "内容": "ヘルパーステーションかけはし【訪問介護】鹿児島県鹿屋市古里町535番地1サービス付き高齢者向け住宅ふるさと", "url": "https://www.kaigokensaku.mhlw.go.jp/46/index.php?action_kouhyou_detail_004_kani=true&JigyosyoCd=4670302464-00&ServiceCd=110&Type=search", "url2": "https://hanaokanosato.jp/" }, "geometry": { "type": "Point", "coordinates": [ 130.782189100000011, 31.3970087 ] } },
{ "type": "Feature", "properties": { "内容": "訪問介護ステーションたさき【訪問介護】鹿児島県鹿屋市田崎町2815-1", "url": "https://www.kaigokensaku.mhlw.go.jp/46/index.php?action_kouhyou_detail_004_kani=true&JigyosyoCd=4670302555-00&ServiceCd=110&Type=search", "url2": null }, "geometry": { "type": "Point", "coordinates": [ 130.848969799999963, 31.3627742 ] } },
{ "type": "Feature", "properties": { "内容": "訪問介護事業所いきいき館【訪問介護】鹿児島県鹿屋市笠之原町3579番地1", "url": "https://www.kaigokensaku.mhlw.go.jp/46/index.php?action_kouhyou_detail_004_kani=true&JigyosyoCd=4670302506-00&ServiceCd=110&Type=search", "url2": null }, "geometry": { "type": "Point", "coordinates": [ 130.877931414193853, 31.39631646305212 ] } },
{ "type": "Feature", "properties": { "内容": "ヘルパー事業所リン【訪問介護】鹿児島県鹿屋市笠之原町7402番地5", "url": "https://www.kaigokensaku.mhlw.go.jp/46/index.php?action_kouhyou_detail_004_kani=true&JigyosyoCd=4670302696-00&ServiceCd=110&Type=search", "url2": "https://www.rinnokai.org/" }, "geometry": { "type": "Point", "coordinates": [ 130.886368531573453, 31.382065192802248 ] } },
{ "type": "Feature", "properties": { "内容": "訪問介護事業所かみの【訪問介護】鹿児島県鹿屋市吾平町麓1621-1", "url": "https://www.kaigokensaku.mhlw.go.jp/46/index.php?action_kouhyou_detail_004_kani=true&JigyosyoCd=4670302324-00&ServiceCd=110&Type=search", "url2": "http://arimasanchi.com/index.html" }, "geometry": { "type": "Point", "coordinates": [ 130.90975069833155, 31.343687256451677 ] } },
{ "type": "Feature", "properties": { "内容": "ヘルパーステーション虹の根っこ【訪問介護】鹿屋市浜田町656番地1", "url": "https://www.kaigokensaku.mhlw.go.jp/46/index.php?action_kouhyou_detail_004_kani=true&JigyosyoCd=4670302134-00&ServiceCd=110&Type=search", "url2": null }, "geometry": { "type": "Point", "coordinates": [ 130.804079636245689, 31.332853369286489 ] } },
{ "type": "Feature", "properties": { "内容": "ヘルパーステーションまごころ【訪問介護】鹿児島県鹿屋市寿四丁目３０３４番地２０", "url": "https://www.kaigokensaku.mhlw.go.jp/46/index.php?action_kouhyou_detail_004_kani=true&JigyosyoCd=4670302654-00&ServiceCd=110&Type=search", "url2": null }, "geometry": { "type": "Point", "coordinates": [ 130.879979146032753, 31.392987095729541 ] } },
{ "type": "Feature", "properties": { "内容": "ヘルパーステーションやどかりのおうち。【訪問介護】鹿児島県鹿屋市田崎町2242-51", "url": "https://www.kaigokensaku.mhlw.go.jp/46/index.php?action_kouhyou_detail_004_kani=true&JigyosyoCd=4670302753-00&ServiceCd=110&Type=search", "url2": null }, "geometry": { "type": "Point", "coordinates": [ 130.854234215691577, 31.359862753137204 ] } },
{ "type": "Feature", "properties": { "内容": "エスポワール立神　訪問介護事業所【訪問介護】鹿児島県枕崎市火之神町６３０番地", "url": "https://www.kaigokensaku.mhlw.go.jp/46/index.php?action_kouhyou_detail_004_kani=true&JigyosyoCd=4670400136-00&ServiceCd=110&Type=search", "url2": "https://espo.ko-seikai.jp/office2" }, "geometry": { "type": "Point", "coordinates": [ 130.277171951589906, 31.254404235807467 ] } },
{ "type": "Feature", "properties": { "内容": "南方園ホームヘルプ【訪問介護】鹿児島県枕崎市住吉町14番地社会医療法人聖医会サザン・ヒルズ", "url": "https://www.kaigokensaku.mhlw.go.jp/46/index.php?action_kouhyou_detail_004_kani=true&JigyosyoCd=4670400078-00&ServiceCd=110&Type=search", "url2": "http://www2.synapse.ne.jp.nanpouen/." }, "geometry": { "type": "Point", "coordinates": [ 130.298287699999946, 31.271706 ] } },
{ "type": "Feature", "properties": { "内容": "阿久根市社会福祉協議会【訪問介護】鹿児島県阿久根市鶴見町167番地", "url": "https://www.kaigokensaku.mhlw.go.jp/46/index.php?action_kouhyou_detail_004_kani=true&JigyosyoCd=4670600073-00&ServiceCd=110&Type=search", "url2": "http://www.akuneshakyo.or.jp/" }, "geometry": { "type": "Point", "coordinates": [ 130.194923300000028, 32.0131364 ] } },
{ "type": "Feature", "properties": { "内容": "訪問介護事業所　ひまわり【訪問介護】鹿児島県阿久根市西目5657-10", "url": "https://www.kaigokensaku.mhlw.go.jp/46/index.php?action_kouhyou_detail_004_kani=true&JigyosyoCd=4670600412-00&ServiceCd=110&Type=search", "url2": null }, "geometry": { "type": "Point", "coordinates": [ 130.194980900000019, 31.997799 ] } },
{ "type": "Feature", "properties": { "内容": "ヘルパーステーションうきぐも阿久根【訪問介護】大丸町１４８番地１－２階", "url": "https://www.kaigokensaku.mhlw.go.jp/46/index.php?action_kouhyou_detail_004_kani=true&JigyosyoCd=4670600107-00&ServiceCd=110&Type=search", "url2": null }, "geometry": { "type": "Point", "coordinates": [ 130.197891291552111, 32.015380382858837 ] } },
{ "type": "Feature", "properties": { "内容": "ニチイケアセンター阿久根【訪問介護】鹿児島県阿久根市鶴見町201林ビル1F2号", "url": "https://www.kaigokensaku.mhlw.go.jp/46/index.php?action_kouhyou_detail_004_kani=true&JigyosyoCd=4670600420-00&ServiceCd=110&Type=search", "url2": "http://www.nichiigakkan.co.jp" }, "geometry": { "type": "Point", "coordinates": [ 130.1933464, 32.0138319 ] } },
{ "type": "Feature", "properties": { "内容": "ビジケアセンター野田の郷【訪問介護】野田町下名4,975番地2", "url": "https://www.kaigokensaku.mhlw.go.jp/46/index.php?action_kouhyou_detail_004_kani=true&JigyosyoCd=4674700077-00&ServiceCd=110&Type=search", "url2": "https://nodanosato.jp/" }, "geometry": { "type": "Point", "coordinates": [ 130.259475432479803, 32.062347776686934 ] } },
{ "type": "Feature", "properties": { "内容": "ヘルパーステーション　コミュニティケアいずみ【訪問介護】上鯖淵1008番地27", "url": "https://www.kaigokensaku.mhlw.go.jp/46/index.php?action_kouhyou_detail_004_kani=true&JigyosyoCd=4670800830-00&ServiceCd=110&Type=search", "url2": "https://www.community-care-izumi.jp/" }, "geometry": { "type": "Point", "coordinates": [ 130.364801163368128, 32.085533937697377 ] } },
{ "type": "Feature", "properties": { "内容": "コミュニティケアいずみ　野田サテライト【訪問介護】鹿児島県　出水市　野田町上名830-4サービス付き高齢者向け住宅　コミュニティケアいずみ内", "url": "https://www.kaigokensaku.mhlw.go.jp/46/index.php?action_kouhyou_detail_004_kani=true&JigyosyoCd=4670801077-00&ServiceCd=110&Type=search", "url2": "community-care-izumi.jp" }, "geometry": { "type": "Point", "coordinates": [ 130.270398172537995, 32.055799715516258 ] } },
{ "type": "Feature", "properties": { "内容": "訪問介護　はる風【訪問介護】鹿児島県出水市大野原町742番地", "url": "https://www.kaigokensaku.mhlw.go.jp/46/index.php?action_kouhyou_detail_004_kani=true&JigyosyoCd=4670801028-00&ServiceCd=110&Type=search", "url2": null }, "geometry": { "type": "Point", "coordinates": [ 130.32977690000007, 32.0764537 ] } },
{ "type": "Feature", "properties": { "内容": "訪問介護事業所彩加里【訪問介護】鹿児島県出水市高尾野町　下水流2280-3訪問介護事業所彩加里", "url": "https://www.kaigokensaku.mhlw.go.jp/46/index.php?action_kouhyou_detail_004_kani=true&JigyosyoCd=4670800780-00&ServiceCd=110&Type=search", "url2": "http://www.souhu-akari.com/" }, "geometry": { "type": "Point", "coordinates": [ 130.301956300000029, 32.0950403 ] } },
{ "type": "Feature", "properties": { "内容": "ふくしサービスセンター愛ちゃん【訪問介護】緑町４０番５０号グリーンコープかごしま生協いずみん", "url": "https://www.kaigokensaku.mhlw.go.jp/46/index.php?action_kouhyou_detail_004_kani=true&JigyosyoCd=4670800541-00&ServiceCd=110&Type=search", "url2": "m34wcoa@greencoop.or.jp" }, "geometry": { "type": "Point", "coordinates": [ 139.390543200000025, 35.9532592 ] } },
{ "type": "Feature", "properties": { "内容": "ヘルパーステーションさくら彩【訪問介護】鹿児島県出水市高尾野町柴引3522サービス付高齢者向け住宅さくら彩内", "url": "https://www.kaigokensaku.mhlw.go.jp/46/index.php?action_kouhyou_detail_004_kani=true&JigyosyoCd=4670800806-00&ServiceCd=110&Type=search", "url2": "http://sakura-izumi.com/" }, "geometry": { "type": "Point", "coordinates": [ 130.305557, 32.0473287 ] } },
{ "type": "Feature", "properties": { "内容": "社会福祉法人出水市社会福祉協議会訪問介護事業所【訪問介護】鹿児島県出水市平和町97番地出水市社会福祉会館", "url": "https://www.kaigokensaku.mhlw.go.jp/46/index.php?action_kouhyou_detail_004_kani=true&JigyosyoCd=4670800483-00&ServiceCd=110&Type=search", "url2": "http://www.shakyo.or.jp/hp/1735/" }, "geometry": { "type": "Point", "coordinates": [ 130.329679400000032, 32.0867248 ] } },
{ "type": "Feature", "properties": { "内容": "ニチイケアセンタ－五万石【訪問介護】中央町1600番地", "url": "https://www.kaigokensaku.mhlw.go.jp/46/index.php?action_kouhyou_detail_004_kani=true&JigyosyoCd=4670800418-00&ServiceCd=110&Type=search", "url2": "http://www.nichiigakkan.co.jp" }, "geometry": { "type": "Point", "coordinates": [ 130.341937300000041, 32.0784341 ] } },
{ "type": "Feature", "properties": { "内容": "介護ステーション出水の里【訪問介護】出水市境町1822", "url": "https://www.kaigokensaku.mhlw.go.jp/46/index.php?action_kouhyou_detail_004_kani=true&JigyosyoCd=4670800525-00&ServiceCd=110&Type=search", "url2": "http://www.izumi-kouseikai.or.jp" }, "geometry": { "type": "Point", "coordinates": [ 130.359767599999941, 32.1661337 ] } },
{ "type": "Feature", "properties": { "内容": "ＪＡ鹿児島いずみ指定訪問介護事業所【訪問介護】出水市高尾野町下水流890番地ＪＡ鹿児島いずみ介護福祉センター", "url": "https://www.kaigokensaku.mhlw.go.jp/46/index.php?action_kouhyou_detail_004_kani=true&JigyosyoCd=4674800075-00&ServiceCd=110&Type=search", "url2": "https://ja-izumi.or.jp/care/" }, "geometry": { "type": "Point", "coordinates": [ 130.286235637434402, 32.086291797806552 ] } },
{ "type": "Feature", "properties": { "内容": "ニチイケアセンター出水【訪問介護】鹿児島県出水市昭和町17-22", "url": "https://www.kaigokensaku.mhlw.go.jp/46/index.php?action_kouhyou_detail_004_kani=true&JigyosyoCd=4670800038-00&ServiceCd=110&Type=search", "url2": "http://www.nichiigakkan.co.jp" }, "geometry": { "type": "Point", "coordinates": [ 130.35219189999998, 32.0891943 ] } },
{ "type": "Feature", "properties": { "内容": "鶴寿会訪問介護ステーション【訪問介護】鹿児島県出水市汐見町86番地", "url": "https://www.kaigokensaku.mhlw.go.jp/46/index.php?action_kouhyou_detail_004_kani=true&JigyosyoCd=4670800723-00&ServiceCd=110&Type=search", "url2": null }, "geometry": { "type": "Point", "coordinates": [ 130.31550630000001, 32.1155284 ] } },
{ "type": "Feature", "properties": { "内容": "ニチイケアセンター高尾野【訪問介護】鹿児島県出水市高尾野町大久保639-1Ｍテナントビル1Ｆ", "url": "https://www.kaigokensaku.mhlw.go.jp/46/index.php?action_kouhyou_detail_004_kani=true&JigyosyoCd=4670801085-00&ServiceCd=110&Type=search", "url2": "http://www.nichiigakkan.co.jp" }, "geometry": { "type": "Point", "coordinates": [ 130.312942489583946, 32.062471233370722 ] } },
{ "type": "Feature", "properties": { "内容": "社会福祉法人出水市社会福祉協議会高尾野支所訪問介護事業所【訪問介護】出水市高尾野町大久保600-2", "url": "https://www.kaigokensaku.mhlw.go.jp/46/index.php?action_kouhyou_detail_004_kani=true&JigyosyoCd=4670800491-00&ServiceCd=110&Type=search", "url2": "https://izumi-shakyo.jp/" }, "geometry": { "type": "Point", "coordinates": [ 130.310635285310724, 32.062674656131591 ] } },
{ "type": "Feature", "properties": { "内容": "株式会社ティー・シー・エス訪問介護事業所【訪問介護】鹿児島県西出水町１４１１－３有料老人ホームケアプロ21いずみ", "url": "https://www.kaigokensaku.mhlw.go.jp/46/index.php?action_kouhyou_detail_004_kani=true&JigyosyoCd=4670800574-00&ServiceCd=110&Type=search", "url2": "www.tcs-h.co.jp/" }, "geometry": { "type": "Point", "coordinates": [ 130.337726500000031, 32.0734457 ] } },
{ "type": "Feature", "properties": { "内容": "湯之里園ホームヘルパーステーション【訪問介護】鹿児島県指宿市東方８２８番地ロ", "url": "https://www.kaigokensaku.mhlw.go.jp/46/index.php?action_kouhyou_detail_004_kani=true&JigyosyoCd=4671000174-00&ServiceCd=110&Type=search", "url2": "http://www.kinkoukai.jp/" }, "geometry": { "type": "Point", "coordinates": [ 130.620810300000016, 31.249723 ] } },
{ "type": "Feature", "properties": { "内容": "せいこうかいほうもんかいごすてーしょん【訪問介護】鹿児島県指宿市東方353番地メゾン・ド・さくら1階", "url": "https://www.kaigokensaku.mhlw.go.jp/46/index.php?action_kouhyou_detail_004_kani=true&JigyosyoCd=4671000752-00&ServiceCd=110&Type=search", "url2": null }, "geometry": { "type": "Point", "coordinates": [ 130.626202299999903, 31.245807699999983 ] } },
{ "type": "Feature", "properties": { "内容": "社会福祉法人指宿市社会福祉協議会訪問介護事業所【訪問介護】十町2424番地指宿老人福祉センター内", "url": "https://www.kaigokensaku.mhlw.go.jp/46/index.php?action_kouhyou_detail_004_kani=true&JigyosyoCd=4671000372-00&ServiceCd=110&Type=search", "url2": null }, "geometry": { "type": "Point", "coordinates": [ 130.63201760000004, 31.2529146 ] } },
{ "type": "Feature", "properties": { "内容": "ケアネット訪問介護事業所【訪問介護】鹿児島県指宿市大牟礼四丁目４番８号", "url": "https://www.kaigokensaku.mhlw.go.jp/46/index.php?action_kouhyou_detail_004_kani=true&JigyosyoCd=4671000679-00&ServiceCd=110&Type=search", "url2": "https://ibusuki-carenet.or.jp" }, "geometry": { "type": "Point", "coordinates": [ 130.645544400000063, 31.2450351 ] } },
{ "type": "Feature", "properties": { "内容": "千寿園介護支援センター【訪問介護】東方353", "url": "https://www.kaigokensaku.mhlw.go.jp/46/index.php?action_kouhyou_detail_004_kani=true&JigyosyoCd=4671000182-00&ServiceCd=110&Type=search", "url2": "http://senjuen.net" }, "geometry": { "type": "Point", "coordinates": [ 130.625228764485314, 31.245296749738404 ] } },
{ "type": "Feature", "properties": { "内容": "種子屋久農業協同組合指定訪問介護事業西之表事業所【訪問介護】西之表市西町6972番地", "url": "https://www.kaigokensaku.mhlw.go.jp/46/index.php?action_kouhyou_detail_004_kani=true&JigyosyoCd=4671300251-00&ServiceCd=110&Type=search", "url2": null }, "geometry": { "type": "Point", "coordinates": [ 130.992807800000037, 30.7355753 ] } },
{ "type": "Feature", "properties": { "内容": "ありがとう【訪問介護】西町36", "url": "https://www.kaigokensaku.mhlw.go.jp/46/index.php?action_kouhyou_detail_004_kani=true&JigyosyoCd=4671300335-00&ServiceCd=110&Type=search", "url2": "http://kaigo-arigato.com" }, "geometry": { "type": "Point", "coordinates": [ 130.994656038337297, 30.733313760993553 ] } },
{ "type": "Feature", "properties": { "内容": "平安閣介護支援センターつばさ【訪問介護】鹿児島県西之表市西之表14889番地5", "url": "https://www.kaigokensaku.mhlw.go.jp/46/index.php?action_kouhyou_detail_004_kani=true&JigyosyoCd=4671300293-00&ServiceCd=110&Type=search", "url2": "tane-heiankaku.com/" }, "geometry": { "type": "Point", "coordinates": [ 130.993834076057425, 30.713343619052612 ] } },
{ "type": "Feature", "properties": { "内容": "有限会社　義福【訪問介護】鹿児島県西之表市西之表7765-3", "url": "https://www.kaigokensaku.mhlw.go.jp/46/index.php?action_kouhyou_detail_004_kani=true&JigyosyoCd=4671300129-00&ServiceCd=110&Type=search", "url2": null }, "geometry": { "type": "Point", "coordinates": [ 131.002937400000064, 30.7384837 ] } },
{ "type": "Feature", "properties": { "内容": "垂水市社会福祉協議会訪問介護事業所【訪問介護】垂水市田神11番地1", "url": "https://www.kaigokensaku.mhlw.go.jp/46/index.php?action_kouhyou_detail_004_kani=true&JigyosyoCd=4671400036-00&ServiceCd=110&Type=search", "url2": "http://www.shakyo.or.jp/hp/1738/" }, "geometry": { "type": "Point", "coordinates": [ 130.7018835, 31.4968366 ] } },
{ "type": "Feature", "properties": { "内容": "ケアサービスみなみ【訪問介護】鹿児島県薩摩川内市宮内町1880", "url": "https://www.kaigokensaku.mhlw.go.jp/46/index.php?action_kouhyou_detail_004_kani=true&JigyosyoCd=4671501106-00&ServiceCd=110&Type=search", "url2": null }, "geometry": { "type": "Point", "coordinates": [ 130.291480699999966, 31.8257997 ] } },
{ "type": "Feature", "properties": { "内容": "サポートセンター　うぃる【訪問介護】鹿児島県薩摩川内市中郷町4708-1", "url": "https://www.kaigokensaku.mhlw.go.jp/46/index.php?action_kouhyou_detail_004_kani=true&JigyosyoCd=4671500629-00&ServiceCd=110&Type=search", "url2": null }, "geometry": { "type": "Point", "coordinates": [ 130.306663, 31.8352069 ] } },
{ "type": "Feature", "properties": { "内容": "ヘルパーステーションこすもす【訪問介護】鹿児島県薩摩川内市勝目町5101-2", "url": "https://www.kaigokensaku.mhlw.go.jp/46/index.php?action_kouhyou_detail_004_kani=true&JigyosyoCd=4671501007-00&ServiceCd=110&Type=search", "url2": null }, "geometry": { "type": "Point", "coordinates": [ 130.315261400000054, 31.7856263 ] } },
{ "type": "Feature", "properties": { "内容": "コープヘルパーステーション川内【訪問介護】薩摩川内市中郷一丁目10番24号", "url": "https://www.kaigokensaku.mhlw.go.jp/46/index.php?action_kouhyou_detail_004_kani=true&JigyosyoCd=4670200494-00&ServiceCd=110&Type=search", "url2": null }, "geometry": { "type": "Point", "coordinates": [ 130.309945500000026, 31.8325577 ] } },
{ "type": "Feature", "properties": { "内容": "ふくしサービスセンターこの指とまれ【訪問介護】宮内町３８８６番１", "url": "https://www.kaigokensaku.mhlw.go.jp/46/index.php?action_kouhyou_detail_004_kani=true&JigyosyoCd=4670201195-00&ServiceCd=110&Type=search", "url2": null }, "geometry": { "type": "Point", "coordinates": [ 130.287434299999973, 31.8309345 ] } },
{ "type": "Feature", "properties": { "内容": "ヘルパーステーションたんぽぽ【訪問介護】薩摩川内市横馬場町８番１１号", "url": "https://www.kaigokensaku.mhlw.go.jp/46/index.php?action_kouhyou_detail_004_kani=true&JigyosyoCd=4670200346-00&ServiceCd=110&Type=search", "url2": "https://ajisaien-kagoshima.com" }, "geometry": { "type": "Point", "coordinates": [ 130.310284551451105, 31.8171998499894 ] } },
{ "type": "Feature", "properties": { "内容": "可愛会指定訪問介護事業所【訪問介護】鹿児島県薩摩川内市宮内町2641", "url": "https://www.kaigokensaku.mhlw.go.jp/46/index.php?action_kouhyou_detail_004_kani=true&JigyosyoCd=4670200361-00&ServiceCd=110&Type=search", "url2": "http://enokai.jp/" }, "geometry": { "type": "Point", "coordinates": [ 130.292061699999977, 31.830731799999977 ] } },
{ "type": "Feature", "properties": { "内容": "ヘルパーステーション　となり組【訪問介護】鹿児島県薩摩川内市大小路町33番14号", "url": "https://www.kaigokensaku.mhlw.go.jp/46/index.php?action_kouhyou_detail_004_kani=true&JigyosyoCd=4670201237-00&ServiceCd=110&Type=search", "url2": null }, "geometry": { "type": "Point", "coordinates": [ 130.301165673927244, 31.82632293397738 ] } },
{ "type": "Feature", "properties": { "内容": "ヘルパーステーション　よろこび【訪問介護】鹿児島県薩摩川内市五代町３０３２番地1", "url": "https://www.kaigokensaku.mhlw.go.jp/46/index.php?action_kouhyou_detail_004_kani=true&JigyosyoCd=4671500728-00&ServiceCd=110&Type=search", "url2": null }, "geometry": { "type": "Point", "coordinates": [ 130.283498499999951, 31.8323037 ] } },
{ "type": "Feature", "properties": { "内容": "薩摩川内市社会福祉協議会甑島訪問介護事業所【訪問介護】鹿児島県薩摩川内市鹿島町藺牟田1443番地1", "url": "https://www.kaigokensaku.mhlw.go.jp/46/index.php?action_kouhyou_detail_004_kani=true&JigyosyoCd=4670200957-00&ServiceCd=110&Type=search", "url2": null }, "geometry": { "type": "Point", "coordinates": [ 129.789131379136876, 31.777755841008126 ] } },
{ "type": "Feature", "properties": { "内容": "済生会訪問介護ステーションせんだい【訪問介護】鹿児島県薩摩川内市原田町2番46号", "url": "https://www.kaigokensaku.mhlw.go.jp/46/index.php?action_kouhyou_detail_004_kani=true&JigyosyoCd=4670200452-00&ServiceCd=110&Type=search", "url2": null }, "geometry": { "type": "Point", "coordinates": [ 130.306773657672096, 31.826641499471588 ] } },
{ "type": "Feature", "properties": { "内容": "ヘルパーステーション　美里園【訪問介護】宮里町397番地1", "url": "https://www.kaigokensaku.mhlw.go.jp/46/index.php?action_kouhyou_detail_004_kani=true&JigyosyoCd=4670201252-00&ServiceCd=110&Type=search", "url2": "http://misatoen.jp/" }, "geometry": { "type": "Point", "coordinates": [ 130.2761107, 31.8192268 ] } },
{ "type": "Feature", "properties": { "内容": "ﾍﾙﾊﾟｰｽﾃｰｼｮﾝS＆T【訪問介護】鹿児島県薩摩川内市五代町7165－２", "url": "https://www.kaigokensaku.mhlw.go.jp/46/index.php?action_kouhyou_detail_004_kani=true&JigyosyoCd=4671500843-00&ServiceCd=110&Type=search", "url2": "https://argoline.co.jp" }, "geometry": { "type": "Point", "coordinates": [ 130.276118799999949, 31.8271511 ] } },
{ "type": "Feature", "properties": { "内容": "訪問介護ステーション　華【訪問介護】鹿児島県薩摩川内市東郷町斧渕6418-2訪問介護ステーション　華", "url": "https://www.kaigokensaku.mhlw.go.jp/46/index.php?action_kouhyou_detail_004_kani=true&JigyosyoCd=4671500553-00&ServiceCd=110&Type=search", "url2": "lifecare-hana＠po5.synapse.ne.jp" }, "geometry": { "type": "Point", "coordinates": [ 130.341968800000018, 31.8818017 ] } },
{ "type": "Feature", "properties": { "内容": "ヘルパーステーション　蔵の家【訪問介護】西開聞町１２番２号", "url": "https://www.kaigokensaku.mhlw.go.jp/46/index.php?action_kouhyou_detail_004_kani=true&JigyosyoCd=4671500660-00&ServiceCd=110&Type=search", "url2": "will-way-estate.com" }, "geometry": { "type": "Point", "coordinates": [ 130.2993004, 31.8148363 ] } },
{ "type": "Feature", "properties": { "内容": "ヘルプサービスはまかぜ園【訪問介護】鹿児島県薩摩川内市西方町３１１１番地", "url": "https://www.kaigokensaku.mhlw.go.jp/46/index.php?action_kouhyou_detail_004_kani=true&JigyosyoCd=4670200379-00&ServiceCd=110&Type=search", "url2": "http://www.hamakazeen.com/" }, "geometry": { "type": "Point", "coordinates": [ 130.234554800000041, 31.915567299999967 ] } },
{ "type": "Feature", "properties": { "内容": "ヘルパーステーションさくら【訪問介護】鹿児島県薩摩川内市宮崎町1885-6", "url": "https://www.kaigokensaku.mhlw.go.jp/46/index.php?action_kouhyou_detail_004_kani=true&JigyosyoCd=4671500868-00&ServiceCd=110&Type=search", "url2": null }, "geometry": { "type": "Point", "coordinates": [ 130.320557099999974, 31.8051489 ] } },
{ "type": "Feature", "properties": { "内容": "ヘルパーステーション　もくれん【訪問介護】鹿児島県日置市伊集院町郡1598-2　ウェストハイム　101", "url": "https://www.kaigokensaku.mhlw.go.jp/46/index.php?action_kouhyou_detail_004_kani=true&JigyosyoCd=4671500975-00&ServiceCd=110&Type=search", "url2": "https://mokuren-no-ie.com/" }, "geometry": { "type": "Point", "coordinates": [ 130.408328500000039, 31.639797200000025 ] } },
{ "type": "Feature", "properties": { "内容": "健生会　訪問介護事業所【訪問介護】鹿児島県日置市伊集院町下谷口1942番地", "url": "https://www.kaigokensaku.mhlw.go.jp/46/index.php?action_kouhyou_detail_004_kani=true&JigyosyoCd=4671500298-00&ServiceCd=110&Type=search", "url2": "honjyouhp@po.minc.ne.jp" }, "geometry": { "type": "Point", "coordinates": [ 130.39767465952454, 31.627240584789348 ] } },
{ "type": "Feature", "properties": { "内容": "ケアステーションおはな【訪問介護】伊集院町妙円寺二丁目69番地1", "url": "https://www.kaigokensaku.mhlw.go.jp/46/index.php?action_kouhyou_detail_004_kani=true&JigyosyoCd=4671500892-00&ServiceCd=110&Type=search", "url2": null }, "geometry": { "type": "Point", "coordinates": [ 130.390318485910939, 31.644759542720209 ] } },
{ "type": "Feature", "properties": { "内容": "秋光園ホームヘルプサービス事業所【訪問介護】東市来町長里360-1", "url": "https://www.kaigokensaku.mhlw.go.jp/46/index.php?action_kouhyou_detail_004_kani=true&JigyosyoCd=4672900091-00&ServiceCd=110&Type=search", "url2": null }, "geometry": { "type": "Point", "coordinates": [ 130.348631719049081, 31.66297416193478 ] } },
{ "type": "Feature", "properties": { "内容": "博悠会訪問介護事業所さざんか【訪問介護】日置市東市来町湯田４６４８", "url": "https://www.kaigokensaku.mhlw.go.jp/46/index.php?action_kouhyou_detail_004_kani=true&JigyosyoCd=4672900182-00&ServiceCd=110&Type=search", "url2": "http://www.hakuyukai-group.jp/1-kaigo-riha-7houmonkaigo-sazanka.html" }, "geometry": { "type": "Point", "coordinates": [ 130.34880469999996, 31.6754446 ] } },
{ "type": "Feature", "properties": { "内容": "喜楽奈村訪問介護事業所【訪問介護】日置市吹上町湯之浦2758番地", "url": "https://www.kaigokensaku.mhlw.go.jp/46/index.php?action_kouhyou_detail_004_kani=true&JigyosyoCd=4673400075-00&ServiceCd=110&Type=search", "url2": "http://www.akebonofukushikai.jp/" }, "geometry": { "type": "Point", "coordinates": [ 130.371854900000045, 31.5041924 ] } },
{ "type": "Feature", "properties": { "内容": "ヘルパーステーションふる里【訪問介護】鹿児島県日置市伊集院町妙円寺1丁目1番地6", "url": "https://www.kaigokensaku.mhlw.go.jp/46/index.php?action_kouhyou_detail_004_kani=true&JigyosyoCd=4672900117-00&ServiceCd=110&Type=search", "url2": "ｈｔｔｐ：//ｗｗｗ．ｓｅｉｓｈｉｎ-ｋａｉ．ｏｒｇ/" }, "geometry": { "type": "Point", "coordinates": [ 130.395118746836403, 31.640365605215418 ] } },
{ "type": "Feature", "properties": { "内容": "訪問介護事業所　ひおきの風【訪問介護】鹿児島県日置市日吉町日置375番地", "url": "https://www.kaigokensaku.mhlw.go.jp/46/index.php?action_kouhyou_detail_004_kani=true&JigyosyoCd=4671501262-00&ServiceCd=110&Type=search", "url2": null }, "geometry": { "type": "Point", "coordinates": [ 130.344586400000054, 31.589033299999979 ] } },
{ "type": "Feature", "properties": { "内容": "ヘルパーステーション　いきる【訪問介護】鹿児島県日置市伊集院町郡1-29第二コーポ大八102", "url": "https://www.kaigokensaku.mhlw.go.jp/46/index.php?action_kouhyou_detail_004_kani=true&JigyosyoCd=4671501189-00&ServiceCd=110&Type=search", "url2": null }, "geometry": { "type": "Point", "coordinates": [ 130.4036897, 31.6342836 ] } },
{ "type": "Feature", "properties": { "内容": "ケアセンターリエゾン日置【訪問介護】日置市東市来町湯田2986有料老人ホーム　クローバー湯田", "url": "https://www.kaigokensaku.mhlw.go.jp/46/index.php?action_kouhyou_detail_004_kani=true&JigyosyoCd=4672900075-00&ServiceCd=110&Type=search", "url2": "http://kenseikai.biz/riezon/" }, "geometry": { "type": "Point", "coordinates": [ 130.331011399999966, 31.6725056 ] } },
{ "type": "Feature", "properties": { "内容": "そお鹿児島農業協同組合【訪問介護】鹿児島県曽於市末吉町諏訪方８０００－１", "url": "https://www.kaigokensaku.mhlw.go.jp/46/index.php?action_kouhyou_detail_004_kani=true&JigyosyoCd=4676300041-00&ServiceCd=110&Type=search", "url2": "http://www.ja-soo.com" }, "geometry": { "type": "Point", "coordinates": [ 130.99027446707305, 31.596707515089076 ] } },
{ "type": "Feature", "properties": { "内容": "曽於市社会福祉協議会訪問介護事業所【訪問介護】鹿児島県曽於市財部町南俣５０４番地１財部保健福祉センター内", "url": "https://www.kaigokensaku.mhlw.go.jp/46/index.php?action_kouhyou_detail_004_kani=true&JigyosyoCd=4671600106-00&ServiceCd=110&Type=search", "url2": "http://soo-shakyo.or.jp/" }, "geometry": { "type": "Point", "coordinates": [ 130.992476500000066, 31.7233327 ] } },
{ "type": "Feature", "properties": { "内容": "ケアステーションすえよし【訪問介護】鹿児島県曽於市末吉町上町4丁目7番地5", "url": "https://www.kaigokensaku.mhlw.go.jp/46/index.php?action_kouhyou_detail_004_kani=true&JigyosyoCd=4676600093-00&ServiceCd=110&Type=search", "url2": "http://www.aisei-kai.com/" }, "geometry": { "type": "Point", "coordinates": [ 131.02143209999997, 31.6530044 ] } },
{ "type": "Feature", "properties": { "内容": "総合在宅ケアセンターやごろう苑【訪問介護】曽於市大隅町岩川5515番地", "url": "https://www.kaigokensaku.mhlw.go.jp/46/index.php?action_kouhyou_detail_004_kani=true&JigyosyoCd=4676300017-00&ServiceCd=110&Type=search", "url2": "http://www.aisei-kai.com/" }, "geometry": { "type": "Point", "coordinates": [ 130.987074383991967, 31.595673269362205 ] } },
{ "type": "Feature", "properties": { "内容": "末吉ヘルパーステーション【訪問介護】曽於市末吉町栄町２丁目１２－１", "url": "https://www.kaigokensaku.mhlw.go.jp/46/index.php?action_kouhyou_detail_004_kani=true&JigyosyoCd=4676600127-00&ServiceCd=110&Type=search", "url2": "http://takahara-net.or.jp" }, "geometry": { "type": "Point", "coordinates": [ 131.018230108598374, 31.656527562450304 ] } },
{ "type": "Feature", "properties": { "内容": "ケアサービス　豊笑【訪問介護】鹿児島県曽於市末吉町諏訪方１９９０番地", "url": "https://www.kaigokensaku.mhlw.go.jp/46/index.php?action_kouhyou_detail_004_kani=true&JigyosyoCd=4671600668-00&ServiceCd=110&Type=search", "url2": "http://hp.kaipoke.biz/7ca/" }, "geometry": { "type": "Point", "coordinates": [ 130.9496359, 31.6659134 ] } },
{ "type": "Feature", "properties": { "内容": "輪光無量寿園　訪問介護事業所【訪問介護】鹿児島県曽於市末吉町岩崎971－1", "url": "https://www.kaigokensaku.mhlw.go.jp/46/index.php?action_kouhyou_detail_004_kani=true&JigyosyoCd=4676600226-00&ServiceCd=110&Type=search", "url2": null }, "geometry": { "type": "Point", "coordinates": [ 130.9988492, 31.5962083 ] } },
{ "type": "Feature", "properties": { "内容": "訪問介護の　たかふく【訪問介護】鹿児島県霧島市国分新町１５７７－１０", "url": "https://www.kaigokensaku.mhlw.go.jp/46/index.php?action_kouhyou_detail_004_kani=true&JigyosyoCd=4671200972-00&ServiceCd=110&Type=search", "url2": "http://www.mct.ne.jp/users/yorikiri/" }, "geometry": { "type": "Point", "coordinates": [ 130.772934699999951, 31.7555336 ] } },
{ "type": "Feature", "properties": { "内容": "訪問介護事業所せせらぎの里【訪問介護】鹿児島県霧島市国分下井1794番地1", "url": "https://www.kaigokensaku.mhlw.go.jp/46/index.php?action_kouhyou_detail_004_kani=true&JigyosyoCd=4671201053-00&ServiceCd=110&Type=search", "url2": "http://www.seseragi-sato.jp" }, "geometry": { "type": "Point", "coordinates": [ 130.7807441, 31.7074183 ] } },
{ "type": "Feature", "properties": { "内容": "訪問介護事業所れいめい【訪問介護】鹿児島県霧島市隼人町松永657", "url": "https://www.kaigokensaku.mhlw.go.jp/46/index.php?action_kouhyou_detail_004_kani=true&JigyosyoCd=4671201798-00&ServiceCd=110&Type=search", "url2": null }, "geometry": { "type": "Point", "coordinates": [ 130.765839, 31.773863299999984 ] } },
{ "type": "Feature", "properties": { "内容": "ヘルパーステーションみいま【訪問介護】鹿児島県霧島市隼人町真孝９５０－１７キャプテンハイツ１０５", "url": "https://www.kaigokensaku.mhlw.go.jp/46/index.php?action_kouhyou_detail_004_kani=true&JigyosyoCd=4671201137-00&ServiceCd=110&Type=search", "url2": "miima.2012@joy.ocn.ne.jp" }, "geometry": { "type": "Point", "coordinates": [ 130.7378731, 31.726905 ] } },
{ "type": "Feature", "properties": { "内容": "医療法人財団浩誠会　ヘルパーステーションすぎやす【訪問介護】霧島市霧島田口2143番地", "url": "https://www.kaigokensaku.mhlw.go.jp/46/index.php?action_kouhyou_detail_004_kani=true&JigyosyoCd=4676000104-00&ServiceCd=110&Type=search", "url2": "http://www.kouseikai.info/" }, "geometry": { "type": "Point", "coordinates": [ 130.855677600000035, 31.8471042 ] } },
{ "type": "Feature", "properties": { "内容": "エスプリはやとヘルパーステーション【訪問介護】鹿児島県霧島市隼人町真孝2720", "url": "https://www.kaigokensaku.mhlw.go.jp/46/index.php?action_kouhyou_detail_004_kani=true&JigyosyoCd=4671201574-00&ServiceCd=110&Type=search", "url2": "http://www.esprit-kyusyu.com" }, "geometry": { "type": "Point", "coordinates": [ 130.728995, 31.7231587 ] } },
{ "type": "Feature", "properties": { "内容": "ヘルパーステーションアメニティ国分【訪問介護】鹿児島県霧島市国分重久361-1", "url": "https://www.kaigokensaku.mhlw.go.jp/46/index.php?action_kouhyou_detail_004_kani=true&JigyosyoCd=4671200337-00&ServiceCd=110&Type=search", "url2": "syunseikai-amenity.jp" }, "geometry": { "type": "Point", "coordinates": [ 130.778378299999986, 31.7676187 ] } },
{ "type": "Feature", "properties": { "内容": "ふくしサービスセンター　きりしまはっぴい【訪問介護】鹿児島県霧島市隼人町真孝3133番社会福祉法人グリーンコープあいらセンター", "url": "https://www.kaigokensaku.mhlw.go.jp/46/index.php?action_kouhyou_detail_004_kani=true&JigyosyoCd=4671201376-00&ServiceCd=110&Type=search", "url2": "http://www.fukushi-greencoop.or.jｐ/" }, "geometry": { "type": "Point", "coordinates": [ 130.724513891367025, 31.725002052867072 ] } },
{ "type": "Feature", "properties": { "内容": "ニチイケアセンター隼人【訪問介護】鹿児島県霧島市隼人町東郷1088-1", "url": "https://www.kaigokensaku.mhlw.go.jp/46/index.php?action_kouhyou_detail_004_kani=true&JigyosyoCd=4676100250-00&ServiceCd=110&Type=search", "url2": "http://ｗｗｗ.nichiigakkan.co.jp/" }, "geometry": { "type": "Point", "coordinates": [ 130.750491300000022, 31.7717431 ] } },
{ "type": "Feature", "properties": { "内容": "フラワーホーム　ホームヘルプサービス【訪問介護】鹿児島県霧島市溝辺町麓六丁目45番地", "url": "https://www.kaigokensaku.mhlw.go.jp/46/index.php?action_kouhyou_detail_004_kani=true&JigyosyoCd=4675500047-00&ServiceCd=110&Type=search", "url2": "http://www.flowerh.jp" }, "geometry": { "type": "Point", "coordinates": [ 130.708394878048693, 31.792611714999584 ] } },
{ "type": "Feature", "properties": { "内容": "瑞祥園　訪問介護事業所【訪問介護】霧島市国分郡田711番地在宅福祉援助センター　瑞祥園", "url": "https://www.kaigokensaku.mhlw.go.jp/46/index.php?action_kouhyou_detail_004_kani=true&JigyosyoCd=4671200147-00&ServiceCd=110&Type=search", "url2": "http://www.seitenkai.jp/" }, "geometry": { "type": "Point", "coordinates": [ 130.788025100000027, 31.7626163 ] } },
{ "type": "Feature", "properties": { "内容": "みゆき苑訪問介護【訪問介護】霧島市隼人町松永８９５番地３", "url": "https://www.kaigokensaku.mhlw.go.jp/46/index.php?action_kouhyou_detail_004_kani=true&JigyosyoCd=4676100102-00&ServiceCd=110&Type=search", "url2": "http://www.h-miyukien.info/" }, "geometry": { "type": "Point", "coordinates": [ 130.771339600000033, 31.7745791 ] } },
{ "type": "Feature", "properties": { "内容": "ヘルパーステーション国分中央【訪問介護】国分中央１丁目２５－５1メディカーサ国分中央内", "url": "https://www.kaigokensaku.mhlw.go.jp/46/index.php?action_kouhyou_detail_004_kani=true&JigyosyoCd=4671201335-00&ServiceCd=110&Type=search", "url2": "http://www.misakikai.or.jp/" }, "geometry": { "type": "Point", "coordinates": [ 130.7695857, 31.7416293 ] } },
{ "type": "Feature", "properties": { "内容": "ニチイケアセンター見次【訪問介護】鹿児島県霧島市隼人町見次字寺ノ前595番3SunShineMET2階A号室", "url": "https://www.kaigokensaku.mhlw.go.jp/46/index.php?action_kouhyou_detail_004_kani=true&JigyosyoCd=4671201806-00&ServiceCd=110&Type=search", "url2": "http://www.nichiigakkan.co.jp/" }, "geometry": { "type": "Point", "coordinates": [ 130.742466700000023, 31.7413102 ] } },
{ "type": "Feature", "properties": { "内容": "生協ヘルパーステーション・こくぶ【訪問介護】霧島市国分中央3丁目38番15号", "url": "https://www.kaigokensaku.mhlw.go.jp/46/index.php?action_kouhyou_detail_004_kani=true&JigyosyoCd=4671200246-00&ServiceCd=110&Type=search", "url2": "seikyo.k.hs@po4.synapse.ne.jp" }, "geometry": { "type": "Point", "coordinates": [ 130.761818681684076, 31.739514030314929 ] } },
{ "type": "Feature", "properties": { "内容": "横川緑風園ホームヘルパーステーション【訪問介護】横川町中ノ5645-1", "url": "https://www.kaigokensaku.mhlw.go.jp/46/index.php?action_kouhyou_detail_004_kani=true&JigyosyoCd=4675600052-00&ServiceCd=110&Type=search", "url2": "https://www.kibo-ryokufuen.com/" }, "geometry": { "type": "Point", "coordinates": [ 130.694870400000013, 31.8876161 ] } },
{ "type": "Feature", "properties": { "内容": "ヘルパーステーション　日和【訪問介護】鹿児島県霧島市隼人町住吉186-1住宅型有料老人ホーム日和館", "url": "https://www.kaigokensaku.mhlw.go.jp/46/index.php?action_kouhyou_detail_004_kani=true&JigyosyoCd=4671201533-00&ServiceCd=110&Type=search", "url2": "http://www.yoshimitsu-group.com" }, "geometry": { "type": "Point", "coordinates": [ 130.770371800000021, 31.7388657 ] } },
{ "type": "Feature", "properties": { "内容": "ヘルパーステーションあっとほーむ【訪問介護】鹿児島県霧島市国分剣之宇都町１２番３", "url": "https://www.kaigokensaku.mhlw.go.jp/46/index.php?action_kouhyou_detail_004_kani=true&JigyosyoCd=4671201764-00&ServiceCd=110&Type=search", "url2": "http://ikoi-athome.info/" }, "geometry": { "type": "Point", "coordinates": [ 130.766709499999934, 31.769399100000047 ] } },
{ "type": "Feature", "properties": { "内容": "ヘルパーステーションサンライト【訪問介護】鹿児島県霧島市牧園町高千穂3617番地623", "url": "https://www.kaigokensaku.mhlw.go.jp/46/index.php?action_kouhyou_detail_004_kani=true&JigyosyoCd=4675900064-00&ServiceCd=110&Type=search", "url2": "htt://www.toukeikai.jp/" }, "geometry": { "type": "Point", "coordinates": [ 130.818348769311569, 31.879828584846127 ] } },
{ "type": "Feature", "properties": { "内容": "善の心ﾍﾙﾊﾟｰｽﾃｰｼｮﾝ【訪問介護】鹿児島県霧島市隼人町松永2784番地5", "url": "https://www.kaigokensaku.mhlw.go.jp/46/index.php?action_kouhyou_detail_004_kani=true&JigyosyoCd=4671201103-00&ServiceCd=110&Type=search", "url2": "info@zen-kokoro.com" }, "geometry": { "type": "Point", "coordinates": [ 130.768661400000013, 31.7937103 ] } },
{ "type": "Feature", "properties": { "内容": "翔朋園ホームヘルプサービス指定訪問介護事業所【訪問介護】霧島市霧島田口２７３７番地３６", "url": "https://www.kaigokensaku.mhlw.go.jp/46/index.php?action_kouhyou_detail_004_kani=true&JigyosyoCd=4676000054-00&ServiceCd=110&Type=search", "url2": "http://kirishimakai.jp/" }, "geometry": { "type": "Point", "coordinates": [ 130.859485055155915, 31.841689256153721 ] } },
{ "type": "Feature", "properties": { "内容": "訪問介護センターアルク【訪問介護】鹿児島県霧島市国分新町2丁目15番7号", "url": "https://www.kaigokensaku.mhlw.go.jp/46/index.php?action_kouhyou_detail_004_kani=true&JigyosyoCd=4671201012-00&ServiceCd=110&Type=search", "url2": "http://www.successkey.jp/index.html" }, "geometry": { "type": "Point", "coordinates": [ 130.763361206546932, 31.754075917653505 ] } },
{ "type": "Feature", "properties": { "内容": "訪問介護事業所フォーハート【訪問介護】鹿児島県霧島市国分清水二丁目1番61ｰ9号", "url": "https://www.kaigokensaku.mhlw.go.jp/46/index.php?action_kouhyou_detail_004_kani=true&JigyosyoCd=4671201871-00&ServiceCd=110&Type=search", "url2": null }, "geometry": { "type": "Point", "coordinates": [ 130.775256500000012, 31.7539241 ] } },
{ "type": "Feature", "properties": { "内容": "ニチイケアセンター国分【訪問介護】鹿児島県霧島市国分剣之宇都町9-6", "url": "https://www.kaigokensaku.mhlw.go.jp/46/index.php?action_kouhyou_detail_004_kani=true&JigyosyoCd=4671200162-00&ServiceCd=110&Type=search", "url2": "htt://www.nichiigakkan.co.jp" }, "geometry": { "type": "Point", "coordinates": [ 130.766442899999987, 31.7693268 ] } },
{ "type": "Feature", "properties": { "内容": "市来ヘルパーステーション【訪問介護】鹿児島県いちき串木野市湊町1丁目102番地老人福祉センター1階", "url": "https://www.kaigokensaku.mhlw.go.jp/46/index.php?action_kouhyou_detail_004_kani=true&JigyosyoCd=4670500265-00&ServiceCd=110&Type=search", "url2": null }, "geometry": { "type": "Point", "coordinates": [ 130.289573006082151, 31.692503832897032 ] } },
{ "type": "Feature", "properties": { "内容": "訪問介護事業所潮風の里【訪問介護】鹿児島県南さつま市笠沙町片浦１０８６番地1南さつま市生活支援ハウス潮風の里", "url": "https://www.kaigokensaku.mhlw.go.jp/46/index.php?action_kouhyou_detail_004_kani=true&JigyosyoCd=4671100297-00&ServiceCd=110&Type=search", "url2": "https://373satuma-shakyo.com" }, "geometry": { "type": "Point", "coordinates": [ 130.191008099999976, 31.4063981 ] } },
{ "type": "Feature", "properties": { "内容": "加世田ホームヘルパーステーション【訪問介護】南さつま市加世田本町54-6　２階", "url": "https://www.kaigokensaku.mhlw.go.jp/46/index.php?action_kouhyou_detail_004_kani=true&JigyosyoCd=4671100123-00&ServiceCd=110&Type=search", "url2": "http://www.nonohanakai.or.jp/" }, "geometry": { "type": "Point", "coordinates": [ 130.320478278087649, 31.415501789229783 ] } },
{ "type": "Feature", "properties": { "内容": "金峰苑指定訪問介護事業所【訪問介護】鹿児島県南さつま市金峰町宮崎4019", "url": "https://www.kaigokensaku.mhlw.go.jp/46/index.php?action_kouhyou_detail_004_kani=true&JigyosyoCd=4673500049-00&ServiceCd=110&Type=search", "url2": null }, "geometry": { "type": "Point", "coordinates": [ 130.335844100000031, 31.4352288 ] } },
{ "type": "Feature", "properties": { "内容": "養徳園指定訪問介護事業所【訪問介護】鹿児島県南さつま市加世田小湊528番地", "url": "https://www.kaigokensaku.mhlw.go.jp/46/index.php?action_kouhyou_detail_004_kani=true&JigyosyoCd=4671100107-00&ServiceCd=110&Type=search", "url2": "https://youtokuen.com/" }, "geometry": { "type": "Point", "coordinates": [ 130.292618375393658, 31.420703912635272 ] } },
{ "type": "Feature", "properties": { "内容": "ほっとステーション金峰【訪問介護】鹿児島県南さつま市金峰町尾下385番地5", "url": "https://www.kaigokensaku.mhlw.go.jp/46/index.php?action_kouhyou_detail_004_kani=true&JigyosyoCd=4671100495-00&ServiceCd=110&Type=search", "url2": null }, "geometry": { "type": "Point", "coordinates": [ 130.345081199999981, 31.4601869 ] } },
{ "type": "Feature", "properties": { "内容": "加世田じゃがいもの会訪問介護事業所【訪問介護】鹿児島県南さつま市加世田高橋１９５８番地６", "url": "https://www.kaigokensaku.mhlw.go.jp/46/index.php?action_kouhyou_detail_004_kani=true&JigyosyoCd=4671100156-00&ServiceCd=110&Type=search", "url2": null }, "geometry": { "type": "Point", "coordinates": [ 130.293969541139148, 31.435950731147329 ] } },
{ "type": "Feature", "properties": { "内容": "ヘルパーステーションみんなの樹【訪問介護】志布志町安楽２３２０番地２５", "url": "https://www.kaigokensaku.mhlw.go.jp/46/index.php?action_kouhyou_detail_004_kani=true&JigyosyoCd=4671700377-00&ServiceCd=110&Type=search", "url2": "https://minnanoki.co.jp" }, "geometry": { "type": "Point", "coordinates": [ 131.079699506221004, 31.481578148203472 ] } },
{ "type": "Feature", "properties": { "内容": "志布志ホームヘルプステーション賀寿園【訪問介護】志布志市志布志町安楽２９０３番地１", "url": "https://www.kaigokensaku.mhlw.go.jp/46/index.php?action_kouhyou_detail_004_kani=true&JigyosyoCd=4676800107-00&ServiceCd=110&Type=search", "url2": "http://www.ryuai.jp" }, "geometry": { "type": "Point", "coordinates": [ 131.087409100000059, 31.5013806 ] } },
{ "type": "Feature", "properties": { "内容": "左右会ヘルパーステーション【訪問介護】志布志市志布志町志布志2-3-6", "url": "https://www.kaigokensaku.mhlw.go.jp/46/index.php?action_kouhyou_detail_004_kani=true&JigyosyoCd=4676800081-00&ServiceCd=110&Type=search", "url2": "http://www.sayuukai.or.jp" }, "geometry": { "type": "Point", "coordinates": [ 131.102577399999973, 31.4770637 ] } },
{ "type": "Feature", "properties": { "内容": "訪問介護事業所オレンジステーション【訪問介護】鹿児島県志布志市志布志町安楽2133-6", "url": "https://www.kaigokensaku.mhlw.go.jp/46/index.php?action_kouhyou_detail_004_kani=true&JigyosyoCd=4671700443-00&ServiceCd=110&Type=search", "url2": null }, "geometry": { "type": "Point", "coordinates": [ 131.0851807, 31.4760781 ] } },
{ "type": "Feature", "properties": { "内容": "ヘルパーステーション　まちばる【訪問介護】鹿児島県志布志市志布志町志布志1034-1マリンが丘マンション101号", "url": "https://www.kaigokensaku.mhlw.go.jp/46/index.php?action_kouhyou_detail_004_kani=true&JigyosyoCd=4671700427-00&ServiceCd=110&Type=search", "url2": "https://www.med-sakura.or.jp" }, "geometry": { "type": "Point", "coordinates": [ 131.088256403298544, 31.487273460902991 ] } },
{ "type": "Feature", "properties": { "内容": "社会福祉法人　志布志市社会福祉協議会　指定訪問介護事業所【訪問介護】鹿児島県志布志市志布志町志布志3222番地1志布志健康ふれあいﾌﾟﾗｻﾞ", "url": "https://www.kaigokensaku.mhlw.go.jp/46/index.php?action_kouhyou_detail_004_kani=true&JigyosyoCd=4671700401-00&ServiceCd=110&Type=search", "url2": "http://shibushi-syakyo.jp/" }, "geometry": { "type": "Point", "coordinates": [ 131.099182394781053, 31.471800035796647 ] } },
{ "type": "Feature", "properties": { "内容": "特定非営利活動法人つばさ【訪問介護】名瀬小浜町30番6号", "url": "https://www.kaigokensaku.mhlw.go.jp/46/index.php?action_kouhyou_detail_004_kani=true&JigyosyoCd=4670700410-00&ServiceCd=110&Type=search", "url2": null }, "geometry": { "type": "Point", "coordinates": [ 129.501612, 28.3839281 ] } },
{ "type": "Feature", "properties": { "内容": "ホームヘルプステーションハピネス浦上【訪問介護】奄美市名瀬浦上町１１０５番地ハピネス浦上", "url": "https://www.kaigokensaku.mhlw.go.jp/46/index.php?action_kouhyou_detail_004_kani=true&JigyosyoCd=4670700774-00&ServiceCd=110&Type=search", "url2": "https://happiness-uragami.net/" }, "geometry": { "type": "Point", "coordinates": [ 129.53347789999998, 28.3945277 ] } },
{ "type": "Feature", "properties": { "内容": "カラーズ訪問介護事業所【訪問介護】鹿児島県奄美市名瀬井根町９－１奄美ビル１０２", "url": "https://www.kaigokensaku.mhlw.go.jp/46/index.php?action_kouhyou_detail_004_kani=true&JigyosyoCd=4670700972-00&ServiceCd=110&Type=search", "url2": null }, "geometry": { "type": "Point", "coordinates": [ 129.492091, 28.3769066 ] } },
{ "type": "Feature", "properties": { "内容": "ケアサービスてて訪問介護事業所【訪問介護】鹿児島県奄美市笠利町大字屋仁8番地4", "url": "https://www.kaigokensaku.mhlw.go.jp/46/index.php?action_kouhyou_detail_004_kani=true&JigyosyoCd=4670700931-00&ServiceCd=110&Type=search", "url2": null }, "geometry": { "type": "Point", "coordinates": [ 129.658626190490764, 28.498984483053928 ] } },
{ "type": "Feature", "properties": { "内容": "わんわん介護ネット【訪問介護】奄美市名瀬永田町4-15", "url": "https://www.kaigokensaku.mhlw.go.jp/46/index.php?action_kouhyou_detail_004_kani=true&JigyosyoCd=4670700329-00&ServiceCd=110&Type=search", "url2": "http://wanwan.amamin.jp/" }, "geometry": { "type": "Point", "coordinates": [ 129.495076899999958, 28.3762233 ] } },
{ "type": "Feature", "properties": { "内容": "ライフケアーわかば【訪問介護】鹿児島県奄美市名瀬浦上町５３－２", "url": "https://www.kaigokensaku.mhlw.go.jp/46/index.php?action_kouhyou_detail_004_kani=true&JigyosyoCd=4670700576-00&ServiceCd=110&Type=search", "url2": null }, "geometry": { "type": "Point", "coordinates": [ 129.537182692977552, 28.391357892068399 ] } },
{ "type": "Feature", "properties": { "内容": "訪問介護きずな【訪問介護】名瀬浜里町４９番地", "url": "https://www.kaigokensaku.mhlw.go.jp/46/index.php?action_kouhyou_detail_004_kani=true&JigyosyoCd=4670700923-00&ServiceCd=110&Type=search", "url2": null }, "geometry": { "type": "Point", "coordinates": [ 129.471477527816802, 28.399023724992212 ] } },
{ "type": "Feature", "properties": { "内容": "訪問介護事業所ゆとりあん【訪問介護】鹿児島県奄美市名瀬小浜町24-7サービス付き高齢者向け住宅ゆとりあん1階", "url": "https://www.kaigokensaku.mhlw.go.jp/46/index.php?action_kouhyou_detail_004_kani=true&JigyosyoCd=4670701178-00&ServiceCd=110&Type=search", "url2": "http://www.mukai-clinic.org" }, "geometry": { "type": "Point", "coordinates": [ 129.50125639999996, 28.385958399999978 ] } },
{ "type": "Feature", "properties": { "内容": "ヘルパーステーション　ライフぴあ【訪問介護】鹿児島県奄美市名瀬和光町5-12", "url": "https://www.kaigokensaku.mhlw.go.jp/46/index.php?action_kouhyou_detail_004_kani=true&JigyosyoCd=4670701319-00&ServiceCd=110&Type=search", "url2": "https://helper-station.wixsite.com/life-peer" }, "geometry": { "type": "Point", "coordinates": [ 129.522887, 28.3897467 ] } },
{ "type": "Feature", "properties": { "内容": "ホームヘルプサービスセンター　住用の園【訪問介護】鹿児島県奄美市住用町大字摺勝字俊勝袋４５１番３", "url": "https://www.kaigokensaku.mhlw.go.jp/46/index.php?action_kouhyou_detail_004_kani=true&JigyosyoCd=4678700065-00&ServiceCd=110&Type=search", "url2": "http:/sumiyounosono.jp/" }, "geometry": { "type": "Point", "coordinates": [ 129.442037011084039, 28.294805024993757 ] } },
{ "type": "Feature", "properties": { "内容": "生協ヘルパーステーション　あまみ【訪問介護】鹿児島県奄美市名瀬長浜町8番7号生協会館　１階", "url": "https://www.kaigokensaku.mhlw.go.jp/46/index.php?action_kouhyou_detail_004_kani=true&JigyosyoCd=4670700279-00&ServiceCd=110&Type=search", "url2": "http://amami-hca.or.jp/" }, "geometry": { "type": "Point", "coordinates": [ 129.494043802787786, 28.391797672699141 ] } },
{ "type": "Feature", "properties": { "内容": "芦穂の里訪問介護事業所【訪問介護】名瀬大字芦花部字不津１４７０番地", "url": "https://www.kaigokensaku.mhlw.go.jp/46/index.php?action_kouhyou_detail_004_kani=true&JigyosyoCd=4670700246-00&ServiceCd=110&Type=search", "url2": null }, "geometry": { "type": "Point", "coordinates": [ 129.539118, 28.445751 ] } },
{ "type": "Feature", "properties": { "内容": "奄美佳南園ホームヘルプ事業所【訪問介護】鹿児島県奄美市名瀬真名津町3番19号　辺木ビル1階", "url": "https://www.kaigokensaku.mhlw.go.jp/46/index.php?action_kouhyou_detail_004_kani=true&JigyosyoCd=4670700220-00&ServiceCd=110&Type=search", "url2": "http://www.seirei.or.jp/elderlyhome/amami/" }, "geometry": { "type": "Point", "coordinates": [ 129.499543752014944, 28.367452640032091 ] } },
{ "type": "Feature", "properties": { "内容": "あおぞらホームヘルプサービス【訪問介護】奄美市名瀬幸町20番17号", "url": "https://www.kaigokensaku.mhlw.go.jp/46/index.php?action_kouhyou_detail_004_kani=true&JigyosyoCd=4670700386-00&ServiceCd=110&Type=search", "url2": "https://shidama.jp" }, "geometry": { "type": "Point", "coordinates": [ 129.493298996295124, 28.377847907010558 ] } },
{ "type": "Feature", "properties": { "内容": "Home-careいのべ【訪問介護】笠利町大字手里50-2", "url": "https://www.kaigokensaku.mhlw.go.jp/46/index.php?action_kouhyou_detail_004_kani=true&JigyosyoCd=4670701277-00&ServiceCd=110&Type=search", "url2": null }, "geometry": { "type": "Point", "coordinates": [ 129.67013529999997, 28.4390927 ] } },
{ "type": "Feature", "properties": { "内容": "奄美市社会福祉協議会訪問介護事業所【訪問介護】奄美市名瀬長浜町５番６号奄美市社会福祉センター", "url": "https://www.kaigokensaku.mhlw.go.jp/46/index.php?action_kouhyou_detail_004_kani=true&JigyosyoCd=4670700592-00&ServiceCd=110&Type=search", "url2": "info@amamishakyo.org" }, "geometry": { "type": "Point", "coordinates": [ 129.494912500000027, 28.3903856 ] } },
{ "type": "Feature", "properties": { "内容": "名瀬徳洲会訪問介護【訪問介護】鹿児島県奄美市名瀬朝日町28番地1名瀬徳洲会病院", "url": "https://www.kaigokensaku.mhlw.go.jp/46/index.php?action_kouhyou_detail_004_kani=true&JigyosyoCd=4670701368-00&ServiceCd=110&Type=search", "url2": "https://www.nazetokushukai.jp/" }, "geometry": { "type": "Point", "coordinates": [ 129.5263545, 28.3986462 ] } },
{ "type": "Feature", "properties": { "内容": "虹の丘訪問介護事業所【訪問介護】名瀬小宿字苗代田３４１６番１", "url": "https://www.kaigokensaku.mhlw.go.jp/46/index.php?action_kouhyou_detail_004_kani=true&JigyosyoCd=4670700196-00&ServiceCd=110&Type=search", "url2": "http://www4.synapse.ne.jp/nijinooka" }, "geometry": { "type": "Point", "coordinates": [ 129.474689, 28.385852 ] } },
{ "type": "Feature", "properties": { "内容": "訪問介護ステーションこころ【訪問介護】名瀬浦上町31-8", "url": "https://www.kaigokensaku.mhlw.go.jp/46/index.php?action_kouhyou_detail_004_kani=true&JigyosyoCd=4670701285-00&ServiceCd=110&Type=search", "url2": null }, "geometry": { "type": "Point", "coordinates": [ 129.531927099999962, 28.393803 ] } },
{ "type": "Feature", "properties": { "内容": "訪問介護ステーション日和【訪問介護】鹿児島県奄美市名瀬朝仁新町35番地23", "url": "https://www.kaigokensaku.mhlw.go.jp/46/index.php?action_kouhyou_detail_004_kani=true&JigyosyoCd=4670701400-00&ServiceCd=110&Type=search", "url2": "https://firm.mirai-amami.com/" }, "geometry": { "type": "Point", "coordinates": [ 129.4861682, 28.3946389 ] } },
{ "type": "Feature", "properties": { "内容": "ホームヘルプ　敬和の郷【訪問介護】鹿児島県南九州市知覧町郡5998番地1", "url": "https://www.kaigokensaku.mhlw.go.jp/46/index.php?action_kouhyou_detail_004_kani=true&JigyosyoCd=4674300456-00&ServiceCd=110&Type=search", "url2": "http://kagoshima-keiwakai.jp" }, "geometry": { "type": "Point", "coordinates": [ 130.444276105418339, 31.375803321921342 ] } },
{ "type": "Feature", "properties": { "内容": "憩いの里ホームヘルプサービス【訪問介護】鹿児島県南九州市知覧町永里４５７７番地３", "url": "https://www.kaigokensaku.mhlw.go.jp/46/index.php?action_kouhyou_detail_004_kani=true&JigyosyoCd=4672600105-00&ServiceCd=110&Type=search", "url2": "http://www.ikoi-chiran.com/" }, "geometry": { "type": "Point", "coordinates": [ 130.449425, 31.3684026 ] } },
{ "type": "Feature", "properties": { "内容": "生協ヘルパーステーション・万之瀬【訪問介護】鹿児島県南九州市川辺町両添1118番地川辺生協クリニック2階", "url": "https://www.kaigokensaku.mhlw.go.jp/46/index.php?action_kouhyou_detail_004_kani=true&JigyosyoCd=4672700194-00&ServiceCd=110&Type=search", "url2": null }, "geometry": { "type": "Point", "coordinates": [ 130.403366833422012, 31.391743583340045 ] } },
{ "type": "Feature", "properties": { "内容": "ヘルパーステーション音野舎【訪問介護】鹿児島県南九州市知覧町郡2069番地2", "url": "https://www.kaigokensaku.mhlw.go.jp/46/index.php?action_kouhyou_detail_004_kani=true&JigyosyoCd=4672600097-00&ServiceCd=110&Type=search", "url2": "http://www.nonnosya.com/" }, "geometry": { "type": "Point", "coordinates": [ 130.432869200000027, 31.354356200000023 ] } },
{ "type": "Feature", "properties": { "内容": "訪問介護ステーション3rdHand【訪問介護】鹿児島県伊佐市大口針持4231番地", "url": "https://www.kaigokensaku.mhlw.go.jp/46/index.php?action_kouhyou_detail_004_kani=true&JigyosyoCd=4674400264-00&ServiceCd=110&Type=search", "url2": null }, "geometry": { "type": "Point", "coordinates": [ 130.581253770541196, 31.982574899406483 ] } },
{ "type": "Feature", "properties": { "内容": "ヘルパーステーションあゆみ【訪問介護】鹿児島県伊佐市菱刈前目654-51", "url": "https://www.kaigokensaku.mhlw.go.jp/46/index.php?action_kouhyou_detail_004_kani=true&JigyosyoCd=4674400256-00&ServiceCd=110&Type=search", "url2": null }, "geometry": { "type": "Point", "coordinates": [ 130.644387099999989, 32.0074169 ] } },
{ "type": "Feature", "properties": { "内容": "社会福祉法人　伊佐市社会福祉協議会菱刈訪問介護事業所【訪問介護】鹿児島県伊佐市菱刈前目711番地1", "url": "https://www.kaigokensaku.mhlw.go.jp/46/index.php?action_kouhyou_detail_004_kani=true&JigyosyoCd=4675100202-00&ServiceCd=110&Type=search", "url2": "http://www.shakyo.or.jp/hp/news/index.php?s=1748" }, "geometry": { "type": "Point", "coordinates": [ 130.637804700000061, 32.0131605 ] } },
{ "type": "Feature", "properties": { "内容": "すずらんの里訪問介護事業所【訪問介護】大口宮人463番地30", "url": "https://www.kaigokensaku.mhlw.go.jp/46/index.php?action_kouhyou_detail_004_kani=true&JigyosyoCd=4670900093-00&ServiceCd=110&Type=search", "url2": "http；//www.daiichikai.or.jp" }, "geometry": { "type": "Point", "coordinates": [ 130.574762299999946, 32.0261551 ] } },
{ "type": "Feature", "properties": { "内容": "ヘルパーステーションおうち生活応援団伊佐事業所【訪問介護】鹿児島県伊佐市大口里3111-1", "url": "https://www.kaigokensaku.mhlw.go.jp/46/index.php?action_kouhyou_detail_004_kani=true&JigyosyoCd=4674400280-00&ServiceCd=110&Type=search", "url2": null }, "geometry": { "type": "Point", "coordinates": [ 130.611696200000011, 32.0627681 ] } },
{ "type": "Feature", "properties": { "内容": "ヘルパーステーション秋津【訪問介護】鹿児島県伊佐市大口青木3023番地14", "url": "https://www.kaigokensaku.mhlw.go.jp/46/index.php?action_kouhyou_detail_004_kani=true&JigyosyoCd=4670900127-00&ServiceCd=110&Type=search", "url2": "http://www.hayahito.com/" }, "geometry": { "type": "Point", "coordinates": [ 130.633281300000021, 32.0575841 ] } },
{ "type": "Feature", "properties": { "内容": "訪問介護ステーションひなた【訪問介護】鹿児島県伊佐市大口曽木１０９５番地", "url": "https://www.kaigokensaku.mhlw.go.jp/46/index.php?action_kouhyou_detail_004_kani=true&JigyosyoCd=4674400272-00&ServiceCd=110&Type=search", "url2": null }, "geometry": { "type": "Point", "coordinates": [ 130.605971316489899, 32.011343661636829 ] } },
{ "type": "Feature", "properties": { "内容": "あいあい訪問介護事業所【訪問介護】鹿児島県姶良市東餅田1503-4", "url": "https://www.kaigokensaku.mhlw.go.jp/46/index.php?action_kouhyou_detail_004_kani=true&JigyosyoCd=4674500261-00&ServiceCd=110&Type=search", "url2": null }, "geometry": { "type": "Point", "coordinates": [ 130.63536775819702, 31.729582783451335 ] } },
{ "type": "Feature", "properties": { "内容": "大楠苑訪問介護事業所【訪問介護】姶良市蒲生町白男325番地1", "url": "https://www.kaigokensaku.mhlw.go.jp/46/index.php?action_kouhyou_detail_004_kani=true&JigyosyoCd=4675400065-00&ServiceCd=110&Type=search", "url2": "ookusuen.com" }, "geometry": { "type": "Point", "coordinates": [ 130.567120299999942, 31.7619634 ] } },
{ "type": "Feature", "properties": { "内容": "たけうちクリニック【訪問介護】鹿児島県姶良市西餅田140", "url": "https://www.kaigokensaku.mhlw.go.jp/46/index.php?action_kouhyou_detail_004_kani=true&JigyosyoCd=4675300398-00&ServiceCd=110&Type=search", "url2": "http://www.kagoshima-med.jp/takeuchi-c" }, "geometry": { "type": "Point", "coordinates": [ 130.628923799999939, 31.7356721 ] } },
{ "type": "Feature", "properties": { "内容": "在宅サポートみっけ【訪問介護】鹿児島県姶良市加治木町本町302番地1階", "url": "https://www.kaigokensaku.mhlw.go.jp/46/index.php?action_kouhyou_detail_004_kani=true&JigyosyoCd=4674501095-00&ServiceCd=110&Type=search", "url2": null }, "geometry": { "type": "Point", "coordinates": [ 130.6626046, 31.7386995 ] } },
{ "type": "Feature", "properties": { "内容": "加治木望岳園訪問介護事業所【訪問介護】鹿児島県姶良市加治木町木田４７８６", "url": "https://www.kaigokensaku.mhlw.go.jp/46/index.php?action_kouhyou_detail_004_kani=true&JigyosyoCd=4675200069-00&ServiceCd=110&Type=search", "url2": "http://houmon.bougakuen.jp/" }, "geometry": { "type": "Point", "coordinates": [ 130.662747228888691, 31.755673856330173 ] } },
{ "type": "Feature", "properties": { "内容": "チームヘルパーやすらぎの里【訪問介護】鹿児島県姶良市下名2992番地", "url": "https://www.kaigokensaku.mhlw.go.jp/46/index.php?action_kouhyou_detail_004_kani=true&JigyosyoCd=4674500832-00&ServiceCd=110&Type=search", "url2": "https://www.aira-yasuragi.com/service/team-helper/" }, "geometry": { "type": "Point", "coordinates": [ 130.6190958, 31.7676758 ] } },
{ "type": "Feature", "properties": { "内容": "ふくしサービスセンター　はっぴい【訪問介護】鹿児島県姶良市加治木町反土2156-1", "url": "https://www.kaigokensaku.mhlw.go.jp/46/index.php?action_kouhyou_detail_004_kani=true&JigyosyoCd=4671200576-00&ServiceCd=110&Type=search", "url2": "http://www.fukushi-greencoop.or.jp/" }, "geometry": { "type": "Point", "coordinates": [ 130.664883041075427, 31.746529429159391 ] } },
{ "type": "Feature", "properties": { "内容": "信愛訪問介護ステーション【訪問介護】鹿児島県姶良市脇元956番地1", "url": "https://www.kaigokensaku.mhlw.go.jp/46/index.php?action_kouhyou_detail_004_kani=true&JigyosyoCd=4674500444-00&ServiceCd=110&Type=search", "url2": "https://yoshimitsu-group.com/service_category/shinai/" }, "geometry": { "type": "Point", "coordinates": [ 130.619059200000038, 31.7133103 ] } },
{ "type": "Feature", "properties": { "内容": "訪問介護事業所さざんか園【訪問介護】姶良市船津1700-11", "url": "https://www.kaigokensaku.mhlw.go.jp/46/index.php?action_kouhyou_detail_004_kani=true&JigyosyoCd=4675300117-00&ServiceCd=110&Type=search", "url2": "http://kenshofukushikai.com" }, "geometry": { "type": "Point", "coordinates": [ 130.604685665393077, 31.744931192294953 ] } },
{ "type": "Feature", "properties": { "内容": "株式会社姶済会【訪問介護】鹿児島県姶良市東餅田1760番地NFビル102号", "url": "https://www.kaigokensaku.mhlw.go.jp/46/index.php?action_kouhyou_detail_004_kani=true&JigyosyoCd=4674500923-00&ServiceCd=110&Type=search", "url2": "https://aiseikai.jp/" }, "geometry": { "type": "Point", "coordinates": [ 130.6352602, 31.7323778 ] } },
{ "type": "Feature", "properties": { "内容": "ろうけん姶良【訪問介護】姶良市平松5062番地", "url": "https://www.kaigokensaku.mhlw.go.jp/46/index.php?action_kouhyou_detail_004_kani=true&JigyosyoCd=4652880065-00&ServiceCd=110&Type=search", "url2": "https://www.daishin-kibou.com/" }, "geometry": { "type": "Point", "coordinates": [ 130.59741669999994, 31.7124431 ] } },
{ "type": "Feature", "properties": { "内容": "姶良市社協訪問介護事業所【訪問介護】姶良市加治木町本町393番地加治木福祉センター内", "url": "https://www.kaigokensaku.mhlw.go.jp/46/index.php?action_kouhyou_detail_004_kani=true&JigyosyoCd=4674500071-00&ServiceCd=110&Type=search", "url2": "https://aira-shakyo.jp/kagoshima/" }, "geometry": { "type": "Point", "coordinates": [ 130.6665772, 31.7393019 ] } },
{ "type": "Feature", "properties": { "内容": "はなみずきヘルパーステーション　福洋【訪問介護】鹿児島県姶良市加治木町木田799-1", "url": "https://www.kaigokensaku.mhlw.go.jp/46/index.php?action_kouhyou_detail_004_kani=true&JigyosyoCd=4674500485-00&ServiceCd=110&Type=search", "url2": null }, "geometry": { "type": "Point", "coordinates": [ 130.653537501110804, 31.735133830363008 ] } },
{ "type": "Feature", "properties": { "内容": "アルテンハイム鶴宮園ヘルプサービスステーション【訪問介護】鹿児島県薩摩郡さつま町紫尾4088-1", "url": "https://www.kaigokensaku.mhlw.go.jp/46/index.php?action_kouhyou_detail_004_kani=true&JigyosyoCd=4674000080-00&ServiceCd=110&Type=search", "url2": "http://tsurumiyaen.jp/" }, "geometry": { "type": "Point", "coordinates": [ 130.435605900000041, 31.9508318 ] } },
{ "type": "Feature", "properties": { "内容": "ＪＡ北さつま訪問介護【訪問介護】鹿児島県薩摩郡さつま町田原189-1ＪＡ北さつま田原の郷", "url": "https://www.kaigokensaku.mhlw.go.jp/46/index.php?action_kouhyou_detail_004_kani=true&JigyosyoCd=4673900041-00&ServiceCd=110&Type=search", "url2": null }, "geometry": { "type": "Point", "coordinates": [ 130.484404129517543, 31.919232508577377 ] } },
{ "type": "Feature", "properties": { "内容": "訪問介護クオラＵ【訪問介護】鹿児島県薩摩郡さつま町船木2315番地1", "url": "https://www.kaigokensaku.mhlw.go.jp/46/index.php?action_kouhyou_detail_004_kani=true&JigyosyoCd=4673900264-00&ServiceCd=110&Type=search", "url2": null }, "geometry": { "type": "Point", "coordinates": [ 130.440326300000038, 31.8739155 ] } },
{ "type": "Feature", "properties": { "内容": "さつま町訪問介護事業所【訪問介護】鹿児島県薩摩郡さつま町宮之城屋地2117番地1", "url": "https://www.kaigokensaku.mhlw.go.jp/46/index.php?action_kouhyou_detail_004_kani=true&JigyosyoCd=4673900124-00&ServiceCd=110&Type=search", "url2": "http:/www.shakyo.or.ij/hp/index.php?s=1751" }, "geometry": { "type": "Point", "coordinates": [ 130.4586789, 31.9065426 ] } },
{ "type": "Feature", "properties": { "内容": "ヘルパーステーションいこい長島【訪問介護】鹿児島県出水郡長島町指江479-1", "url": "https://www.kaigokensaku.mhlw.go.jp/46/index.php?action_kouhyou_detail_004_kani=true&JigyosyoCd=4675000071-00&ServiceCd=110&Type=search", "url2": null }, "geometry": { "type": "Point", "coordinates": [ 130.120724399999972, 32.1571742 ] } },
{ "type": "Feature", "properties": { "内容": "訪問介護ステーション　さくら【訪問介護】鹿児島県姶良郡湧水町鶴丸６２２－５", "url": "https://www.kaigokensaku.mhlw.go.jp/46/index.php?action_kouhyou_detail_004_kani=true&JigyosyoCd=4675700159-00&ServiceCd=110&Type=search", "url2": null }, "geometry": { "type": "Point", "coordinates": [ 130.7482771, 32.0309411 ] } },
{ "type": "Feature", "properties": { "内容": "ホームヘルパーステーション　グリーン光芳【訪問介護】鹿児島県姶良郡湧水町米永2387番地", "url": "https://www.kaigokensaku.mhlw.go.jp/46/index.php?action_kouhyou_detail_004_kani=true&JigyosyoCd=4675700043-00&ServiceCd=110&Type=search", "url2": "http://greenkouhouyusui.ec-net.jp/" }, "geometry": { "type": "Point", "coordinates": [ 130.721105800000032, 31.9252629 ] } },
{ "type": "Feature", "properties": { "内容": "ヘルパーステーションおうち生活応援団【訪問介護】鹿児島県姶良郡湧水町中津川546-8", "url": "https://www.kaigokensaku.mhlw.go.jp/46/index.php?action_kouhyou_detail_004_kani=true&JigyosyoCd=4675700274-00&ServiceCd=110&Type=search", "url2": null }, "geometry": { "type": "Point", "coordinates": [ 130.743695099999968, 32.016237 ] } },
{ "type": "Feature", "properties": { "内容": "ヘルパーステーションちゃのか【訪問介護】鹿児島県曽於郡大崎町持留1167番地4", "url": "https://www.kaigokensaku.mhlw.go.jp/46/index.php?action_kouhyou_detail_004_kani=true&JigyosyoCd=4677000293-00&ServiceCd=110&Type=search", "url2": "https://happy-support-web.com/" }, "geometry": { "type": "Point", "coordinates": [ 130.9542907, 31.4508576 ] } },
{ "type": "Feature", "properties": { "内容": "社会福祉法人大崎町社会福祉協議会訪問介護事業所【訪問介護】鹿児島県曽於郡大崎町仮宿1870番地", "url": "https://www.kaigokensaku.mhlw.go.jp/46/index.php?action_kouhyou_detail_004_kani=true&JigyosyoCd=4677000061-00&ServiceCd=110&Type=search", "url2": null }, "geometry": { "type": "Point", "coordinates": [ 131.012219253156218, 31.431045165299853 ] } },
{ "type": "Feature", "properties": { "内容": "ヘルパーステーション南の太陽【訪問介護】鹿児島県肝属郡東串良町新川西1367-1", "url": "https://www.kaigokensaku.mhlw.go.jp/46/index.php?action_kouhyou_detail_004_kani=true&JigyosyoCd=4677200299-00&ServiceCd=110&Type=search", "url2": "http:www.minaminotaiyo.co.jp" }, "geometry": { "type": "Point", "coordinates": [ 130.981475499999988, 31.3607439 ] } },
{ "type": "Feature", "properties": { "内容": "明光園訪問介護事業所【訪問介護】鹿児島県肝属郡東串良町川東3800明光園訪問介護事業所", "url": "https://www.kaigokensaku.mhlw.go.jp/46/index.php?action_kouhyou_detail_004_kani=true&JigyosyoCd=4677200158-00&ServiceCd=110&Type=search", "url2": null }, "geometry": { "type": "Point", "coordinates": [ 131.0076508, 31.3731193 ] } },
{ "type": "Feature", "properties": { "内容": "ルーピンの里訪問介護事業所【訪問介護】鹿児島県肝属郡東串良町池之原２０７７番地１", "url": "https://www.kaigokensaku.mhlw.go.jp/46/index.php?action_kouhyou_detail_004_kani=true&JigyosyoCd=4677200109-00&ServiceCd=110&Type=search", "url2": "http://www.ru-pin.jp" }, "geometry": { "type": "Point", "coordinates": [ 130.978752500000041, 31.3941942 ] } },
{ "type": "Feature", "properties": { "内容": "社会福祉法人錦江町社会福祉協議会指定訪問介護事業所【訪問介護】鹿児島県肝属郡錦江町城元963番地錦江町総合交流センター内", "url": "https://www.kaigokensaku.mhlw.go.jp/46/index.php?action_kouhyou_detail_004_kani=true&JigyosyoCd=4677600100-00&ServiceCd=110&Type=search", "url2": null }, "geometry": { "type": "Point", "coordinates": [ 130.787252773432868, 31.243183333277841 ] } },
{ "type": "Feature", "properties": { "内容": "特定非営利活動法人さくらじまコアラ【訪問介護】鹿児島県肝属郡南大隅根占川北24番地14", "url": "https://www.kaigokensaku.mhlw.go.jp/46/index.php?action_kouhyou_detail_004_kani=true&JigyosyoCd=4677700181-00&ServiceCd=110&Type=search", "url2": null }, "geometry": { "type": "Point", "coordinates": [ 130.764395, 31.219737113633855 ] } },
{ "type": "Feature", "properties": { "内容": "社会福祉法人南大隅町社会福祉協議会佐多支所訪問介護事業所【訪問介護】鹿児島県肝属郡南大隅町佐多伊座敷3844番地役場支所内南大隅町役場佐多支所", "url": "https://www.kaigokensaku.mhlw.go.jp/46/index.php?action_kouhyou_detail_004_kani=true&JigyosyoCd=4677700140-00&ServiceCd=110&Type=search", "url2": null }, "geometry": { "type": "Point", "coordinates": [ 130.69091493187716, 31.093542948005961 ] } },
{ "type": "Feature", "properties": { "内容": "社会福祉法人南大隅町社会福祉協議会訪問介護事業所【訪問介護】鹿児島県肝属郡南大隅町根占川南3256-3", "url": "https://www.kaigokensaku.mhlw.go.jp/46/index.php?action_kouhyou_detail_004_kani=true&JigyosyoCd=4677700124-00&ServiceCd=110&Type=search", "url2": null }, "geometry": { "type": "Point", "coordinates": [ 130.7782841, 31.2115071 ] } },
{ "type": "Feature", "properties": { "内容": "訪問介護　ＮＰＯ南の太陽【訪問介護】肝付町富山１７９１番地１", "url": "https://www.kaigokensaku.mhlw.go.jp/46/index.php?action_kouhyou_detail_004_kani=true&JigyosyoCd=4677300222-00&ServiceCd=110&Type=search", "url2": "http://www.minaminotaiyo.or.jp/" }, "geometry": { "type": "Point", "coordinates": [ 130.899270200000046, 31.3890259 ] } },
{ "type": "Feature", "properties": { "内容": "ニチイケアセンターきもつき【訪問介護】鹿児島県肝属郡肝付町新富164番地３", "url": "https://www.kaigokensaku.mhlw.go.jp/46/index.php?action_kouhyou_detail_004_kani=true&JigyosyoCd=4677300347-00&ServiceCd=110&Type=search", "url2": "http://www.nichiigakkan.co.jp" }, "geometry": { "type": "Point", "coordinates": [ 130.947693554631059, 31.348544230825148 ] } },
{ "type": "Feature", "properties": { "内容": "社会福祉法人肝付町社会福祉協議会訪問介護事業所【訪問介護】鹿児島県肝属郡肝付町新富5589番地8やぶさめの里総合公園福祉会館内", "url": "https://www.kaigokensaku.mhlw.go.jp/46/index.php?action_kouhyou_detail_004_kani=true&JigyosyoCd=4677300107-00&ServiceCd=110&Type=search", "url2": null }, "geometry": { "type": "Point", "coordinates": [ 130.940034400000059, 31.347769600000028 ] } },
{ "type": "Feature", "properties": { "内容": "ヘルパーステーションフェアリス【訪問介護】鹿児島県肝属郡肝付町新富５６３番地１", "url": "https://www.kaigokensaku.mhlw.go.jp/46/index.php?action_kouhyou_detail_004_kani=true&JigyosyoCd=4677400162-00&ServiceCd=110&Type=search", "url2": "https://shunyoukai-central-hospital.jp/" }, "geometry": { "type": "Point", "coordinates": [ 130.9467958, 31.3538596 ] } },
{ "type": "Feature", "properties": { "内容": "ヘルパーステーション　はる【訪問介護】鹿児島県肝属郡肝付町後田２３６３－１３住宅型有料老人ホームはる", "url": "https://www.kaigokensaku.mhlw.go.jp/46/index.php?action_kouhyou_detail_004_kani=true&JigyosyoCd=4677300172-00&ServiceCd=110&Type=search", "url2": "https://pc-care.synapse.kagoshima.jp/" }, "geometry": { "type": "Point", "coordinates": [ -87.77796, 36.0526628 ] } },
{ "type": "Feature", "properties": { "内容": "ヘルパーステーションワルツ【訪問介護】新富6672-1", "url": "https://www.kaigokensaku.mhlw.go.jp/46/index.php?action_kouhyou_detail_004_kani=true&JigyosyoCd=4677300370-00&ServiceCd=110&Type=search", "url2": "https://www.big-advance.site/s/189/1525" }, "geometry": { "type": "Point", "coordinates": [ 130.955003539241943, 31.338283850741472 ] } },
{ "type": "Feature", "properties": { "内容": "株式会社ＴＨＭＭ【訪問介護】鹿児島県肝属郡肝付町新富5183-1", "url": "https://www.kaigokensaku.mhlw.go.jp/46/index.php?action_kouhyou_detail_004_kani=true&JigyosyoCd=4677300362-00&ServiceCd=110&Type=search", "url2": null }, "geometry": { "type": "Point", "coordinates": [ 130.953462, 31.3479126 ] } },
{ "type": "Feature", "properties": { "内容": "訪問介護事業所　千乃華【訪問介護】鹿児島県肝属郡肝付町後田3239−１", "url": "https://www.kaigokensaku.mhlw.go.jp/46/index.php?action_kouhyou_detail_004_kani=true&JigyosyoCd=4677300404-00&ServiceCd=110&Type=search", "url2": null }, "geometry": { "type": "Point", "coordinates": [ 130.943532679199734, 31.323816433285447 ] } },
{ "type": "Feature", "properties": { "内容": "種子屋久農業協同組合訪問介護事業くまげ事業所【訪問介護】鹿児島県熊毛郡中種子町野間5281番地", "url": "https://www.kaigokensaku.mhlw.go.jp/46/index.php?action_kouhyou_detail_004_kani=true&JigyosyoCd=4678000243-00&ServiceCd=110&Type=search", "url2": null }, "geometry": { "type": "Point", "coordinates": [ 130.95966338807213, 30.531748196598738 ] } },
{ "type": "Feature", "properties": { "内容": "訪問介護センターおたつめたつ【訪問介護】鹿児島県熊毛郡中種子町納官５１７０番地", "url": "https://www.kaigokensaku.mhlw.go.jp/46/index.php?action_kouhyou_detail_004_kani=true&JigyosyoCd=4678000151-00&ServiceCd=110&Type=search", "url2": null }, "geometry": { "type": "Point", "coordinates": [ 130.951808199104761, 30.598341889865672 ] } },
{ "type": "Feature", "properties": { "内容": "中種子ヘルパーステーション【訪問介護】鹿児島県熊毛郡中種子町野間6481-1", "url": "https://www.kaigokensaku.mhlw.go.jp/46/index.php?action_kouhyou_detail_004_kani=true&JigyosyoCd=4613110602-00&ServiceCd=110&Type=search", "url2": "http://www.tokushukai.jp/hsp/ｃ-nakataneko/" }, "geometry": { "type": "Point", "coordinates": [ 130.953961700000036, 30.5231231 ] } },
{ "type": "Feature", "properties": { "内容": "南界園訪問介護センター【訪問介護】熊毛郡中種子町田島327-1", "url": "https://www.kaigokensaku.mhlw.go.jp/46/index.php?action_kouhyou_detail_004_kani=true&JigyosyoCd=4678000060-00&ServiceCd=110&Type=search", "url2": "https://nankaien.jiaikai-k.or.jp/houmon" }, "geometry": { "type": "Point", "coordinates": [ 130.940920600000027, 30.4812014 ] } },
{ "type": "Feature", "properties": { "内容": "芙蓉苑ホームヘルプセンター【訪問介護】熊毛郡南種子町中之上1702-4", "url": "https://www.kaigokensaku.mhlw.go.jp/46/index.php?action_kouhyou_detail_004_kani=true&JigyosyoCd=4678100050-00&ServiceCd=110&Type=search", "url2": null }, "geometry": { "type": "Point", "coordinates": [ 130.913506961376925, 30.436177402731129 ] } },
{ "type": "Feature", "properties": { "内容": "社会福祉法人　南種子町社会福祉協議会指定訪問介護事業所【訪問介護】熊毛郡南種子町中之上2283番地", "url": "https://www.kaigokensaku.mhlw.go.jp/46/index.php?action_kouhyou_detail_004_kani=true&JigyosyoCd=4678100068-00&ServiceCd=110&Type=search", "url2": "http://minamitaneshakyo.sakura.ne.jp" }, "geometry": { "type": "Point", "coordinates": [ 130.903534799999989, 30.4133323 ] } },
{ "type": "Feature", "properties": { "内容": "屋久島町社協ヘルパーステーション縄文の苑【訪問介護】鹿児島県熊毛郡屋久島町宮之浦2467番地19屋久島町福祉センター縄文の苑", "url": "https://www.kaigokensaku.mhlw.go.jp/46/index.php?action_kouhyou_detail_004_kani=true&JigyosyoCd=4678200140-00&ServiceCd=110&Type=search", "url2": null }, "geometry": { "type": "Point", "coordinates": [ 130.5878887, 30.417941 ] } },
{ "type": "Feature", "properties": { "内容": "屋久島町社協訪問介護事業所こまどり館【訪問介護】鹿児島県熊毛郡屋久島町尾之間459番地1", "url": "https://www.kaigokensaku.mhlw.go.jp/46/index.php?action_kouhyou_detail_004_kani=true&JigyosyoCd=4678200157-00&ServiceCd=110&Type=search", "url2": "ｙａｋｕｃｈｏ-ｓｙａｋｙｏ2＠ｒｉｃｅ．ｏｃｎ．ｎｅ．ｊｐ" }, "geometry": { "type": "Point", "coordinates": [ 130.557389300000068, 30.2365361 ] } },
{ "type": "Feature", "properties": { "内容": "ひまわりのお家【訪問介護】鹿児島県熊毛郡屋久島町宮之浦2384番地10ひまわりのお家", "url": "https://www.kaigokensaku.mhlw.go.jp/46/index.php?action_kouhyou_detail_004_kani=true&JigyosyoCd=4678200116-00&ServiceCd=110&Type=search", "url2": "http://www.himawarino-ouchi.com/" }, "geometry": { "type": "Point", "coordinates": [ 130.572495099999969, 30.4198043 ] } },
{ "type": "Feature", "properties": { "内容": "大和村社会福祉協議会　訪問介護事業所【訪問介護】大島郡大和村戸円１８８２番地３大和村老人福祉センター", "url": "https://www.kaigokensaku.mhlw.go.jp/46/index.php?action_kouhyou_detail_004_kani=true&JigyosyoCd=4678400047-00&ServiceCd=110&Type=search", "url2": null }, "geometry": { "type": "Point", "coordinates": [ 129.315994600000067, 28.346787900000017 ] } },
{ "type": "Feature", "properties": { "内容": "生協ヘルパーステーションせとうち【訪問介護】大島郡瀬戸内町古仁屋松江16-4", "url": "https://www.kaigokensaku.mhlw.go.jp/46/index.php?action_kouhyou_detail_004_kani=true&JigyosyoCd=4678600133-00&ServiceCd=110&Type=search", "url2": "http://www2.synapse.ne.jp/iryouseikyou/" }, "geometry": { "type": "Point", "coordinates": [ 129.312515281367467, 28.149097638793005 ] } },
{ "type": "Feature", "properties": { "内容": "加計呂麻園訪問介護事業所【訪問介護】大島郡瀬戸内町伊子茂187番地1", "url": "https://www.kaigokensaku.mhlw.go.jp/46/index.php?action_kouhyou_detail_004_kani=true&JigyosyoCd=4678600117-00&ServiceCd=110&Type=search", "url2": "kakeromaen.jp" }, "geometry": { "type": "Point", "coordinates": [ 129.243878, 28.1085957 ] } },
{ "type": "Feature", "properties": { "内容": "社会福祉法人瀬戸内町社会福祉協議会訪問介護事業所【訪問介護】鹿児島県大島郡瀬戸内町古仁屋船津16番地1", "url": "https://www.kaigokensaku.mhlw.go.jp/46/index.php?action_kouhyou_detail_004_kani=true&JigyosyoCd=4678600083-00&ServiceCd=110&Type=search", "url2": null }, "geometry": { "type": "Point", "coordinates": [ 129.314451319666688, 28.1478426257653 ] } },
{ "type": "Feature", "properties": { "内容": "社会福祉法人龍郷町社会福祉協議会訪問介護事業所【訪問介護】鹿児島県大島郡龍郷町瀬留９６７番地龍郷町保健福祉センター　どぅくさぁや館", "url": "https://www.kaigokensaku.mhlw.go.jp/46/index.php?action_kouhyou_detail_004_kani=true&JigyosyoCd=4678800097-00&ServiceCd=110&Type=search", "url2": null }, "geometry": { "type": "Point", "coordinates": [ 129.59030359999997, 28.4119473 ] } },
{ "type": "Feature", "properties": { "内容": "愛寿園ホームヘルパー派遣センター【訪問介護】大島郡龍郷町浦561番地", "url": "https://www.kaigokensaku.mhlw.go.jp/46/index.php?action_kouhyou_detail_004_kani=true&JigyosyoCd=4678800105-00&ServiceCd=110&Type=search", "url2": "http://ryuusenkai.org" }, "geometry": { "type": "Point", "coordinates": [ 129.58460690000004, 28.404161700000014 ] } },
{ "type": "Feature", "properties": { "内容": "ほーらさヘルパー事業所【訪問介護】鹿児島県大島郡喜界町湾94番地1", "url": "https://www.kaigokensaku.mhlw.go.jp/46/index.php?action_kouhyou_detail_004_kani=true&JigyosyoCd=4679000176-00&ServiceCd=110&Type=search", "url2": "http://llckousin.com" }, "geometry": { "type": "Point", "coordinates": [ 129.938789527463143, 28.325269095075321 ] } },
{ "type": "Feature", "properties": { "内容": "社会福祉法人　喜界町社会福祉協議会　訪問介護事業所【訪問介護】大島郡喜界町赤連２２番地喜界町老人福祉センター", "url": "https://www.kaigokensaku.mhlw.go.jp/46/index.php?action_kouhyou_detail_004_kani=true&JigyosyoCd=4679000085-00&ServiceCd=110&Type=search", "url2": "http://kikai-shakyo.org/" }, "geometry": { "type": "Point", "coordinates": [ 129.941840100000036, 28.318122 ] } },
{ "type": "Feature", "properties": { "内容": "社会福祉法人徳之島町社会福祉協議会訪問介護事業所【訪問介護】鹿児島県大島郡徳之島町亀津7674番地", "url": "https://www.kaigokensaku.mhlw.go.jp/46/index.php?action_kouhyou_detail_004_kani=true&JigyosyoCd=4679100034-00&ServiceCd=110&Type=search", "url2": "http://www-tokunosima-shakyo.com/" }, "geometry": { "type": "Point", "coordinates": [ 129.022745500000042, 27.7364194 ] } },
{ "type": "Feature", "properties": { "内容": "訪問介護ステーションかわの【訪問介護】鹿児島県大島郡徳之島町亀津５４０－６", "url": "https://www.kaigokensaku.mhlw.go.jp/46/index.php?action_kouhyou_detail_004_kani=true&JigyosyoCd=4679100158-00&ServiceCd=110&Type=search", "url2": null }, "geometry": { "type": "Point", "coordinates": [ 129.018040400000018, 27.7357219 ] } },
{ "type": "Feature", "properties": { "内容": "訪問介護事業所「南風園」【訪問介護】鹿児島県大島郡徳之島町亀津２８８２番地１総合施設　南風園", "url": "https://www.kaigokensaku.mhlw.go.jp/46/index.php?action_kouhyou_detail_004_kani=true&JigyosyoCd=4679100141-00&ServiceCd=110&Type=search", "url2": "https://www.nanpuuen.org/" }, "geometry": { "type": "Point", "coordinates": [ 128.998105200000083, 27.730571 ] } },
{ "type": "Feature", "properties": { "内容": "島のサポート24【訪問介護】鹿児島県大島郡徳之島町亀津982番地", "url": "https://www.kaigokensaku.mhlw.go.jp/46/index.php?action_kouhyou_detail_004_kani=true&JigyosyoCd=4679100265-00&ServiceCd=110&Type=search", "url2": null }, "geometry": { "type": "Point", "coordinates": [ 129.0184202, 27.731211 ] } },
{ "type": "Feature", "properties": { "内容": "天城町社会福祉協議会　訪問介護事業所【訪問介護】鹿児島県大島郡天城町天城４６２", "url": "https://www.kaigokensaku.mhlw.go.jp/46/index.php?action_kouhyou_detail_004_kani=true&JigyosyoCd=4679200081-00&ServiceCd=110&Type=search", "url2": "https://www.shakyo.or.jp/hp/about/index.php?s=1771" }, "geometry": { "type": "Point", "coordinates": [ 128.89417585581964, 27.815145981049152 ] } },
{ "type": "Feature", "properties": { "内容": "ハァティーケア　とくのしま【訪問介護】鹿児島県大島郡伊仙町阿三2222-3", "url": "https://www.kaigokensaku.mhlw.go.jp/46/index.php?action_kouhyou_detail_004_kani=true&JigyosyoCd=4679300162-00&ServiceCd=110&Type=search", "url2": null }, "geometry": { "type": "Point", "coordinates": [ 128.932882799999987, 27.6954404 ] } },
{ "type": "Feature", "properties": { "内容": "伊仙町社会福祉協議会訪問介護事業所【訪問介護】大島郡伊仙町伊仙２５７１番地", "url": "https://www.kaigokensaku.mhlw.go.jp/46/index.php?action_kouhyou_detail_004_kani=true&JigyosyoCd=4679300030-00&ServiceCd=110&Type=search", "url2": "isenn@t1.toku-vision.com" }, "geometry": { "type": "Point", "coordinates": [ 128.936228600000049, 27.6756777 ] } },
{ "type": "Feature", "properties": { "内容": "鹿児島県大島郡伊仙町伊仙2124-1【訪問介護】鹿児島県大島郡伊仙町伊仙2124-1", "url": "https://www.kaigokensaku.mhlw.go.jp/46/index.php?action_kouhyou_detail_004_kani=true&JigyosyoCd=4679300055-00&ServiceCd=110&Type=search", "url2": "tokunosima_fukusikai＠image.ocn.ne.jp" }, "geometry": { "type": "Point", "coordinates": [ 128.938761699999986, 27.6765749 ] } },
{ "type": "Feature", "properties": { "内容": "ヘルパーステーション　うえはら【訪問介護】鹿児島県大島郡和泊町大字内城５37番地1", "url": "https://www.kaigokensaku.mhlw.go.jp/46/index.php?action_kouhyou_detail_004_kani=true&JigyosyoCd=4679400228-00&ServiceCd=110&Type=search", "url2": null }, "geometry": { "type": "Point", "coordinates": [ 128.608386958335814, 27.382414139570479 ] } },
{ "type": "Feature", "properties": { "内容": "社会福祉法人和泊町社会福祉協議会指定訪問介護事業所【訪問介護】鹿児島県大島郡和泊町和泊39-3", "url": "https://www.kaigokensaku.mhlw.go.jp/46/index.php?action_kouhyou_detail_004_kani=true&JigyosyoCd=4679400053-00&ServiceCd=110&Type=search", "url2": "http://wasyakyo.jimdo.com" }, "geometry": { "type": "Point", "coordinates": [ 128.654283060945403, 27.391386281226083 ] } },
{ "type": "Feature", "properties": { "内容": "社会福祉法人知名町社会福祉協議会訪問介護事業所【訪問介護】鹿児島県大島郡知名町瀬利覚287番地", "url": "https://www.kaigokensaku.mhlw.go.jp/46/index.php?action_kouhyou_detail_004_kani=true&JigyosyoCd=4679500068-00&ServiceCd=110&Type=search", "url2": "https://shakyo.or.jp/1774/" }, "geometry": { "type": "Point", "coordinates": [ 128.584495899999979, 27.3414055 ] } },
{ "type": "Feature", "properties": { "内容": "医療法人徳洲会与論徳洲会病院【訪問介護】鹿児島県大島郡与論町茶花403-1", "url": "https://www.kaigokensaku.mhlw.go.jp/46/index.php?action_kouhyou_detail_004_kani=true&JigyosyoCd=4613211376-00&ServiceCd=110&Type=search", "url2": "http://yorontokushukai.jp/" }, "geometry": { "type": "Point", "coordinates": [ 128.41649039999993, 27.0439688 ] } },
{ "type": "Feature", "properties": { "内容": "ホームケアステーションよろん【訪問介護】鹿児島県大島郡与論町茶花２６４３番地３社会福祉法人　与論町社会福祉協議会", "url": "https://www.kaigokensaku.mhlw.go.jp/46/index.php?action_kouhyou_detail_004_kani=true&JigyosyoCd=4679600033-00&ServiceCd=110&Type=search", "url2": "http://yoronsyakyo.jimdosite.com" }, "geometry": { "type": "Point", "coordinates": [ 128.4250648, 27.0517608 ] } }
]
}
