{
"type": "FeatureCollection",
"name": "geo_46_3",
"crs": { "type": "name", "properties": { "name": "urn:ogc:def:crs:OGC:1.3:CRS84" } },
"features": [
{ "type": "Feature", "properties": { "ID": 46323503, "正式名称": "医療法人　中目医院", "機関区分": 3, "都道府県コード": 46, "市区町村コード": 213, "所在地": "鹿児島県西之表市西之表７１８８", "緯度": 30.739606, "経度": 130.995581, "url": "https://www.iryou.teikyouseido.mhlw.go.jp/znk-web/juminkanja/S2430/initialize?prefCd=46&kikanCd=23503&kikanKbn=3", "url2": null, "内容": "医療法人　中目医院【3:歯科】鹿児島県西之表市西之表７１８８" }, "geometry": { "type": "Point", "coordinates": [ 130.995581, 30.739606 ] } },
{ "type": "Feature", "properties": { "ID": 463346310915, "正式名称": "古江歯科医院", "機関区分": 3, "都道府県コード": 46, "市区町村コード": 201, "所在地": "鹿児島県鹿児島市下荒田三丁目３２番３号", "緯度": 31.569603, "経度": 130.554731, "url": "https://www.iryou.teikyouseido.mhlw.go.jp/znk-web/juminkanja/S2430/initialize?prefCd=46&kikanCd=346310915&kikanKbn=3", "url2": null, "内容": "古江歯科医院【3:歯科】鹿児島県鹿児島市下荒田三丁目３２番３号" }, "geometry": { "type": "Point", "coordinates": [ 130.554731, 31.569603 ] } },
{ "type": "Feature", "properties": { "ID": 463346311172, "正式名称": "杉村歯科医院", "機関区分": 3, "都道府県コード": 46, "市区町村コード": 201, "所在地": "鹿児島県鹿児島市下荒田２−２５−１", "緯度": 31.57595, "経度": 130.555504, "url": "https://www.iryou.teikyouseido.mhlw.go.jp/znk-web/juminkanja/S2430/initialize?prefCd=46&kikanCd=346311172&kikanKbn=3", "url2": "https://www.kimura1226.com", "内容": "杉村歯科医院【3:歯科】鹿児島県鹿児島市下荒田２−２５−１" }, "geometry": { "type": "Point", "coordinates": [ 130.555504, 31.57595 ] } },
{ "type": "Feature", "properties": { "ID": 463346311417, "正式名称": "山内歯科矯正", "機関区分": 3, "都道府県コード": 46, "市区町村コード": 201, "所在地": "鹿児島県鹿児島市大黒町１－９", "緯度": 31.591134, "経度": 130.557808, "url": "https://www.iryou.teikyouseido.mhlw.go.jp/znk-web/juminkanja/S2430/initialize?prefCd=46&kikanCd=346311417&kikanKbn=3", "url2": "http://yam-doc.com", "内容": "山内歯科矯正【3:歯科】鹿児島県鹿児島市大黒町１－９" }, "geometry": { "type": "Point", "coordinates": [ 130.557808, 31.591134 ] } },
{ "type": "Feature", "properties": { "ID": 463346312124, "正式名称": "医療法人　イーノ矯正歯科クリニック", "機関区分": 3, "都道府県コード": 46, "市区町村コード": 201, "所在地": "鹿児島県鹿児島市新栄町１−１オーソ・メーサ", "緯度": 31.551611, "経度": 130.54464, "url": "https://www.iryou.teikyouseido.mhlw.go.jp/znk-web/juminkanja/S2430/initialize?prefCd=46&kikanCd=346312124&kikanKbn=3", "url2": "https://iino-kyousei.kagoshima.jp", "内容": "医療法人　イーノ矯正歯科クリニック【3:歯科】鹿児島県鹿児島市新栄町１−１オーソ・メーサ" }, "geometry": { "type": "Point", "coordinates": [ 130.54464, 31.551611 ] } },
{ "type": "Feature", "properties": { "ID": 463346312430, "正式名称": "医療法人ひらせ歯科クリニック", "機関区分": 3, "都道府県コード": 46, "市区町村コード": 201, "所在地": "鹿児島県鹿児島市和田１丁目１３番１２号", "緯度": 31.512722, "経度": 130.513975, "url": "https://www.iryou.teikyouseido.mhlw.go.jp/znk-web/juminkanja/S2430/initialize?prefCd=46&kikanCd=346312430&kikanKbn=3", "url2": null, "内容": "医療法人ひらせ歯科クリニック【3:歯科】鹿児島県鹿児島市和田１丁目１３番１２号" }, "geometry": { "type": "Point", "coordinates": [ 130.513975, 31.512722 ] } },
{ "type": "Feature", "properties": { "ID": 463346312502, "正式名称": "かじや歯科医院", "機関区分": 3, "都道府県コード": 46, "市区町村コード": 201, "所在地": "鹿児島県鹿児島市真砂本町２０番２０号", "緯度": 31.556095, "経度": 130.552026, "url": "https://www.iryou.teikyouseido.mhlw.go.jp/znk-web/juminkanja/S2430/initialize?prefCd=46&kikanCd=346312502&kikanKbn=3", "url2": "kajiyashika.com", "内容": "かじや歯科医院【3:歯科】鹿児島県鹿児島市真砂本町２０番２０号" }, "geometry": { "type": "Point", "coordinates": [ 130.552026, 31.556095 ] } },
{ "type": "Feature", "properties": { "ID": 463346312805, "正式名称": "児玉歯科クリニック", "機関区分": 3, "都道府県コード": 46, "市区町村コード": 201, "所在地": "鹿児島県鹿児島市加治屋町１３－８天野ビル４Ｆ", "緯度": 31.588353, "経度": 130.550808, "url": "https://www.iryou.teikyouseido.mhlw.go.jp/znk-web/juminkanja/S2430/initialize?prefCd=46&kikanCd=346312805&kikanKbn=3", "url2": null, "内容": "児玉歯科クリニック【3:歯科】鹿児島県鹿児島市加治屋町１３－８天野ビル４Ｆ" }, "geometry": { "type": "Point", "coordinates": [ 130.550808, 31.588353 ] } },
{ "type": "Feature", "properties": { "ID": 463346312847, "正式名称": "ラポール歯科", "機関区分": 3, "都道府県コード": 46, "市区町村コード": 201, "所在地": "鹿児島県鹿児島市谷山中央５－１８－１４", "緯度": 31.518717, "経度": 130.513648, "url": "https://www.iryou.teikyouseido.mhlw.go.jp/znk-web/juminkanja/S2430/initialize?prefCd=46&kikanCd=346312847&kikanKbn=3", "url2": "rapport-dental.biz", "内容": "ラポール歯科【3:歯科】鹿児島県鹿児島市谷山中央５－１８－１４" }, "geometry": { "type": "Point", "coordinates": [ 130.513648, 31.518717 ] } },
{ "type": "Feature", "properties": { "ID": 463346320699, "正式名称": "山﨑歯科医院", "機関区分": 3, "都道府県コード": 46, "市区町村コード": 201, "所在地": "鹿児島県鹿児島市西田２－３－２４", "緯度": 31.588608, "経度": 130.542497, "url": "https://www.iryou.teikyouseido.mhlw.go.jp/znk-web/juminkanja/S2430/initialize?prefCd=46&kikanCd=346320699&kikanKbn=3", "url2": null, "内容": "山﨑歯科医院【3:歯科】鹿児島県鹿児島市西田２－３－２４" }, "geometry": { "type": "Point", "coordinates": [ 130.542497, 31.588608 ] } },
{ "type": "Feature", "properties": { "ID": 463346321263, "正式名称": "あづま歯科医院", "機関区分": 3, "都道府県コード": 46, "市区町村コード": 201, "所在地": "鹿児島県鹿児島市小山田町６６６６－２", "緯度": 31.663613, "経度": 130.48574, "url": "https://www.iryou.teikyouseido.mhlw.go.jp/znk-web/juminkanja/S2430/initialize?prefCd=46&kikanCd=346321263&kikanKbn=3", "url2": null, "内容": "あづま歯科医院【3:歯科】鹿児島県鹿児島市小山田町６６６６－２" }, "geometry": { "type": "Point", "coordinates": [ 130.48574, 31.663613 ] } },
{ "type": "Feature", "properties": { "ID": 463346330331, "正式名称": "クリア矯正歯科", "機関区分": 3, "都道府県コード": 46, "市区町村コード": 201, "所在地": "鹿児島県鹿児島市原良１－１４－２７", "緯度": 31.598117, "経度": 130.538444, "url": "https://www.iryou.teikyouseido.mhlw.go.jp/znk-web/juminkanja/S2430/initialize?prefCd=46&kikanCd=346330331&kikanKbn=3", "url2": "https://www.clear-orthodontic.com/", "内容": "クリア矯正歯科【3:歯科】鹿児島県鹿児島市原良１－１４－２７" }, "geometry": { "type": "Point", "coordinates": [ 130.538444, 31.598117 ] } },
{ "type": "Feature", "properties": { "ID": 463346330575, "正式名称": "あすなろ歯科", "機関区分": 3, "都道府県コード": 46, "市区町村コード": 201, "所在地": "鹿児島県鹿児島市宇宿３丁目１５番２０号", "緯度": 31.542893, "経度": 130.539834, "url": "https://www.iryou.teikyouseido.mhlw.go.jp/znk-web/juminkanja/S2430/initialize?prefCd=46&kikanCd=346330575&kikanKbn=3", "url2": "asunaro.dentalmall.jp", "内容": "あすなろ歯科【3:歯科】鹿児島県鹿児島市宇宿３丁目１５番２０号" }, "geometry": { "type": "Point", "coordinates": [ 130.539834, 31.542893 ] } },
{ "type": "Feature", "properties": { "ID": 463346330618, "正式名称": "まさこデンタルクリニック", "機関区分": 3, "都道府県コード": 46, "市区町村コード": 201, "所在地": "鹿児島県鹿児島市小松原１丁目５－１４オハラ不動産ビル　１０２", "緯度": 31.5386645, "経度": 130.535305, "url": "https://www.iryou.teikyouseido.mhlw.go.jp/znk-web/juminkanja/S2430/initialize?prefCd=46&kikanCd=346330618&kikanKbn=3", "url2": null, "内容": "まさこデンタルクリニック【3:歯科】鹿児島県鹿児島市小松原１丁目５－１４オハラ不動産ビル　１０２" }, "geometry": { "type": "Point", "coordinates": [ 130.535305, 31.5386645 ] } },
{ "type": "Feature", "properties": { "ID": 463346330849, "正式名称": "医療法人翔歯会　翔歯科クリニック", "機関区分": 3, "都道府県コード": 46, "市区町村コード": 201, "所在地": "鹿児島県鹿児島市宇宿１－５３－１２", "緯度": 31.544037, "経度": 130.541224, "url": "https://www.iryou.teikyouseido.mhlw.go.jp/znk-web/juminkanja/S2430/initialize?prefCd=46&kikanCd=346330849&kikanKbn=3", "url2": null, "内容": "医療法人翔歯会　翔歯科クリニック【3:歯科】鹿児島県鹿児島市宇宿１－５３－１２" }, "geometry": { "type": "Point", "coordinates": [ 130.541224, 31.544037 ] } },
{ "type": "Feature", "properties": { "ID": 463346330908, "正式名称": "とやま歯科", "機関区分": 3, "都道府県コード": 46, "市区町村コード": 201, "所在地": "鹿児島県鹿児島市唐湊１－１５－１５　２Ｆ", "緯度": 31.570381, "経度": 130.539125, "url": "https://www.iryou.teikyouseido.mhlw.go.jp/znk-web/juminkanja/S2430/initialize?prefCd=46&kikanCd=346330908&kikanKbn=3", "url2": null, "内容": "とやま歯科【3:歯科】鹿児島県鹿児島市唐湊１－１５－１５　２Ｆ" }, "geometry": { "type": "Point", "coordinates": [ 130.539125, 31.570381 ] } },
{ "type": "Feature", "properties": { "ID": 463346331370, "正式名称": "ソフィア矯正歯科クリニック", "機関区分": 3, "都道府県コード": 46, "市区町村コード": 201, "所在地": "鹿児島県鹿児島市西田２丁目２－４尾堂ビル１Ｆ", "緯度": 31.588744, "経度": 130.541661, "url": "https://www.iryou.teikyouseido.mhlw.go.jp/znk-web/juminkanja/S2430/initialize?prefCd=46&kikanCd=346331370&kikanKbn=3", "url2": null, "内容": "ソフィア矯正歯科クリニック【3:歯科】鹿児島県鹿児島市西田２丁目２－４尾堂ビル１Ｆ" }, "geometry": { "type": "Point", "coordinates": [ 130.541661, 31.588744 ] } },
{ "type": "Feature", "properties": { "ID": 463346331413, "正式名称": "医療法人たけはら歯科医院", "機関区分": 3, "都道府県コード": 46, "市区町村コード": 201, "所在地": "鹿児島県鹿児島市下荒田４丁目６番１号", "緯度": 31.571839, "経度": 130.558284, "url": "https://www.iryou.teikyouseido.mhlw.go.jp/znk-web/juminkanja/S2430/initialize?prefCd=46&kikanCd=346331413&kikanKbn=3", "url2": "https://takehara-dc.jp/", "内容": "医療法人たけはら歯科医院【3:歯科】鹿児島県鹿児島市下荒田４丁目６番１号" }, "geometry": { "type": "Point", "coordinates": [ 130.558284, 31.571839 ] } },
{ "type": "Feature", "properties": { "ID": 463346331501, "正式名称": "おやま歯科", "機関区分": 3, "都道府県コード": 46, "市区町村コード": 201, "所在地": "鹿児島県鹿児島市東谷山４－３３－１３", "緯度": 31.53615, "経度": 130.524215, "url": "https://www.iryou.teikyouseido.mhlw.go.jp/znk-web/juminkanja/S2430/initialize?prefCd=46&kikanCd=346331501&kikanKbn=3", "url2": "https://oyamashika.jp", "内容": "おやま歯科【3:歯科】鹿児島県鹿児島市東谷山４－３３－１３" }, "geometry": { "type": "Point", "coordinates": [ 130.524215, 31.53615 ] } },
{ "type": "Feature", "properties": { "ID": 463346331569, "正式名称": "医療法人慈尊幸徳会　毛利歯科クリニック七福別院", "機関区分": 3, "都道府県コード": 46, "市区町村コード": 201, "所在地": "鹿児島県鹿児島市鴨池新町１４－１ＪＫ七福神ビル２Ｆ", "緯度": 31.555519, "経度": 130.558972, "url": "https://www.iryou.teikyouseido.mhlw.go.jp/znk-web/juminkanja/S2430/initialize?prefCd=46&kikanCd=346331569&kikanKbn=3", "url2": null, "内容": "医療法人慈尊幸徳会　毛利歯科クリニック七福別院【3:歯科】鹿児島県鹿児島市鴨池新町１４－１ＪＫ七福神ビル２Ｆ" }, "geometry": { "type": "Point", "coordinates": [ 130.558972, 31.555519 ] } },
{ "type": "Feature", "properties": { "ID": 463346331585, "正式名称": "医療法人平田歯科医院ハッピー歯科・小児矯正歯科クリニック", "機関区分": 3, "都道府県コード": 46, "市区町村コード": 201, "所在地": "鹿児島県鹿児島市宇宿３丁目４５－３", "緯度": 31.541687, "経度": 130.536119, "url": "https://www.iryou.teikyouseido.mhlw.go.jp/znk-web/juminkanja/S2430/initialize?prefCd=46&kikanCd=346331585&kikanKbn=3", "url2": null, "内容": "医療法人平田歯科医院ハッピー歯科・小児矯正歯科クリニック【3:歯科】鹿児島県鹿児島市宇宿３丁目４５－３" }, "geometry": { "type": "Point", "coordinates": [ 130.536119, 31.541687 ] } },
{ "type": "Feature", "properties": { "ID": 463346331699, "正式名称": "フェリアデンタルクリニック", "機関区分": 3, "都道府県コード": 46, "市区町村コード": 201, "所在地": "鹿児島県鹿児島市宇宿８－１７－１１", "緯度": 31.557715, "経度": 130.522771, "url": "https://www.iryou.teikyouseido.mhlw.go.jp/znk-web/juminkanja/S2430/initialize?prefCd=46&kikanCd=346331699&kikanKbn=3", "url2": "https://www.feria.dental/", "内容": "フェリアデンタルクリニック【3:歯科】鹿児島県鹿児島市宇宿８－１７－１１" }, "geometry": { "type": "Point", "coordinates": [ 130.522771, 31.557715 ] } },
{ "type": "Feature", "properties": { "ID": 463346331774, "正式名称": "医療法人　山形矯正歯科医院", "機関区分": 3, "都道府県コード": 46, "市区町村コード": 201, "所在地": "鹿児島県鹿児島市中央町１６－５マッケンビル４Ｆ", "緯度": 31.582036, "経度": 130.544657, "url": "https://www.iryou.teikyouseido.mhlw.go.jp/znk-web/juminkanja/S2430/initialize?prefCd=46&kikanCd=346331774&kikanKbn=3", "url2": "https://yamagata-kyousei.com/", "内容": "医療法人　山形矯正歯科医院【3:歯科】鹿児島県鹿児島市中央町１６－５マッケンビル４Ｆ" }, "geometry": { "type": "Point", "coordinates": [ 130.544657, 31.582036 ] } },
{ "type": "Feature", "properties": { "ID": 463346331875, "正式名称": "医療法人篤志会　さこだ歯科ケアクリニック", "機関区分": 3, "都道府県コード": 46, "市区町村コード": 201, "所在地": "鹿児島県鹿児島市中央町２１番地６", "緯度": 31.582981, "経度": 130.542466, "url": "https://www.iryou.teikyouseido.mhlw.go.jp/znk-web/juminkanja/S2430/initialize?prefCd=46&kikanCd=346331875&kikanKbn=3", "url2": "https://tokushikai.jp/careclinic/", "内容": "医療法人篤志会　さこだ歯科ケアクリニック【3:歯科】鹿児島県鹿児島市中央町２１番地６" }, "geometry": { "type": "Point", "coordinates": [ 130.542466, 31.582981 ] } },
{ "type": "Feature", "properties": { "ID": 463346331921, "正式名称": "みか矯正歯科医院", "機関区分": 3, "都道府県コード": 46, "市区町村コード": 201, "所在地": "鹿児島県鹿児島市下伊敷１－３８－６－３Ｆ", "緯度": 31.613544, "経度": 130.538052, "url": "https://www.iryou.teikyouseido.mhlw.go.jp/znk-web/juminkanja/S2430/initialize?prefCd=46&kikanCd=346331921&kikanKbn=3", "url2": "https://www.mika-ortho.jp/", "内容": "みか矯正歯科医院【3:歯科】鹿児島県鹿児島市下伊敷１－３８－６－３Ｆ" }, "geometry": { "type": "Point", "coordinates": [ 130.538052, 31.613544 ] } },
{ "type": "Feature", "properties": { "ID": 463346331989, "正式名称": "かえでデンタルクリニック", "機関区分": 3, "都道府県コード": 46, "市区町村コード": 201, "所在地": "鹿児島県鹿児島市本名町８００－３２", "緯度": 31.687728, "経度": 130.553397, "url": "https://www.iryou.teikyouseido.mhlw.go.jp/znk-web/juminkanja/S2430/initialize?prefCd=46&kikanCd=346331989&kikanKbn=3", "url2": null, "内容": "かえでデンタルクリニック【3:歯科】鹿児島県鹿児島市本名町８００－３２" }, "geometry": { "type": "Point", "coordinates": [ 130.553397, 31.687728 ] } },
{ "type": "Feature", "properties": { "ID": 463346332032, "正式名称": "さこなか歯科", "機関区分": 3, "都道府県コード": 46, "市区町村コード": 201, "所在地": "鹿児島県鹿児島市武１－１０－１５田中ビル１階", "緯度": 31.582368, "経度": 130.538443, "url": "https://www.iryou.teikyouseido.mhlw.go.jp/znk-web/juminkanja/S2430/initialize?prefCd=46&kikanCd=346332032&kikanKbn=3", "url2": "http://ninjahp.com/hp/378_sakonaka_dent/", "内容": "さこなか歯科【3:歯科】鹿児島県鹿児島市武１－１０－１５田中ビル１階" }, "geometry": { "type": "Point", "coordinates": [ 130.538443, 31.582368 ] } },
{ "type": "Feature", "properties": { "ID": 463346332045, "正式名称": "しゃもとデンタルクリニック", "機関区分": 3, "都道府県コード": 46, "市区町村コード": 201, "所在地": "鹿児島県鹿児島市明和１ー２５ー１ファミリープラザめいわ１Ｆ１１０号", "緯度": 31.602787, "経度": 130.523285, "url": "https://www.iryou.teikyouseido.mhlw.go.jp/znk-web/juminkanja/S2430/initialize?prefCd=46&kikanCd=346332045&kikanKbn=3", "url2": "https://shamoto-dc.jp/", "内容": "しゃもとデンタルクリニック【3:歯科】鹿児島県鹿児島市明和１ー２５ー１ファミリープラザめいわ１Ｆ１１０号" }, "geometry": { "type": "Point", "coordinates": [ 130.523285, 31.602787 ] } },
{ "type": "Feature", "properties": { "ID": 463346332058, "正式名称": "医療法人篤志会　キラメキテラス歯科", "機関区分": 3, "都道府県コード": 46, "市区町村コード": 201, "所在地": "鹿児島県鹿児島市高麗町４３番２０号－３Ｆ", "緯度": 31.578628, "経度": 130.553359, "url": "https://www.iryou.teikyouseido.mhlw.go.jp/znk-web/juminkanja/S2430/initialize?prefCd=46&kikanCd=346332058&kikanKbn=3", "url2": "https://tokushikai.jp/kirameki/", "内容": "医療法人篤志会　キラメキテラス歯科【3:歯科】鹿児島県鹿児島市高麗町４３番２０号－３Ｆ" }, "geometry": { "type": "Point", "coordinates": [ 130.553359, 31.578628 ] } },
{ "type": "Feature", "properties": { "ID": 463346332133, "正式名称": "さこぐち歯科・小児・矯正歯科", "機関区分": 3, "都道府県コード": 46, "市区町村コード": 201, "所在地": "鹿児島県鹿児島市小松原１丁目１２番１号", "緯度": 31.539113, "経度": 130.534446, "url": "https://www.iryou.teikyouseido.mhlw.go.jp/znk-web/juminkanja/S2430/initialize?prefCd=46&kikanCd=346332133&kikanKbn=3", "url2": "https://www.sakoguchi-dc.com/", "内容": "さこぐち歯科・小児・矯正歯科【3:歯科】鹿児島県鹿児島市小松原１丁目１２番１号" }, "geometry": { "type": "Point", "coordinates": [ 130.534446, 31.539113 ] } },
{ "type": "Feature", "properties": { "ID": 463346332175, "正式名称": "きらりデンタルクリニック中山", "機関区分": 3, "都道府県コード": 46, "市区町村コード": 201, "所在地": "鹿児島県鹿児島市中山町２２５４－４", "緯度": 31.544522, "経度": 130.503303, "url": "https://www.iryou.teikyouseido.mhlw.go.jp/znk-web/juminkanja/S2430/initialize?prefCd=46&kikanCd=346332175&kikanKbn=3", "url2": null, "内容": "きらりデンタルクリニック中山【3:歯科】鹿児島県鹿児島市中山町２２５４－４" }, "geometry": { "type": "Point", "coordinates": [ 130.503303, 31.544522 ] } },
{ "type": "Feature", "properties": { "ID": 463346520691, "正式名称": "草野歯科医院", "機関区分": 3, "都道府県コード": 46, "市区町村コード": 204, "所在地": "鹿児島県枕崎市桜木町２５", "緯度": 31.272853, "経度": 130.292519, "url": "https://www.iryou.teikyouseido.mhlw.go.jp/znk-web/juminkanja/S2430/initialize?prefCd=46&kikanCd=346520691&kikanKbn=3", "url2": null, "内容": "草野歯科医院【3:歯科】鹿児島県枕崎市桜木町２５" }, "geometry": { "type": "Point", "coordinates": [ 130.292519, 31.272853 ] } },
{ "type": "Feature", "properties": { "ID": 463346522220, "正式名称": "ひまわりデンタルクリニック圭", "機関区分": 3, "都道府県コード": 46, "市区町村コード": 220, "所在地": "鹿児島県南さつま市加世田川畑２２４８番地", "緯度": 31.415318, "経度": 130.325241, "url": "https://www.iryou.teikyouseido.mhlw.go.jp/znk-web/juminkanja/S2430/initialize?prefCd=46&kikanCd=346522220&kikanKbn=3", "url2": null, "内容": "ひまわりデンタルクリニック圭【3:歯科】鹿児島県南さつま市加世田川畑２２４８番地" }, "geometry": { "type": "Point", "coordinates": [ 130.325241, 31.415318 ] } },
{ "type": "Feature", "properties": { "ID": 463346530942, "正式名称": "かずき歯科", "機関区分": 3, "都道府県コード": 46, "市区町村コード": 219, "所在地": "鹿児島県いちき串木野市昭和通７６番地", "緯度": 31.714159, "経度": 130.270761, "url": "https://www.iryou.teikyouseido.mhlw.go.jp/znk-web/juminkanja/S2430/initialize?prefCd=46&kikanCd=346530942&kikanKbn=3", "url2": null, "内容": "かずき歯科【3:歯科】鹿児島県いちき串木野市昭和通７６番地" }, "geometry": { "type": "Point", "coordinates": [ 130.270761, 31.714159 ] } },
{ "type": "Feature", "properties": { "ID": 463346530968, "正式名称": "さくら木歯科医院", "機関区分": 3, "都道府県コード": 46, "市区町村コード": 216, "所在地": "鹿児島県日置市伊集院町妙円寺１－１１１－７", "緯度": 31.644901, "経度": 130.397417, "url": "https://www.iryou.teikyouseido.mhlw.go.jp/znk-web/juminkanja/S2430/initialize?prefCd=46&kikanCd=346530968&kikanKbn=3", "url2": "https://sakuragishika.com/", "内容": "さくら木歯科医院【3:歯科】鹿児島県日置市伊集院町妙円寺１－１１１－７" }, "geometry": { "type": "Point", "coordinates": [ 130.397417, 31.644901 ] } },
{ "type": "Feature", "properties": { "ID": 463346540251, "正式名称": "医療法人　林歯科医院", "機関区分": 3, "都道府県コード": 46, "市区町村コード": 215, "所在地": "鹿児島県薩摩川内市平佐町２００４", "緯度": 31.810472, "経度": 130.316651, "url": "https://www.iryou.teikyouseido.mhlw.go.jp/znk-web/juminkanja/S2430/initialize?prefCd=46&kikanCd=346540251&kikanKbn=3", "url2": null, "内容": "医療法人　林歯科医院【3:歯科】鹿児島県薩摩川内市平佐町２００４" }, "geometry": { "type": "Point", "coordinates": [ 130.316651, 31.810472 ] } },
{ "type": "Feature", "properties": { "ID": 463346540424, "正式名称": "林かずひろ歯科クリニック", "機関区分": 3, "都道府県コード": 46, "市区町村コード": 215, "所在地": "鹿児島県薩摩川内市向田本町１８−２０", "緯度": 31.81831, "経度": 130.305292, "url": "https://www.iryou.teikyouseido.mhlw.go.jp/znk-web/juminkanja/S2430/initialize?prefCd=46&kikanCd=346540424&kikanKbn=3", "url2": null, "内容": "林かずひろ歯科クリニック【3:歯科】鹿児島県薩摩川内市向田本町１８−２０" }, "geometry": { "type": "Point", "coordinates": [ 130.305292, 31.81831 ] } },
{ "type": "Feature", "properties": { "ID": 463346560042, "正式名称": "あくね歯科医院", "機関区分": 3, "都道府県コード": 46, "市区町村コード": 206, "所在地": "鹿児島県阿久根市大丸町９３", "緯度": 32.015208, "経度": 130.196656, "url": "https://www.iryou.teikyouseido.mhlw.go.jp/znk-web/juminkanja/S2430/initialize?prefCd=46&kikanCd=346560042&kikanKbn=3", "url2": null, "内容": "あくね歯科医院【3:歯科】鹿児島県阿久根市大丸町９３" }, "geometry": { "type": "Point", "coordinates": [ 130.196656, 32.015208 ] } },
{ "type": "Feature", "properties": { "ID": 463346560390, "正式名称": "白男川歯科医院", "機関区分": 3, "都道府県コード": 46, "市区町村コード": 208, "所在地": "鹿児島県出水市向江町８５３９－１", "緯度": 32.076763, "経度": 130.350964, "url": "https://www.iryou.teikyouseido.mhlw.go.jp/znk-web/juminkanja/S2430/initialize?prefCd=46&kikanCd=346560390&kikanKbn=3", "url2": null, "内容": "白男川歯科医院【3:歯科】鹿児島県出水市向江町８５３９－１" }, "geometry": { "type": "Point", "coordinates": [ 130.350964, 32.076763 ] } },
{ "type": "Feature", "properties": { "ID": 463346560664, "正式名称": "柏木歯科クリニック", "機関区分": 3, "都道府県コード": 46, "市区町村コード": 208, "所在地": "鹿児島県出水市高尾野町下水流９０７－４", "緯度": 32.088342, "経度": 130.287062, "url": "https://www.iryou.teikyouseido.mhlw.go.jp/znk-web/juminkanja/S2430/initialize?prefCd=46&kikanCd=346560664&kikanKbn=3", "url2": "https://www.kashiwagi-shika.jp", "内容": "柏木歯科クリニック【3:歯科】鹿児島県出水市高尾野町下水流９０７－４" }, "geometry": { "type": "Point", "coordinates": [ 130.287062, 32.088342 ] } },
{ "type": "Feature", "properties": { "ID": 463346560693, "正式名称": "医療法人　典史会　太田歯科クリニック", "機関区分": 3, "都道府県コード": 46, "市区町村コード": 208, "所在地": "鹿児島県出水市野田町下名５３９０－５", "緯度": 32.062662, "経度": 130.26725, "url": "https://www.iryou.teikyouseido.mhlw.go.jp/znk-web/juminkanja/S2430/initialize?prefCd=46&kikanCd=346560693&kikanKbn=3", "url2": "https://www.ota-dc.com", "内容": "医療法人　典史会　太田歯科クリニック【3:歯科】鹿児島県出水市野田町下名５３９０－５" }, "geometry": { "type": "Point", "coordinates": [ 130.26725, 32.062662 ] } },
{ "type": "Feature", "properties": { "ID": 463346580080, "正式名称": "医療法人橋村歯科医院", "機関区分": 3, "都道府県コード": 46, "市区町村コード": 225, "所在地": "鹿児島県姶良市宮島町５－２", "緯度": 31.730411, "経度": 130.630342, "url": "https://www.iryou.teikyouseido.mhlw.go.jp/znk-web/juminkanja/S2430/initialize?prefCd=46&kikanCd=346580080&kikanKbn=3", "url2": null, "内容": "医療法人橋村歯科医院【3:歯科】鹿児島県姶良市宮島町５－２" }, "geometry": { "type": "Point", "coordinates": [ 130.630342, 31.730411 ] } },
{ "type": "Feature", "properties": { "ID": 463346600524, "正式名称": "なかしま歯科クリニック", "機関区分": 3, "都道府県コード": 46, "市区町村コード": 221, "所在地": "鹿児島県志布志市志布志町志布志６１０－１１医療法人なかしま歯科クリニック", "緯度": 31.4907735, "経度": 131.0925057, "url": "https://www.iryou.teikyouseido.mhlw.go.jp/znk-web/juminkanja/S2430/initialize?prefCd=46&kikanCd=346600524&kikanKbn=3", "url2": null, "内容": "なかしま歯科クリニック【3:歯科】鹿児島県志布志市志布志町志布志６１０－１１医療法人なかしま歯科クリニック" }, "geometry": { "type": "Point", "coordinates": [ 131.0925057, 31.4907735 ] } },
{ "type": "Feature", "properties": { "ID": 463346660115, "正式名称": "ながとし歯科クリニック", "機関区分": 3, "都道府県コード": 46, "市区町村コード": 215, "所在地": "鹿児島県薩摩川内市永利町２６１７－１", "緯度": 31.806006, "経度": 130.343281, "url": "https://www.iryou.teikyouseido.mhlw.go.jp/znk-web/juminkanja/S2430/initialize?prefCd=46&kikanCd=346660115&kikanKbn=3", "url2": null, "内容": "ながとし歯科クリニック【3:歯科】鹿児島県薩摩川内市永利町２６１７－１" }, "geometry": { "type": "Point", "coordinates": [ 130.343281, 31.806006 ] } },
{ "type": "Feature", "properties": { "ID": 463346660144, "正式名称": "こどもデンタル河村", "機関区分": 3, "都道府県コード": 46, "市区町村コード": 215, "所在地": "鹿児島県薩摩川内市宮内町２０２２", "緯度": 31.824904, "経度": 130.288704, "url": "https://www.iryou.teikyouseido.mhlw.go.jp/znk-web/juminkanja/S2430/initialize?prefCd=46&kikanCd=346660144&kikanKbn=3", "url2": "https://www.kdk-sendai.com/", "内容": "こどもデンタル河村【3:歯科】鹿児島県薩摩川内市宮内町２０２２" }, "geometry": { "type": "Point", "coordinates": [ 130.288704, 31.824904 ] } },
{ "type": "Feature", "properties": { "ID": 463346660186, "正式名称": "こころ歯科医院", "機関区分": 3, "都道府県コード": 46, "市区町村コード": 215, "所在地": "鹿児島県薩摩川内市永利町４１３１－１", "緯度": 31.802696, "経度": 130.34312, "url": "https://www.iryou.teikyouseido.mhlw.go.jp/znk-web/juminkanja/S2430/initialize?prefCd=46&kikanCd=346660186&kikanKbn=3", "url2": "http://www.cocoronron-dc.com", "内容": "こころ歯科医院【3:歯科】鹿児島県薩摩川内市永利町４１３１－１" }, "geometry": { "type": "Point", "coordinates": [ 130.34312, 31.802696 ] } },
{ "type": "Feature", "properties": { "ID": 46340008, "正式名称": "石橋歯科クリニック", "機関区分": 3, "都道府県コード": 46, "市区町村コード": 201, "所在地": "鹿児島県鹿児島市西陵", "緯度": 31.581655, "経度": 130.513886, "url": "https://www.iryou.teikyouseido.mhlw.go.jp/znk-web/juminkanja/S2430/initialize?prefCd=46&kikanCd=40008&kikanKbn=3", "url2": "sika-seitai.jp", "内容": "石橋歯科クリニック【3:歯科】鹿児島県鹿児島市西陵" }, "geometry": { "type": "Point", "coordinates": [ 130.513886, 31.581655 ] } },
{ "type": "Feature", "properties": { "ID": 46340009, "正式名称": "礒橋歯科", "機関区分": 3, "都道府県コード": 46, "市区町村コード": 201, "所在地": "鹿児島県鹿児島市紫原", "緯度": 31.561796, "経度": 130.539371, "url": "https://www.iryou.teikyouseido.mhlw.go.jp/znk-web/juminkanja/S2430/initialize?prefCd=46&kikanCd=40009&kikanKbn=3", "url2": null, "内容": "礒橋歯科【3:歯科】鹿児島県鹿児島市紫原" }, "geometry": { "type": "Point", "coordinates": [ 130.539371, 31.561796 ] } },
{ "type": "Feature", "properties": { "ID": 46340017, "正式名称": "尾立歯科医院", "機関区分": 3, "都道府県コード": 46, "市区町村コード": 201, "所在地": "鹿児島県鹿児島市中央町２－５３", "緯度": 31.585961, "経度": 130.543308, "url": "https://www.iryou.teikyouseido.mhlw.go.jp/znk-web/juminkanja/S2430/initialize?prefCd=46&kikanCd=40017&kikanKbn=3", "url2": null, "内容": "尾立歯科医院【3:歯科】鹿児島県鹿児島市中央町２－５３" }, "geometry": { "type": "Point", "coordinates": [ 130.543308, 31.585961 ] } },
{ "type": "Feature", "properties": { "ID": 46340018, "正式名称": "柿内歯科クリニック", "機関区分": 3, "都道府県コード": 46, "市区町村コード": 201, "所在地": "鹿児島県鹿児島市武岡３－１－２", "緯度": 31.590606, "経度": 130.517608, "url": "https://www.iryou.teikyouseido.mhlw.go.jp/znk-web/juminkanja/S2430/initialize?prefCd=46&kikanCd=40018&kikanKbn=3", "url2": null, "内容": "柿内歯科クリニック【3:歯科】鹿児島県鹿児島市武岡３－１－２" }, "geometry": { "type": "Point", "coordinates": [ 130.517608, 31.590606 ] } },
{ "type": "Feature", "properties": { "ID": 46340019, "正式名称": "かじきデンタルクリニック", "機関区分": 3, "都道府県コード": 46, "市区町村コード": 201, "所在地": "鹿児島県鹿児島市田上３丁目４番２", "緯度": 31.575153, "経度": 130.530149, "url": "https://www.iryou.teikyouseido.mhlw.go.jp/znk-web/juminkanja/S2430/initialize?prefCd=46&kikanCd=40019&kikanKbn=3", "url2": null, "内容": "かじきデンタルクリニック【3:歯科】鹿児島県鹿児島市田上３丁目４番２" }, "geometry": { "type": "Point", "coordinates": [ 130.530149, 31.575153 ] } },
{ "type": "Feature", "properties": { "ID": 46340025, "正式名称": "鴨池歯科医院", "機関区分": 3, "都道府県コード": 46, "市区町村コード": 201, "所在地": "鹿児島県鹿児島市鴨池新町３‐２", "緯度": 31.556281, "経度": 130.5557, "url": "https://www.iryou.teikyouseido.mhlw.go.jp/znk-web/juminkanja/S2430/initialize?prefCd=46&kikanCd=40025&kikanKbn=3", "url2": null, "内容": "鴨池歯科医院【3:歯科】鹿児島県鹿児島市鴨池新町３‐２" }, "geometry": { "type": "Point", "coordinates": [ 130.5557, 31.556281 ] } },
{ "type": "Feature", "properties": { "ID": 46340032, "正式名称": "河野歯科医院", "機関区分": 3, "都道府県コード": 46, "市区町村コード": 201, "所在地": "鹿児島県鹿児島市鴨池一丁目１３－１０", "緯度": 31.566453, "経度": 130.550631, "url": "https://www.iryou.teikyouseido.mhlw.go.jp/znk-web/juminkanja/S2430/initialize?prefCd=46&kikanCd=40032&kikanKbn=3", "url2": null, "内容": "河野歯科医院【3:歯科】鹿児島県鹿児島市鴨池一丁目１３－１０" }, "geometry": { "type": "Point", "coordinates": [ 130.550631, 31.566453 ] } },
{ "type": "Feature", "properties": { "ID": 46340034, "正式名称": "五反田歯科", "機関区分": 3, "都道府県コード": 46, "市区町村コード": 201, "所在地": "鹿児島県鹿児島市鴨池一丁目１２－１４", "緯度": 31.567228, "経度": 130.550922, "url": "https://www.iryou.teikyouseido.mhlw.go.jp/znk-web/juminkanja/S2430/initialize?prefCd=46&kikanCd=40034&kikanKbn=3", "url2": null, "内容": "五反田歯科【3:歯科】鹿児島県鹿児島市鴨池一丁目１２－１４" }, "geometry": { "type": "Point", "coordinates": [ 130.550922, 31.567228 ] } },
{ "type": "Feature", "properties": { "ID": 46340036, "正式名称": "サカエ歯科医院", "機関区分": 3, "都道府県コード": 46, "市区町村コード": 201, "所在地": "鹿児島県鹿児島市宇宿３－４－１４", "緯度": 31.544094, "経度": 130.537922, "url": "https://www.iryou.teikyouseido.mhlw.go.jp/znk-web/juminkanja/S2430/initialize?prefCd=46&kikanCd=40036&kikanKbn=3", "url2": null, "内容": "サカエ歯科医院【3:歯科】鹿児島県鹿児島市宇宿３－４－１４" }, "geometry": { "type": "Point", "coordinates": [ 130.537922, 31.544094 ] } },
{ "type": "Feature", "properties": { "ID": 46340037, "正式名称": "さくら歯科医院", "機関区分": 3, "都道府県コード": 46, "市区町村コード": 201, "所在地": "鹿児島県鹿児島市真砂町７７－７", "緯度": 31.5584, "経度": 130.550881, "url": "https://www.iryou.teikyouseido.mhlw.go.jp/znk-web/juminkanja/S2430/initialize?prefCd=46&kikanCd=40037&kikanKbn=3", "url2": null, "内容": "さくら歯科医院【3:歯科】鹿児島県鹿児島市真砂町７７－７" }, "geometry": { "type": "Point", "coordinates": [ 130.550881, 31.5584 ] } },
{ "type": "Feature", "properties": { "ID": 46340038, "正式名称": "医）篤志会　さこだ歯科", "機関区分": 3, "都道府県コード": 46, "市区町村コード": 201, "所在地": "鹿児島県鹿児島市中央町１９番地４０－６Ｆ", "緯度": 31.583134, "経度": 130.542802, "url": "https://www.iryou.teikyouseido.mhlw.go.jp/znk-web/juminkanja/S2430/initialize?prefCd=46&kikanCd=40038&kikanKbn=3", "url2": "https://tokushikai.jp/sakoda-dc/", "内容": "医）篤志会　さこだ歯科【3:歯科】鹿児島県鹿児島市中央町１９番地４０－６Ｆ" }, "geometry": { "type": "Point", "coordinates": [ 130.542802, 31.583134 ] } },
{ "type": "Feature", "properties": { "ID": 46340039, "正式名称": "さこだ歯科クリニック", "機関区分": 3, "都道府県コード": 46, "市区町村コード": 201, "所在地": "鹿児島県鹿児島市西陵８丁目２８－１１", "緯度": 31.584438, "経度": 130.50304, "url": "https://www.iryou.teikyouseido.mhlw.go.jp/znk-web/juminkanja/S2430/initialize?prefCd=46&kikanCd=40039&kikanKbn=3", "url2": null, "内容": "さこだ歯科クリニック【3:歯科】鹿児島県鹿児島市西陵８丁目２８－１１" }, "geometry": { "type": "Point", "coordinates": [ 130.50304, 31.584438 ] } },
{ "type": "Feature", "properties": { "ID": 46340049, "正式名称": "瀬戸歯科クリニック", "機関区分": 3, "都道府県コード": 46, "市区町村コード": 201, "所在地": "鹿児島県鹿児島市鴨池新町５－６　鹿児島県プロパンガス会館１階", "緯度": 31.554012, "経度": 130.557248, "url": "https://www.iryou.teikyouseido.mhlw.go.jp/znk-web/juminkanja/S2430/initialize?prefCd=46&kikanCd=40049&kikanKbn=3", "url2": "https://www.seto-dc.com", "内容": "瀬戸歯科クリニック【3:歯科】鹿児島県鹿児島市鴨池新町５－６　鹿児島県プロパンガス会館１階" }, "geometry": { "type": "Point", "coordinates": [ 130.557248, 31.554012 ] } },
{ "type": "Feature", "properties": { "ID": 46340054, "正式名称": "医療法人ハヤの会田中矯正歯科", "機関区分": 3, "都道府県コード": 46, "市区町村コード": 201, "所在地": "鹿児島県鹿児島市中央町", "緯度": 31.583124, "経度": 130.542837, "url": "https://www.iryou.teikyouseido.mhlw.go.jp/znk-web/juminkanja/S2430/initialize?prefCd=46&kikanCd=40054&kikanKbn=3", "url2": "hayanokai.com", "内容": "医療法人ハヤの会田中矯正歯科【3:歯科】鹿児島県鹿児島市中央町" }, "geometry": { "type": "Point", "coordinates": [ 130.542837, 31.583124 ] } },
{ "type": "Feature", "properties": { "ID": 46340055, "正式名称": "医療法人田中大介歯科医院", "機関区分": 3, "都道府県コード": 46, "市区町村コード": 201, "所在地": "鹿児島県鹿児島市郡元１−４−６", "緯度": 31.565396, "経度": 130.541881, "url": "https://www.iryou.teikyouseido.mhlw.go.jp/znk-web/juminkanja/S2430/initialize?prefCd=46&kikanCd=40055&kikanKbn=3", "url2": "www.citydo.com/prf/kagoshima/guide/sg/560000884.html", "内容": "医療法人田中大介歯科医院【3:歯科】鹿児島県鹿児島市郡元１−４−６" }, "geometry": { "type": "Point", "coordinates": [ 130.541881, 31.565396 ] } },
{ "type": "Feature", "properties": { "ID": 46340056, "正式名称": "玉井歯科クリニック", "機関区分": 3, "都道府県コード": 46, "市区町村コード": 201, "所在地": "鹿児島県鹿児島市荒田１－５０－１８吉見ビル２０３号", "緯度": 31.574919, "経度": 130.547878, "url": "https://www.iryou.teikyouseido.mhlw.go.jp/znk-web/juminkanja/S2430/initialize?prefCd=46&kikanCd=40056&kikanKbn=3", "url2": null, "内容": "玉井歯科クリニック【3:歯科】鹿児島県鹿児島市荒田１－５０－１８吉見ビル２０３号" }, "geometry": { "type": "Point", "coordinates": [ 130.547878, 31.574919 ] } },
{ "type": "Feature", "properties": { "ID": 46340057, "正式名称": "医療法人清新会　玉利歯科", "機関区分": 3, "都道府県コード": 46, "市区町村コード": 201, "所在地": "鹿児島県鹿児島市武１丁目３０―１１", "緯度": 31.579108, "経度": 130.539287, "url": "https://www.iryou.teikyouseido.mhlw.go.jp/znk-web/juminkanja/S2430/initialize?prefCd=46&kikanCd=40057&kikanKbn=3", "url2": "https://jorandrum.wixsite.com/my-site-4", "内容": "医療法人清新会　玉利歯科【3:歯科】鹿児島県鹿児島市武１丁目３０―１１" }, "geometry": { "type": "Point", "coordinates": [ 130.539287, 31.579108 ] } },
{ "type": "Feature", "properties": { "ID": 46340058, "正式名称": "玉利きよたか歯科", "機関区分": 3, "都道府県コード": 46, "市区町村コード": 201, "所在地": "鹿児島県鹿児島市田上５－３－５", "緯度": 31.576527, "経度": 130.52596, "url": "https://www.iryou.teikyouseido.mhlw.go.jp/znk-web/juminkanja/S2430/initialize?prefCd=46&kikanCd=40058&kikanKbn=3", "url2": null, "内容": "玉利きよたか歯科【3:歯科】鹿児島県鹿児島市田上５－３－５" }, "geometry": { "type": "Point", "coordinates": [ 130.52596, 31.576527 ] } },
{ "type": "Feature", "properties": { "ID": 46340061, "正式名称": "永田デンタルクリニック", "機関区分": 3, "都道府県コード": 46, "市区町村コード": 201, "所在地": "鹿児島県鹿児島市上荒田町２０－１０", "緯度": 31.576675, "経度": 130.542898, "url": "https://www.iryou.teikyouseido.mhlw.go.jp/znk-web/juminkanja/S2430/initialize?prefCd=46&kikanCd=40061&kikanKbn=3", "url2": "http://www.nagata-shika.net", "内容": "永田デンタルクリニック【3:歯科】鹿児島県鹿児島市上荒田町２０－１０" }, "geometry": { "type": "Point", "coordinates": [ 130.542898, 31.576675 ] } },
{ "type": "Feature", "properties": { "ID": 46340062, "正式名称": "なかま歯科医院", "機関区分": 3, "都道府県コード": 46, "市区町村コード": 201, "所在地": "鹿児島県鹿児島市武岡５丁目１６－１４", "緯度": 31.597419, "経度": 130.508961, "url": "https://www.iryou.teikyouseido.mhlw.go.jp/znk-web/juminkanja/S2430/initialize?prefCd=46&kikanCd=40062&kikanKbn=3", "url2": null, "内容": "なかま歯科医院【3:歯科】鹿児島県鹿児島市武岡５丁目１６－１４" }, "geometry": { "type": "Point", "coordinates": [ 130.508961, 31.597419 ] } },
{ "type": "Feature", "properties": { "ID": 46340073, "正式名称": "羽生歯科医院", "機関区分": 3, "都道府県コード": 46, "市区町村コード": 201, "所在地": "鹿児島県鹿児島市荒田２－１２－８", "緯度": 31.571437, "経度": 130.552117, "url": "https://www.iryou.teikyouseido.mhlw.go.jp/znk-web/juminkanja/S2430/initialize?prefCd=46&kikanCd=40073&kikanKbn=3", "url2": null, "内容": "羽生歯科医院【3:歯科】鹿児島県鹿児島市荒田２－１２－８" }, "geometry": { "type": "Point", "coordinates": [ 130.552117, 31.571437 ] } },
{ "type": "Feature", "properties": { "ID": 46340075, "正式名称": "浜島歯科医院", "機関区分": 3, "都道府県コード": 46, "市区町村コード": 201, "所在地": "鹿児島県鹿児島市中央町３６－１７", "緯度": 31.578891, "経度": 130.542983, "url": "https://www.iryou.teikyouseido.mhlw.go.jp/znk-web/juminkanja/S2430/initialize?prefCd=46&kikanCd=40075&kikanKbn=3", "url2": "https://hamashima-dc.com", "内容": "浜島歯科医院【3:歯科】鹿児島県鹿児島市中央町３６－１７" }, "geometry": { "type": "Point", "coordinates": [ 130.542983, 31.578891 ] } },
{ "type": "Feature", "properties": { "ID": 46340077, "正式名称": "浜田歯科医院", "機関区分": 3, "都道府県コード": 46, "市区町村コード": 201, "所在地": "鹿児島県鹿児島市郡元２－２－３", "緯度": 31.563906, "経度": 130.54549, "url": "https://www.iryou.teikyouseido.mhlw.go.jp/znk-web/juminkanja/S2430/initialize?prefCd=46&kikanCd=40077&kikanKbn=3", "url2": null, "内容": "浜田歯科医院【3:歯科】鹿児島県鹿児島市郡元２－２－３" }, "geometry": { "type": "Point", "coordinates": [ 130.54549, 31.563906 ] } },
{ "type": "Feature", "properties": { "ID": 46340082, "正式名称": "医療法人　清隆会　平山歯科医院", "機関区分": 3, "都道府県コード": 46, "市区町村コード": 201, "所在地": "鹿児島県鹿児島市真砂町５―５", "緯度": 31.561208, "経度": 130.551075, "url": "https://www.iryou.teikyouseido.mhlw.go.jp/znk-web/juminkanja/S2430/initialize?prefCd=46&kikanCd=40082&kikanKbn=3", "url2": "http://plus.dentamap.jp/hpplus/user/hirayamadc482/", "内容": "医療法人　清隆会　平山歯科医院【3:歯科】鹿児島県鹿児島市真砂町５―５" }, "geometry": { "type": "Point", "coordinates": [ 130.551075, 31.561208 ] } },
{ "type": "Feature", "properties": { "ID": 46340089, "正式名称": "古屋敷歯科クリニック", "機関区分": 3, "都道府県コード": 46, "市区町村コード": 201, "所在地": "鹿児島県鹿児島市宇宿３－１９－５", "緯度": 31.540886, "経度": 130.535783, "url": "https://www.iryou.teikyouseido.mhlw.go.jp/znk-web/juminkanja/S2430/initialize?prefCd=46&kikanCd=40089&kikanKbn=3", "url2": "https://furuyashiki.jp/", "内容": "古屋敷歯科クリニック【3:歯科】鹿児島県鹿児島市宇宿３－１９－５" }, "geometry": { "type": "Point", "coordinates": [ 130.535783, 31.540886 ] } },
{ "type": "Feature", "properties": { "ID": 46340090, "正式名称": "堀川歯科医院", "機関区分": 3, "都道府県コード": 46, "市区町村コード": 201, "所在地": "鹿児島県鹿児島市天保山町１３－１５", "緯度": 31.57232, "経度": 130.563111, "url": "https://www.iryou.teikyouseido.mhlw.go.jp/znk-web/juminkanja/S2430/initialize?prefCd=46&kikanCd=40090&kikanKbn=3", "url2": "https://www.horikawasika.com/", "内容": "堀川歯科医院【3:歯科】鹿児島県鹿児島市天保山町１３－１５" }, "geometry": { "type": "Point", "coordinates": [ 130.563111, 31.57232 ] } },
{ "type": "Feature", "properties": { "ID": 46340091, "正式名称": "堀之内歯科医院", "機関区分": 3, "都道府県コード": 46, "市区町村コード": 201, "所在地": "鹿児島県鹿児島市宇宿６丁目１９－７　オリオン１Ｆ", "緯度": 31.552076, "経度": 130.528713, "url": "https://www.iryou.teikyouseido.mhlw.go.jp/znk-web/juminkanja/S2430/initialize?prefCd=46&kikanCd=40091&kikanKbn=3", "url2": null, "内容": "堀之内歯科医院【3:歯科】鹿児島県鹿児島市宇宿６丁目１９－７　オリオン１Ｆ" }, "geometry": { "type": "Point", "coordinates": [ 130.528713, 31.552076 ] } },
{ "type": "Feature", "properties": { "ID": 46340093, "正式名称": "前田歯科クリニック", "機関区分": 3, "都道府県コード": 46, "市区町村コード": 201, "所在地": "鹿児島県鹿児島市田上５−３４−６０", "緯度": 31.573088, "経度": 130.521424, "url": "https://www.iryou.teikyouseido.mhlw.go.jp/znk-web/juminkanja/S2430/initialize?prefCd=46&kikanCd=40093&kikanKbn=3", "url2": "https://www.maeda-dc.jimdoweb.com", "内容": "前田歯科クリニック【3:歯科】鹿児島県鹿児島市田上５−３４−６０" }, "geometry": { "type": "Point", "coordinates": [ 130.521424, 31.573088 ] } },
{ "type": "Feature", "properties": { "ID": 46340095, "正式名称": "医療法人柏松会　松村歯科醫院", "機関区分": 3, "都道府県コード": 46, "市区町村コード": 201, "所在地": "鹿児島県鹿児島市荒田１－１２－５", "緯度": 31.577472, "経度": 130.552642, "url": "https://www.iryou.teikyouseido.mhlw.go.jp/znk-web/juminkanja/S2430/initialize?prefCd=46&kikanCd=40095&kikanKbn=3", "url2": "http://ww.dental-matsumura.jp/", "内容": "医療法人柏松会　松村歯科醫院【3:歯科】鹿児島県鹿児島市荒田１－１２－５" }, "geometry": { "type": "Point", "coordinates": [ 130.552642, 31.577472 ] } },
{ "type": "Feature", "properties": { "ID": 46340100, "正式名称": "村岡歯科", "機関区分": 3, "都道府県コード": 46, "市区町村コード": 201, "所在地": "鹿児島県鹿児島市武２－１２－２", "緯度": 31.582027, "経度": 130.537787, "url": "https://www.iryou.teikyouseido.mhlw.go.jp/znk-web/juminkanja/S2430/initialize?prefCd=46&kikanCd=40100&kikanKbn=3", "url2": "http://itp.ne.jp/dcm-bin/docomo?uid=NULLGWDOCOMO&Z34=mail&AC=T00&mail=1&i=KN4600060600186753&m=m&svc=4903&Z01=K3", "内容": "村岡歯科【3:歯科】鹿児島県鹿児島市武２－１２－２" }, "geometry": { "type": "Point", "coordinates": [ 130.537787, 31.582027 ] } },
{ "type": "Feature", "properties": { "ID": 46340102, "正式名称": "毛利歯科クリニック", "機関区分": 3, "都道府県コード": 46, "市区町村コード": 201, "所在地": "鹿児島県鹿児島市鴨池新町６－６鴨池南国ビル２階", "緯度": 31.558325, "経度": 130.556689, "url": "https://www.iryou.teikyouseido.mhlw.go.jp/znk-web/juminkanja/S2430/initialize?prefCd=46&kikanCd=40102&kikanKbn=3", "url2": "http://www.mouri-dc.com/", "内容": "毛利歯科クリニック【3:歯科】鹿児島県鹿児島市鴨池新町６－６鴨池南国ビル２階" }, "geometry": { "type": "Point", "coordinates": [ 130.556689, 31.558325 ] } },
{ "type": "Feature", "properties": { "ID": 46340106, "正式名称": "山内歯科クリニック", "機関区分": 3, "都道府県コード": 46, "市区町村コード": 201, "所在地": "鹿児島県鹿児島市武岡４－２２－１８", "緯度": 31.594284, "経度": 130.5106, "url": "https://www.iryou.teikyouseido.mhlw.go.jp/znk-web/juminkanja/S2430/initialize?prefCd=46&kikanCd=40106&kikanKbn=3", "url2": null, "内容": "山内歯科クリニック【3:歯科】鹿児島県鹿児島市武岡４－２２－１８" }, "geometry": { "type": "Point", "coordinates": [ 130.5106, 31.594284 ] } },
{ "type": "Feature", "properties": { "ID": 46340108, "正式名称": "山下歯科", "機関区分": 3, "都道府県コード": 46, "市区町村コード": 201, "所在地": "鹿児島県鹿児島市中央町５－４１", "緯度": 31.584505, "経度": 130.546442, "url": "https://www.iryou.teikyouseido.mhlw.go.jp/znk-web/juminkanja/S2430/initialize?prefCd=46&kikanCd=40108&kikanKbn=3", "url2": null, "内容": "山下歯科【3:歯科】鹿児島県鹿児島市中央町５－４１" }, "geometry": { "type": "Point", "coordinates": [ 130.546442, 31.584505 ] } },
{ "type": "Feature", "properties": { "ID": 46340109, "正式名称": "友愛歯科医院", "機関区分": 3, "都道府県コード": 46, "市区町村コード": 201, "所在地": "鹿児島県鹿児島市喜入町６０７５－７", "緯度": 31.380339, "経度": 130.543145, "url": "https://www.iryou.teikyouseido.mhlw.go.jp/znk-web/juminkanja/S2430/initialize?prefCd=46&kikanCd=40109&kikanKbn=3", "url2": null, "内容": "友愛歯科医院【3:歯科】鹿児島県鹿児島市喜入町６０７５－７" }, "geometry": { "type": "Point", "coordinates": [ 130.543145, 31.380339 ] } },
{ "type": "Feature", "properties": { "ID": 46340110, "正式名称": "吉嶺歯科", "機関区分": 3, "都道府県コード": 46, "市区町村コード": 201, "所在地": "鹿児島県鹿児島市郡元２－８－２２", "緯度": 31.563054, "経度": 130.547599, "url": "https://www.iryou.teikyouseido.mhlw.go.jp/znk-web/juminkanja/S2430/initialize?prefCd=46&kikanCd=40110&kikanKbn=3", "url2": null, "内容": "吉嶺歯科【3:歯科】鹿児島県鹿児島市郡元２－８－２２" }, "geometry": { "type": "Point", "coordinates": [ 130.547599, 31.563054 ] } },
{ "type": "Feature", "properties": { "ID": 46340115, "正式名称": "アクア矯正歯科", "機関区分": 3, "都道府県コード": 46, "市区町村コード": 201, "所在地": "鹿児島県鹿児島市金生町６番９号　金生ビル２階", "緯度": 31.593573, "経度": 130.557619, "url": "https://www.iryou.teikyouseido.mhlw.go.jp/znk-web/juminkanja/S2430/initialize?prefCd=46&kikanCd=40115&kikanKbn=3", "url2": "http://aqua.s1007.xrea.com/", "内容": "アクア矯正歯科【3:歯科】鹿児島県鹿児島市金生町６番９号　金生ビル２階" }, "geometry": { "type": "Point", "coordinates": [ 130.557619, 31.593573 ] } },
{ "type": "Feature", "properties": { "ID": 46340117, "正式名称": "有馬歯科医院", "機関区分": 3, "都道府県コード": 46, "市区町村コード": 201, "所在地": "鹿児島県鹿児島市吉野３丁目５９番１号", "緯度": 31.657181, "経度": 130.568475, "url": "https://www.iryou.teikyouseido.mhlw.go.jp/znk-web/juminkanja/S2430/initialize?prefCd=46&kikanCd=40117&kikanKbn=3", "url2": "http://www.arimashika.com", "内容": "有馬歯科医院【3:歯科】鹿児島県鹿児島市吉野３丁目５９番１号" }, "geometry": { "type": "Point", "coordinates": [ 130.568475, 31.657181 ] } },
{ "type": "Feature", "properties": { "ID": 46340120, "正式名称": "医療法人市来歯科", "機関区分": 3, "都道府県コード": 46, "市区町村コード": 201, "所在地": "鹿児島県鹿児島市山之口町５－６", "緯度": 31.587099, "経度": 130.552936, "url": "https://www.iryou.teikyouseido.mhlw.go.jp/znk-web/juminkanja/S2430/initialize?prefCd=46&kikanCd=40120&kikanKbn=3", "url2": "https://iichikishika.synapse.kagoshima.jp/", "内容": "医療法人市来歯科【3:歯科】鹿児島県鹿児島市山之口町５－６" }, "geometry": { "type": "Point", "coordinates": [ 130.552936, 31.587099 ] } },
{ "type": "Feature", "properties": { "ID": 46340121, "正式名称": "いぢち歯科クリニック", "機関区分": 3, "都道府県コード": 46, "市区町村コード": 201, "所在地": "鹿児島県鹿児島市松原町６番２号松原ハイツ２０３号", "緯度": 31.561083, "経度": 130.557728, "url": "https://www.iryou.teikyouseido.mhlw.go.jp/znk-web/juminkanja/S2430/initialize?prefCd=46&kikanCd=40121&kikanKbn=3", "url2": null, "内容": "いぢち歯科クリニック【3:歯科】鹿児島県鹿児島市松原町６番２号松原ハイツ２０３号" }, "geometry": { "type": "Point", "coordinates": [ 130.557728, 31.561083 ] } },
{ "type": "Feature", "properties": { "ID": 46340130, "正式名称": "奥田歯科", "機関区分": 3, "都道府県コード": 46, "市区町村コード": 201, "所在地": "鹿児島県鹿児島市吉野町５５９０番地６", "緯度": 31.638097, "経度": 130.580431, "url": "https://www.iryou.teikyouseido.mhlw.go.jp/znk-web/juminkanja/S2430/initialize?prefCd=46&kikanCd=40130&kikanKbn=3", "url2": null, "内容": "奥田歯科【3:歯科】鹿児島県鹿児島市吉野町５５９０番地６" }, "geometry": { "type": "Point", "coordinates": [ 130.580431, 31.638097 ] } },
{ "type": "Feature", "properties": { "ID": 46340131, "正式名称": "医療法人小田原歯科", "機関区分": 3, "都道府県コード": 46, "市区町村コード": 201, "所在地": "鹿児島県鹿児島市吉野町３３５５番地５８", "緯度": 31.644814, "経度": 130.574744, "url": "https://www.iryou.teikyouseido.mhlw.go.jp/znk-web/juminkanja/S2430/initialize?prefCd=46&kikanCd=40131&kikanKbn=3", "url2": null, "内容": "医療法人小田原歯科【3:歯科】鹿児島県鹿児島市吉野町３３５５番地５８" }, "geometry": { "type": "Point", "coordinates": [ 130.574744, 31.644814 ] } },
{ "type": "Feature", "properties": { "ID": 46340132, "正式名称": "柿本寺ビル四元歯科", "機関区分": 3, "都道府県コード": 46, "市区町村コード": 201, "所在地": "鹿児島県鹿児島市加治屋町１番１８号", "緯度": 31.586854, "経度": 130.548159, "url": "https://www.iryou.teikyouseido.mhlw.go.jp/znk-web/juminkanja/S2430/initialize?prefCd=46&kikanCd=40132&kikanKbn=3", "url2": "https://yotsumoto118.com/", "内容": "柿本寺ビル四元歯科【3:歯科】鹿児島県鹿児島市加治屋町１番１８号" }, "geometry": { "type": "Point", "coordinates": [ 130.548159, 31.586854 ] } },
{ "type": "Feature", "properties": { "ID": 46340134, "正式名称": "かまつき歯科", "機関区分": 3, "都道府県コード": 46, "市区町村コード": 201, "所在地": "鹿児島県鹿児島市柳町６－２６", "緯度": 31.603854, "経度": 130.562712, "url": "https://www.iryou.teikyouseido.mhlw.go.jp/znk-web/juminkanja/S2430/initialize?prefCd=46&kikanCd=40134&kikanKbn=3", "url2": null, "内容": "かまつき歯科【3:歯科】鹿児島県鹿児島市柳町６－２６" }, "geometry": { "type": "Point", "coordinates": [ 130.562712, 31.603854 ] } },
{ "type": "Feature", "properties": { "ID": 46340139, "正式名称": "医療法人　きたぞの歯科矯正", "機関区分": 3, "都道府県コード": 46, "市区町村コード": 201, "所在地": "鹿児島県鹿児島市南林寺町２５番１号", "緯度": 31.586435, "経度": 130.560008, "url": "https://www.iryou.teikyouseido.mhlw.go.jp/znk-web/juminkanja/S2430/initialize?prefCd=46&kikanCd=40139&kikanKbn=3", "url2": "http://www.kitazono-ortho.com/", "内容": "医療法人　きたぞの歯科矯正【3:歯科】鹿児島県鹿児島市南林寺町２５番１号" }, "geometry": { "type": "Point", "coordinates": [ 130.560008, 31.586435 ] } },
{ "type": "Feature", "properties": { "ID": 46340149, "正式名称": "下田平歯科クリニック", "機関区分": 3, "都道府県コード": 46, "市区町村コード": 201, "所在地": "鹿児島県鹿児島市堀江町１６番８号", "緯度": 31.590772, "経度": 130.560469, "url": "https://www.iryou.teikyouseido.mhlw.go.jp/znk-web/juminkanja/S2430/initialize?prefCd=46&kikanCd=40149&kikanKbn=3", "url2": "https://www.shimotahira-shika-clinic.com", "内容": "下田平歯科クリニック【3:歯科】鹿児島県鹿児島市堀江町１６番８号" }, "geometry": { "type": "Point", "coordinates": [ 130.560469, 31.590772 ] } },
{ "type": "Feature", "properties": { "ID": 46340156, "正式名称": "医療法人幸誠会高見馬場歯科", "機関区分": 3, "都道府県コード": 46, "市区町村コード": 201, "所在地": "鹿児島県鹿児島市西千石町１１ー３０", "緯度": 31.588397, "経度": 130.549785, "url": "https://www.iryou.teikyouseido.mhlw.go.jp/znk-web/juminkanja/S2430/initialize?prefCd=46&kikanCd=40156&kikanKbn=3", "url2": "http://dental.takamibaba.jp/", "内容": "医療法人幸誠会高見馬場歯科【3:歯科】鹿児島県鹿児島市西千石町１１ー３０" }, "geometry": { "type": "Point", "coordinates": [ 130.549785, 31.588397 ] } },
{ "type": "Feature", "properties": { "ID": 46340157, "正式名称": "田島歯科医院", "機関区分": 3, "都道府県コード": 46, "市区町村コード": 201, "所在地": "鹿児島県鹿児島市東千石町", "緯度": 31.592163, "経度": 130.55249, "url": "https://www.iryou.teikyouseido.mhlw.go.jp/znk-web/juminkanja/S2430/initialize?prefCd=46&kikanCd=40157&kikanKbn=3", "url2": "http://www5.ocn.ne.jp/~tajima/", "内容": "田島歯科医院【3:歯科】鹿児島県鹿児島市東千石町" }, "geometry": { "type": "Point", "coordinates": [ 130.55249, 31.592163 ] } },
{ "type": "Feature", "properties": { "ID": 46340158, "正式名称": "谷口歯科医院", "機関区分": 3, "都道府県コード": 46, "市区町村コード": 201, "所在地": "鹿児島県鹿児島市東千石町８－１６", "緯度": 31.598839, "経度": 130.556849, "url": "https://www.iryou.teikyouseido.mhlw.go.jp/znk-web/juminkanja/S2430/initialize?prefCd=46&kikanCd=40158&kikanKbn=3", "url2": null, "内容": "谷口歯科医院【3:歯科】鹿児島県鹿児島市東千石町８－１６" }, "geometry": { "type": "Point", "coordinates": [ 130.556849, 31.598839 ] } },
{ "type": "Feature", "properties": { "ID": 46340161, "正式名称": "ちらん歯科クリニック", "機関区分": 3, "都道府県コード": 46, "市区町村コード": 201, "所在地": "鹿児島県鹿児島市吉野３－１５－１", "緯度": 31.648081, "経度": 130.569519, "url": "https://www.iryou.teikyouseido.mhlw.go.jp/znk-web/juminkanja/S2430/initialize?prefCd=46&kikanCd=40161&kikanKbn=3", "url2": null, "内容": "ちらん歯科クリニック【3:歯科】鹿児島県鹿児島市吉野３－１５－１" }, "geometry": { "type": "Point", "coordinates": [ 130.569519, 31.648081 ] } },
{ "type": "Feature", "properties": { "ID": 46340162, "正式名称": "つかさ歯科医院", "機関区分": 3, "都道府県コード": 46, "市区町村コード": 201, "所在地": "鹿児島県鹿児島市吉野１丁目３０番２０号", "緯度": 31.647596, "経度": 130.566882, "url": "https://www.iryou.teikyouseido.mhlw.go.jp/znk-web/juminkanja/S2430/initialize?prefCd=46&kikanCd=40162&kikanKbn=3", "url2": null, "内容": "つかさ歯科医院【3:歯科】鹿児島県鹿児島市吉野１丁目３０番２０号" }, "geometry": { "type": "Point", "coordinates": [ 130.566882, 31.647596 ] } },
{ "type": "Feature", "properties": { "ID": 46340164, "正式名称": "鶴丸歯科医院", "機関区分": 3, "都道府県コード": 46, "市区町村コード": 201, "所在地": "鹿児島県鹿児島市名山町１－３鹿児島ビル６階", "緯度": 31.594593, "経度": 130.557554, "url": "https://www.iryou.teikyouseido.mhlw.go.jp/znk-web/juminkanja/S2430/initialize?prefCd=46&kikanCd=40164&kikanKbn=3", "url2": "http://tsuru-dental.blogdehp.ne.jp", "内容": "鶴丸歯科医院【3:歯科】鹿児島県鹿児島市名山町１－３鹿児島ビル６階" }, "geometry": { "type": "Point", "coordinates": [ 130.557554, 31.594593 ] } },
{ "type": "Feature", "properties": { "ID": 46340169, "正式名称": "なかぞの歯科医院", "機関区分": 3, "都道府県コード": 46, "市区町村コード": 201, "所在地": "鹿児島県鹿児島市坂元町", "緯度": 31.619176, "経度": 130.552153, "url": "https://www.iryou.teikyouseido.mhlw.go.jp/znk-web/juminkanja/S2430/initialize?prefCd=46&kikanCd=40169&kikanKbn=3", "url2": null, "内容": "なかぞの歯科医院【3:歯科】鹿児島県鹿児島市坂元町" }, "geometry": { "type": "Point", "coordinates": [ 130.552153, 31.619176 ] } },
{ "type": "Feature", "properties": { "ID": 46340171, "正式名称": "長田歯科医院", "機関区分": 3, "都道府県コード": 46, "市区町村コード": 201, "所在地": "鹿児島県鹿児島市易居町", "緯度": 31.597734, "経度": 130.55858, "url": "https://www.iryou.teikyouseido.mhlw.go.jp/znk-web/juminkanja/S2430/initialize?prefCd=46&kikanCd=40171&kikanKbn=3", "url2": null, "内容": "長田歯科医院【3:歯科】鹿児島県鹿児島市易居町" }, "geometry": { "type": "Point", "coordinates": [ 130.55858, 31.597734 ] } },
{ "type": "Feature", "properties": { "ID": 46340173, "正式名称": "中村歯科医院", "機関区分": 3, "都道府県コード": 46, "市区町村コード": 201, "所在地": "鹿児島県鹿児島市堀江町８－２３", "緯度": 31.588967, "経度": 130.560458, "url": "https://www.iryou.teikyouseido.mhlw.go.jp/znk-web/juminkanja/S2430/initialize?prefCd=46&kikanCd=40173&kikanKbn=3", "url2": null, "内容": "中村歯科医院【3:歯科】鹿児島県鹿児島市堀江町８－２３" }, "geometry": { "type": "Point", "coordinates": [ 130.560458, 31.588967 ] } },
{ "type": "Feature", "properties": { "ID": 46340188, "正式名称": "ひらかわ歯科クリニック", "機関区分": 3, "都道府県コード": 46, "市区町村コード": 201, "所在地": "鹿児島県鹿児島市山下町９－２８－２Ｆ", "緯度": 31.59553, "経度": 130.557135, "url": "https://www.iryou.teikyouseido.mhlw.go.jp/znk-web/juminkanja/S2430/initialize?prefCd=46&kikanCd=40188&kikanKbn=3", "url2": "hirakawa-dc.jp", "内容": "ひらかわ歯科クリニック【3:歯科】鹿児島県鹿児島市山下町９－２８－２Ｆ" }, "geometry": { "type": "Point", "coordinates": [ 130.557135, 31.59553 ] } },
{ "type": "Feature", "properties": { "ID": 46340189, "正式名称": "ひらはら歯科医院", "機関区分": 3, "都道府県コード": 46, "市区町村コード": 201, "所在地": "鹿児島県鹿児島市吉野町２５７１ー１", "緯度": 31.639288, "経度": 130.564147, "url": "https://www.iryou.teikyouseido.mhlw.go.jp/znk-web/juminkanja/S2430/initialize?prefCd=46&kikanCd=40189&kikanKbn=3", "url2": null, "内容": "ひらはら歯科医院【3:歯科】鹿児島県鹿児島市吉野町２５７１ー１" }, "geometry": { "type": "Point", "coordinates": [ 130.564147, 31.639288 ] } },
{ "type": "Feature", "properties": { "ID": 46340195, "正式名称": "医療法人真智会増山歯科医院", "機関区分": 3, "都道府県コード": 46, "市区町村コード": 201, "所在地": "鹿児島県鹿児島市吉野町　３２３９−２７", "緯度": 31.642822, "経度": 130.572203, "url": "https://www.iryou.teikyouseido.mhlw.go.jp/znk-web/juminkanja/S2430/initialize?prefCd=46&kikanCd=40195&kikanKbn=3", "url2": "https://www.8020kda.jp/dentalsearch/d0842/", "内容": "医療法人真智会増山歯科医院【3:歯科】鹿児島県鹿児島市吉野町　３２３９−２７" }, "geometry": { "type": "Point", "coordinates": [ 130.572203, 31.642822 ] } },
{ "type": "Feature", "properties": { "ID": 46340197, "正式名称": "まり歯科", "機関区分": 3, "都道府県コード": 46, "市区町村コード": 201, "所在地": "鹿児島県鹿児島市東千石町１０－１４青柳ビル２Ｆ", "緯度": 31.590882, "経度": 130.55372, "url": "https://www.iryou.teikyouseido.mhlw.go.jp/znk-web/juminkanja/S2430/initialize?prefCd=46&kikanCd=40197&kikanKbn=3", "url2": "URL:http://www.mari-dc.com", "内容": "まり歯科【3:歯科】鹿児島県鹿児島市東千石町１０－１４青柳ビル２Ｆ" }, "geometry": { "type": "Point", "coordinates": [ 130.55372, 31.590882 ] } },
{ "type": "Feature", "properties": { "ID": 46340198, "正式名称": "みずえだに歯科", "機関区分": 3, "都道府県コード": 46, "市区町村コード": 201, "所在地": "鹿児島県鹿児島市吉野町３９２５番地３", "緯度": 31.652523, "経度": 130.575063, "url": "https://www.iryou.teikyouseido.mhlw.go.jp/znk-web/juminkanja/S2430/initialize?prefCd=46&kikanCd=40198&kikanKbn=3", "url2": "http://www.mizuedani-dc.com/pc/index.html", "内容": "みずえだに歯科【3:歯科】鹿児島県鹿児島市吉野町３９２５番地３" }, "geometry": { "type": "Point", "coordinates": [ 130.575063, 31.652523 ] } },
{ "type": "Feature", "properties": { "ID": 46340199, "正式名称": "南谷歯科医院", "機関区分": 3, "都道府県コード": 46, "市区町村コード": 201, "所在地": "鹿児島県鹿児島市大明丘２−１８−１", "緯度": 31.630864, "経度": 130.568738, "url": "https://www.iryou.teikyouseido.mhlw.go.jp/znk-web/juminkanja/S2430/initialize?prefCd=46&kikanCd=40199&kikanKbn=3", "url2": "http://www.minamitani-dc.com/", "内容": "南谷歯科医院【3:歯科】鹿児島県鹿児島市大明丘２−１８−１" }, "geometry": { "type": "Point", "coordinates": [ 130.568738, 31.630864 ] } },
{ "type": "Feature", "properties": { "ID": 46340200, "正式名称": "宮ノ下歯科クリニック", "機関区分": 3, "都道府県コード": 46, "市区町村コード": 201, "所在地": "鹿児島県鹿児島市吉野四丁目３７番１３号", "緯度": 31.648182, "経度": 130.571793, "url": "https://www.iryou.teikyouseido.mhlw.go.jp/znk-web/juminkanja/S2430/initialize?prefCd=46&kikanCd=40200&kikanKbn=3", "url2": "https://miyanoshita.jimdofree.com/", "内容": "宮ノ下歯科クリニック【3:歯科】鹿児島県鹿児島市吉野四丁目３７番１３号" }, "geometry": { "type": "Point", "coordinates": [ 130.571793, 31.648182 ] } },
{ "type": "Feature", "properties": { "ID": 46340202, "正式名称": "基井歯科医院", "機関区分": 3, "都道府県コード": 46, "市区町村コード": 201, "所在地": "鹿児島県鹿児島市玉里団地３－１０－７", "緯度": 31.61885, "経度": 130.551569, "url": "https://www.iryou.teikyouseido.mhlw.go.jp/znk-web/juminkanja/S2430/initialize?prefCd=46&kikanCd=40202&kikanKbn=3", "url2": null, "内容": "基井歯科医院【3:歯科】鹿児島県鹿児島市玉里団地３－１０－７" }, "geometry": { "type": "Point", "coordinates": [ 130.551569, 31.61885 ] } },
{ "type": "Feature", "properties": { "ID": 46340204, "正式名称": "安田歯科医院", "機関区分": 3, "都道府県コード": 46, "市区町村コード": 201, "所在地": "鹿児島県鹿児島市呉服町５番１４号", "緯度": 31.589931, "経度": 130.557642, "url": "https://www.iryou.teikyouseido.mhlw.go.jp/znk-web/juminkanja/S2430/initialize?prefCd=46&kikanCd=40204&kikanKbn=3", "url2": null, "内容": "安田歯科医院【3:歯科】鹿児島県鹿児島市呉服町５番１４号" }, "geometry": { "type": "Point", "coordinates": [ 130.557642, 31.589931 ] } },
{ "type": "Feature", "properties": { "ID": 46340206, "正式名称": "山形屋歯科坂上医院", "機関区分": 3, "都道府県コード": 46, "市区町村コード": 201, "所在地": "鹿児島県鹿児島市金生町", "緯度": 31.593071, "経度": 130.556917, "url": "https://www.iryou.teikyouseido.mhlw.go.jp/znk-web/juminkanja/S2430/initialize?prefCd=46&kikanCd=40206&kikanKbn=3", "url2": "https://www.yamagataya-sika.jp", "内容": "山形屋歯科坂上医院【3:歯科】鹿児島県鹿児島市金生町" }, "geometry": { "type": "Point", "coordinates": [ 130.556917, 31.593071 ] } },
{ "type": "Feature", "properties": { "ID": 46340207, "正式名称": "よしかわ歯科", "機関区分": 3, "都道府県コード": 46, "市区町村コード": 201, "所在地": "鹿児島県鹿児島市下竜尾町", "緯度": 31.604978, "経度": 130.560665, "url": "https://www.iryou.teikyouseido.mhlw.go.jp/znk-web/juminkanja/S2430/initialize?prefCd=46&kikanCd=40207&kikanKbn=3", "url2": "https://www.yoshikawa-dental.net/", "内容": "よしかわ歯科【3:歯科】鹿児島県鹿児島市下竜尾町" }, "geometry": { "type": "Point", "coordinates": [ 130.560665, 31.604978 ] } },
{ "type": "Feature", "properties": { "ID": 46340208, "正式名称": "医療法人翔優会よしどめ歯科", "機関区分": 3, "都道府県コード": 46, "市区町村コード": 201, "所在地": "鹿児島県鹿児島市大明丘３－９－８", "緯度": 31.630445, "経度": 130.566733, "url": "https://www.iryou.teikyouseido.mhlw.go.jp/znk-web/juminkanja/S2430/initialize?prefCd=46&kikanCd=40208&kikanKbn=3", "url2": "https://www.yoshidome.jp/", "内容": "医療法人翔優会よしどめ歯科【3:歯科】鹿児島県鹿児島市大明丘３－９－８" }, "geometry": { "type": "Point", "coordinates": [ 130.566733, 31.630445 ] } },
{ "type": "Feature", "properties": { "ID": 46340209, "正式名称": "吉元睦男歯科医院", "機関区分": 3, "都道府県コード": 46, "市区町村コード": 201, "所在地": "鹿児島県鹿児島市吉野町３０７３－１４０", "緯度": 31.645604, "経度": 130.573457, "url": "https://www.iryou.teikyouseido.mhlw.go.jp/znk-web/juminkanja/S2430/initialize?prefCd=46&kikanCd=40209&kikanKbn=3", "url2": "https://www.yoshimoto-dental-kagoshima.com/", "内容": "吉元睦男歯科医院【3:歯科】鹿児島県鹿児島市吉野町３０７３－１４０" }, "geometry": { "type": "Point", "coordinates": [ 130.573457, 31.645604 ] } },
{ "type": "Feature", "properties": { "ID": 46340212, "正式名称": "井手歯科医院", "機関区分": 3, "都道府県コード": 46, "市区町村コード": 201, "所在地": "鹿児島県鹿児島市東谷山６－３８－７", "緯度": 31.537421, "経度": 130.523759, "url": "https://www.iryou.teikyouseido.mhlw.go.jp/znk-web/juminkanja/S2430/initialize?prefCd=46&kikanCd=40212&kikanKbn=3", "url2": "http://www.idedental.com/", "内容": "井手歯科医院【3:歯科】鹿児島県鹿児島市東谷山６－３８－７" }, "geometry": { "type": "Point", "coordinates": [ 130.523759, 31.537421 ] } },
{ "type": "Feature", "properties": { "ID": 46340213, "正式名称": "稲田歯科医院", "機関区分": 3, "都道府県コード": 46, "市区町村コード": 201, "所在地": "鹿児島県鹿児島市星ケ峯", "緯度": 31.576777, "経度": 130.49232, "url": "https://www.iryou.teikyouseido.mhlw.go.jp/znk-web/juminkanja/S2430/initialize?prefCd=46&kikanCd=40213&kikanKbn=3", "url2": null, "内容": "稲田歯科医院【3:歯科】鹿児島県鹿児島市星ケ峯" }, "geometry": { "type": "Point", "coordinates": [ 130.49232, 31.576777 ] } },
{ "type": "Feature", "properties": { "ID": 46340215, "正式名称": "大久保歯科口腔外科医院", "機関区分": 3, "都道府県コード": 46, "市区町村コード": 201, "所在地": "鹿児島県鹿児島市谷山中央６丁目２７ー３", "緯度": 31.515634, "経度": 130.509312, "url": "https://www.iryou.teikyouseido.mhlw.go.jp/znk-web/juminkanja/S2430/initialize?prefCd=46&kikanCd=40215&kikanKbn=3", "url2": null, "内容": "大久保歯科口腔外科医院【3:歯科】鹿児島県鹿児島市谷山中央６丁目２７ー３" }, "geometry": { "type": "Point", "coordinates": [ 130.509312, 31.515634 ] } },
{ "type": "Feature", "properties": { "ID": 46340217, "正式名称": "大園歯科医院", "機関区分": 3, "都道府県コード": 46, "市区町村コード": 201, "所在地": "鹿児島県鹿児島市和田３丁目６２番７号", "緯度": 31.506844, "経度": 130.514164, "url": "https://www.iryou.teikyouseido.mhlw.go.jp/znk-web/juminkanja/S2430/initialize?prefCd=46&kikanCd=40217&kikanKbn=3", "url2": null, "内容": "大園歯科医院【3:歯科】鹿児島県鹿児島市和田３丁目６２番７号" }, "geometry": { "type": "Point", "coordinates": [ 130.514164, 31.506844 ] } },
{ "type": "Feature", "properties": { "ID": 46340218, "正式名称": "岡村歯科医院", "機関区分": 3, "都道府県コード": 46, "市区町村コード": 201, "所在地": "鹿児島県鹿児島市坂之上３－２－４８", "緯度": 31.500846, "経度": 130.50337, "url": "https://www.iryou.teikyouseido.mhlw.go.jp/znk-web/juminkanja/S2430/initialize?prefCd=46&kikanCd=40218&kikanKbn=3", "url2": null, "内容": "岡村歯科医院【3:歯科】鹿児島県鹿児島市坂之上３－２－４８" }, "geometry": { "type": "Point", "coordinates": [ 130.50337, 31.500846 ] } },
{ "type": "Feature", "properties": { "ID": 46340219, "正式名称": "おかもと歯科医院", "機関区分": 3, "都道府県コード": 46, "市区町村コード": 201, "所在地": "鹿児島県鹿児島市西谷山４ー１５ー４８", "緯度": 31.524411, "経度": 130.50177, "url": "https://www.iryou.teikyouseido.mhlw.go.jp/znk-web/juminkanja/S2430/initialize?prefCd=46&kikanCd=40219&kikanKbn=3", "url2": "https://okamoto.site/", "内容": "おかもと歯科医院【3:歯科】鹿児島県鹿児島市西谷山４ー１５ー４８" }, "geometry": { "type": "Point", "coordinates": [ 130.50177, 31.524411 ] } },
{ "type": "Feature", "properties": { "ID": 46340222, "正式名称": "オレンジ歯科矯正", "機関区分": 3, "都道府県コード": 46, "市区町村コード": 201, "所在地": "鹿児島県鹿児島市卸本町６－１２", "緯度": 31.514775, "経度": 130.521411, "url": "https://www.iryou.teikyouseido.mhlw.go.jp/znk-web/juminkanja/S2430/initialize?prefCd=46&kikanCd=40222&kikanKbn=3", "url2": null, "内容": "オレンジ歯科矯正【3:歯科】鹿児島県鹿児島市卸本町６－１２" }, "geometry": { "type": "Point", "coordinates": [ 130.521411, 31.514775 ] } },
{ "type": "Feature", "properties": { "ID": 46340223, "正式名称": "梶原歯科", "機関区分": 3, "都道府県コード": 46, "市区町村コード": 201, "所在地": "鹿児島県鹿児島市桜ケ丘５丁目１９ー１０", "緯度": 31.549318, "経度": 130.51593, "url": "https://www.iryou.teikyouseido.mhlw.go.jp/znk-web/juminkanja/S2430/initialize?prefCd=46&kikanCd=40223&kikanKbn=3", "url2": "http://www.kajihara-dental.com", "内容": "梶原歯科【3:歯科】鹿児島県鹿児島市桜ケ丘５丁目１９ー１０" }, "geometry": { "type": "Point", "coordinates": [ 130.51593, 31.549318 ] } },
{ "type": "Feature", "properties": { "ID": 46340226, "正式名称": "川路歯科医院", "機関区分": 3, "都道府県コード": 46, "市区町村コード": 201, "所在地": "鹿児島県鹿児島市谷山中央六丁目１７番１６号", "緯度": 31.515563, "経度": 130.507172, "url": "https://www.iryou.teikyouseido.mhlw.go.jp/znk-web/juminkanja/S2430/initialize?prefCd=46&kikanCd=40226&kikanKbn=3", "url2": "http://www.kawaji-shika.com", "内容": "川路歯科医院【3:歯科】鹿児島県鹿児島市谷山中央六丁目１７番１６号" }, "geometry": { "type": "Point", "coordinates": [ 130.507172, 31.515563 ] } },
{ "type": "Feature", "properties": { "ID": 46340228, "正式名称": "かわべ歯科医院", "機関区分": 3, "都道府県コード": 46, "市区町村コード": 201, "所在地": "鹿児島県鹿児島市坂之上８－１２－２", "緯度": 31.498206, "経度": 130.500244, "url": "https://www.iryou.teikyouseido.mhlw.go.jp/znk-web/juminkanja/S2430/initialize?prefCd=46&kikanCd=40228&kikanKbn=3", "url2": null, "内容": "かわべ歯科医院【3:歯科】鹿児島県鹿児島市坂之上８－１２－２" }, "geometry": { "type": "Point", "coordinates": [ 130.500244, 31.498206 ] } },
{ "type": "Feature", "properties": { "ID": 46340229, "正式名称": "共立歯科クリニック", "機関区分": 3, "都道府県コード": 46, "市区町村コード": 201, "所在地": "鹿児島県鹿児島市山田町３１０−２", "緯度": 31.56654, "経度": 130.49757, "url": "https://www.iryou.teikyouseido.mhlw.go.jp/znk-web/juminkanja/S2430/initialize?prefCd=46&kikanCd=40229&kikanKbn=3", "url2": null, "内容": "共立歯科クリニック【3:歯科】鹿児島県鹿児島市山田町３１０−２" }, "geometry": { "type": "Point", "coordinates": [ 130.49757, 31.56654 ] } },
{ "type": "Feature", "properties": { "ID": 46340233, "正式名称": "黒木歯科医院", "機関区分": 3, "都道府県コード": 46, "市区町村コード": 201, "所在地": "鹿児島県鹿児島市小松原１－５－５", "緯度": 31.538921, "経度": 130.535736, "url": "https://www.iryou.teikyouseido.mhlw.go.jp/znk-web/juminkanja/S2430/initialize?prefCd=46&kikanCd=40233&kikanKbn=3", "url2": "http://www10.ocn.ne.jp/~kurokidc/", "内容": "黒木歯科医院【3:歯科】鹿児島県鹿児島市小松原１－５－５" }, "geometry": { "type": "Point", "coordinates": [ 130.535736, 31.538921 ] } },
{ "type": "Feature", "properties": { "ID": 46340237, "正式名称": "こまい歯科医院", "機関区分": 3, "都道府県コード": 46, "市区町村コード": 201, "所在地": "鹿児島県鹿児島市星ケ峯４丁目１４－１", "緯度": 31.5943, "経度": 130.512022, "url": "https://www.iryou.teikyouseido.mhlw.go.jp/znk-web/juminkanja/S2430/initialize?prefCd=46&kikanCd=40237&kikanKbn=3", "url2": "https://www.komai-shika.com", "内容": "こまい歯科医院【3:歯科】鹿児島県鹿児島市星ケ峯４丁目１４－１" }, "geometry": { "type": "Point", "coordinates": [ 130.512022, 31.5943 ] } },
{ "type": "Feature", "properties": { "ID": 46340241, "正式名称": "医療法人恩和会　さとう歯科医院", "機関区分": 3, "都道府県コード": 46, "市区町村コード": 201, "所在地": "鹿児島県鹿児島市皇徳寺台１丁目１６番１１号", "緯度": 31.560582, "経度": 130.495218, "url": "https://www.iryou.teikyouseido.mhlw.go.jp/znk-web/juminkanja/S2430/initialize?prefCd=46&kikanCd=40241&kikanKbn=3", "url2": "http://www.shiawasedukuri.com", "内容": "医療法人恩和会　さとう歯科医院【3:歯科】鹿児島県鹿児島市皇徳寺台１丁目１６番１１号" }, "geometry": { "type": "Point", "coordinates": [ 130.495218, 31.560582 ] } },
{ "type": "Feature", "properties": { "ID": 46340242, "正式名称": "しもつ歯科医院", "機関区分": 3, "都道府県コード": 46, "市区町村コード": 201, "所在地": "鹿児島県鹿児島市皇徳寺台３−５９ー２５", "緯度": 31.561277, "経度": 130.485974, "url": "https://www.iryou.teikyouseido.mhlw.go.jp/znk-web/juminkanja/S2430/initialize?prefCd=46&kikanCd=40242&kikanKbn=3", "url2": "https://shimotsu.net", "内容": "しもつ歯科医院【3:歯科】鹿児島県鹿児島市皇徳寺台３−５９ー２５" }, "geometry": { "type": "Point", "coordinates": [ 130.485974, 31.561277 ] } },
{ "type": "Feature", "properties": { "ID": 46340243, "正式名称": "白石歯科", "機関区分": 3, "都道府県コード": 46, "市区町村コード": 201, "所在地": "鹿児島県鹿児島市和田１－２３－６ユーミー大御堂Ⅱ２Ｆ", "緯度": 31.514129, "経度": 130.513678, "url": "https://www.iryou.teikyouseido.mhlw.go.jp/znk-web/juminkanja/S2430/initialize?prefCd=46&kikanCd=40243&kikanKbn=3", "url2": null, "内容": "白石歯科【3:歯科】鹿児島県鹿児島市和田１－２３－６ユーミー大御堂Ⅱ２Ｆ" }, "geometry": { "type": "Point", "coordinates": [ 130.513678, 31.514129 ] } },
{ "type": "Feature", "properties": { "ID": 46340244, "正式名称": "白澤歯科医院", "機関区分": 3, "都道府県コード": 46, "市区町村コード": 201, "所在地": "鹿児島県鹿児島市中山１丁目１４－１７　白石ビル１０１", "緯度": 31.54777, "経度": 130.510955, "url": "https://www.iryou.teikyouseido.mhlw.go.jp/znk-web/juminkanja/S2430/initialize?prefCd=46&kikanCd=40244&kikanKbn=3", "url2": null, "内容": "白澤歯科医院【3:歯科】鹿児島県鹿児島市中山１丁目１４－１７　白石ビル１０１" }, "geometry": { "type": "Point", "coordinates": [ 130.510955, 31.54777 ] } },
{ "type": "Feature", "properties": { "ID": 46340247, "正式名称": "瀬戸口たかし歯科", "機関区分": 3, "都道府県コード": 46, "市区町村コード": 201, "所在地": "鹿児島県鹿児島市谷山中央５丁目７番３号", "緯度": 31.518429, "経度": 130.511511, "url": "https://www.iryou.teikyouseido.mhlw.go.jp/znk-web/juminkanja/S2430/initialize?prefCd=46&kikanCd=40247&kikanKbn=3", "url2": "http://stdc.iinaa.net/", "内容": "瀬戸口たかし歯科【3:歯科】鹿児島県鹿児島市谷山中央５丁目７番３号" }, "geometry": { "type": "Point", "coordinates": [ 130.511511, 31.518429 ] } },
{ "type": "Feature", "properties": { "ID": 46340250, "正式名称": "竹下歯科医院", "機関区分": 3, "都道府県コード": 46, "市区町村コード": 201, "所在地": "鹿児島県鹿児島市星ケ峯２丁目６４－５", "緯度": 31.573721, "経度": 130.495123, "url": "https://www.iryou.teikyouseido.mhlw.go.jp/znk-web/juminkanja/S2430/initialize?prefCd=46&kikanCd=40250&kikanKbn=3", "url2": null, "内容": "竹下歯科医院【3:歯科】鹿児島県鹿児島市星ケ峯２丁目６４－５" }, "geometry": { "type": "Point", "coordinates": [ 130.495123, 31.573721 ] } },
{ "type": "Feature", "properties": { "ID": 46340252, "正式名称": "田中歯科医院", "機関区分": 3, "都道府県コード": 46, "市区町村コード": 201, "所在地": "鹿児島県鹿児島市坂之上７丁目１１－１０", "緯度": 31.489816, "経度": 130.502685, "url": "https://www.iryou.teikyouseido.mhlw.go.jp/znk-web/juminkanja/S2430/initialize?prefCd=46&kikanCd=40252&kikanKbn=3", "url2": "http://www.tanakadental-sakanoue.org/", "内容": "田中歯科医院【3:歯科】鹿児島県鹿児島市坂之上７丁目１１－１０" }, "geometry": { "type": "Point", "coordinates": [ 130.502685, 31.489816 ] } },
{ "type": "Feature", "properties": { "ID": 46340253, "正式名称": "谷山さとう歯科", "機関区分": 3, "都道府県コード": 46, "市区町村コード": 201, "所在地": "鹿児島県鹿児島市小松原１丁目５０番９号", "緯度": 31.534444, "経度": 130.529164, "url": "https://www.iryou.teikyouseido.mhlw.go.jp/znk-web/juminkanja/S2430/initialize?prefCd=46&kikanCd=40253&kikanKbn=3", "url2": "http://www3.synapse.ne.jp/ty-sato/", "内容": "谷山さとう歯科【3:歯科】鹿児島県鹿児島市小松原１丁目５０番９号" }, "geometry": { "type": "Point", "coordinates": [ 130.529164, 31.534444 ] } },
{ "type": "Feature", "properties": { "ID": 46340254, "正式名称": "たんぽぽこども歯科", "機関区分": 3, "都道府県コード": 46, "市区町村コード": 201, "所在地": "鹿児島県鹿児島市上福元町", "緯度": 31.528071, "経度": 130.504614, "url": "https://www.iryou.teikyouseido.mhlw.go.jp/znk-web/juminkanja/S2430/initialize?prefCd=46&kikanCd=40254&kikanKbn=3", "url2": "https://tanpopo-kodomo.com/", "内容": "たんぽぽこども歯科【3:歯科】鹿児島県鹿児島市上福元町" }, "geometry": { "type": "Point", "coordinates": [ 130.504614, 31.528071 ] } },
{ "type": "Feature", "properties": { "ID": 46340258, "正式名称": "中崎歯科医院", "機関区分": 3, "都道府県コード": 46, "市区町村コード": 201, "所在地": "鹿児島県鹿児島市小松原２丁目１６－１１", "緯度": 31.529473, "経度": 130.524778, "url": "https://www.iryou.teikyouseido.mhlw.go.jp/znk-web/juminkanja/S2430/initialize?prefCd=46&kikanCd=40258&kikanKbn=3", "url2": null, "内容": "中崎歯科医院【3:歯科】鹿児島県鹿児島市小松原２丁目１６－１１" }, "geometry": { "type": "Point", "coordinates": [ 130.524778, 31.529473 ] } },
{ "type": "Feature", "properties": { "ID": 46340259, "正式名称": "永里歯科", "機関区分": 3, "都道府県コード": 46, "市区町村コード": 201, "所在地": "鹿児島県鹿児島市谷山中央一丁目４０８８番地", "緯度": 31.526367, "経度": 130.519126, "url": "https://www.iryou.teikyouseido.mhlw.go.jp/znk-web/juminkanja/S2430/initialize?prefCd=46&kikanCd=40259&kikanKbn=3", "url2": null, "内容": "永里歯科【3:歯科】鹿児島県鹿児島市谷山中央一丁目４０８８番地" }, "geometry": { "type": "Point", "coordinates": [ 130.519126, 31.526367 ] } },
{ "type": "Feature", "properties": { "ID": 46340261, "正式名称": "なかぞの歯科クリニック", "機関区分": 3, "都道府県コード": 46, "市区町村コード": 201, "所在地": "鹿児島県鹿児島市和田１丁目３０ー４", "緯度": 31.514469, "経度": 130.515616, "url": "https://www.iryou.teikyouseido.mhlw.go.jp/znk-web/juminkanja/S2430/initialize?prefCd=46&kikanCd=40261&kikanKbn=3", "url2": null, "内容": "なかぞの歯科クリニック【3:歯科】鹿児島県鹿児島市和田１丁目３０ー４" }, "geometry": { "type": "Point", "coordinates": [ 130.515616, 31.514469 ] } },
{ "type": "Feature", "properties": { "ID": 46340270, "正式名称": "医療法人福冨歯科医院", "機関区分": 3, "都道府県コード": 46, "市区町村コード": 201, "所在地": "鹿児島県鹿児島市上福元町３９９７－１", "緯度": 31.52675, "経度": 130.513758, "url": "https://www.iryou.teikyouseido.mhlw.go.jp/znk-web/juminkanja/S2430/initialize?prefCd=46&kikanCd=40270&kikanKbn=3", "url2": null, "内容": "医療法人福冨歯科医院【3:歯科】鹿児島県鹿児島市上福元町３９９７－１" }, "geometry": { "type": "Point", "coordinates": [ 130.513758, 31.52675 ] } },
{ "type": "Feature", "properties": { "ID": 46340275, "正式名称": "藤村歯科クリニック", "機関区分": 3, "都道府県コード": 46, "市区町村コード": 201, "所在地": "鹿児島県鹿児島市皇徳寺台四丁目３１－６", "緯度": 31.565279, "経度": 130.483227, "url": "https://www.iryou.teikyouseido.mhlw.go.jp/znk-web/juminkanja/S2430/initialize?prefCd=46&kikanCd=40275&kikanKbn=3", "url2": "http://www.fujimura-dc.com", "内容": "藤村歯科クリニック【3:歯科】鹿児島県鹿児島市皇徳寺台四丁目３１－６" }, "geometry": { "type": "Point", "coordinates": [ 130.483227, 31.565279 ] } },
{ "type": "Feature", "properties": { "ID": 46340277, "正式名称": "別府歯科医院", "機関区分": 3, "都道府県コード": 46, "市区町村コード": 201, "所在地": "鹿児島県鹿児島市東谷山五丁目３０番５号", "緯度": 31.530146, "経度": 130.515586, "url": "https://www.iryou.teikyouseido.mhlw.go.jp/znk-web/juminkanja/S2430/initialize?prefCd=46&kikanCd=40277&kikanKbn=3", "url2": "http://ameblo.jp/beppu-shika/", "内容": "別府歯科医院【3:歯科】鹿児島県鹿児島市東谷山五丁目３０番５号" }, "geometry": { "type": "Point", "coordinates": [ 130.515586, 31.530146 ] } },
{ "type": "Feature", "properties": { "ID": 46340279, "正式名称": "まこと歯科医院", "機関区分": 3, "都道府県コード": 46, "市区町村コード": 201, "所在地": "鹿児島県鹿児島市清和", "緯度": 31.538641, "経度": 130.5086, "url": "https://www.iryou.teikyouseido.mhlw.go.jp/znk-web/juminkanja/S2430/initialize?prefCd=46&kikanCd=40279&kikanKbn=3", "url2": null, "内容": "まこと歯科医院【3:歯科】鹿児島県鹿児島市清和" }, "geometry": { "type": "Point", "coordinates": [ 130.5086, 31.538641 ] } },
{ "type": "Feature", "properties": { "ID": 46340281, "正式名称": "ませだ歯科医院", "機関区分": 3, "都道府県コード": 46, "市区町村コード": 201, "所在地": "鹿児島県鹿児島市南栄", "緯度": 31.510086, "経度": 130.519129, "url": "https://www.iryou.teikyouseido.mhlw.go.jp/znk-web/juminkanja/S2430/initialize?prefCd=46&kikanCd=40281&kikanKbn=3", "url2": null, "内容": "ませだ歯科医院【3:歯科】鹿児島県鹿児島市南栄" }, "geometry": { "type": "Point", "coordinates": [ 130.519129, 31.510086 ] } },
{ "type": "Feature", "properties": { "ID": 46340282, "正式名称": "松下歯科", "機関区分": 3, "都道府県コード": 46, "市区町村コード": 201, "所在地": "鹿児島県鹿児島市谷山中央８−２１−１２", "緯度": 31.522666, "経度": 130.510161, "url": "https://www.iryou.teikyouseido.mhlw.go.jp/znk-web/juminkanja/S2430/initialize?prefCd=46&kikanCd=40282&kikanKbn=3", "url2": "http://www.dentalsherlock.com/kagoshima/matsushita/matsushita.html", "内容": "松下歯科【3:歯科】鹿児島県鹿児島市谷山中央８−２１−１２" }, "geometry": { "type": "Point", "coordinates": [ 130.510161, 31.522666 ] } },
{ "type": "Feature", "properties": { "ID": 46340286, "正式名称": "もりやま歯科医院", "機関区分": 3, "都道府県コード": 46, "市区町村コード": 201, "所在地": "鹿児島県鹿児島市桜ケ丘二丁目２４番２２号", "緯度": 31.548142, "経度": 130.508883, "url": "https://www.iryou.teikyouseido.mhlw.go.jp/znk-web/juminkanja/S2430/initialize?prefCd=46&kikanCd=40286&kikanKbn=3", "url2": null, "内容": "もりやま歯科医院【3:歯科】鹿児島県鹿児島市桜ケ丘二丁目２４番２２号" }, "geometry": { "type": "Point", "coordinates": [ 130.508883, 31.548142 ] } },
{ "type": "Feature", "properties": { "ID": 46340293, "正式名称": "伊敷はまだ歯科", "機関区分": 3, "都道府県コード": 46, "市区町村コード": 201, "所在地": "鹿児島県鹿児島市伊敷５丁目１１番２９号", "緯度": 31.625625, "経度": 130.526778, "url": "https://www.iryou.teikyouseido.mhlw.go.jp/znk-web/juminkanja/S2430/initialize?prefCd=46&kikanCd=40293&kikanKbn=3", "url2": "https://sites.google.com/view/ishikihamadashika/", "内容": "伊敷はまだ歯科【3:歯科】鹿児島県鹿児島市伊敷５丁目１１番２９号" }, "geometry": { "type": "Point", "coordinates": [ 130.526778, 31.625625 ] } },
{ "type": "Feature", "properties": { "ID": 46340296, "正式名称": "いぶすき歯科医院", "機関区分": 3, "都道府県コード": 46, "市区町村コード": 201, "所在地": "鹿児島県鹿児島市西伊敷", "緯度": 31.643696, "経度": 130.532081, "url": "https://www.iryou.teikyouseido.mhlw.go.jp/znk-web/juminkanja/S2430/initialize?prefCd=46&kikanCd=40296&kikanKbn=3", "url2": null, "内容": "いぶすき歯科医院【3:歯科】鹿児島県鹿児島市西伊敷" }, "geometry": { "type": "Point", "coordinates": [ 130.532081, 31.643696 ] } },
{ "type": "Feature", "properties": { "ID": 46340299, "正式名称": "円林歯科医院", "機関区分": 3, "都道府県コード": 46, "市区町村コード": 201, "所在地": "鹿児島県鹿児島市明和一丁目２６－１", "緯度": 31.602556, "経度": 130.522053, "url": "https://www.iryou.teikyouseido.mhlw.go.jp/znk-web/juminkanja/S2430/initialize?prefCd=46&kikanCd=40299&kikanKbn=3", "url2": null, "内容": "円林歯科医院【3:歯科】鹿児島県鹿児島市明和一丁目２６－１" }, "geometry": { "type": "Point", "coordinates": [ 130.522053, 31.602556 ] } },
{ "type": "Feature", "properties": { "ID": 46340300, "正式名称": "大浦歯科クリニック", "機関区分": 3, "都道府県コード": 46, "市区町村コード": 201, "所在地": "鹿児島県鹿児島市明和２－５－２", "緯度": 31.597259, "経度": 130.519806, "url": "https://www.iryou.teikyouseido.mhlw.go.jp/znk-web/juminkanja/S2430/initialize?prefCd=46&kikanCd=40300&kikanKbn=3", "url2": "http://www.oura-dc.com", "内容": "大浦歯科クリニック【3:歯科】鹿児島県鹿児島市明和２－５－２" }, "geometry": { "type": "Point", "coordinates": [ 130.519806, 31.597259 ] } },
{ "type": "Feature", "properties": { "ID": 46340303, "正式名称": "柿内歯科医院", "機関区分": 3, "都道府県コード": 46, "市区町村コード": 201, "所在地": "鹿児島県鹿児島市永吉２丁目１０番５号", "緯度": 31.602764, "経度": 130.53553, "url": "https://www.iryou.teikyouseido.mhlw.go.jp/znk-web/juminkanja/S2430/initialize?prefCd=46&kikanCd=40303&kikanKbn=3", "url2": null, "内容": "柿内歯科医院【3:歯科】鹿児島県鹿児島市永吉２丁目１０番５号" }, "geometry": { "type": "Point", "coordinates": [ 130.53553, 31.602764 ] } },
{ "type": "Feature", "properties": { "ID": 46340306, "正式名称": "かみうち歯科医院", "機関区分": 3, "都道府県コード": 46, "市区町村コード": 201, "所在地": "鹿児島県鹿児島市伊敷台６丁目２１番１号", "緯度": 31.628432, "経度": 130.544098, "url": "https://www.iryou.teikyouseido.mhlw.go.jp/znk-web/juminkanja/S2430/initialize?prefCd=46&kikanCd=40306&kikanKbn=3", "url2": null, "内容": "かみうち歯科医院【3:歯科】鹿児島県鹿児島市伊敷台６丁目２１番１号" }, "geometry": { "type": "Point", "coordinates": [ 130.544098, 31.628432 ] } },
{ "type": "Feature", "properties": { "ID": 46340307, "正式名称": "上村歯科医院", "機関区分": 3, "都道府県コード": 46, "市区町村コード": 201, "所在地": "鹿児島県鹿児島市明和一丁目３０－２", "緯度": 31.603814, "経度": 130.522306, "url": "https://www.iryou.teikyouseido.mhlw.go.jp/znk-web/juminkanja/S2430/initialize?prefCd=46&kikanCd=40307&kikanKbn=3", "url2": null, "内容": "上村歯科医院【3:歯科】鹿児島県鹿児島市明和一丁目３０－２" }, "geometry": { "type": "Point", "coordinates": [ 130.522306, 31.603814 ] } },
{ "type": "Feature", "properties": { "ID": 46340310, "正式名称": "医療法人　黒木歯科医院", "機関区分": 3, "都道府県コード": 46, "市区町村コード": 201, "所在地": "鹿児島県鹿児島市城山二丁目七番六号", "緯度": 31.604578, "経度": 130.546037, "url": "https://www.iryou.teikyouseido.mhlw.go.jp/znk-web/juminkanja/S2430/initialize?prefCd=46&kikanCd=40310&kikanKbn=3", "url2": null, "内容": "医療法人　黒木歯科医院【3:歯科】鹿児島県鹿児島市城山二丁目七番六号" }, "geometry": { "type": "Point", "coordinates": [ 130.546037, 31.604578 ] } },
{ "type": "Feature", "properties": { "ID": 46340311, "正式名称": "光葉歯科クリニック", "機関区分": 3, "都道府県コード": 46, "市区町村コード": 201, "所在地": "鹿児島県鹿児島市小野３－１４－１８", "緯度": 31.611811, "経度": 130.523861, "url": "https://www.iryou.teikyouseido.mhlw.go.jp/znk-web/juminkanja/S2430/initialize?prefCd=46&kikanCd=40311&kikanKbn=3", "url2": "http://plus.dentamap.jp/hpplus/user/kouyou7/", "内容": "光葉歯科クリニック【3:歯科】鹿児島県鹿児島市小野３－１４－１８" }, "geometry": { "type": "Point", "coordinates": [ 130.523861, 31.611811 ] } },
{ "type": "Feature", "properties": { "ID": 46340314, "正式名称": "スマイル歯科医院", "機関区分": 3, "都道府県コード": 46, "市区町村コード": 201, "所在地": "鹿児島県鹿児島市永吉", "緯度": 31.602652, "経度": 130.53384, "url": "https://www.iryou.teikyouseido.mhlw.go.jp/znk-web/juminkanja/S2430/initialize?prefCd=46&kikanCd=40314&kikanKbn=3", "url2": null, "内容": "スマイル歯科医院【3:歯科】鹿児島県鹿児島市永吉" }, "geometry": { "type": "Point", "coordinates": [ 130.53384, 31.602652 ] } },
{ "type": "Feature", "properties": { "ID": 46340318, "正式名称": "竹内歯科クリニック", "機関区分": 3, "都道府県コード": 46, "市区町村コード": 201, "所在地": "鹿児島県鹿児島市伊敷２ー１５ー１５", "緯度": 31.618528, "経度": 130.527398, "url": "https://www.iryou.teikyouseido.mhlw.go.jp/znk-web/juminkanja/S2430/initialize?prefCd=46&kikanCd=40318&kikanKbn=3", "url2": "http://takeuchishika.com", "内容": "竹内歯科クリニック【3:歯科】鹿児島県鹿児島市伊敷２ー１５ー１５" }, "geometry": { "type": "Point", "coordinates": [ 130.527398, 31.618528 ] } },
{ "type": "Feature", "properties": { "ID": 46340320, "正式名称": "田中歯科医院", "機関区分": 3, "都道府県コード": 46, "市区町村コード": 201, "所在地": "鹿児島県鹿児島市永吉１丁目２４－１２", "緯度": 31.600146, "経度": 130.538087, "url": "https://www.iryou.teikyouseido.mhlw.go.jp/znk-web/juminkanja/S2430/initialize?prefCd=46&kikanCd=40320&kikanKbn=3", "url2": "https://dent-tanaka.com/index.html", "内容": "田中歯科医院【3:歯科】鹿児島県鹿児島市永吉１丁目２４－１２" }, "geometry": { "type": "Point", "coordinates": [ 130.538087, 31.600146 ] } },
{ "type": "Feature", "properties": { "ID": 46340322, "正式名称": "戸澤歯科医院", "機関区分": 3, "都道府県コード": 46, "市区町村コード": 201, "所在地": "鹿児島県鹿児島市千年１－２－１", "緯度": 31.636341, "経度": 130.527466, "url": "https://www.iryou.teikyouseido.mhlw.go.jp/znk-web/juminkanja/S2430/initialize?prefCd=46&kikanCd=40322&kikanKbn=3", "url2": null, "内容": "戸澤歯科医院【3:歯科】鹿児島県鹿児島市千年１－２－１" }, "geometry": { "type": "Point", "coordinates": [ 130.527466, 31.636341 ] } },
{ "type": "Feature", "properties": { "ID": 46340325, "正式名称": "永田むつみ歯科医院", "機関区分": 3, "都道府県コード": 46, "市区町村コード": 201, "所在地": "鹿児島県鹿児島市草牟田町", "緯度": 31.607277, "経度": 130.536976, "url": "https://www.iryou.teikyouseido.mhlw.go.jp/znk-web/juminkanja/S2430/initialize?prefCd=46&kikanCd=40325&kikanKbn=3", "url2": "http://www.synapse.ne.jp/ngt/", "内容": "永田むつみ歯科医院【3:歯科】鹿児島県鹿児島市草牟田町" }, "geometry": { "type": "Point", "coordinates": [ 130.536976, 31.607277 ] } },
{ "type": "Feature", "properties": { "ID": 46340327, "正式名称": "のぞみ歯科医院", "機関区分": 3, "都道府県コード": 46, "市区町村コード": 201, "所在地": "鹿児島県鹿児島市西伊敷", "緯度": 31.634468, "経度": 130.529855, "url": "https://www.iryou.teikyouseido.mhlw.go.jp/znk-web/juminkanja/S2430/initialize?prefCd=46&kikanCd=40327&kikanKbn=3", "url2": null, "内容": "のぞみ歯科医院【3:歯科】鹿児島県鹿児島市西伊敷" }, "geometry": { "type": "Point", "coordinates": [ 130.529855, 31.634468 ] } },
{ "type": "Feature", "properties": { "ID": 46340329, "正式名称": "浜崎歯科クリニック", "機関区分": 3, "都道府県コード": 46, "市区町村コード": 201, "所在地": "鹿児島県鹿児島市明和４丁目１２番３号", "緯度": 31.605017, "経度": 130.525633, "url": "https://www.iryou.teikyouseido.mhlw.go.jp/znk-web/juminkanja/S2430/initialize?prefCd=46&kikanCd=40329&kikanKbn=3", "url2": null, "内容": "浜崎歯科クリニック【3:歯科】鹿児島県鹿児島市明和４丁目１２番３号" }, "geometry": { "type": "Point", "coordinates": [ 130.525633, 31.605017 ] } },
{ "type": "Feature", "properties": { "ID": 46340330, "正式名称": "医療法人輝道志会ブライト歯科クリニック", "機関区分": 3, "都道府県コード": 46, "市区町村コード": 201, "所在地": "鹿児島県鹿児島市小野２丁目４－７", "緯度": 31.613593, "経度": 130.527481, "url": "https://www.iryou.teikyouseido.mhlw.go.jp/znk-web/juminkanja/S2430/initialize?prefCd=46&kikanCd=40330&kikanKbn=3", "url2": null, "内容": "医療法人輝道志会ブライト歯科クリニック【3:歯科】鹿児島県鹿児島市小野２丁目４－７" }, "geometry": { "type": "Point", "coordinates": [ 130.527481, 31.613593 ] } },
{ "type": "Feature", "properties": { "ID": 46340334, "正式名称": "松下歯科医院", "機関区分": 3, "都道府県コード": 46, "市区町村コード": 201, "所在地": "鹿児島県鹿児島市花野光ケ丘二丁目５０番２３号", "緯度": 31.652206, "経度": 130.527517, "url": "https://www.iryou.teikyouseido.mhlw.go.jp/znk-web/juminkanja/S2430/initialize?prefCd=46&kikanCd=40334&kikanKbn=3", "url2": null, "内容": "松下歯科医院【3:歯科】鹿児島県鹿児島市花野光ケ丘二丁目５０番２３号" }, "geometry": { "type": "Point", "coordinates": [ 130.527517, 31.652206 ] } },
{ "type": "Feature", "properties": { "ID": 46340337, "正式名称": "薬師寺歯科医院", "機関区分": 3, "都道府県コード": 46, "市区町村コード": 201, "所在地": "鹿児島県鹿児島市西田３－１－１９", "緯度": 31.588694, "経度": 130.539, "url": "https://www.iryou.teikyouseido.mhlw.go.jp/znk-web/juminkanja/S2430/initialize?prefCd=46&kikanCd=40337&kikanKbn=3", "url2": null, "内容": "薬師寺歯科医院【3:歯科】鹿児島県鹿児島市西田３－１－１９" }, "geometry": { "type": "Point", "coordinates": [ 130.539, 31.588694 ] } },
{ "type": "Feature", "properties": { "ID": 46340343, "正式名称": "西園歯科", "機関区分": 3, "都道府県コード": 46, "市区町村コード": 201, "所在地": "鹿児島県鹿児島市西佐多町１６３−１", "緯度": 31.737577, "経度": 130.569918, "url": "https://www.iryou.teikyouseido.mhlw.go.jp/znk-web/juminkanja/S2430/initialize?prefCd=46&kikanCd=40343&kikanKbn=3", "url2": null, "内容": "西園歯科【3:歯科】鹿児島県鹿児島市西佐多町１６３−１" }, "geometry": { "type": "Point", "coordinates": [ 130.569918, 31.737577 ] } },
{ "type": "Feature", "properties": { "ID": 46340344, "正式名称": "みつどめ歯科", "機関区分": 3, "都道府県コード": 46, "市区町村コード": 201, "所在地": "鹿児島県鹿児島市本城町１８７５－１", "緯度": 31.701461, "経度": 130.556469, "url": "https://www.iryou.teikyouseido.mhlw.go.jp/znk-web/juminkanja/S2430/initialize?prefCd=46&kikanCd=40344&kikanKbn=3", "url2": null, "内容": "みつどめ歯科【3:歯科】鹿児島県鹿児島市本城町１８７５－１" }, "geometry": { "type": "Point", "coordinates": [ 130.556469, 31.701461 ] } },
{ "type": "Feature", "properties": { "ID": 46340347, "正式名称": "医療法人　久栄会　くぼ歯科クリニック", "機関区分": 3, "都道府県コード": 46, "市区町村コード": 201, "所在地": "鹿児島県鹿児島市春山町１８８６－１６", "緯度": 31.582303, "経度": 130.4539, "url": "https://www.iryou.teikyouseido.mhlw.go.jp/znk-web/juminkanja/S2430/initialize?prefCd=46&kikanCd=40347&kikanKbn=3", "url2": "http://www.kubo-dc.net/", "内容": "医療法人　久栄会　くぼ歯科クリニック【3:歯科】鹿児島県鹿児島市春山町１８８６－１６" }, "geometry": { "type": "Point", "coordinates": [ 130.4539, 31.582303 ] } },
{ "type": "Feature", "properties": { "ID": 46340348, "正式名称": "是枝歯科クリニック", "機関区分": 3, "都道府県コード": 46, "市区町村コード": 201, "所在地": "鹿児島県鹿児島市石谷町２０６７－５", "緯度": 31.593538, "経度": 130.466968, "url": "https://www.iryou.teikyouseido.mhlw.go.jp/znk-web/juminkanja/S2430/initialize?prefCd=46&kikanCd=40348&kikanKbn=3", "url2": null, "内容": "是枝歯科クリニック【3:歯科】鹿児島県鹿児島市石谷町２０６７－５" }, "geometry": { "type": "Point", "coordinates": [ 130.466968, 31.593538 ] } },
{ "type": "Feature", "properties": { "ID": 46340351, "正式名称": "よつもと歯科医院", "機関区分": 3, "都道府県コード": 46, "市区町村コード": 201, "所在地": "鹿児島県鹿児島市石谷町１６００−１", "緯度": 31.605419, "経度": 130.465377, "url": "https://www.iryou.teikyouseido.mhlw.go.jp/znk-web/juminkanja/S2430/initialize?prefCd=46&kikanCd=40351&kikanKbn=3", "url2": null, "内容": "よつもと歯科医院【3:歯科】鹿児島県鹿児島市石谷町１６００−１" }, "geometry": { "type": "Point", "coordinates": [ 130.465377, 31.605419 ] } },
{ "type": "Feature", "properties": { "ID": 46340355, "正式名称": "みらい歯科医院", "機関区分": 3, "都道府県コード": 46, "市区町村コード": 201, "所在地": "鹿児島県鹿児島市川田町１３９４－１", "緯度": 31.678439, "経度": 130.504497, "url": "https://www.iryou.teikyouseido.mhlw.go.jp/znk-web/juminkanja/S2430/initialize?prefCd=46&kikanCd=40355&kikanKbn=3", "url2": null, "内容": "みらい歯科医院【3:歯科】鹿児島県鹿児島市川田町１３９４－１" }, "geometry": { "type": "Point", "coordinates": [ 130.504497, 31.678439 ] } },
{ "type": "Feature", "properties": { "ID": 46340358, "正式名称": "ファミリア歯科医院", "機関区分": 3, "都道府県コード": 46, "市区町村コード": 201, "所在地": "鹿児島県鹿児島市喜入町２７７", "緯度": 31.371158, "経度": 130.541622, "url": "https://www.iryou.teikyouseido.mhlw.go.jp/znk-web/juminkanja/S2430/initialize?prefCd=46&kikanCd=40358&kikanKbn=3", "url2": null, "内容": "ファミリア歯科医院【3:歯科】鹿児島県鹿児島市喜入町２７７" }, "geometry": { "type": "Point", "coordinates": [ 130.541622, 31.371158 ] } },
{ "type": "Feature", "properties": { "ID": 46340361, "正式名称": "よしずみ歯科医院", "機関区分": 3, "都道府県コード": 46, "市区町村コード": 201, "所在地": "鹿児島県鹿児島市谷山中央８－６－３", "緯度": 31.52586, "経度": 130.513378, "url": "https://www.iryou.teikyouseido.mhlw.go.jp/znk-web/juminkanja/S2430/initialize?prefCd=46&kikanCd=40361&kikanKbn=3", "url2": "https://ydc888.com/", "内容": "よしずみ歯科医院【3:歯科】鹿児島県鹿児島市谷山中央８－６－３" }, "geometry": { "type": "Point", "coordinates": [ 130.513378, 31.52586 ] } },
{ "type": "Feature", "properties": { "ID": 46341002, "正式名称": "医療法人上野歯科医院", "機関区分": 3, "都道府県コード": 46, "市区町村コード": 210, "所在地": "鹿児島県指宿市湯の浜一丁目１番９号", "緯度": 31.23678, "経度": 130.643062, "url": "https://www.iryou.teikyouseido.mhlw.go.jp/znk-web/juminkanja/S2430/initialize?prefCd=46&kikanCd=41002&kikanKbn=3", "url2": "http://www.uenosika.jp/", "内容": "医療法人上野歯科医院【3:歯科】鹿児島県指宿市湯の浜一丁目１番９号" }, "geometry": { "type": "Point", "coordinates": [ 130.643062, 31.23678 ] } },
{ "type": "Feature", "properties": { "ID": 46341003, "正式名称": "医療法人うえむら歯科", "機関区分": 3, "都道府県コード": 46, "市区町村コード": 223, "所在地": "鹿児島県南九州市頴娃町別府６２９－１", "緯度": 31.255563, "経度": 130.451731, "url": "https://www.iryou.teikyouseido.mhlw.go.jp/znk-web/juminkanja/S2430/initialize?prefCd=46&kikanCd=41003&kikanKbn=3", "url2": null, "内容": "医療法人うえむら歯科【3:歯科】鹿児島県南九州市頴娃町別府６２９－１" }, "geometry": { "type": "Point", "coordinates": [ 130.451731, 31.255563 ] } },
{ "type": "Feature", "properties": { "ID": 46341004, "正式名称": "大津歯科医院", "機関区分": 3, "都道府県コード": 46, "市区町村コード": 210, "所在地": "鹿児島県指宿市十二町２０７２－１", "緯度": 31.237761, "経度": 130.636301, "url": "https://www.iryou.teikyouseido.mhlw.go.jp/znk-web/juminkanja/S2430/initialize?prefCd=46&kikanCd=41004&kikanKbn=3", "url2": null, "内容": "大津歯科医院【3:歯科】鹿児島県指宿市十二町２０７２－１" }, "geometry": { "type": "Point", "coordinates": [ 130.636301, 31.237761 ] } },
{ "type": "Feature", "properties": { "ID": 46341005, "正式名称": "開聞歯科医院", "機関区分": 3, "都道府県コード": 46, "市区町村コード": 210, "所在地": "鹿児島県指宿市開聞２５１６－２", "緯度": 31.205211, "経度": 130.534864, "url": "https://www.iryou.teikyouseido.mhlw.go.jp/znk-web/juminkanja/S2430/initialize?prefCd=46&kikanCd=41005&kikanKbn=3", "url2": null, "内容": "開聞歯科医院【3:歯科】鹿児島県指宿市開聞２５１６－２" }, "geometry": { "type": "Point", "coordinates": [ 130.534864, 31.205211 ] } },
{ "type": "Feature", "properties": { "ID": 46341006, "正式名称": "川平歯科", "機関区分": 3, "都道府県コード": 46, "市区町村コード": 223, "所在地": "鹿児島県南九州市頴娃町別府７０５８", "緯度": 31.256186, "経度": 130.413958, "url": "https://www.iryou.teikyouseido.mhlw.go.jp/znk-web/juminkanja/S2430/initialize?prefCd=46&kikanCd=41006&kikanKbn=3", "url2": null, "内容": "川平歯科【3:歯科】鹿児島県南九州市頴娃町別府７０５８" }, "geometry": { "type": "Point", "coordinates": [ 130.413958, 31.256186 ] } },
{ "type": "Feature", "properties": { "ID": 46341011, "正式名称": "医療法人皓健会そのだ歯科医院", "機関区分": 3, "都道府県コード": 46, "市区町村コード": 210, "所在地": "鹿児島県指宿市湊１－１２－６３", "緯度": 31.239311, "経度": 130.643317, "url": "https://www.iryou.teikyouseido.mhlw.go.jp/znk-web/juminkanja/S2430/initialize?prefCd=46&kikanCd=41011&kikanKbn=3", "url2": "http://www.sonoda-dc.com", "内容": "医療法人皓健会そのだ歯科医院【3:歯科】鹿児島県指宿市湊１－１２－６３" }, "geometry": { "type": "Point", "coordinates": [ 130.643317, 31.239311 ] } },
{ "type": "Feature", "properties": { "ID": 46341012, "正式名称": "永尾歯科医院", "機関区分": 3, "都道府県コード": 46, "市区町村コード": 210, "所在地": "鹿児島県指宿市十町８８４", "緯度": 31.250407, "経度": 130.636001, "url": "https://www.iryou.teikyouseido.mhlw.go.jp/znk-web/juminkanja/S2430/initialize?prefCd=46&kikanCd=41012&kikanKbn=3", "url2": null, "内容": "永尾歯科医院【3:歯科】鹿児島県指宿市十町８８４" }, "geometry": { "type": "Point", "coordinates": [ 130.636001, 31.250407 ] } },
{ "type": "Feature", "properties": { "ID": 46341013, "正式名称": "なのはな歯科", "機関区分": 3, "都道府県コード": 46, "市区町村コード": 210, "所在地": "鹿児島県指宿市東方１０８０１－１", "緯度": 31.263368, "経度": 130.627059, "url": "https://www.iryou.teikyouseido.mhlw.go.jp/znk-web/juminkanja/S2430/initialize?prefCd=46&kikanCd=41013&kikanKbn=3", "url2": null, "内容": "なのはな歯科【3:歯科】鹿児島県指宿市東方１０８０１－１" }, "geometry": { "type": "Point", "coordinates": [ 130.627059, 31.263368 ] } },
{ "type": "Feature", "properties": { "ID": 46341016, "正式名称": "ひばり歯科・矯正歯科", "機関区分": 3, "都道府県コード": 46, "市区町村コード": 210, "所在地": "鹿児島県指宿市山川小川１５５９－１", "緯度": 31.1991, "経度": 130.605134, "url": "https://www.iryou.teikyouseido.mhlw.go.jp/znk-web/juminkanja/S2430/initialize?prefCd=46&kikanCd=41016&kikanKbn=3", "url2": "http://hibari.kagoshima.jp/", "内容": "ひばり歯科・矯正歯科【3:歯科】鹿児島県指宿市山川小川１５５９－１" }, "geometry": { "type": "Point", "coordinates": [ 130.605134, 31.1991 ] } },
{ "type": "Feature", "properties": { "ID": 46341017, "正式名称": "ひまわり歯科クリニック", "機関区分": 3, "都道府県コード": 46, "市区町村コード": 223, "所在地": "鹿児島県南九州市頴娃町別府４８３９－１", "緯度": 31.255875, "経度": 130.433825, "url": "https://www.iryou.teikyouseido.mhlw.go.jp/znk-web/juminkanja/S2430/initialize?prefCd=46&kikanCd=41017&kikanKbn=3", "url2": null, "内容": "ひまわり歯科クリニック【3:歯科】鹿児島県南九州市頴娃町別府４８３９－１" }, "geometry": { "type": "Point", "coordinates": [ 130.433825, 31.255875 ] } },
{ "type": "Feature", "properties": { "ID": 46341018, "正式名称": "医療法人平田歯科医院", "機関区分": 3, "都道府県コード": 46, "市区町村コード": 210, "所在地": "鹿児島県指宿市山川入船町", "緯度": 31.205207, "経度": 130.636634, "url": "https://www.iryou.teikyouseido.mhlw.go.jp/znk-web/juminkanja/S2430/initialize?prefCd=46&kikanCd=41018&kikanKbn=3", "url2": "https://www.hiratashika352150.com/", "内容": "医療法人平田歯科医院【3:歯科】鹿児島県指宿市山川入船町" }, "geometry": { "type": "Point", "coordinates": [ 130.636634, 31.205207 ] } },
{ "type": "Feature", "properties": { "ID": 46341019, "正式名称": "樋渡歯科医院", "機関区分": 3, "都道府県コード": 46, "市区町村コード": 210, "所在地": "鹿児島県指宿市山川金生町", "緯度": 31.203258, "経度": 130.634714, "url": "https://www.iryou.teikyouseido.mhlw.go.jp/znk-web/juminkanja/S2430/initialize?prefCd=46&kikanCd=41019&kikanKbn=3", "url2": null, "内容": "樋渡歯科医院【3:歯科】鹿児島県指宿市山川金生町" }, "geometry": { "type": "Point", "coordinates": [ 130.634714, 31.203258 ] } },
{ "type": "Feature", "properties": { "ID": 46341020, "正式名称": "まつもと一広歯科医院", "機関区分": 3, "都道府県コード": 46, "市区町村コード": 210, "所在地": "鹿児島県指宿市西方２０８０－１", "緯度": 31.261383, "経度": 130.626332, "url": "https://www.iryou.teikyouseido.mhlw.go.jp/znk-web/juminkanja/S2430/initialize?prefCd=46&kikanCd=41020&kikanKbn=3", "url2": null, "内容": "まつもと一広歯科医院【3:歯科】鹿児島県指宿市西方２０８０－１" }, "geometry": { "type": "Point", "coordinates": [ 130.626332, 31.261383 ] } },
{ "type": "Feature", "properties": { "ID": 46341021, "正式名称": "まわたり歯科医院", "機関区分": 3, "都道府県コード": 46, "市区町村コード": 210, "所在地": "鹿児島県指宿市湊１－１１－３３", "緯度": 31.239595, "経度": 130.644837, "url": "https://www.iryou.teikyouseido.mhlw.go.jp/znk-web/juminkanja/S2430/initialize?prefCd=46&kikanCd=41021&kikanKbn=3", "url2": "https://mawatari-dc.com/", "内容": "まわたり歯科医院【3:歯科】鹿児島県指宿市湊１－１１－３３" }, "geometry": { "type": "Point", "coordinates": [ 130.644837, 31.239595 ] } },
{ "type": "Feature", "properties": { "ID": 46341022, "正式名称": "みなみ歯科", "機関区分": 3, "都道府県コード": 46, "市区町村コード": 210, "所在地": "鹿児島県指宿市大牟礼３丁目２４－１７", "緯度": 31.246989, "経度": 130.644792, "url": "https://www.iryou.teikyouseido.mhlw.go.jp/znk-web/juminkanja/S2430/initialize?prefCd=46&kikanCd=41022&kikanKbn=3", "url2": null, "内容": "みなみ歯科【3:歯科】鹿児島県指宿市大牟礼３丁目２４－１７" }, "geometry": { "type": "Point", "coordinates": [ 130.644792, 31.246989 ] } },
{ "type": "Feature", "properties": { "ID": 46341023, "正式名称": "医療法人　宮崎歯科医院", "機関区分": 3, "都道府県コード": 46, "市区町村コード": 210, "所在地": "鹿児島県指宿市東方１８－２", "緯度": 31.251525, "経度": 130.630419, "url": "https://www.iryou.teikyouseido.mhlw.go.jp/znk-web/juminkanja/S2430/initialize?prefCd=46&kikanCd=41023&kikanKbn=3", "url2": null, "内容": "医療法人　宮崎歯科医院【3:歯科】鹿児島県指宿市東方１８－２" }, "geometry": { "type": "Point", "coordinates": [ 130.630419, 31.251525 ] } },
{ "type": "Feature", "properties": { "ID": 46341024, "正式名称": "むこよし歯科医院", "機関区分": 3, "都道府県コード": 46, "市区町村コード": 210, "所在地": "鹿児島県指宿市十二町２１７２－１", "緯度": 31.236619, "経度": 130.640948, "url": "https://www.iryou.teikyouseido.mhlw.go.jp/znk-web/juminkanja/S2430/initialize?prefCd=46&kikanCd=41024&kikanKbn=3", "url2": null, "内容": "むこよし歯科医院【3:歯科】鹿児島県指宿市十二町２１７２－１" }, "geometry": { "type": "Point", "coordinates": [ 130.640948, 31.236619 ] } },
{ "type": "Feature", "properties": { "ID": 46341025, "正式名称": "友愛歯科クリニック", "機関区分": 3, "都道府県コード": 46, "市区町村コード": 223, "所在地": "鹿児島県南九州市頴娃町牧之内２０４６－９", "緯度": 31.240812, "経度": 130.493901, "url": "https://www.iryou.teikyouseido.mhlw.go.jp/znk-web/juminkanja/S2430/initialize?prefCd=46&kikanCd=41025&kikanKbn=3", "url2": null, "内容": "友愛歯科クリニック【3:歯科】鹿児島県南九州市頴娃町牧之内２０４６－９" }, "geometry": { "type": "Point", "coordinates": [ 130.493901, 31.240812 ] } },
{ "type": "Feature", "properties": { "ID": 46341026, "正式名称": "伊地知歯科医院", "機関区分": 3, "都道府県コード": 46, "市区町村コード": 210, "所在地": "鹿児島県指宿市湊", "緯度": 31.239176, "経度": 130.646673, "url": "https://www.iryou.teikyouseido.mhlw.go.jp/znk-web/juminkanja/S2430/initialize?prefCd=46&kikanCd=41026&kikanKbn=3", "url2": null, "内容": "伊地知歯科医院【3:歯科】鹿児島県指宿市湊" }, "geometry": { "type": "Point", "coordinates": [ 130.646673, 31.239176 ] } },
{ "type": "Feature", "properties": { "ID": 46341027, "正式名称": "医療法人　いぶすき歯科医院", "機関区分": 3, "都道府県コード": 46, "市区町村コード": 210, "所在地": "鹿児島県指宿市西方６８４３", "緯度": 31.280445, "経度": 130.615546, "url": "https://www.iryou.teikyouseido.mhlw.go.jp/znk-web/juminkanja/S2430/initialize?prefCd=46&kikanCd=41027&kikanKbn=3", "url2": null, "内容": "医療法人　いぶすき歯科医院【3:歯科】鹿児島県指宿市西方６８４３" }, "geometry": { "type": "Point", "coordinates": [ 130.615546, 31.280445 ] } },
{ "type": "Feature", "properties": { "ID": 46341029, "正式名称": "有川歯科医院", "機関区分": 3, "都道府県コード": 46, "市区町村コード": 220, "所在地": "鹿児島県南さつま市加世田村原１丁目８－４", "緯度": 31.422044, "経度": 130.325832, "url": "https://www.iryou.teikyouseido.mhlw.go.jp/znk-web/juminkanja/S2430/initialize?prefCd=46&kikanCd=41029&kikanKbn=3", "url2": null, "内容": "有川歯科医院【3:歯科】鹿児島県南さつま市加世田村原１丁目８－４" }, "geometry": { "type": "Point", "coordinates": [ 130.325832, 31.422044 ] } },
{ "type": "Feature", "properties": { "ID": 46341031, "正式名称": "有山歯科医院", "機関区分": 3, "都道府県コード": 46, "市区町村コード": 204, "所在地": "鹿児島県枕崎市高見町２０９", "緯度": 31.271628, "経度": 130.291935, "url": "https://www.iryou.teikyouseido.mhlw.go.jp/znk-web/juminkanja/S2430/initialize?prefCd=46&kikanCd=41031&kikanKbn=3", "url2": null, "内容": "有山歯科医院【3:歯科】鹿児島県枕崎市高見町２０９" }, "geometry": { "type": "Point", "coordinates": [ 130.291935, 31.271628 ] } },
{ "type": "Feature", "properties": { "ID": 46341032, "正式名称": "デンタルクリニック　アリヤマ", "機関区分": 3, "都道府県コード": 46, "市区町村コード": 204, "所在地": "鹿児島県枕崎市高見町２４８", "緯度": 31.271604, "経度": 130.291696, "url": "https://www.iryou.teikyouseido.mhlw.go.jp/znk-web/juminkanja/S2430/initialize?prefCd=46&kikanCd=41032&kikanKbn=3", "url2": null, "内容": "デンタルクリニック　アリヤマ【3:歯科】鹿児島県枕崎市高見町２４８" }, "geometry": { "type": "Point", "coordinates": [ 130.291696, 31.271604 ] } },
{ "type": "Feature", "properties": { "ID": 46341035, "正式名称": "いるか歯科医院", "機関区分": 3, "都道府県コード": 46, "市区町村コード": 223, "所在地": "鹿児島県南九州市知覧町瀬世字堂園中之原４８００－１", "緯度": 31.34753, "経度": 130.424999, "url": "https://www.iryou.teikyouseido.mhlw.go.jp/znk-web/juminkanja/S2430/initialize?prefCd=46&kikanCd=41035&kikanKbn=3", "url2": null, "内容": "いるか歯科医院【3:歯科】鹿児島県南九州市知覧町瀬世字堂園中之原４８００－１" }, "geometry": { "type": "Point", "coordinates": [ 130.424999, 31.34753 ] } },
{ "type": "Feature", "properties": { "ID": 46341037, "正式名称": "おおうら歯科医院", "機関区分": 3, "都道府県コード": 46, "市区町村コード": 220, "所在地": "鹿児島県南さつま市大浦町７１９５", "緯度": 31.375687, "経度": 130.227162, "url": "https://www.iryou.teikyouseido.mhlw.go.jp/znk-web/juminkanja/S2430/initialize?prefCd=46&kikanCd=41037&kikanKbn=3", "url2": null, "内容": "おおうら歯科医院【3:歯科】鹿児島県南さつま市大浦町７１９５" }, "geometry": { "type": "Point", "coordinates": [ 130.227162, 31.375687 ] } },
{ "type": "Feature", "properties": { "ID": 46341041, "正式名称": "かわばた歯科医院", "機関区分": 3, "都道府県コード": 46, "市区町村コード": 204, "所在地": "鹿児島県枕崎市高見町２７３ー１三愛ビル２階", "緯度": 31.271753, "経度": 130.289927, "url": "https://www.iryou.teikyouseido.mhlw.go.jp/znk-web/juminkanja/S2430/initialize?prefCd=46&kikanCd=41041&kikanKbn=3", "url2": null, "内容": "かわばた歯科医院【3:歯科】鹿児島県枕崎市高見町２７３ー１三愛ビル２階" }, "geometry": { "type": "Point", "coordinates": [ 130.289927, 31.271753 ] } },
{ "type": "Feature", "properties": { "ID": 46341048, "正式名称": "谷口歯科医院", "機関区分": 3, "都道府県コード": 46, "市区町村コード": 220, "所在地": "鹿児島県南さつま市加世田東本町", "緯度": 31.418317, "経度": 130.323767, "url": "https://www.iryou.teikyouseido.mhlw.go.jp/znk-web/juminkanja/S2430/initialize?prefCd=46&kikanCd=41048&kikanKbn=3", "url2": null, "内容": "谷口歯科医院【3:歯科】鹿児島県南さつま市加世田東本町" }, "geometry": { "type": "Point", "coordinates": [ 130.323767, 31.418317 ] } },
{ "type": "Feature", "properties": { "ID": 46341049, "正式名称": "谷口歯科", "機関区分": 3, "都道府県コード": 46, "市区町村コード": 223, "所在地": "鹿児島県南九州市川辺町田部田３７１４－５", "緯度": 31.394672, "経度": 130.386037, "url": "https://www.iryou.teikyouseido.mhlw.go.jp/znk-web/juminkanja/S2430/initialize?prefCd=46&kikanCd=41049&kikanKbn=3", "url2": null, "内容": "谷口歯科【3:歯科】鹿児島県南九州市川辺町田部田３７１４－５" }, "geometry": { "type": "Point", "coordinates": [ 130.386037, 31.394672 ] } },
{ "type": "Feature", "properties": { "ID": 46341051, "正式名称": "中村歯科医院", "機関区分": 3, "都道府県コード": 46, "市区町村コード": 220, "所在地": "鹿児島県南さつま市加世田小湊４４５", "緯度": 31.423158, "経度": 130.290073, "url": "https://www.iryou.teikyouseido.mhlw.go.jp/znk-web/juminkanja/S2430/initialize?prefCd=46&kikanCd=41051&kikanKbn=3", "url2": null, "内容": "中村歯科医院【3:歯科】鹿児島県南さつま市加世田小湊４４５" }, "geometry": { "type": "Point", "coordinates": [ 130.290073, 31.423158 ] } },
{ "type": "Feature", "properties": { "ID": 46341052, "正式名称": "西歯科医院", "機関区分": 3, "都道府県コード": 46, "市区町村コード": 220, "所在地": "鹿児島県南さつま市加世田本町", "緯度": 31.42054, "経度": 130.320105, "url": "https://www.iryou.teikyouseido.mhlw.go.jp/znk-web/juminkanja/S2430/initialize?prefCd=46&kikanCd=41052&kikanKbn=3", "url2": null, "内容": "西歯科医院【3:歯科】鹿児島県南さつま市加世田本町" }, "geometry": { "type": "Point", "coordinates": [ 130.320105, 31.42054 ] } },
{ "type": "Feature", "properties": { "ID": 46341055, "正式名称": "ひしじま歯科医院", "機関区分": 3, "都道府県コード": 46, "市区町村コード": 223, "所在地": "鹿児島県南九州市知覧町郡４８５７－５０", "緯度": 31.373093, "経度": 130.433152, "url": "https://www.iryou.teikyouseido.mhlw.go.jp/znk-web/juminkanja/S2430/initialize?prefCd=46&kikanCd=41055&kikanKbn=3", "url2": null, "内容": "ひしじま歯科医院【3:歯科】鹿児島県南九州市知覧町郡４８５７－５０" }, "geometry": { "type": "Point", "coordinates": [ 130.433152, 31.373093 ] } },
{ "type": "Feature", "properties": { "ID": 46341058, "正式名称": "ふぁみりー歯科", "機関区分": 3, "都道府県コード": 46, "市区町村コード": 204, "所在地": "鹿児島県枕崎市港町９", "緯度": 31.268892, "経度": 130.298895, "url": "https://www.iryou.teikyouseido.mhlw.go.jp/znk-web/juminkanja/S2430/initialize?prefCd=46&kikanCd=41058&kikanKbn=3", "url2": null, "内容": "ふぁみりー歯科【3:歯科】鹿児島県枕崎市港町９" }, "geometry": { "type": "Point", "coordinates": [ 130.298895, 31.268892 ] } },
{ "type": "Feature", "properties": { "ID": 46341059, "正式名称": "医療法人親幸会　深町歯科医院", "機関区分": 3, "都道府県コード": 46, "市区町村コード": 223, "所在地": "鹿児島県南九州市川辺町田部田６４１１", "緯度": 31.560144, "経度": 130.557986, "url": "https://www.iryou.teikyouseido.mhlw.go.jp/znk-web/juminkanja/S2430/initialize?prefCd=46&kikanCd=41059&kikanKbn=3", "url2": null, "内容": "医療法人親幸会　深町歯科医院【3:歯科】鹿児島県南九州市川辺町田部田６４１１" }, "geometry": { "type": "Point", "coordinates": [ 130.557986, 31.560144 ] } },
{ "type": "Feature", "properties": { "ID": 46341061, "正式名称": "松岡歯科医院", "機関区分": 3, "都道府県コード": 46, "市区町村コード": 220, "所在地": "鹿児島県南さつま市加世田村原", "緯度": 31.424806, "経度": 130.330555, "url": "https://www.iryou.teikyouseido.mhlw.go.jp/znk-web/juminkanja/S2430/initialize?prefCd=46&kikanCd=41061&kikanKbn=3", "url2": null, "内容": "松岡歯科医院【3:歯科】鹿児島県南さつま市加世田村原" }, "geometry": { "type": "Point", "coordinates": [ 130.330555, 31.424806 ] } },
{ "type": "Feature", "properties": { "ID": 46341062, "正式名称": "松原歯科", "機関区分": 3, "都道府県コード": 46, "市区町村コード": 223, "所在地": "鹿児島県南九州市知覧町塩屋", "緯度": 31.257367, "経度": 130.374425, "url": "https://www.iryou.teikyouseido.mhlw.go.jp/znk-web/juminkanja/S2430/initialize?prefCd=46&kikanCd=41062&kikanKbn=3", "url2": null, "内容": "松原歯科【3:歯科】鹿児島県南九州市知覧町塩屋" }, "geometry": { "type": "Point", "coordinates": [ 130.374425, 31.257367 ] } },
{ "type": "Feature", "properties": { "ID": 46341063, "正式名称": "峰元歯科", "機関区分": 3, "都道府県コード": 46, "市区町村コード": 204, "所在地": "鹿児島県枕崎市緑町１４３", "緯度": 31.275394, "経度": 130.294323, "url": "https://www.iryou.teikyouseido.mhlw.go.jp/znk-web/juminkanja/S2430/initialize?prefCd=46&kikanCd=41063&kikanKbn=3", "url2": null, "内容": "峰元歯科【3:歯科】鹿児島県枕崎市緑町１４３" }, "geometry": { "type": "Point", "coordinates": [ 130.294323, 31.275394 ] } },
{ "type": "Feature", "properties": { "ID": 46341064, "正式名称": "山之内歯科医院", "機関区分": 3, "都道府県コード": 46, "市区町村コード": 204, "所在地": "鹿児島県枕崎市西本町５８", "緯度": 31.270123, "経度": 130.297404, "url": "https://www.iryou.teikyouseido.mhlw.go.jp/znk-web/juminkanja/S2430/initialize?prefCd=46&kikanCd=41064&kikanKbn=3", "url2": "-", "内容": "山之内歯科医院【3:歯科】鹿児島県枕崎市西本町５８" }, "geometry": { "type": "Point", "coordinates": [ 130.297404, 31.270123 ] } },
{ "type": "Feature", "properties": { "ID": 46341067, "正式名称": "医療法人​﨑元歯科医院", "機関区分": 3, "都道府県コード": 46, "市区町村コード": 220, "所在地": "鹿児島県南さつま市金峰町尾下１６４８－２", "緯度": 31.454773, "経度": 130.339018, "url": "https://www.iryou.teikyouseido.mhlw.go.jp/znk-web/juminkanja/S2430/initialize?prefCd=46&kikanCd=41067&kikanKbn=3", "url2": null, "内容": "医療法人​﨑元歯科医院【3:歯科】鹿児島県南さつま市金峰町尾下１６４８－２" }, "geometry": { "type": "Point", "coordinates": [ 130.339018, 31.454773 ] } },
{ "type": "Feature", "properties": { "ID": 46341502, "正式名称": "えとう歯科", "機関区分": 3, "都道府県コード": 46, "市区町村コード": 219, "所在地": "鹿児島県いちき串木野市元町３８番地", "緯度": 31.718675, "経度": 130.265107, "url": "https://www.iryou.teikyouseido.mhlw.go.jp/znk-web/juminkanja/S2430/initialize?prefCd=46&kikanCd=41502&kikanKbn=3", "url2": null, "内容": "えとう歯科【3:歯科】鹿児島県いちき串木野市元町３８番地" }, "geometry": { "type": "Point", "coordinates": [ 130.265107, 31.718675 ] } },
{ "type": "Feature", "properties": { "ID": 46341503, "正式名称": "みのて歯科医院", "機関区分": 3, "都道府県コード": 46, "市区町村コード": 219, "所在地": "鹿児島県いちき串木野市元町１５４", "緯度": 31.719282, "経度": 130.267008, "url": "https://www.iryou.teikyouseido.mhlw.go.jp/znk-web/juminkanja/S2430/initialize?prefCd=46&kikanCd=41503&kikanKbn=3", "url2": null, "内容": "みのて歯科医院【3:歯科】鹿児島県いちき串木野市元町１５４" }, "geometry": { "type": "Point", "coordinates": [ 130.267008, 31.719282 ] } },
{ "type": "Feature", "properties": { "ID": 46341505, "正式名称": "医療法人　みどり歯科医院", "機関区分": 3, "都道府県コード": 46, "市区町村コード": 219, "所在地": "鹿児島県いちき串木野市緑町", "緯度": 31.710964, "経度": 130.27255, "url": "https://www.iryou.teikyouseido.mhlw.go.jp/znk-web/juminkanja/S2430/initialize?prefCd=46&kikanCd=41505&kikanKbn=3", "url2": null, "内容": "医療法人　みどり歯科医院【3:歯科】鹿児島県いちき串木野市緑町" }, "geometry": { "type": "Point", "coordinates": [ 130.27255, 31.710964 ] } },
{ "type": "Feature", "properties": { "ID": 46341508, "正式名称": "マコト歯科医院", "機関区分": 3, "都道府県コード": 46, "市区町村コード": 219, "所在地": "鹿児島県いちき串木野市西浜町１４２－１", "緯度": 31.718588, "経度": 130.262282, "url": "https://www.iryou.teikyouseido.mhlw.go.jp/znk-web/juminkanja/S2430/initialize?prefCd=46&kikanCd=41508&kikanKbn=3", "url2": null, "内容": "マコト歯科医院【3:歯科】鹿児島県いちき串木野市西浜町１４２－１" }, "geometry": { "type": "Point", "coordinates": [ 130.262282, 31.718588 ] } },
{ "type": "Feature", "properties": { "ID": 46341513, "正式名称": "前田歯科", "機関区分": 3, "都道府県コード": 46, "市区町村コード": 219, "所在地": "鹿児島県いちき串木野市大里４０４８", "緯度": 31.688555, "経度": 130.300593, "url": "https://www.iryou.teikyouseido.mhlw.go.jp/znk-web/juminkanja/S2430/initialize?prefCd=46&kikanCd=41513&kikanKbn=3", "url2": null, "内容": "前田歯科【3:歯科】鹿児島県いちき串木野市大里４０４８" }, "geometry": { "type": "Point", "coordinates": [ 130.300593, 31.688555 ] } },
{ "type": "Feature", "properties": { "ID": 46341516, "正式名称": "こだま歯科クリニック", "機関区分": 3, "都道府県コード": 46, "市区町村コード": 216, "所在地": "鹿児島県日置市東市来町湯田３１８０－３", "緯度": 31.6726, "経度": 130.333278, "url": "https://www.iryou.teikyouseido.mhlw.go.jp/znk-web/juminkanja/S2430/initialize?prefCd=46&kikanCd=41516&kikanKbn=3", "url2": null, "内容": "こだま歯科クリニック【3:歯科】鹿児島県日置市東市来町湯田３１８０－３" }, "geometry": { "type": "Point", "coordinates": [ 130.333278, 31.6726 ] } },
{ "type": "Feature", "properties": { "ID": 46341518, "正式名称": "医療法人門松歯科医院", "機関区分": 3, "都道府県コード": 46, "市区町村コード": 216, "所在地": "鹿児島県日置市伊集院町下谷口１９２６", "緯度": 31.626294, "経度": 130.39888, "url": "https://www.iryou.teikyouseido.mhlw.go.jp/znk-web/juminkanja/S2430/initialize?prefCd=46&kikanCd=41518&kikanKbn=3", "url2": null, "内容": "医療法人門松歯科医院【3:歯科】鹿児島県日置市伊集院町下谷口１９２６" }, "geometry": { "type": "Point", "coordinates": [ 130.39888, 31.626294 ] } },
{ "type": "Feature", "properties": { "ID": 46341520, "正式名称": "えご歯科医院", "機関区分": 3, "都道府県コード": 46, "市区町村コード": 216, "所在地": "鹿児島県日置市伊集院町下谷口２４６２－３", "緯度": 31.623103, "経度": 130.405861, "url": "https://www.iryou.teikyouseido.mhlw.go.jp/znk-web/juminkanja/S2430/initialize?prefCd=46&kikanCd=41520&kikanKbn=3", "url2": null, "内容": "えご歯科医院【3:歯科】鹿児島県日置市伊集院町下谷口２４６２－３" }, "geometry": { "type": "Point", "coordinates": [ 130.405861, 31.623103 ] } },
{ "type": "Feature", "properties": { "ID": 46341524, "正式名称": "前田歯科・矯正歯科", "機関区分": 3, "都道府県コード": 46, "市区町村コード": 216, "所在地": "鹿児島県日置市伊集院町徳重", "緯度": 31.632651, "経度": 130.398539, "url": "https://www.iryou.teikyouseido.mhlw.go.jp/znk-web/juminkanja/S2430/initialize?prefCd=46&kikanCd=41524&kikanKbn=3", "url2": null, "内容": "前田歯科・矯正歯科【3:歯科】鹿児島県日置市伊集院町徳重" }, "geometry": { "type": "Point", "coordinates": [ 130.398539, 31.632651 ] } },
{ "type": "Feature", "properties": { "ID": 46341525, "正式名称": "福山歯科医院", "機関区分": 3, "都道府県コード": 46, "市区町村コード": 216, "所在地": "鹿児島県日置市伊集院町妙円寺１丁目７２－４", "緯度": 31.644353, "経度": 130.397009, "url": "https://www.iryou.teikyouseido.mhlw.go.jp/znk-web/juminkanja/S2430/initialize?prefCd=46&kikanCd=41525&kikanKbn=3", "url2": null, "内容": "福山歯科医院【3:歯科】鹿児島県日置市伊集院町妙円寺１丁目７２－４" }, "geometry": { "type": "Point", "coordinates": [ 130.397009, 31.644353 ] } },
{ "type": "Feature", "properties": { "ID": 46341526, "正式名称": "林田歯科医院", "機関区分": 3, "都道府県コード": 46, "市区町村コード": 216, "所在地": "鹿児島県日置市伊集院町郡", "緯度": 31.634203, "経度": 130.401658, "url": "https://www.iryou.teikyouseido.mhlw.go.jp/znk-web/juminkanja/S2430/initialize?prefCd=46&kikanCd=41526&kikanKbn=3", "url2": "https://hayashida-dental.com/", "内容": "林田歯科医院【3:歯科】鹿児島県日置市伊集院町郡" }, "geometry": { "type": "Point", "coordinates": [ 130.401658, 31.634203 ] } },
{ "type": "Feature", "properties": { "ID": 46341527, "正式名称": "ふくはら歯科医院", "機関区分": 3, "都道府県コード": 46, "市区町村コード": 216, "所在地": "鹿児島県日置市伊集院町郡１２５８－５", "緯度": 31.639439, "経度": 130.404785, "url": "https://www.iryou.teikyouseido.mhlw.go.jp/znk-web/juminkanja/S2430/initialize?prefCd=46&kikanCd=41527&kikanKbn=3", "url2": "http://fukuhara-shika.com/", "内容": "ふくはら歯科医院【3:歯科】鹿児島県日置市伊集院町郡１２５８－５" }, "geometry": { "type": "Point", "coordinates": [ 130.404785, 31.639439 ] } },
{ "type": "Feature", "properties": { "ID": 46341528, "正式名称": "どりーむ歯科", "機関区分": 3, "都道府県コード": 46, "市区町村コード": 216, "所在地": "鹿児島県日置市伊集院町麦生田", "緯度": 31.654156, "経度": 130.43994, "url": "https://www.iryou.teikyouseido.mhlw.go.jp/znk-web/juminkanja/S2430/initialize?prefCd=46&kikanCd=41528&kikanKbn=3", "url2": "http://www1.ocn.ne.jp/~dreamdc/", "内容": "どりーむ歯科【3:歯科】鹿児島県日置市伊集院町麦生田" }, "geometry": { "type": "Point", "coordinates": [ 130.43994, 31.654156 ] } },
{ "type": "Feature", "properties": { "ID": 46342005, "正式名称": "宮薗歯科医院", "機関区分": 3, "都道府県コード": 46, "市区町村コード": 206, "所在地": "鹿児島県阿久根市大丸町９０－２６", "緯度": 32.014594, "経度": 130.195271, "url": "https://www.iryou.teikyouseido.mhlw.go.jp/znk-web/juminkanja/S2430/initialize?prefCd=46&kikanCd=42005&kikanKbn=3", "url2": null, "内容": "宮薗歯科医院【3:歯科】鹿児島県阿久根市大丸町９０－２６" }, "geometry": { "type": "Point", "coordinates": [ 130.195271, 32.014594 ] } },
{ "type": "Feature", "properties": { "ID": 46342008, "正式名称": "医療法人惇明会よしもと歯科クリニック", "機関区分": 3, "都道府県コード": 46, "市区町村コード": 206, "所在地": "鹿児島県阿久根市脇本", "緯度": 32.077647, "経度": 130.206466, "url": "https://www.iryou.teikyouseido.mhlw.go.jp/znk-web/juminkanja/S2430/initialize?prefCd=46&kikanCd=42008&kikanKbn=3", "url2": null, "内容": "医療法人惇明会よしもと歯科クリニック【3:歯科】鹿児島県阿久根市脇本" }, "geometry": { "type": "Point", "coordinates": [ 130.206466, 32.077647 ] } },
{ "type": "Feature", "properties": { "ID": 46342014, "正式名称": "医療法人英真会金子歯科医院", "機関区分": 3, "都道府県コード": 46, "市区町村コード": 208, "所在地": "鹿児島県出水市本町", "緯度": 32.081627, "経度": 130.361163, "url": "https://www.iryou.teikyouseido.mhlw.go.jp/znk-web/juminkanja/S2430/initialize?prefCd=46&kikanCd=42014&kikanKbn=3", "url2": "http://kaneko-shika-2150.ci-hp.jp/", "内容": "医療法人英真会金子歯科医院【3:歯科】鹿児島県出水市本町" }, "geometry": { "type": "Point", "coordinates": [ 130.361163, 32.081627 ] } },
{ "type": "Feature", "properties": { "ID": 46342021, "正式名称": "徳森歯科医院", "機関区分": 3, "都道府県コード": 46, "市区町村コード": 208, "所在地": "鹿児島県出水市米ノ津町１６－２６", "緯度": 32.120291, "経度": 130.338784, "url": "https://www.iryou.teikyouseido.mhlw.go.jp/znk-web/juminkanja/S2430/initialize?prefCd=46&kikanCd=42021&kikanKbn=3", "url2": null, "内容": "徳森歯科医院【3:歯科】鹿児島県出水市米ノ津町１６－２６" }, "geometry": { "type": "Point", "coordinates": [ 130.338784, 32.120291 ] } },
{ "type": "Feature", "properties": { "ID": 46342026, "正式名称": "はしぐち歯科クリニック", "機関区分": 3, "都道府県コード": 46, "市区町村コード": 208, "所在地": "鹿児島県出水市上知識町５４８番地", "緯度": 32.082295, "経度": 130.335075, "url": "https://www.iryou.teikyouseido.mhlw.go.jp/znk-web/juminkanja/S2430/initialize?prefCd=46&kikanCd=42026&kikanKbn=3", "url2": null, "内容": "はしぐち歯科クリニック【3:歯科】鹿児島県出水市上知識町５４８番地" }, "geometry": { "type": "Point", "coordinates": [ 130.335075, 32.082295 ] } },
{ "type": "Feature", "properties": { "ID": 46342027, "正式名称": "石沢歯科医院", "機関区分": 3, "都道府県コード": 46, "市区町村コード": 208, "所在地": "鹿児島県出水市野田町上名", "緯度": 32.051712, "経度": 130.266367, "url": "https://www.iryou.teikyouseido.mhlw.go.jp/znk-web/juminkanja/S2430/initialize?prefCd=46&kikanCd=42027&kikanKbn=3", "url2": null, "内容": "石沢歯科医院【3:歯科】鹿児島県出水市野田町上名" }, "geometry": { "type": "Point", "coordinates": [ 130.266367, 32.051712 ] } },
{ "type": "Feature", "properties": { "ID": 46342030, "正式名称": "中島歯科医院", "機関区分": 3, "都道府県コード": 46, "市区町村コード": 208, "所在地": "鹿児島県出水市高尾野町大久保", "緯度": 32.060813, "経度": 130.303677, "url": "https://www.iryou.teikyouseido.mhlw.go.jp/znk-web/juminkanja/S2430/initialize?prefCd=46&kikanCd=42030&kikanKbn=3", "url2": null, "内容": "中島歯科医院【3:歯科】鹿児島県出水市高尾野町大久保" }, "geometry": { "type": "Point", "coordinates": [ 130.303677, 32.060813 ] } },
{ "type": "Feature", "properties": { "ID": 46342035, "正式名称": "池田歯科医院", "機関区分": 3, "都道府県コード": 46, "市区町村コード": 215, "所在地": "鹿児島県薩摩川内市原田町７ー７ー２", "緯度": 31.828064, "経度": 130.306907, "url": "https://www.iryou.teikyouseido.mhlw.go.jp/znk-web/juminkanja/S2430/initialize?prefCd=46&kikanCd=42035&kikanKbn=3", "url2": null, "内容": "池田歯科医院【3:歯科】鹿児島県薩摩川内市原田町７ー７ー２" }, "geometry": { "type": "Point", "coordinates": [ 130.306907, 31.828064 ] } },
{ "type": "Feature", "properties": { "ID": 46342039, "正式名称": "河村歯科医院", "機関区分": 3, "都道府県コード": 46, "市区町村コード": 215, "所在地": "鹿児島県薩摩川内市宮内町", "緯度": 31.824735, "経度": 130.288699, "url": "https://www.iryou.teikyouseido.mhlw.go.jp/znk-web/juminkanja/S2430/initialize?prefCd=46&kikanCd=42039&kikanKbn=3", "url2": null, "内容": "河村歯科医院【3:歯科】鹿児島県薩摩川内市宮内町" }, "geometry": { "type": "Point", "coordinates": [ 130.288699, 31.824735 ] } },
{ "type": "Feature", "properties": { "ID": 46342040, "正式名称": "ぎんや歯科医院", "機関区分": 3, "都道府県コード": 46, "市区町村コード": 215, "所在地": "鹿児島県薩摩川内市宮崎町１９６５−４", "緯度": 31.802491, "経度": 130.318108, "url": "https://www.iryou.teikyouseido.mhlw.go.jp/znk-web/juminkanja/S2430/initialize?prefCd=46&kikanCd=42040&kikanKbn=3", "url2": null, "内容": "ぎんや歯科医院【3:歯科】鹿児島県薩摩川内市宮崎町１９６５−４" }, "geometry": { "type": "Point", "coordinates": [ 130.318108, 31.802491 ] } },
{ "type": "Feature", "properties": { "ID": 46342041, "正式名称": "慶田歯科医院", "機関区分": 3, "都道府県コード": 46, "市区町村コード": 215, "所在地": "鹿児島県薩摩川内市平佐町３４４８－１", "緯度": 31.820989, "経度": 130.313668, "url": "https://www.iryou.teikyouseido.mhlw.go.jp/znk-web/juminkanja/S2430/initialize?prefCd=46&kikanCd=42041&kikanKbn=3", "url2": null, "内容": "慶田歯科医院【3:歯科】鹿児島県薩摩川内市平佐町３４４８－１" }, "geometry": { "type": "Point", "coordinates": [ 130.313668, 31.820989 ] } },
{ "type": "Feature", "properties": { "ID": 46342044, "正式名称": "さかもと歯科医院", "機関区分": 3, "都道府県コード": 46, "市区町村コード": 215, "所在地": "鹿児島県薩摩川内市中郷４丁目１５番地", "緯度": 31.837206, "経度": 130.313186, "url": "https://www.iryou.teikyouseido.mhlw.go.jp/znk-web/juminkanja/S2430/initialize?prefCd=46&kikanCd=42044&kikanKbn=3", "url2": null, "内容": "さかもと歯科医院【3:歯科】鹿児島県薩摩川内市中郷４丁目１５番地" }, "geometry": { "type": "Point", "coordinates": [ 130.313186, 31.837206 ] } },
{ "type": "Feature", "properties": { "ID": 46342051, "正式名称": "高島歯科医院", "機関区分": 3, "都道府県コード": 46, "市区町村コード": 215, "所在地": "鹿児島県薩摩川内市東開聞町１－１０", "緯度": 31.816842, "経度": 130.304345, "url": "https://www.iryou.teikyouseido.mhlw.go.jp/znk-web/juminkanja/S2430/initialize?prefCd=46&kikanCd=42051&kikanKbn=3", "url2": null, "内容": "高島歯科医院【3:歯科】鹿児島県薩摩川内市東開聞町１－１０" }, "geometry": { "type": "Point", "coordinates": [ 130.304345, 31.816842 ] } },
{ "type": "Feature", "properties": { "ID": 46342055, "正式名称": "とくなが歯科クリニック", "機関区分": 3, "都道府県コード": 46, "市区町村コード": 215, "所在地": "鹿児島県薩摩川内市高城町１７１８－１", "緯度": 31.85014, "経度": 130.290547, "url": "https://www.iryou.teikyouseido.mhlw.go.jp/znk-web/juminkanja/S2430/initialize?prefCd=46&kikanCd=42055&kikanKbn=3", "url2": null, "内容": "とくなが歯科クリニック【3:歯科】鹿児島県薩摩川内市高城町１７１８－１" }, "geometry": { "type": "Point", "coordinates": [ 130.290547, 31.85014 ] } },
{ "type": "Feature", "properties": { "ID": 46342056, "正式名称": "智デンタルオフィス", "機関区分": 3, "都道府県コード": 46, "市区町村コード": 215, "所在地": "鹿児島県薩摩川内市西向田町１６－１１", "緯度": 31.818035, "経度": 130.304528, "url": "https://www.iryou.teikyouseido.mhlw.go.jp/znk-web/juminkanja/S2430/initialize?prefCd=46&kikanCd=42056&kikanKbn=3", "url2": null, "内容": "智デンタルオフィス【3:歯科】鹿児島県薩摩川内市西向田町１６－１１" }, "geometry": { "type": "Point", "coordinates": [ 130.304528, 31.818035 ] } },
{ "type": "Feature", "properties": { "ID": 46342057, "正式名称": "（医）永里歯科医院", "機関区分": 3, "都道府県コード": 46, "市区町村コード": 215, "所在地": "鹿児島県薩摩川内市西向田町６ー５", "緯度": 31.813148, "経度": 130.30647, "url": "https://www.iryou.teikyouseido.mhlw.go.jp/znk-web/juminkanja/S2430/initialize?prefCd=46&kikanCd=42057&kikanKbn=3", "url2": null, "内容": "（医）永里歯科医院【3:歯科】鹿児島県薩摩川内市西向田町６ー５" }, "geometry": { "type": "Point", "coordinates": [ 130.30647, 31.813148 ] } },
{ "type": "Feature", "properties": { "ID": 46342058, "正式名称": "永山歯科医院", "機関区分": 3, "都道府県コード": 46, "市区町村コード": 215, "所在地": "鹿児島県薩摩川内市大王町", "緯度": 31.82516, "経度": 130.2984, "url": "https://www.iryou.teikyouseido.mhlw.go.jp/znk-web/juminkanja/S2430/initialize?prefCd=46&kikanCd=42058&kikanKbn=3", "url2": null, "内容": "永山歯科医院【3:歯科】鹿児島県薩摩川内市大王町" }, "geometry": { "type": "Point", "coordinates": [ 130.2984, 31.82516 ] } },
{ "type": "Feature", "properties": { "ID": 46342065, "正式名称": "星元歯科", "機関区分": 3, "都道府県コード": 46, "市区町村コード": 215, "所在地": "鹿児島県薩摩川内市東大小路町５３－１６", "緯度": 31.82915, "経度": 130.311264, "url": "https://www.iryou.teikyouseido.mhlw.go.jp/znk-web/juminkanja/S2430/initialize?prefCd=46&kikanCd=42065&kikanKbn=3", "url2": null, "内容": "星元歯科【3:歯科】鹿児島県薩摩川内市東大小路町５３－１６" }, "geometry": { "type": "Point", "coordinates": [ 130.311264, 31.82915 ] } },
{ "type": "Feature", "properties": { "ID": 46342067, "正式名称": "まつもと歯科医院", "機関区分": 3, "都道府県コード": 46, "市区町村コード": 215, "所在地": "鹿児島県　薩摩川内市　入来町浦之名　７６７６番１", "緯度": 31.803601, "経度": 130.436567, "url": "https://www.iryou.teikyouseido.mhlw.go.jp/znk-web/juminkanja/S2430/initialize?prefCd=46&kikanCd=42067&kikanKbn=3", "url2": null, "内容": "まつもと歯科医院【3:歯科】鹿児島県　薩摩川内市　入来町浦之名　７６７６番１" }, "geometry": { "type": "Point", "coordinates": [ 130.436567, 31.803601 ] } },
{ "type": "Feature", "properties": { "ID": 46342070, "正式名称": "医療法人　米良歯科医院", "機関区分": 3, "都道府県コード": 46, "市区町村コード": 215, "所在地": "鹿児島県薩摩川内市勝目町４１７０－１", "緯度": 31.786579, "経度": 130.315061, "url": "https://www.iryou.teikyouseido.mhlw.go.jp/znk-web/juminkanja/S2430/initialize?prefCd=46&kikanCd=42070&kikanKbn=3", "url2": "https://mera-dental.jp/", "内容": "医療法人　米良歯科医院【3:歯科】鹿児島県薩摩川内市勝目町４１７０－１" }, "geometry": { "type": "Point", "coordinates": [ 130.315061, 31.786579 ] } },
{ "type": "Feature", "properties": { "ID": 46342075, "正式名称": "若松歯科医院", "機関区分": 3, "都道府県コード": 46, "市区町村コード": 215, "所在地": "鹿児島県薩摩川内市宮崎町", "緯度": 31.7943, "経度": 130.31653, "url": "https://www.iryou.teikyouseido.mhlw.go.jp/znk-web/juminkanja/S2430/initialize?prefCd=46&kikanCd=42075&kikanKbn=3", "url2": null, "内容": "若松歯科医院【3:歯科】鹿児島県薩摩川内市宮崎町" }, "geometry": { "type": "Point", "coordinates": [ 130.31653, 31.7943 ] } },
{ "type": "Feature", "properties": { "ID": 46342076, "正式名称": "医療法人しげたこども歯科", "機関区分": 3, "都道府県コード": 46, "市区町村コード": 215, "所在地": "鹿児島県薩摩川内市平佐町３６０５－１１", "緯度": 31.823593, "経度": 130.317649, "url": "https://www.iryou.teikyouseido.mhlw.go.jp/znk-web/juminkanja/S2430/initialize?prefCd=46&kikanCd=42076&kikanKbn=3", "url2": "http://www.shigeta-dental.com", "内容": "医療法人しげたこども歯科【3:歯科】鹿児島県薩摩川内市平佐町３６０５－１１" }, "geometry": { "type": "Point", "coordinates": [ 130.317649, 31.823593 ] } },
{ "type": "Feature", "properties": { "ID": 46342077, "正式名称": "尾形歯科医院", "機関区分": 3, "都道府県コード": 46, "市区町村コード": 392, "所在地": "鹿児島県薩摩郡さつま町宮之城屋地１４６２－１", "緯度": 31.902963, "経度": 130.453775, "url": "https://www.iryou.teikyouseido.mhlw.go.jp/znk-web/juminkanja/S2430/initialize?prefCd=46&kikanCd=42077&kikanKbn=3", "url2": "ogatadentalclinic.wixsite.com", "内容": "尾形歯科医院【3:歯科】鹿児島県薩摩郡さつま町宮之城屋地１４６２－１" }, "geometry": { "type": "Point", "coordinates": [ 130.453775, 31.902963 ] } },
{ "type": "Feature", "properties": { "ID": 46342080, "正式名称": "木田歯科医院", "機関区分": 3, "都道府県コード": 46, "市区町村コード": 392, "所在地": "鹿児島県薩摩郡さつま町宮之城屋地", "緯度": 31.903397, "経度": 130.455975, "url": "https://www.iryou.teikyouseido.mhlw.go.jp/znk-web/juminkanja/S2430/initialize?prefCd=46&kikanCd=42080&kikanKbn=3", "url2": null, "内容": "木田歯科医院【3:歯科】鹿児島県薩摩郡さつま町宮之城屋地" }, "geometry": { "type": "Point", "coordinates": [ 130.455975, 31.903397 ] } },
{ "type": "Feature", "properties": { "ID": 46342083, "正式名称": "ふくおか歯科クリニック", "機関区分": 3, "都道府県コード": 46, "市区町村コード": 392, "所在地": "鹿児島県薩摩郡さつま町山崎１０００－１", "緯度": 31.561083, "経度": 130.557728, "url": "https://www.iryou.teikyouseido.mhlw.go.jp/znk-web/juminkanja/S2430/initialize?prefCd=46&kikanCd=42083&kikanKbn=3", "url2": "fdc-shika.cihp2.jp", "内容": "ふくおか歯科クリニック【3:歯科】鹿児島県薩摩郡さつま町山崎１０００－１" }, "geometry": { "type": "Point", "coordinates": [ 130.557728, 31.561083 ] } },
{ "type": "Feature", "properties": { "ID": 46342084, "正式名称": "福岡歯科医院", "機関区分": 3, "都道府県コード": 46, "市区町村コード": 392, "所在地": "鹿児島県薩摩郡さつま町虎居７０４－４", "緯度": 31.91131, "経度": 130.455326, "url": "https://www.iryou.teikyouseido.mhlw.go.jp/znk-web/juminkanja/S2430/initialize?prefCd=46&kikanCd=42084&kikanKbn=3", "url2": "http://fukuokadental.info/", "内容": "福岡歯科医院【3:歯科】鹿児島県薩摩郡さつま町虎居７０４－４" }, "geometry": { "type": "Point", "coordinates": [ 130.455326, 31.91131 ] } },
{ "type": "Feature", "properties": { "ID": 46342501, "正式名称": "有薗歯科医院", "機関区分": 3, "都道府県コード": 46, "市区町村コード": 224, "所在地": "鹿児島県伊佐市大口元町２６－１１", "緯度": 32.059676, "経度": 130.608623, "url": "https://www.iryou.teikyouseido.mhlw.go.jp/znk-web/juminkanja/S2430/initialize?prefCd=46&kikanCd=42501&kikanKbn=3", "url2": null, "内容": "有薗歯科医院【3:歯科】鹿児島県伊佐市大口元町２６－１１" }, "geometry": { "type": "Point", "coordinates": [ 130.608623, 32.059676 ] } },
{ "type": "Feature", "properties": { "ID": 46342503, "正式名称": "宮田歯科医院", "機関区分": 3, "都道府県コード": 46, "市区町村コード": 224, "所在地": "鹿児島県伊佐市大口里", "緯度": 32.065546, "経度": 130.611835, "url": "https://www.iryou.teikyouseido.mhlw.go.jp/znk-web/juminkanja/S2430/initialize?prefCd=46&kikanCd=42503&kikanKbn=3", "url2": null, "内容": "宮田歯科医院【3:歯科】鹿児島県伊佐市大口里" }, "geometry": { "type": "Point", "coordinates": [ 130.611835, 32.065546 ] } },
{ "type": "Feature", "properties": { "ID": 46342504, "正式名称": "医療法人たけ歯科", "機関区分": 3, "都道府県コード": 46, "市区町村コード": 224, "所在地": "鹿児島県伊佐市大口堂崎１５５－３３", "緯度": 32.03049, "経度": 130.596414, "url": "https://www.iryou.teikyouseido.mhlw.go.jp/znk-web/juminkanja/S2430/initialize?prefCd=46&kikanCd=42504&kikanKbn=3", "url2": null, "内容": "医療法人たけ歯科【3:歯科】鹿児島県伊佐市大口堂崎１５５－３３" }, "geometry": { "type": "Point", "coordinates": [ 130.596414, 32.03049 ] } },
{ "type": "Feature", "properties": { "ID": 46342509, "正式名称": "医療法人宏々会こうき歯科医院", "機関区分": 3, "都道府県コード": 46, "市区町村コード": 224, "所在地": "鹿児島県伊佐市菱刈重留９７４－９", "緯度": 32.035119, "経度": 130.633236, "url": "https://www.iryou.teikyouseido.mhlw.go.jp/znk-web/juminkanja/S2430/initialize?prefCd=46&kikanCd=42509&kikanKbn=3", "url2": null, "内容": "医療法人宏々会こうき歯科医院【3:歯科】鹿児島県伊佐市菱刈重留９７４－９" }, "geometry": { "type": "Point", "coordinates": [ 130.633236, 32.035119 ] } },
{ "type": "Feature", "properties": { "ID": 46342513, "正式名称": "医療法人山中歯科医院", "機関区分": 3, "都道府県コード": 46, "市区町村コード": 225, "所在地": "鹿児島県姶良市加治木町木田", "緯度": 31.735622, "経度": 130.653928, "url": "https://www.iryou.teikyouseido.mhlw.go.jp/znk-web/juminkanja/S2430/initialize?prefCd=46&kikanCd=42513&kikanKbn=3", "url2": null, "内容": "医療法人山中歯科医院【3:歯科】鹿児島県姶良市加治木町木田" }, "geometry": { "type": "Point", "coordinates": [ 130.653928, 31.735622 ] } },
{ "type": "Feature", "properties": { "ID": 46342514, "正式名称": "まえ歯科クリニック", "機関区分": 3, "都道府県コード": 46, "市区町村コード": 225, "所在地": "鹿児島県姶良市加治木町新生町２１８－１", "緯度": 31.740051, "経度": 130.655905, "url": "https://www.iryou.teikyouseido.mhlw.go.jp/znk-web/juminkanja/S2430/initialize?prefCd=46&kikanCd=42514&kikanKbn=3", "url2": "http://mae-dental.com", "内容": "まえ歯科クリニック【3:歯科】鹿児島県姶良市加治木町新生町２１８－１" }, "geometry": { "type": "Point", "coordinates": [ 130.655905, 31.740051 ] } },
{ "type": "Feature", "properties": { "ID": 46342515, "正式名称": "ふるかわ歯科医院", "機関区分": 3, "都道府県コード": 46, "市区町村コード": 225, "所在地": "鹿児島県姶良市加治木町本町２１５", "緯度": 31.738136, "経度": 130.662374, "url": "https://www.iryou.teikyouseido.mhlw.go.jp/znk-web/juminkanja/S2430/initialize?prefCd=46&kikanCd=42515&kikanKbn=3", "url2": "https://dental-furukawa.com/", "内容": "ふるかわ歯科医院【3:歯科】鹿児島県姶良市加治木町本町２１５" }, "geometry": { "type": "Point", "coordinates": [ 130.662374, 31.738136 ] } },
{ "type": "Feature", "properties": { "ID": 46342516, "正式名称": "はまかわ歯科医院", "機関区分": 3, "都道府県コード": 46, "市区町村コード": 225, "所在地": "鹿児島県姶良市加治木町錦江町１８９", "緯度": 31.735761, "経度": 130.662972, "url": "https://www.iryou.teikyouseido.mhlw.go.jp/znk-web/juminkanja/S2430/initialize?prefCd=46&kikanCd=42516&kikanKbn=3", "url2": "www.hamakawa-dental.com", "内容": "はまかわ歯科医院【3:歯科】鹿児島県姶良市加治木町錦江町１８９" }, "geometry": { "type": "Point", "coordinates": [ 130.662972, 31.735761 ] } },
{ "type": "Feature", "properties": { "ID": 46342520, "正式名称": "ゲン歯科クリニック", "機関区分": 3, "都道府県コード": 46, "市区町村コード": 225, "所在地": "鹿児島県姶良市加治木町諏訪町１９６", "緯度": 31.738921, "経度": 130.669018, "url": "https://www.iryou.teikyouseido.mhlw.go.jp/znk-web/juminkanja/S2430/initialize?prefCd=46&kikanCd=42520&kikanKbn=3", "url2": null, "内容": "ゲン歯科クリニック【3:歯科】鹿児島県姶良市加治木町諏訪町１９６" }, "geometry": { "type": "Point", "coordinates": [ 130.669018, 31.738921 ] } },
{ "type": "Feature", "properties": { "ID": 46342521, "正式名称": "徳重歯科医院", "機関区分": 3, "都道府県コード": 46, "市区町村コード": 225, "所在地": "鹿児島県姶良市平松４９５１", "緯度": 31.711424, "経度": 130.601818, "url": "https://www.iryou.teikyouseido.mhlw.go.jp/znk-web/juminkanja/S2430/initialize?prefCd=46&kikanCd=42521&kikanKbn=3", "url2": null, "内容": "徳重歯科医院【3:歯科】鹿児島県姶良市平松４９５１" }, "geometry": { "type": "Point", "coordinates": [ 130.601818, 31.711424 ] } },
{ "type": "Feature", "properties": { "ID": 46342524, "正式名称": "野田歯科医院", "機関区分": 3, "都道府県コード": 46, "市区町村コード": 225, "所在地": "鹿児島県姶良市東餠田１４０８－９", "緯度": 31.724949, "経度": 130.63416, "url": "https://www.iryou.teikyouseido.mhlw.go.jp/znk-web/juminkanja/S2430/initialize?prefCd=46&kikanCd=42524&kikanKbn=3", "url2": null, "内容": "野田歯科医院【3:歯科】鹿児島県姶良市東餠田１４０８－９" }, "geometry": { "type": "Point", "coordinates": [ 130.63416, 31.724949 ] } },
{ "type": "Feature", "properties": { "ID": 46342528, "正式名称": "医療法人Ｄ．アポス　サマリア歯科医院", "機関区分": 3, "都道府県コード": 46, "市区町村コード": 225, "所在地": "鹿児島県姶良市西餠田", "緯度": 31.720246, "経度": 130.619552, "url": "https://www.iryou.teikyouseido.mhlw.go.jp/znk-web/juminkanja/S2430/initialize?prefCd=46&kikanCd=42528&kikanKbn=3", "url2": null, "内容": "医療法人Ｄ．アポス　サマリア歯科医院【3:歯科】鹿児島県姶良市西餠田" }, "geometry": { "type": "Point", "coordinates": [ 130.619552, 31.720246 ] } },
{ "type": "Feature", "properties": { "ID": 46342529, "正式名称": "はたなか歯科医院", "機関区分": 3, "都道府県コード": 46, "市区町村コード": 225, "所在地": "鹿児島県姶良市西餠田３４４４－８２", "緯度": 31.727481, "経度": 130.620022, "url": "https://www.iryou.teikyouseido.mhlw.go.jp/znk-web/juminkanja/S2430/initialize?prefCd=46&kikanCd=42529&kikanKbn=3", "url2": null, "内容": "はたなか歯科医院【3:歯科】鹿児島県姶良市西餠田３４４４－８２" }, "geometry": { "type": "Point", "coordinates": [ 130.620022, 31.727481 ] } },
{ "type": "Feature", "properties": { "ID": 46342530, "正式名称": "内山歯科クリニック", "機関区分": 3, "都道府県コード": 46, "市区町村コード": 225, "所在地": "鹿児島県姶良市西姶良", "緯度": 31.731057, "経度": 130.603327, "url": "https://www.iryou.teikyouseido.mhlw.go.jp/znk-web/juminkanja/S2430/initialize?prefCd=46&kikanCd=42530&kikanKbn=3", "url2": null, "内容": "内山歯科クリニック【3:歯科】鹿児島県姶良市西姶良" }, "geometry": { "type": "Point", "coordinates": [ 130.603327, 31.731057 ] } },
{ "type": "Feature", "properties": { "ID": 46342531, "正式名称": "タナカ歯科医院", "機関区分": 3, "都道府県コード": 46, "市区町村コード": 225, "所在地": "鹿児島県姶良市平松７５２８－１", "緯度": 31.713365, "経度": 130.625056, "url": "https://www.iryou.teikyouseido.mhlw.go.jp/znk-web/juminkanja/S2430/initialize?prefCd=46&kikanCd=42531&kikanKbn=3", "url2": null, "内容": "タナカ歯科医院【3:歯科】鹿児島県姶良市平松７５２８－１" }, "geometry": { "type": "Point", "coordinates": [ 130.625056, 31.713365 ] } },
{ "type": "Feature", "properties": { "ID": 46342532, "正式名称": "医療法人清誠会中山歯科医院", "機関区分": 3, "都道府県コード": 46, "市区町村コード": 225, "所在地": "鹿児島県姶良市西宮島町３－１", "緯度": 31.72494, "経度": 130.622436, "url": "https://www.iryou.teikyouseido.mhlw.go.jp/znk-web/juminkanja/S2430/initialize?prefCd=46&kikanCd=42532&kikanKbn=3", "url2": "http://www11.plala.or.jp/naka-dc/", "内容": "医療法人清誠会中山歯科医院【3:歯科】鹿児島県姶良市西宮島町３－１" }, "geometry": { "type": "Point", "coordinates": [ 130.622436, 31.72494 ] } },
{ "type": "Feature", "properties": { "ID": 46342534, "正式名称": "医療法人保歯会　久保歯科医院", "機関区分": 3, "都道府県コード": 46, "市区町村コード": 225, "所在地": "鹿児島県姶良市永池町２５－１９", "緯度": 31.717432, "経度": 130.611334, "url": "https://www.iryou.teikyouseido.mhlw.go.jp/znk-web/juminkanja/S2430/initialize?prefCd=46&kikanCd=42534&kikanKbn=3", "url2": "http://www.kuboshika.or.jp/index.html", "内容": "医療法人保歯会　久保歯科医院【3:歯科】鹿児島県姶良市永池町２５－１９" }, "geometry": { "type": "Point", "coordinates": [ 130.611334, 31.717432 ] } },
{ "type": "Feature", "properties": { "ID": 46342536, "正式名称": "すみだ歯科医院", "機関区分": 3, "都道府県コード": 46, "市区町村コード": 225, "所在地": "鹿児島県姶良市西餠田４９－３", "緯度": 31.736051, "経度": 130.625963, "url": "https://www.iryou.teikyouseido.mhlw.go.jp/znk-web/juminkanja/S2430/initialize?prefCd=46&kikanCd=42536&kikanKbn=3", "url2": "https://5a49t.crayonsite.net", "内容": "すみだ歯科医院【3:歯科】鹿児島県姶良市西餠田４９－３" }, "geometry": { "type": "Point", "coordinates": [ 130.625963, 31.736051 ] } },
{ "type": "Feature", "properties": { "ID": 46342537, "正式名称": "医療法人　優愛会　松崎歯科医院", "機関区分": 3, "都道府県コード": 46, "市区町村コード": 225, "所在地": "鹿児島県姶良市西餠田９２４－４９", "緯度": 31.728477, "経度": 130.619674, "url": "https://www.iryou.teikyouseido.mhlw.go.jp/znk-web/juminkanja/S2430/initialize?prefCd=46&kikanCd=42537&kikanKbn=3", "url2": null, "内容": "医療法人　優愛会　松崎歯科医院【3:歯科】鹿児島県姶良市西餠田９２４－４９" }, "geometry": { "type": "Point", "coordinates": [ 130.619674, 31.728477 ] } },
{ "type": "Feature", "properties": { "ID": 46342540, "正式名称": "医療法人　デンタルキッズ　イシタニ小児・矯正歯科クリニック", "機関区分": 3, "都道府県コード": 46, "市区町村コード": 225, "所在地": "鹿児島県姶良市宮島町４１番地４", "緯度": 31.725799, "経度": 130.627394, "url": "https://www.iryou.teikyouseido.mhlw.go.jp/znk-web/juminkanja/S2430/initialize?prefCd=46&kikanCd=42540&kikanKbn=3", "url2": "https://www.dental-kids.jp", "内容": "医療法人　デンタルキッズ　イシタニ小児・矯正歯科クリニック【3:歯科】鹿児島県姶良市宮島町４１番地４" }, "geometry": { "type": "Point", "coordinates": [ 130.627394, 31.725799 ] } },
{ "type": "Feature", "properties": { "ID": 46342542, "正式名称": "山下歯科医院", "機関区分": 3, "都道府県コード": 46, "市区町村コード": 225, "所在地": "鹿児島県姶良市蒲生町上久徳２５９７－１", "緯度": 31.759175, "経度": 130.574783, "url": "https://www.iryou.teikyouseido.mhlw.go.jp/znk-web/juminkanja/S2430/initialize?prefCd=46&kikanCd=42542&kikanKbn=3", "url2": null, "内容": "山下歯科医院【3:歯科】鹿児島県姶良市蒲生町上久徳２５９７－１" }, "geometry": { "type": "Point", "coordinates": [ 130.574783, 31.759175 ] } },
{ "type": "Feature", "properties": { "ID": 46342543, "正式名称": "ひさどめ歯科クリニック", "機関区分": 3, "都道府県コード": 46, "市区町村コード": 225, "所在地": "鹿児島県姶良市蒲生町上久徳２５７９－４", "緯度": 31.760283, "経度": 130.571254, "url": "https://www.iryou.teikyouseido.mhlw.go.jp/znk-web/juminkanja/S2430/initialize?prefCd=46&kikanCd=42543&kikanKbn=3", "url2": "http://www.hisadome.dentalmall.jp", "内容": "ひさどめ歯科クリニック【3:歯科】鹿児島県姶良市蒲生町上久徳２５７９－４" }, "geometry": { "type": "Point", "coordinates": [ 130.571254, 31.760283 ] } },
{ "type": "Feature", "properties": { "ID": 46342544, "正式名称": "米重歯科医院", "機関区分": 3, "都道府県コード": 46, "市区町村コード": 218, "所在地": "鹿児島県霧島市国分中央１－２－２４", "緯度": 31.744026, "経度": 130.764984, "url": "https://www.iryou.teikyouseido.mhlw.go.jp/znk-web/juminkanja/S2430/initialize?prefCd=46&kikanCd=42544&kikanKbn=3", "url2": null, "内容": "米重歯科医院【3:歯科】鹿児島県霧島市国分中央１－２－２４" }, "geometry": { "type": "Point", "coordinates": [ 130.764984, 31.744026 ] } },
{ "type": "Feature", "properties": { "ID": 46342545, "正式名称": "森原歯科医院", "機関区分": 3, "都道府県コード": 46, "市区町村コード": 218, "所在地": "鹿児島県霧島市国分中央３－１２－５７", "緯度": 31.74008, "経度": 130.767518, "url": "https://www.iryou.teikyouseido.mhlw.go.jp/znk-web/juminkanja/S2430/initialize?prefCd=46&kikanCd=42545&kikanKbn=3", "url2": "http://www.morihara-dc.com/", "内容": "森原歯科医院【3:歯科】鹿児島県霧島市国分中央３－１２－５７" }, "geometry": { "type": "Point", "coordinates": [ 130.767518, 31.74008 ] } },
{ "type": "Feature", "properties": { "ID": 46342546, "正式名称": "浜田歯科", "機関区分": 3, "都道府県コード": 46, "市区町村コード": 218, "所在地": "鹿児島県霧島市国分中央三丁目４番５号", "緯度": 31.741562, "経度": 130.76559, "url": "https://www.iryou.teikyouseido.mhlw.go.jp/znk-web/juminkanja/S2430/initialize?prefCd=46&kikanCd=42546&kikanKbn=3", "url2": null, "内容": "浜田歯科【3:歯科】鹿児島県霧島市国分中央三丁目４番５号" }, "geometry": { "type": "Point", "coordinates": [ 130.76559, 31.741562 ] } },
{ "type": "Feature", "properties": { "ID": 46342547, "正式名称": "井手歯科医院", "機関区分": 3, "都道府県コード": 46, "市区町村コード": 218, "所在地": "鹿児島県霧島市国分広瀬２－２－２２－２－２", "緯度": 31.728047, "経度": 130.759522, "url": "https://www.iryou.teikyouseido.mhlw.go.jp/znk-web/juminkanja/S2430/initialize?prefCd=46&kikanCd=42547&kikanKbn=3", "url2": null, "内容": "井手歯科医院【3:歯科】鹿児島県霧島市国分広瀬２－２－２２－２－２" }, "geometry": { "type": "Point", "coordinates": [ 130.759522, 31.728047 ] } },
{ "type": "Feature", "properties": { "ID": 46342549, "正式名称": "川村歯科医院", "機関区分": 3, "都道府県コード": 46, "市区町村コード": 218, "所在地": "鹿児島県霧島市国分中央", "緯度": 31.730603, "経度": 130.776113, "url": "https://www.iryou.teikyouseido.mhlw.go.jp/znk-web/juminkanja/S2430/initialize?prefCd=46&kikanCd=42549&kikanKbn=3", "url2": null, "内容": "川村歯科医院【3:歯科】鹿児島県霧島市国分中央" }, "geometry": { "type": "Point", "coordinates": [ 130.776113, 31.730603 ] } },
{ "type": "Feature", "properties": { "ID": 46342552, "正式名称": "医療法人　真正会", "機関区分": 3, "都道府県コード": 46, "市区町村コード": 218, "所在地": "鹿児島県霧島市国分中央", "緯度": 31.742364, "経度": 130.766179, "url": "https://www.iryou.teikyouseido.mhlw.go.jp/znk-web/juminkanja/S2430/initialize?prefCd=46&kikanCd=42552&kikanKbn=3", "url2": "https://www.iwatadental.jp", "内容": "医療法人　真正会【3:歯科】鹿児島県霧島市国分中央" }, "geometry": { "type": "Point", "coordinates": [ 130.766179, 31.742364 ] } },
{ "type": "Feature", "properties": { "ID": 46342553, "正式名称": "医療法人親和会ヒサドメ歯科", "機関区分": 3, "都道府県コード": 46, "市区町村コード": 218, "所在地": "鹿児島県霧島市国分野口東１１５９", "緯度": 31.737391, "経度": 130.756216, "url": "https://www.iryou.teikyouseido.mhlw.go.jp/znk-web/juminkanja/S2430/initialize?prefCd=46&kikanCd=42553&kikanKbn=3", "url2": "www.hisadome-dc.or.jp/", "内容": "医療法人親和会ヒサドメ歯科【3:歯科】鹿児島県霧島市国分野口東１１５９" }, "geometry": { "type": "Point", "coordinates": [ 130.756216, 31.737391 ] } },
{ "type": "Feature", "properties": { "ID": 46342555, "正式名称": "中牟田歯科医院", "機関区分": 3, "都道府県コード": 46, "市区町村コード": 218, "所在地": "鹿児島県霧島市国分清水２－１１－１８－２", "緯度": 31.760072, "経度": 130.781706, "url": "https://www.iryou.teikyouseido.mhlw.go.jp/znk-web/juminkanja/S2430/initialize?prefCd=46&kikanCd=42555&kikanKbn=3", "url2": "http://www.kirinavi.com/content/nakamuta", "内容": "中牟田歯科医院【3:歯科】鹿児島県霧島市国分清水２－１１－１８－２" }, "geometry": { "type": "Point", "coordinates": [ 130.781706, 31.760072 ] } },
{ "type": "Feature", "properties": { "ID": 46342556, "正式名称": "竹ノ内歯科医院", "機関区分": 3, "都道府県コード": 46, "市区町村コード": 218, "所在地": "鹿児島県霧島市国分名波町１－１５", "緯度": 31.73596, "経度": 130.776493, "url": "https://www.iryou.teikyouseido.mhlw.go.jp/znk-web/juminkanja/S2430/initialize?prefCd=46&kikanCd=42556&kikanKbn=3", "url2": null, "内容": "竹ノ内歯科医院【3:歯科】鹿児島県霧島市国分名波町１－１５" }, "geometry": { "type": "Point", "coordinates": [ 130.776493, 31.73596 ] } },
{ "type": "Feature", "properties": { "ID": 46342557, "正式名称": "よねさか歯科医院", "機関区分": 3, "都道府県コード": 46, "市区町村コード": 218, "所在地": "鹿児島県霧島市国分広瀬", "緯度": 31.718484, "経度": 130.750701, "url": "https://www.iryou.teikyouseido.mhlw.go.jp/znk-web/juminkanja/S2430/initialize?prefCd=46&kikanCd=42557&kikanKbn=3", "url2": null, "内容": "よねさか歯科医院【3:歯科】鹿児島県霧島市国分広瀬" }, "geometry": { "type": "Point", "coordinates": [ 130.750701, 31.718484 ] } },
{ "type": "Feature", "properties": { "ID": 46342558, "正式名称": "しんぷく歯科", "機関区分": 3, "都道府県コード": 46, "市区町村コード": 218, "所在地": "鹿児島県霧島市国分野口西２０－１７", "緯度": 31.735977, "経度": 130.742044, "url": "https://www.iryou.teikyouseido.mhlw.go.jp/znk-web/juminkanja/S2430/initialize?prefCd=46&kikanCd=42558&kikanKbn=3", "url2": "http://kirishima-implant.or.jp", "内容": "しんぷく歯科【3:歯科】鹿児島県霧島市国分野口西２０－１７" }, "geometry": { "type": "Point", "coordinates": [ 130.742044, 31.735977 ] } },
{ "type": "Feature", "properties": { "ID": 46342560, "正式名称": "医療法人奏歯会藤田歯科医院", "機関区分": 3, "都道府県コード": 46, "市区町村コード": 218, "所在地": "鹿児島県霧島市国分府中町１３－３４", "緯度": 31.744534, "経度": 130.760708, "url": "https://www.iryou.teikyouseido.mhlw.go.jp/znk-web/juminkanja/S2430/initialize?prefCd=46&kikanCd=42560&kikanKbn=3", "url2": "http://f-dc.jp/", "内容": "医療法人奏歯会藤田歯科医院【3:歯科】鹿児島県霧島市国分府中町１３－３４" }, "geometry": { "type": "Point", "coordinates": [ 130.760708, 31.744534 ] } },
{ "type": "Feature", "properties": { "ID": 46342562, "正式名称": "たにぐち歯科クリニック", "機関区分": 3, "都道府県コード": 46, "市区町村コード": 218, "所在地": "鹿児島県霧島市国分山下町２０－１７", "緯度": 31.727959, "経度": 130.775801, "url": "https://www.iryou.teikyouseido.mhlw.go.jp/znk-web/juminkanja/S2430/initialize?prefCd=46&kikanCd=42562&kikanKbn=3", "url2": null, "内容": "たにぐち歯科クリニック【3:歯科】鹿児島県霧島市国分山下町２０－１７" }, "geometry": { "type": "Point", "coordinates": [ 130.775801, 31.727959 ] } },
{ "type": "Feature", "properties": { "ID": 46342564, "正式名称": "しんち歯科医院", "機関区分": 3, "都道府県コード": 46, "市区町村コード": 218, "所在地": "鹿児島県霧島市国分福島３丁目１９－２４", "緯度": 31.727427, "経度": 130.760139, "url": "https://www.iryou.teikyouseido.mhlw.go.jp/znk-web/juminkanja/S2430/initialize?prefCd=46&kikanCd=42564&kikanKbn=3", "url2": null, "内容": "しんち歯科医院【3:歯科】鹿児島県霧島市国分福島３丁目１９－２４" }, "geometry": { "type": "Point", "coordinates": [ 130.760139, 31.727427 ] } },
{ "type": "Feature", "properties": { "ID": 46342565, "正式名称": "さくら歯科クリニック", "機関区分": 3, "都道府県コード": 46, "市区町村コード": 218, "所在地": "鹿児島県霧島市国分郡田２７７－９", "緯度": 31.764215, "経度": 130.783817, "url": "https://www.iryou.teikyouseido.mhlw.go.jp/znk-web/juminkanja/S2430/initialize?prefCd=46&kikanCd=42565&kikanKbn=3", "url2": null, "内容": "さくら歯科クリニック【3:歯科】鹿児島県霧島市国分郡田２７７－９" }, "geometry": { "type": "Point", "coordinates": [ 130.783817, 31.764215 ] } },
{ "type": "Feature", "properties": { "ID": 46342566, "正式名称": "みやかわ小児矯正歯科", "機関区分": 3, "都道府県コード": 46, "市区町村コード": 218, "所在地": "鹿児島県霧島市国分新町１−１８−４", "緯度": 31.749748, "経度": 130.758683, "url": "https://www.iryou.teikyouseido.mhlw.go.jp/znk-web/juminkanja/S2430/initialize?prefCd=46&kikanCd=42566&kikanKbn=3", "url2": "http://www.ltanhouse.com/", "内容": "みやかわ小児矯正歯科【3:歯科】鹿児島県霧島市国分新町１−１８−４" }, "geometry": { "type": "Point", "coordinates": [ 130.758683, 31.749748 ] } },
{ "type": "Feature", "properties": { "ID": 46342568, "正式名称": "いわきり歯科クリニック", "機関区分": 3, "都道府県コード": 46, "市区町村コード": 218, "所在地": "鹿児島県霧島市国分広瀬３ー６ー６８", "緯度": 31.718175, "経度": 130.758472, "url": "https://www.iryou.teikyouseido.mhlw.go.jp/znk-web/juminkanja/S2430/initialize?prefCd=46&kikanCd=42568&kikanKbn=3", "url2": "iwakiri-dc.com", "内容": "いわきり歯科クリニック【3:歯科】鹿児島県霧島市国分広瀬３ー６ー６８" }, "geometry": { "type": "Point", "coordinates": [ 130.758472, 31.718175 ] } },
{ "type": "Feature", "properties": { "ID": 46342569, "正式名称": "国分歯科", "機関区分": 3, "都道府県コード": 46, "市区町村コード": 218, "所在地": "鹿児島県霧島市国分中央６丁目２１－３３", "緯度": 31.732303, "経度": 130.767763, "url": "https://www.iryou.teikyouseido.mhlw.go.jp/znk-web/juminkanja/S2430/initialize?prefCd=46&kikanCd=42569&kikanKbn=3", "url2": null, "内容": "国分歯科【3:歯科】鹿児島県霧島市国分中央６丁目２１－３３" }, "geometry": { "type": "Point", "coordinates": [ 130.767763, 31.732303 ] } },
{ "type": "Feature", "properties": { "ID": 46342573, "正式名称": "もちはら歯科医院", "機関区分": 3, "都道府県コード": 46, "市区町村コード": 218, "所在地": "鹿児島県霧島市隼人内１５３０－１", "緯度": 31.762721, "経度": 130.751512, "url": "https://www.iryou.teikyouseido.mhlw.go.jp/znk-web/juminkanja/S2430/initialize?prefCd=46&kikanCd=42573&kikanKbn=3", "url2": null, "内容": "もちはら歯科医院【3:歯科】鹿児島県霧島市隼人内１５３０－１" }, "geometry": { "type": "Point", "coordinates": [ 130.751512, 31.762721 ] } },
{ "type": "Feature", "properties": { "ID": 46342574, "正式名称": "平川歯科医院", "機関区分": 3, "都道府県コード": 46, "市区町村コード": 218, "所在地": "鹿児島県霧島市隼人町小田３５９", "緯度": 31.739934, "経度": 130.729027, "url": "https://www.iryou.teikyouseido.mhlw.go.jp/znk-web/juminkanja/S2430/initialize?prefCd=46&kikanCd=42574&kikanKbn=3", "url2": null, "内容": "平川歯科医院【3:歯科】鹿児島県霧島市隼人町小田３５９" }, "geometry": { "type": "Point", "coordinates": [ 130.729027, 31.739934 ] } },
{ "type": "Feature", "properties": { "ID": 46342576, "正式名称": "永山歯科医院", "機関区分": 3, "都道府県コード": 46, "市区町村コード": 218, "所在地": "鹿児島県霧島市隼人町姫城", "緯度": 31.767969, "経度": 130.759168, "url": "https://www.iryou.teikyouseido.mhlw.go.jp/znk-web/juminkanja/S2430/initialize?prefCd=46&kikanCd=42576&kikanKbn=3", "url2": null, "内容": "永山歯科医院【3:歯科】鹿児島県霧島市隼人町姫城" }, "geometry": { "type": "Point", "coordinates": [ 130.759168, 31.767969 ] } },
{ "type": "Feature", "properties": { "ID": 46342578, "正式名称": "わたなべ歯科医院", "機関区分": 3, "都道府県コード": 46, "市区町村コード": 218, "所在地": "鹿児島県霧島市隼人町見次字中原８１０ー１１", "緯度": 31.739788, "経度": 130.74106, "url": "https://www.iryou.teikyouseido.mhlw.go.jp/znk-web/juminkanja/S2430/initialize?prefCd=46&kikanCd=42578&kikanKbn=3", "url2": null, "内容": "わたなべ歯科医院【3:歯科】鹿児島県霧島市隼人町見次字中原８１０ー１１" }, "geometry": { "type": "Point", "coordinates": [ 130.74106, 31.739788 ] } },
{ "type": "Feature", "properties": { "ID": 46342580, "正式名称": "なかしま歯科クリニック", "機関区分": 3, "都道府県コード": 46, "市区町村コード": 218, "所在地": "鹿児島県霧島市隼人町東郷１−２６７−２", "緯度": 31.772093, "経度": 130.757858, "url": "https://www.iryou.teikyouseido.mhlw.go.jp/znk-web/juminkanja/S2430/initialize?prefCd=46&kikanCd=42580&kikanKbn=3", "url2": null, "内容": "なかしま歯科クリニック【3:歯科】鹿児島県霧島市隼人町東郷１−２６７−２" }, "geometry": { "type": "Point", "coordinates": [ 130.757858, 31.772093 ] } },
{ "type": "Feature", "properties": { "ID": 46342582, "正式名称": "きみのデンタルクリニック", "機関区分": 3, "都道府県コード": 46, "市区町村コード": 218, "所在地": "鹿児島県霧島市隼人町松永２－６１", "緯度": 31.774304, "経度": 130.760932, "url": "https://www.iryou.teikyouseido.mhlw.go.jp/znk-web/juminkanja/S2430/initialize?prefCd=46&kikanCd=42582&kikanKbn=3", "url2": null, "内容": "きみのデンタルクリニック【3:歯科】鹿児島県霧島市隼人町松永２－６１" }, "geometry": { "type": "Point", "coordinates": [ 130.760932, 31.774304 ] } },
{ "type": "Feature", "properties": { "ID": 46342583, "正式名称": "かわひら歯科クリニック", "機関区分": 3, "都道府県コード": 46, "市区町村コード": 218, "所在地": "鹿児島県霧島市隼人町姫城１０８９－１", "緯度": 31.760758, "経度": 130.756651, "url": "https://www.iryou.teikyouseido.mhlw.go.jp/znk-web/juminkanja/S2430/initialize?prefCd=46&kikanCd=42583&kikanKbn=3", "url2": null, "内容": "かわひら歯科クリニック【3:歯科】鹿児島県霧島市隼人町姫城１０８９－１" }, "geometry": { "type": "Point", "coordinates": [ 130.756651, 31.760758 ] } },
{ "type": "Feature", "properties": { "ID": 46342584, "正式名称": "みなみ歯科クリニック", "機関区分": 3, "都道府県コード": 46, "市区町村コード": 218, "所在地": "鹿児島県霧島市隼人町見次", "緯度": 31.739788, "経度": 130.74106, "url": "https://www.iryou.teikyouseido.mhlw.go.jp/znk-web/juminkanja/S2430/initialize?prefCd=46&kikanCd=42584&kikanKbn=3", "url2": "http://www.minami-dc.jp/", "内容": "みなみ歯科クリニック【3:歯科】鹿児島県霧島市隼人町見次" }, "geometry": { "type": "Point", "coordinates": [ 130.74106, 31.739788 ] } },
{ "type": "Feature", "properties": { "ID": 46342585, "正式名称": "奥　歯科医院", "機関区分": 3, "都道府県コード": 46, "市区町村コード": 218, "所在地": "鹿児島県霧島市牧園町高千穂３６２０番地６０", "緯度": 31.88124, "経度": 130.814513, "url": "https://www.iryou.teikyouseido.mhlw.go.jp/znk-web/juminkanja/S2430/initialize?prefCd=46&kikanCd=42585&kikanKbn=3", "url2": null, "内容": "奥　歯科医院【3:歯科】鹿児島県霧島市牧園町高千穂３６２０番地６０" }, "geometry": { "type": "Point", "coordinates": [ 130.814513, 31.88124 ] } },
{ "type": "Feature", "properties": { "ID": 46342586, "正式名称": "牧園川坂歯科医院", "機関区分": 3, "都道府県コード": 46, "市区町村コード": 218, "所在地": "鹿児島県霧島市牧園町高千穂", "緯度": 31.893091, "経度": 130.82712, "url": "https://www.iryou.teikyouseido.mhlw.go.jp/znk-web/juminkanja/S2430/initialize?prefCd=46&kikanCd=42586&kikanKbn=3", "url2": null, "内容": "牧園川坂歯科医院【3:歯科】鹿児島県霧島市牧園町高千穂" }, "geometry": { "type": "Point", "coordinates": [ 130.82712, 31.893091 ] } },
{ "type": "Feature", "properties": { "ID": 46342587, "正式名称": "古村歯科クリニック", "機関区分": 3, "都道府県コード": 46, "市区町村コード": 218, "所在地": "鹿児島県霧島市牧園町宿窪田２２２４", "緯度": 31.858879, "経度": 130.75628, "url": "https://www.iryou.teikyouseido.mhlw.go.jp/znk-web/juminkanja/S2430/initialize?prefCd=46&kikanCd=42587&kikanKbn=3", "url2": null, "内容": "古村歯科クリニック【3:歯科】鹿児島県霧島市牧園町宿窪田２２２４" }, "geometry": { "type": "Point", "coordinates": [ 130.75628, 31.858879 ] } },
{ "type": "Feature", "properties": { "ID": 46342589, "正式名称": "中村歯科", "機関区分": 3, "都道府県コード": 46, "市区町村コード": 218, "所在地": "鹿児島県霧島市霧島田口９１９番地", "緯度": 31.836175, "経度": 130.842396, "url": "https://www.iryou.teikyouseido.mhlw.go.jp/znk-web/juminkanja/S2430/initialize?prefCd=46&kikanCd=42589&kikanKbn=3", "url2": null, "内容": "中村歯科【3:歯科】鹿児島県霧島市霧島田口９１９番地" }, "geometry": { "type": "Point", "coordinates": [ 130.842396, 31.836175 ] } },
{ "type": "Feature", "properties": { "ID": 46342591, "正式名称": "ひろもり歯科医院", "機関区分": 3, "都道府県コード": 46, "市区町村コード": 218, "所在地": "鹿児島県霧島市横川町中ノ１４２８－５", "緯度": 31.907718, "経度": 130.701215, "url": "https://www.iryou.teikyouseido.mhlw.go.jp/znk-web/juminkanja/S2430/initialize?prefCd=46&kikanCd=42591&kikanKbn=3", "url2": null, "内容": "ひろもり歯科医院【3:歯科】鹿児島県霧島市横川町中ノ１４２８－５" }, "geometry": { "type": "Point", "coordinates": [ 130.701215, 31.907718 ] } },
{ "type": "Feature", "properties": { "ID": 46342592, "正式名称": "鬼丸歯科医院", "機関区分": 3, "都道府県コード": 46, "市区町村コード": 218, "所在地": "鹿児島県霧島市溝辺町有川２８８－２", "緯度": 31.830706, "経度": 130.680609, "url": "https://www.iryou.teikyouseido.mhlw.go.jp/znk-web/juminkanja/S2430/initialize?prefCd=46&kikanCd=42592&kikanKbn=3", "url2": null, "内容": "鬼丸歯科医院【3:歯科】鹿児島県霧島市溝辺町有川２８８－２" }, "geometry": { "type": "Point", "coordinates": [ 130.680609, 31.830706 ] } },
{ "type": "Feature", "properties": { "ID": 46342593, "正式名称": "重久歯科医院", "機関区分": 3, "都道府県コード": 46, "市区町村コード": 218, "所在地": "鹿児島県霧島市溝辺町麓", "緯度": 31.798378, "経度": 130.714701, "url": "https://www.iryou.teikyouseido.mhlw.go.jp/znk-web/juminkanja/S2430/initialize?prefCd=46&kikanCd=42593&kikanKbn=3", "url2": null, "内容": "重久歯科医院【3:歯科】鹿児島県霧島市溝辺町麓" }, "geometry": { "type": "Point", "coordinates": [ 130.714701, 31.798378 ] } },
{ "type": "Feature", "properties": { "ID": 46342594, "正式名称": "姶良地区歯科医師会　口腔保健センター", "機関区分": 3, "都道府県コード": 46, "市区町村コード": 218, "所在地": "鹿児島県霧島市溝辺町麓", "緯度": 31.798363, "経度": 130.712648, "url": "https://www.iryou.teikyouseido.mhlw.go.jp/znk-web/juminkanja/S2430/initialize?prefCd=46&kikanCd=42594&kikanKbn=3", "url2": "http://www.ada-kagoshima.com/", "内容": "姶良地区歯科医師会　口腔保健センター【3:歯科】鹿児島県霧島市溝辺町麓" }, "geometry": { "type": "Point", "coordinates": [ 130.712648, 31.798363 ] } },
{ "type": "Feature", "properties": { "ID": 46342596, "正式名称": "医療法人　ありかわ歯科医院", "機関区分": 3, "都道府県コード": 46, "市区町村コード": 218, "所在地": "鹿児島県霧島市溝辺町麓", "緯度": 31.799217, "経度": 130.71564, "url": "https://www.iryou.teikyouseido.mhlw.go.jp/znk-web/juminkanja/S2430/initialize?prefCd=46&kikanCd=42596&kikanKbn=3", "url2": "4", "内容": "医療法人　ありかわ歯科医院【3:歯科】鹿児島県霧島市溝辺町麓" }, "geometry": { "type": "Point", "coordinates": [ 130.71564, 31.799217 ] } },
{ "type": "Feature", "properties": { "ID": 46342599, "正式名称": "有村歯科クリニック", "機関区分": 3, "都道府県コード": 46, "市区町村コード": 218, "所在地": "鹿児島県霧島市福山町福山５３７５−３", "緯度": 31.668888, "経度": 130.853104, "url": "https://www.iryou.teikyouseido.mhlw.go.jp/znk-web/juminkanja/S2430/initialize?prefCd=46&kikanCd=42599&kikanKbn=3", "url2": null, "内容": "有村歯科クリニック【3:歯科】鹿児島県霧島市福山町福山５３７５−３" }, "geometry": { "type": "Point", "coordinates": [ 130.853104, 31.668888 ] } },
{ "type": "Feature", "properties": { "ID": 46342601, "正式名称": "上原歯科医院", "機関区分": 3, "都道府県コード": 46, "市区町村コード": 452, "所在地": "鹿児島県姶良郡湧水町木場２８０－５", "緯度": 31.949986, "経度": 130.719444, "url": "https://www.iryou.teikyouseido.mhlw.go.jp/znk-web/juminkanja/S2430/initialize?prefCd=46&kikanCd=42601&kikanKbn=3", "url2": null, "内容": "上原歯科医院【3:歯科】鹿児島県姶良郡湧水町木場２８０－５" }, "geometry": { "type": "Point", "coordinates": [ 130.719444, 31.949986 ] } },
{ "type": "Feature", "properties": { "ID": 46343002, "正式名称": "あさい歯科", "機関区分": 3, "都道府県コード": 46, "市区町村コード": 203, "所在地": "鹿児島県鹿屋市笠之原町", "緯度": 31.387835, "経度": 130.88881, "url": "https://www.iryou.teikyouseido.mhlw.go.jp/znk-web/juminkanja/S2430/initialize?prefCd=46&kikanCd=43002&kikanKbn=3", "url2": null, "内容": "あさい歯科【3:歯科】鹿児島県鹿屋市笠之原町" }, "geometry": { "type": "Point", "coordinates": [ 130.88881, 31.387835 ] } },
{ "type": "Feature", "properties": { "ID": 46343004, "正式名称": "医療法人兼昭会　安楽歯科", "機関区分": 3, "都道府県コード": 46, "市区町村コード": 203, "所在地": "鹿児島県鹿屋市寿", "緯度": 31.386178, "経度": 130.862068, "url": "https://www.iryou.teikyouseido.mhlw.go.jp/znk-web/juminkanja/S2430/initialize?prefCd=46&kikanCd=43004&kikanKbn=3", "url2": "http://www5.synapse.ne.jp/anrakudc/", "内容": "医療法人兼昭会　安楽歯科【3:歯科】鹿児島県鹿屋市寿" }, "geometry": { "type": "Point", "coordinates": [ 130.862068, 31.386178 ] } },
{ "type": "Feature", "properties": { "ID": 46343010, "正式名称": "おおやま歯科クリニック", "機関区分": 3, "都道府県コード": 46, "市区町村コード": 203, "所在地": "鹿児島県鹿屋市寿４丁目６番４８号", "緯度": 31.388443, "経度": 130.876201, "url": "https://www.iryou.teikyouseido.mhlw.go.jp/znk-web/juminkanja/S2430/initialize?prefCd=46&kikanCd=43010&kikanKbn=3", "url2": "http://www.ooyama-dental.com", "内容": "おおやま歯科クリニック【3:歯科】鹿児島県鹿屋市寿４丁目６番４８号" }, "geometry": { "type": "Point", "coordinates": [ 130.876201, 31.388443 ] } },
{ "type": "Feature", "properties": { "ID": 46343012, "正式名称": "小浜歯科医院", "機関区分": 3, "都道府県コード": 46, "市区町村コード": 203, "所在地": "鹿児島県鹿屋市吾平町麓３４２８－１", "緯度": 31.344018, "経度": 130.880876, "url": "https://www.iryou.teikyouseido.mhlw.go.jp/znk-web/juminkanja/S2430/initialize?prefCd=46&kikanCd=43012&kikanKbn=3", "url2": null, "内容": "小浜歯科医院【3:歯科】鹿児島県鹿屋市吾平町麓３４２８－１" }, "geometry": { "type": "Point", "coordinates": [ 130.880876, 31.344018 ] } },
{ "type": "Feature", "properties": { "ID": 46343016, "正式名称": "クリス歯科", "機関区分": 3, "都道府県コード": 46, "市区町村コード": 203, "所在地": "鹿児島県鹿屋市白崎町１９－１４", "緯度": 31.37565, "経度": 130.860356, "url": "https://www.iryou.teikyouseido.mhlw.go.jp/znk-web/juminkanja/S2430/initialize?prefCd=46&kikanCd=43016&kikanKbn=3", "url2": null, "内容": "クリス歯科【3:歯科】鹿児島県鹿屋市白崎町１９－１４" }, "geometry": { "type": "Point", "coordinates": [ 130.860356, 31.37565 ] } },
{ "type": "Feature", "properties": { "ID": 46343026, "正式名称": "高須歯科医院", "機関区分": 3, "都道府県コード": 46, "市区町村コード": 203, "所在地": "鹿児島県鹿屋市高須町９５０－１", "緯度": 31.344291, "経度": 130.79917, "url": "https://www.iryou.teikyouseido.mhlw.go.jp/znk-web/juminkanja/S2430/initialize?prefCd=46&kikanCd=43026&kikanKbn=3", "url2": null, "内容": "高須歯科医院【3:歯科】鹿児島県鹿屋市高須町９５０－１" }, "geometry": { "type": "Point", "coordinates": [ 130.79917, 31.344291 ] } },
{ "type": "Feature", "properties": { "ID": 46343031, "正式名称": "医療法人文生中原歯科診療所", "機関区分": 3, "都道府県コード": 46, "市区町村コード": 203, "所在地": "鹿児島県鹿屋市西原１丁目１２番１９号", "緯度": 31.386141, "経度": 130.839772, "url": "https://www.iryou.teikyouseido.mhlw.go.jp/znk-web/juminkanja/S2430/initialize?prefCd=46&kikanCd=43031&kikanKbn=3", "url2": null, "内容": "医療法人文生中原歯科診療所【3:歯科】鹿児島県鹿屋市西原１丁目１２番１９号" }, "geometry": { "type": "Point", "coordinates": [ 130.839772, 31.386141 ] } },
{ "type": "Feature", "properties": { "ID": 46343036, "正式名称": "はらぞの歯科", "機関区分": 3, "都道府県コード": 46, "市区町村コード": 203, "所在地": "鹿児島県鹿屋市下堀町９５７７－３", "緯度": 31.353022, "経度": 130.838832, "url": "https://www.iryou.teikyouseido.mhlw.go.jp/znk-web/juminkanja/S2430/initialize?prefCd=46&kikanCd=43036&kikanKbn=3", "url2": "harazono-dc.com,", "内容": "はらぞの歯科【3:歯科】鹿児島県鹿屋市下堀町９５７７－３" }, "geometry": { "type": "Point", "coordinates": [ 130.838832, 31.353022 ] } },
{ "type": "Feature", "properties": { "ID": 46343038, "正式名称": "ひらおか歯科", "機関区分": 3, "都道府県コード": 46, "市区町村コード": 203, "所在地": "鹿児島県鹿屋市新川町", "緯度": 31.37917, "経度": 130.873316, "url": "https://www.iryou.teikyouseido.mhlw.go.jp/znk-web/juminkanja/S2430/initialize?prefCd=46&kikanCd=43038&kikanKbn=3", "url2": null, "内容": "ひらおか歯科【3:歯科】鹿児島県鹿屋市新川町" }, "geometry": { "type": "Point", "coordinates": [ 130.873316, 31.37917 ] } },
{ "type": "Feature", "properties": { "ID": 46343044, "正式名称": "水口歯科医院", "機関区分": 3, "都道府県コード": 46, "市区町村コード": 203, "所在地": "鹿児島県鹿屋市寿", "緯度": 31.386842, "経度": 130.865273, "url": "https://www.iryou.teikyouseido.mhlw.go.jp/znk-web/juminkanja/S2430/initialize?prefCd=46&kikanCd=43044&kikanKbn=3", "url2": null, "内容": "水口歯科医院【3:歯科】鹿児島県鹿屋市寿" }, "geometry": { "type": "Point", "coordinates": [ 130.865273, 31.386842 ] } },
{ "type": "Feature", "properties": { "ID": 46343045, "正式名称": "本橋歯科医院", "機関区分": 3, "都道府県コード": 46, "市区町村コード": 203, "所在地": "鹿児島県鹿屋市串良町岡崎２１９０－１", "緯度": 31.394647, "経度": 130.958804, "url": "https://www.iryou.teikyouseido.mhlw.go.jp/znk-web/juminkanja/S2430/initialize?prefCd=46&kikanCd=43045&kikanKbn=3", "url2": null, "内容": "本橋歯科医院【3:歯科】鹿児島県鹿屋市串良町岡崎２１９０－１" }, "geometry": { "type": "Point", "coordinates": [ 130.958804, 31.394647 ] } },
{ "type": "Feature", "properties": { "ID": 46343048, "正式名称": "よつもと矯正歯科", "機関区分": 3, "都道府県コード": 46, "市区町村コード": 203, "所在地": "鹿児島県鹿屋市寿４－４－１１", "緯度": 31.391124, "経度": 130.874475, "url": "https://www.iryou.teikyouseido.mhlw.go.jp/znk-web/juminkanja/S2430/initialize?prefCd=46&kikanCd=43048&kikanKbn=3", "url2": "https://yotsumoto-ortho.com/", "内容": "よつもと矯正歯科【3:歯科】鹿児島県鹿屋市寿４－４－１１" }, "geometry": { "type": "Point", "coordinates": [ 130.874475, 31.391124 ] } },
{ "type": "Feature", "properties": { "ID": 46343059, "正式名称": "重久歯科医院", "機関区分": 3, "都道府県コード": 46, "市区町村コード": 482, "所在地": "鹿児島県肝属郡東串良町岩弘２６７６", "緯度": 31.400449, "経度": 130.969186, "url": "https://www.iryou.teikyouseido.mhlw.go.jp/znk-web/juminkanja/S2430/initialize?prefCd=46&kikanCd=43059&kikanKbn=3", "url2": "http://www3.synapse.ne.jp/shigehisa/", "内容": "重久歯科医院【3:歯科】鹿児島県肝属郡東串良町岩弘２６７６" }, "geometry": { "type": "Point", "coordinates": [ 130.969186, 31.400449 ] } },
{ "type": "Feature", "properties": { "ID": 46343062, "正式名称": "神田歯科医院", "機関区分": 3, "都道府県コード": 46, "市区町村コード": 490, "所在地": "鹿児島県肝属郡錦江町田代麓６５２番地７", "緯度": 31.201188, "経度": 130.844475, "url": "https://www.iryou.teikyouseido.mhlw.go.jp/znk-web/juminkanja/S2430/initialize?prefCd=46&kikanCd=43062&kikanKbn=3", "url2": null, "内容": "神田歯科医院【3:歯科】鹿児島県肝属郡錦江町田代麓６５２番地７" }, "geometry": { "type": "Point", "coordinates": [ 130.844475, 31.201188 ] } },
{ "type": "Feature", "properties": { "ID": 46343063, "正式名称": "坂元歯科医院", "機関区分": 3, "都道府県コード": 46, "市区町村コード": 490, "所在地": "鹿児島県肝属郡錦江町馬場２９９", "緯度": 31.240586, "経度": 130.781323, "url": "https://www.iryou.teikyouseido.mhlw.go.jp/znk-web/juminkanja/S2430/initialize?prefCd=46&kikanCd=43063&kikanKbn=3", "url2": null, "内容": "坂元歯科医院【3:歯科】鹿児島県肝属郡錦江町馬場２９９" }, "geometry": { "type": "Point", "coordinates": [ 130.781323, 31.240586 ] } },
{ "type": "Feature", "properties": { "ID": 46343069, "正式名称": "医療法人おかの歯科医院", "機関区分": 3, "都道府県コード": 46, "市区町村コード": 492, "所在地": "鹿児島県肝属郡肝付町南方２６７１－１", "緯度": 31.28161, "経度": 131.073259, "url": "https://www.iryou.teikyouseido.mhlw.go.jp/znk-web/juminkanja/S2430/initialize?prefCd=46&kikanCd=43069&kikanKbn=3", "url2": null, "内容": "医療法人おかの歯科医院【3:歯科】鹿児島県肝属郡肝付町南方２６７１－１" }, "geometry": { "type": "Point", "coordinates": [ 131.073259, 31.28161 ] } },
{ "type": "Feature", "properties": { "ID": 46343073, "正式名称": "みやぞの歯科", "機関区分": 3, "都道府県コード": 46, "市区町村コード": 492, "所在地": "鹿児島県肝属郡肝付町後田２３８７－１", "緯度": 31.34019, "経度": 130.924166, "url": "https://www.iryou.teikyouseido.mhlw.go.jp/znk-web/juminkanja/S2430/initialize?prefCd=46&kikanCd=43073&kikanKbn=3", "url2": null, "内容": "みやぞの歯科【3:歯科】鹿児島県肝属郡肝付町後田２３８７－１" }, "geometry": { "type": "Point", "coordinates": [ 130.924166, 31.34019 ] } },
{ "type": "Feature", "properties": { "ID": 46343078, "正式名称": "みずぐち歯科歯科クリニック", "機関区分": 3, "都道府県コード": 46, "市区町村コード": 217, "所在地": "鹿児島県曽於市末吉町二之方６３８８番地", "緯度": 31.650252, "経度": 131.018925, "url": "https://www.iryou.teikyouseido.mhlw.go.jp/znk-web/juminkanja/S2430/initialize?prefCd=46&kikanCd=43078&kikanKbn=3", "url2": null, "内容": "みずぐち歯科歯科クリニック【3:歯科】鹿児島県曽於市末吉町二之方６３８８番地" }, "geometry": { "type": "Point", "coordinates": [ 131.018925, 31.650252 ] } },
{ "type": "Feature", "properties": { "ID": 46343082, "正式名称": "宅間歯科医院", "機関区分": 3, "都道府県コード": 46, "市区町村コード": 217, "所在地": "鹿児島県曽於市財部町南俣１１１７８ー１０", "緯度": 31.726992, "経度": 130.98801, "url": "https://www.iryou.teikyouseido.mhlw.go.jp/znk-web/juminkanja/S2430/initialize?prefCd=46&kikanCd=43082&kikanKbn=3", "url2": null, "内容": "宅間歯科医院【3:歯科】鹿児島県曽於市財部町南俣１１１７８ー１０" }, "geometry": { "type": "Point", "coordinates": [ 130.98801, 31.726992 ] } },
{ "type": "Feature", "properties": { "ID": 46343087, "正式名称": "医療法人　渡辺歯科クリニック", "機関区分": 3, "都道府県コード": 46, "市区町村コード": 217, "所在地": "鹿児島県曽於市大隅町岩川５６１６－１", "緯度": 31.596339, "経度": 130.99144, "url": "https://www.iryou.teikyouseido.mhlw.go.jp/znk-web/juminkanja/S2430/initialize?prefCd=46&kikanCd=43087&kikanKbn=3", "url2": null, "内容": "医療法人　渡辺歯科クリニック【3:歯科】鹿児島県曽於市大隅町岩川５６１６－１" }, "geometry": { "type": "Point", "coordinates": [ 130.99144, 31.596339 ] } },
{ "type": "Feature", "properties": { "ID": 46343088, "正式名称": "せと歯科医院", "機関区分": 3, "都道府県コード": 46, "市区町村コード": 217, "所在地": "鹿児島県曽於市財部町南俣４５６", "緯度": 31.725214, "経度": 130.992866, "url": "https://www.iryou.teikyouseido.mhlw.go.jp/znk-web/juminkanja/S2430/initialize?prefCd=46&kikanCd=43088&kikanKbn=3", "url2": "http://seto-dc.net/", "内容": "せと歯科医院【3:歯科】鹿児島県曽於市財部町南俣４５６" }, "geometry": { "type": "Point", "coordinates": [ 130.992866, 31.725214 ] } },
{ "type": "Feature", "properties": { "ID": 46343089, "正式名称": "医療法人飯山歯科医院", "機関区分": 3, "都道府県コード": 46, "市区町村コード": 221, "所在地": "鹿児島県志布志市有明町野井倉", "緯度": 31.449838, "経度": 131.055434, "url": "https://www.iryou.teikyouseido.mhlw.go.jp/znk-web/juminkanja/S2430/initialize?prefCd=46&kikanCd=43089&kikanKbn=3", "url2": null, "内容": "医療法人飯山歯科医院【3:歯科】鹿児島県志布志市有明町野井倉" }, "geometry": { "type": "Point", "coordinates": [ 131.055434, 31.449838 ] } },
{ "type": "Feature", "properties": { "ID": 46343092, "正式名称": "かすが歯科", "機関区分": 3, "都道府県コード": 46, "市区町村コード": 221, "所在地": "鹿児島県志布志市有明町蓬原１９－５", "緯度": 31.447735, "経度": 131.051401, "url": "https://www.iryou.teikyouseido.mhlw.go.jp/znk-web/juminkanja/S2430/initialize?prefCd=46&kikanCd=43092&kikanKbn=3", "url2": "https://www.ksdc.info/", "内容": "かすが歯科【3:歯科】鹿児島県志布志市有明町蓬原１９－５" }, "geometry": { "type": "Point", "coordinates": [ 131.051401, 31.447735 ] } },
{ "type": "Feature", "properties": { "ID": 46343093, "正式名称": "春日歯科医院", "機関区分": 3, "都道府県コード": 46, "市区町村コード": 221, "所在地": "鹿児島県志布志市志布志町志布志２丁目１番２７号", "緯度": 31.476063, "経度": 131.098175, "url": "https://www.iryou.teikyouseido.mhlw.go.jp/znk-web/juminkanja/S2430/initialize?prefCd=46&kikanCd=43093&kikanKbn=3", "url2": null, "内容": "春日歯科医院【3:歯科】鹿児島県志布志市志布志町志布志２丁目１番２７号" }, "geometry": { "type": "Point", "coordinates": [ 131.098175, 31.476063 ] } },
{ "type": "Feature", "properties": { "ID": 46343096, "正式名称": "すなお歯科", "機関区分": 3, "都道府県コード": 46, "市区町村コード": 221, "所在地": "鹿児島県志布志市有明町野神字大堀３４０９の３", "緯度": 31.484573, "経度": 131.001148, "url": "https://www.iryou.teikyouseido.mhlw.go.jp/znk-web/juminkanja/S2430/initialize?prefCd=46&kikanCd=43096&kikanKbn=3", "url2": null, "内容": "すなお歯科【3:歯科】鹿児島県志布志市有明町野神字大堀３４０９の３" }, "geometry": { "type": "Point", "coordinates": [ 131.001148, 31.484573 ] } },
{ "type": "Feature", "properties": { "ID": 46343097, "正式名称": "たんぽぽオーラルケアクリニック", "機関区分": 3, "都道府県コード": 46, "市区町村コード": 221, "所在地": "鹿児島県志布志市志布志町志布志９６７－１", "緯度": 31.48974, "経度": 131.089418, "url": "https://www.iryou.teikyouseido.mhlw.go.jp/znk-web/juminkanja/S2430/initialize?prefCd=46&kikanCd=43097&kikanKbn=3", "url2": null, "内容": "たんぽぽオーラルケアクリニック【3:歯科】鹿児島県志布志市志布志町志布志９６７－１" }, "geometry": { "type": "Point", "coordinates": [ 131.089418, 31.48974 ] } },
{ "type": "Feature", "properties": { "ID": 46343506, "正式名称": "えのもと歯科医院", "機関区分": 3, "都道府県コード": 46, "市区町村コード": 213, "所在地": "鹿児島県西之表市西町", "緯度": 30.733, "経度": 130.996455, "url": "https://www.iryou.teikyouseido.mhlw.go.jp/znk-web/juminkanja/S2430/initialize?prefCd=46&kikanCd=43506&kikanKbn=3", "url2": null, "内容": "えのもと歯科医院【3:歯科】鹿児島県西之表市西町" }, "geometry": { "type": "Point", "coordinates": [ 130.996455, 30.733 ] } },
{ "type": "Feature", "properties": { "ID": 46343507, "正式名称": "なかむら歯科医院", "機関区分": 3, "都道府県コード": 46, "市区町村コード": 213, "所在地": "鹿児島県西之表市鴨女町", "緯度": 30.725326, "経度": 130.993847, "url": "https://www.iryou.teikyouseido.mhlw.go.jp/znk-web/juminkanja/S2430/initialize?prefCd=46&kikanCd=43507&kikanKbn=3", "url2": null, "内容": "なかむら歯科医院【3:歯科】鹿児島県西之表市鴨女町" }, "geometry": { "type": "Point", "coordinates": [ 130.993847, 30.725326 ] } },
{ "type": "Feature", "properties": { "ID": 46343508, "正式名称": "羽生歯科医院", "機関区分": 3, "都道府県コード": 46, "市区町村コード": 501, "所在地": "鹿児島県熊毛郡中種子町野間", "緯度": 30.534412, "経度": 130.960623, "url": "https://www.iryou.teikyouseido.mhlw.go.jp/znk-web/juminkanja/S2430/initialize?prefCd=46&kikanCd=43508&kikanKbn=3", "url2": null, "内容": "羽生歯科医院【3:歯科】鹿児島県熊毛郡中種子町野間" }, "geometry": { "type": "Point", "coordinates": [ 130.960623, 30.534412 ] } },
{ "type": "Feature", "properties": { "ID": 46343511, "正式名称": "鎌田歯科医院", "機関区分": 3, "都道府県コード": 46, "市区町村コード": 501, "所在地": "鹿児島県熊毛郡中種子町野間５２９８番地３３", "緯度": 30.533585, "経度": 130.960856, "url": "https://www.iryou.teikyouseido.mhlw.go.jp/znk-web/juminkanja/S2430/initialize?prefCd=46&kikanCd=43511&kikanKbn=3", "url2": null, "内容": "鎌田歯科医院【3:歯科】鹿児島県熊毛郡中種子町野間５２９８番地３３" }, "geometry": { "type": "Point", "coordinates": [ 130.960856, 30.533585 ] } },
{ "type": "Feature", "properties": { "ID": 46343512, "正式名称": "とうげ歯科医院", "機関区分": 3, "都道府県コード": 46, "市区町村コード": 502, "所在地": "鹿児島県熊毛郡南種子町中之上２４９４－１９", "緯度": 30.417314, "経度": 130.903031, "url": "https://www.iryou.teikyouseido.mhlw.go.jp/znk-web/juminkanja/S2430/initialize?prefCd=46&kikanCd=43512&kikanKbn=3", "url2": null, "内容": "とうげ歯科医院【3:歯科】鹿児島県熊毛郡南種子町中之上２４９４－１９" }, "geometry": { "type": "Point", "coordinates": [ 130.903031, 30.417314 ] } },
{ "type": "Feature", "properties": { "ID": 46344004, "正式名称": "住友歯科医院", "機関区分": 3, "都道府県コード": 46, "市区町村コード": 222, "所在地": "鹿児島県奄美市名瀬平松町２６５‐１", "緯度": 28.398388, "経度": 129.469084, "url": "https://www.iryou.teikyouseido.mhlw.go.jp/znk-web/juminkanja/S2430/initialize?prefCd=46&kikanCd=44004&kikanKbn=3", "url2": null, "内容": "住友歯科医院【3:歯科】鹿児島県奄美市名瀬平松町２６５‐１" }, "geometry": { "type": "Point", "coordinates": [ 129.469084, 28.398388 ] } },
{ "type": "Feature", "properties": { "ID": 46344006, "正式名称": "中村歯科・矯正歯科医院", "機関区分": 3, "都道府県コード": 46, "市区町村コード": 222, "所在地": "鹿児島県奄美市名瀬長浜町１３－７", "緯度": 28.393217, "経度": 129.495082, "url": "https://www.iryou.teikyouseido.mhlw.go.jp/znk-web/juminkanja/S2430/initialize?prefCd=46&kikanCd=44006&kikanKbn=3", "url2": null, "内容": "中村歯科・矯正歯科医院【3:歯科】鹿児島県奄美市名瀬長浜町１３－７" }, "geometry": { "type": "Point", "coordinates": [ 129.495082, 28.393217 ] } },
{ "type": "Feature", "properties": { "ID": 46344011, "正式名称": "松岡歯科医院", "機関区分": 3, "都道府県コード": 46, "市区町村コード": 222, "所在地": "鹿児島県奄美市名瀬久里町４－６", "緯度": 28.375996, "経度": 129.496796, "url": "https://www.iryou.teikyouseido.mhlw.go.jp/znk-web/juminkanja/S2430/initialize?prefCd=46&kikanCd=44011&kikanKbn=3", "url2": null, "内容": "松岡歯科医院【3:歯科】鹿児島県奄美市名瀬久里町４－６" }, "geometry": { "type": "Point", "coordinates": [ 129.496796, 28.375996 ] } },
{ "type": "Feature", "properties": { "ID": 46344012, "正式名称": "丸田歯科医院", "機関区分": 3, "都道府県コード": 46, "市区町村コード": 222, "所在地": "鹿児島県奄美市名瀬末広町", "緯度": 28.37917, "経度": 129.49588, "url": "https://www.iryou.teikyouseido.mhlw.go.jp/znk-web/juminkanja/S2430/initialize?prefCd=46&kikanCd=44012&kikanKbn=3", "url2": null, "内容": "丸田歯科医院【3:歯科】鹿児島県奄美市名瀬末広町" }, "geometry": { "type": "Point", "coordinates": [ 129.49588, 28.37917 ] } },
{ "type": "Feature", "properties": { "ID": 46344013, "正式名称": "美佐歯科クリニック", "機関区分": 3, "都道府県コード": 46, "市区町村コード": 222, "所在地": "鹿児島県奄美市名瀬幸町１１－１４", "緯度": 28.378923, "経度": 129.492852, "url": "https://www.iryou.teikyouseido.mhlw.go.jp/znk-web/juminkanja/S2430/initialize?prefCd=46&kikanCd=44013&kikanKbn=3", "url2": null, "内容": "美佐歯科クリニック【3:歯科】鹿児島県奄美市名瀬幸町１１－１４" }, "geometry": { "type": "Point", "coordinates": [ 129.492852, 28.378923 ] } },
{ "type": "Feature", "properties": { "ID": 46344015, "正式名称": "向井歯科医院", "機関区分": 3, "都道府県コード": 46, "市区町村コード": 222, "所在地": "鹿児島県奄美市名瀬伊津部町１０番１２号", "緯度": 28.378578, "経度": 129.496734, "url": "https://www.iryou.teikyouseido.mhlw.go.jp/znk-web/juminkanja/S2430/initialize?prefCd=46&kikanCd=44015&kikanKbn=3", "url2": null, "内容": "向井歯科医院【3:歯科】鹿児島県奄美市名瀬伊津部町１０番１２号" }, "geometry": { "type": "Point", "coordinates": [ 129.496734, 28.378578 ] } },
{ "type": "Feature", "properties": { "ID": 46344016, "正式名称": "元治歯科医院", "機関区分": 3, "都道府県コード": 46, "市区町村コード": 222, "所在地": "鹿児島県奄美市名瀬小浜町", "緯度": 28.382803, "経度": 129.500679, "url": "https://www.iryou.teikyouseido.mhlw.go.jp/znk-web/juminkanja/S2430/initialize?prefCd=46&kikanCd=44016&kikanKbn=3", "url2": null, "内容": "元治歯科医院【3:歯科】鹿児島県奄美市名瀬小浜町" }, "geometry": { "type": "Point", "coordinates": [ 129.500679, 28.382803 ] } },
{ "type": "Feature", "properties": { "ID": 46344021, "正式名称": "せき歯科医院", "機関区分": 3, "都道府県コード": 46, "市区町村コード": 525, "所在地": "鹿児島県大島郡瀬戸内町古仁屋春日４－４", "緯度": 28.147468, "経度": 129.311163, "url": "https://www.iryou.teikyouseido.mhlw.go.jp/znk-web/juminkanja/S2430/initialize?prefCd=46&kikanCd=44021&kikanKbn=3", "url2": "seki-sika.jimdo.com", "内容": "せき歯科医院【3:歯科】鹿児島県大島郡瀬戸内町古仁屋春日４－４" }, "geometry": { "type": "Point", "coordinates": [ 129.311163, 28.147468 ] } },
{ "type": "Feature", "properties": { "ID": 46344022, "正式名称": "登山歯科医院", "機関区分": 3, "都道府県コード": 46, "市区町村コード": 525, "所在地": "鹿児島県大島郡瀬戸内町古仁屋春日６－５", "緯度": 28.148059, "経度": 129.31061, "url": "https://www.iryou.teikyouseido.mhlw.go.jp/znk-web/juminkanja/S2430/initialize?prefCd=46&kikanCd=44022&kikanKbn=3", "url2": null, "内容": "登山歯科医院【3:歯科】鹿児島県大島郡瀬戸内町古仁屋春日６－５" }, "geometry": { "type": "Point", "coordinates": [ 129.31061, 28.148059 ] } },
{ "type": "Feature", "properties": { "ID": 46344023, "正式名称": "まちだ歯科", "機関区分": 3, "都道府県コード": 46, "市区町村コード": 525, "所在地": "鹿児島県大島郡瀬戸内町古仁屋１０５２－１", "緯度": 28.145289, "経度": 129.316469, "url": "https://www.iryou.teikyouseido.mhlw.go.jp/znk-web/juminkanja/S2430/initialize?prefCd=46&kikanCd=44023&kikanKbn=3", "url2": null, "内容": "まちだ歯科【3:歯科】鹿児島県大島郡瀬戸内町古仁屋１０５２－１" }, "geometry": { "type": "Point", "coordinates": [ 129.316469, 28.145289 ] } },
{ "type": "Feature", "properties": { "ID": 46344027, "正式名称": "大山グランド歯科", "機関区分": 3, "都道府県コード": 46, "市区町村コード": 529, "所在地": "鹿児島県大島郡喜界町湾１５８９ー１", "緯度": 28.31996, "経度": 129.93118, "url": "https://www.iryou.teikyouseido.mhlw.go.jp/znk-web/juminkanja/S2430/initialize?prefCd=46&kikanCd=44027&kikanKbn=3", "url2": null, "内容": "大山グランド歯科【3:歯科】鹿児島県大島郡喜界町湾１５８９ー１" }, "geometry": { "type": "Point", "coordinates": [ 129.93118, 28.31996 ] } },
{ "type": "Feature", "properties": { "ID": 46344028, "正式名称": "林歯科医院", "機関区分": 3, "都道府県コード": 46, "市区町村コード": 529, "所在地": "鹿児島県大島郡喜界町湾３３", "緯度": 28.321805, "経度": 129.938724, "url": "https://www.iryou.teikyouseido.mhlw.go.jp/znk-web/juminkanja/S2430/initialize?prefCd=46&kikanCd=44028&kikanKbn=3", "url2": "http://www.hayashi-haisha.com", "内容": "林歯科医院【3:歯科】鹿児島県大島郡喜界町湾３３" }, "geometry": { "type": "Point", "coordinates": [ 129.938724, 28.321805 ] } },
{ "type": "Feature", "properties": { "ID": 46344029, "正式名称": "ファミリー歯科医院", "機関区分": 3, "都道府県コード": 46, "市区町村コード": 529, "所在地": "鹿児島県大島郡喜界町赤連２６０４－１", "緯度": 31.560144, "経度": 130.557986, "url": "https://www.iryou.teikyouseido.mhlw.go.jp/znk-web/juminkanja/S2430/initialize?prefCd=46&kikanCd=44029&kikanKbn=3", "url2": null, "内容": "ファミリー歯科医院【3:歯科】鹿児島県大島郡喜界町赤連２６０４－１" }, "geometry": { "type": "Point", "coordinates": [ 130.557986, 31.560144 ] } },
{ "type": "Feature", "properties": { "ID": 46344031, "正式名称": "西田歯科医院", "機関区分": 3, "都道府県コード": 46, "市区町村コード": 530, "所在地": "鹿児島県大島郡徳之島町亀津２８７３", "緯度": 27.729664, "経度": 129.016827, "url": "https://www.iryou.teikyouseido.mhlw.go.jp/znk-web/juminkanja/S2430/initialize?prefCd=46&kikanCd=44031&kikanKbn=3", "url2": null, "内容": "西田歯科医院【3:歯科】鹿児島県大島郡徳之島町亀津２８７３" }, "geometry": { "type": "Point", "coordinates": [ 129.016827, 27.729664 ] } },
{ "type": "Feature", "properties": { "ID": 46344033, "正式名称": "天城歯科診療所", "機関区分": 3, "都道府県コード": 46, "市区町村コード": 531, "所在地": "鹿児島県大島郡天城町天城", "緯度": 27.82122, "経度": 128.894887, "url": "https://www.iryou.teikyouseido.mhlw.go.jp/znk-web/juminkanja/S2430/initialize?prefCd=46&kikanCd=44033&kikanKbn=3", "url2": null, "内容": "天城歯科診療所【3:歯科】鹿児島県大島郡天城町天城" }, "geometry": { "type": "Point", "coordinates": [ 128.894887, 27.82122 ] } },
{ "type": "Feature", "properties": { "ID": 46344036, "正式名称": "大山歯科クリニック", "機関区分": 3, "都道府県コード": 46, "市区町村コード": 532, "所在地": "鹿児島県大島郡伊仙町伊仙３５０６−１", "緯度": 27.679082, "経度": 128.929814, "url": "https://www.iryou.teikyouseido.mhlw.go.jp/znk-web/juminkanja/S2430/initialize?prefCd=46&kikanCd=44036&kikanKbn=3", "url2": null, "内容": "大山歯科クリニック【3:歯科】鹿児島県大島郡伊仙町伊仙３５０６−１" }, "geometry": { "type": "Point", "coordinates": [ 128.929814, 27.679082 ] } },
{ "type": "Feature", "properties": { "ID": 46344038, "正式名称": "本城歯科医院", "機関区分": 3, "都道府県コード": 46, "市区町村コード": 533, "所在地": "鹿児島県大島郡和泊町和泊５７７", "緯度": 27.394297, "経度": 128.656718, "url": "https://www.iryou.teikyouseido.mhlw.go.jp/znk-web/juminkanja/S2430/initialize?prefCd=46&kikanCd=44038&kikanKbn=3", "url2": null, "内容": "本城歯科医院【3:歯科】鹿児島県大島郡和泊町和泊５７７" }, "geometry": { "type": "Point", "coordinates": [ 128.656718, 27.394297 ] } },
{ "type": "Feature", "properties": { "ID": 46344041, "正式名称": "医療法人社団　明生会　松尾歯科医院知名", "機関区分": 3, "都道府県コード": 46, "市区町村コード": 534, "所在地": "鹿児島県大島郡知名町瀬利覚", "緯度": 27.340322, "経度": 128.579779, "url": "https://www.iryou.teikyouseido.mhlw.go.jp/znk-web/juminkanja/S2430/initialize?prefCd=46&kikanCd=44041&kikanKbn=3", "url2": "http://meiseikai-dental.com/", "内容": "医療法人社団　明生会　松尾歯科医院知名【3:歯科】鹿児島県大島郡知名町瀬利覚" }, "geometry": { "type": "Point", "coordinates": [ 128.579779, 27.340322 ] } },
{ "type": "Feature", "properties": { "ID": 46344043, "正式名称": "児玉歯科医院", "機関区分": 3, "都道府県コード": 46, "市区町村コード": 535, "所在地": "鹿児島県大島郡与論町茶花１６－１", "緯度": 27.047222, "経度": 128.414538, "url": "https://www.iryou.teikyouseido.mhlw.go.jp/znk-web/juminkanja/S2430/initialize?prefCd=46&kikanCd=44043&kikanKbn=3", "url2": null, "内容": "児玉歯科医院【3:歯科】鹿児島県大島郡与論町茶花１６－１" }, "geometry": { "type": "Point", "coordinates": [ 128.414538, 27.047222 ] } },
{ "type": "Feature", "properties": { "ID": 46344045, "正式名称": "たけがわ歯科", "機関区分": 3, "都道府県コード": 46, "市区町村コード": 527, "所在地": "鹿児島県大島郡龍郷町浦５１５－６", "緯度": 28.407357, "経度": 129.587334, "url": "https://www.iryou.teikyouseido.mhlw.go.jp/znk-web/juminkanja/S2430/initialize?prefCd=46&kikanCd=44045&kikanKbn=3", "url2": null, "内容": "たけがわ歯科【3:歯科】鹿児島県大島郡龍郷町浦５１５－６" }, "geometry": { "type": "Point", "coordinates": [ 129.587334, 28.407357 ] } },
{ "type": "Feature", "properties": { "ID": 46344047, "正式名称": "なかはら歯科医院", "機関区分": 3, "都道府県コード": 46, "市区町村コード": 210, "所在地": "鹿児島県指宿市十二町１－３", "緯度": 31.246479, "経度": 130.632959, "url": "https://www.iryou.teikyouseido.mhlw.go.jp/znk-web/juminkanja/S2430/initialize?prefCd=46&kikanCd=44047&kikanKbn=3", "url2": "https://www.nakaharadental.net/", "内容": "なかはら歯科医院【3:歯科】鹿児島県指宿市十二町１－３" }, "geometry": { "type": "Point", "coordinates": [ 130.632959, 31.246479 ] } },
{ "type": "Feature", "properties": { "ID": 46344060, "正式名称": "たじつデンタルクリニック", "機関区分": 3, "都道府県コード": 46, "市区町村コード": 218, "所在地": "鹿児島県霧島市隼人町小田２７６１ー１", "緯度": 31.740931, "経度": 130.722414, "url": "https://www.iryou.teikyouseido.mhlw.go.jp/znk-web/juminkanja/S2430/initialize?prefCd=46&kikanCd=44060&kikanKbn=3", "url2": null, "内容": "たじつデンタルクリニック【3:歯科】鹿児島県霧島市隼人町小田２７６１ー１" }, "geometry": { "type": "Point", "coordinates": [ 130.722414, 31.740931 ] } },
{ "type": "Feature", "properties": { "ID": 46344065, "正式名称": "船盛歯科診療所", "機関区分": 3, "都道府県コード": 46, "市区町村コード": 218, "所在地": "鹿児島県霧島市隼人町住吉１７０３ー１", "緯度": 31.72973, "経度": 130.738408, "url": "https://www.iryou.teikyouseido.mhlw.go.jp/znk-web/juminkanja/S2430/initialize?prefCd=46&kikanCd=44065&kikanKbn=3", "url2": null, "内容": "船盛歯科診療所【3:歯科】鹿児島県霧島市隼人町住吉１７０３ー１" }, "geometry": { "type": "Point", "coordinates": [ 130.738408, 31.72973 ] } },
{ "type": "Feature", "properties": { "ID": 46344066, "正式名称": "長里歯科医院", "機関区分": 3, "都道府県コード": 46, "市区町村コード": 216, "所在地": "鹿児島県日置市東市来町長里２２６１番", "緯度": 31.560144, "経度": 130.557986, "url": "https://www.iryou.teikyouseido.mhlw.go.jp/znk-web/juminkanja/S2430/initialize?prefCd=46&kikanCd=44066&kikanKbn=3", "url2": "http://www.nagasatoshika.com/", "内容": "長里歯科医院【3:歯科】鹿児島県日置市東市来町長里２２６１番" }, "geometry": { "type": "Point", "coordinates": [ 130.557986, 31.560144 ] } },
{ "type": "Feature", "properties": { "ID": 46344067, "正式名称": "せぐち歯科クリニック", "機関区分": 3, "都道府県コード": 46, "市区町村コード": 215, "所在地": "鹿児島県薩摩川内市入来町副田５９５０－６", "緯度": 31.817465, "経度": 130.429533, "url": "https://www.iryou.teikyouseido.mhlw.go.jp/znk-web/juminkanja/S2430/initialize?prefCd=46&kikanCd=44067&kikanKbn=3", "url2": null, "内容": "せぐち歯科クリニック【3:歯科】鹿児島県薩摩川内市入来町副田５９５０－６" }, "geometry": { "type": "Point", "coordinates": [ 130.429533, 31.817465 ] } },
{ "type": "Feature", "properties": { "ID": 46344069, "正式名称": "はまち歯科・小児歯科クリニック", "機関区分": 3, "都道府県コード": 46, "市区町村コード": 203, "所在地": "鹿児島県鹿屋市札元２丁目３７７１－１１", "緯度": 31.403101, "経度": 130.872506, "url": "https://www.iryou.teikyouseido.mhlw.go.jp/znk-web/juminkanja/S2430/initialize?prefCd=46&kikanCd=44069&kikanKbn=3", "url2": "http://hamachi-dental.com/", "内容": "はまち歯科・小児歯科クリニック【3:歯科】鹿児島県鹿屋市札元２丁目３７７１－１１" }, "geometry": { "type": "Point", "coordinates": [ 130.872506, 31.403101 ] } },
{ "type": "Feature", "properties": { "ID": 46344070, "正式名称": "医療法人登山歯科医院　和光歯科", "機関区分": 3, "都道府県コード": 46, "市区町村コード": 222, "所在地": "鹿児島県奄美市名瀬和光町２番地１２", "緯度": 28.391158, "経度": 129.526156, "url": "https://www.iryou.teikyouseido.mhlw.go.jp/znk-web/juminkanja/S2430/initialize?prefCd=46&kikanCd=44070&kikanKbn=3", "url2": null, "内容": "医療法人登山歯科医院　和光歯科【3:歯科】鹿児島県奄美市名瀬和光町２番地１２" }, "geometry": { "type": "Point", "coordinates": [ 129.526156, 28.391158 ] } },
{ "type": "Feature", "properties": { "ID": 46344074, "正式名称": "むらじ歯科クリニック", "機関区分": 3, "都道府県コード": 46, "市区町村コード": 203, "所在地": "鹿児島県鹿屋市串良町細山田５１７４－１", "緯度": 31.439379, "経度": 130.912737, "url": "https://www.iryou.teikyouseido.mhlw.go.jp/znk-web/juminkanja/S2430/initialize?prefCd=46&kikanCd=44074&kikanKbn=3", "url2": null, "内容": "むらじ歯科クリニック【3:歯科】鹿児島県鹿屋市串良町細山田５１７４－１" }, "geometry": { "type": "Point", "coordinates": [ 130.912737, 31.439379 ] } },
{ "type": "Feature", "properties": { "ID": 46344075, "正式名称": "谷山ファミリー歯科クリニック", "機関区分": 3, "都道府県コード": 46, "市区町村コード": 201, "所在地": "鹿児島県鹿児島市谷山中央５－１０－２", "緯度": 31.516895, "経度": 130.511581, "url": "https://www.iryou.teikyouseido.mhlw.go.jp/znk-web/juminkanja/S2430/initialize?prefCd=46&kikanCd=44075&kikanKbn=3", "url2": "https://www.taniyama-family.com", "内容": "谷山ファミリー歯科クリニック【3:歯科】鹿児島県鹿児島市谷山中央５－１０－２" }, "geometry": { "type": "Point", "coordinates": [ 130.511581, 31.516895 ] } },
{ "type": "Feature", "properties": { "ID": 46344077, "正式名称": "クローバーデンタルクリニック", "機関区分": 3, "都道府県コード": 46, "市区町村コード": 223, "所在地": "鹿児島県南九州市知覧町郡５１７４－３", "緯度": 31.373389, "経度": 130.436043, "url": "https://www.iryou.teikyouseido.mhlw.go.jp/znk-web/juminkanja/S2430/initialize?prefCd=46&kikanCd=44077&kikanKbn=3", "url2": null, "内容": "クローバーデンタルクリニック【3:歯科】鹿児島県南九州市知覧町郡５１７４－３" }, "geometry": { "type": "Point", "coordinates": [ 130.436043, 31.373389 ] } },
{ "type": "Feature", "properties": { "ID": 46344078, "正式名称": "平林デンタルクリニック", "機関区分": 3, "都道府県コード": 46, "市区町村コード": 220, "所在地": "鹿児島県南さつま市金峰町２８３４", "緯度": 31.467912, "経度": 130.345657, "url": "https://www.iryou.teikyouseido.mhlw.go.jp/znk-web/juminkanja/S2430/initialize?prefCd=46&kikanCd=44078&kikanKbn=3", "url2": null, "内容": "平林デンタルクリニック【3:歯科】鹿児島県南さつま市金峰町２８３４" }, "geometry": { "type": "Point", "coordinates": [ 130.345657, 31.467912 ] } },
{ "type": "Feature", "properties": { "ID": 46344079, "正式名称": "ハレルヤ歯科室", "機関区分": 3, "都道府県コード": 46, "市区町村コード": 215, "所在地": "鹿児島県薩摩川内市水引町３１９４－２", "緯度": 31.859439, "経度": 130.230025, "url": "https://www.iryou.teikyouseido.mhlw.go.jp/znk-web/juminkanja/S2430/initialize?prefCd=46&kikanCd=44079&kikanKbn=3", "url2": "www.haleluya-dc.jp", "内容": "ハレルヤ歯科室【3:歯科】鹿児島県薩摩川内市水引町３１９４－２" }, "geometry": { "type": "Point", "coordinates": [ 130.230025, 31.859439 ] } },
{ "type": "Feature", "properties": { "ID": 46344084, "正式名称": "ろくた歯科医院", "機関区分": 3, "都道府県コード": 46, "市区町村コード": 214, "所在地": "鹿児島県垂水市南松原町７８番地", "緯度": 31.487402, "経度": 130.698887, "url": "https://www.iryou.teikyouseido.mhlw.go.jp/znk-web/juminkanja/S2430/initialize?prefCd=46&kikanCd=44084&kikanKbn=3", "url2": null, "内容": "ろくた歯科医院【3:歯科】鹿児島県垂水市南松原町７８番地" }, "geometry": { "type": "Point", "coordinates": [ 130.698887, 31.487402 ] } },
{ "type": "Feature", "properties": { "ID": 46344088, "正式名称": "そふと歯科（伊集院）", "機関区分": 3, "都道府県コード": 46, "市区町村コード": 216, "所在地": "鹿児島県日置市伊集院町猪鹿倉１－４－１０", "緯度": 31.629439, "経度": 130.403185, "url": "https://www.iryou.teikyouseido.mhlw.go.jp/znk-web/juminkanja/S2430/initialize?prefCd=46&kikanCd=44088&kikanKbn=3", "url2": "https://softsika.com", "内容": "そふと歯科（伊集院）【3:歯科】鹿児島県日置市伊集院町猪鹿倉１－４－１０" }, "geometry": { "type": "Point", "coordinates": [ 130.403185, 31.629439 ] } },
{ "type": "Feature", "properties": { "ID": 46344089, "正式名称": "ゆだデンタルクリニック", "機関区分": 3, "都道府県コード": 46, "市区町村コード": 216, "所在地": "鹿児島県日置市伊集院町徳重１－６－７", "緯度": 31.631592, "経度": 130.403396, "url": "https://www.iryou.teikyouseido.mhlw.go.jp/znk-web/juminkanja/S2430/initialize?prefCd=46&kikanCd=44089&kikanKbn=3", "url2": "www.yuda-dc.com", "内容": "ゆだデンタルクリニック【3:歯科】鹿児島県日置市伊集院町徳重１－６－７" }, "geometry": { "type": "Point", "coordinates": [ 130.403396, 31.631592 ] } },
{ "type": "Feature", "properties": { "ID": 46344091, "正式名称": "古川歯科クリニック", "機関区分": 3, "都道府県コード": 46, "市区町村コード": 201, "所在地": "鹿児島県鹿児島市光山１丁目６ー１７", "緯度": 31.493604, "経度": 130.506898, "url": "https://www.iryou.teikyouseido.mhlw.go.jp/znk-web/juminkanja/S2430/initialize?prefCd=46&kikanCd=44091&kikanKbn=3", "url2": "http://furukawashika.weebly.com/", "内容": "古川歯科クリニック【3:歯科】鹿児島県鹿児島市光山１丁目６ー１７" }, "geometry": { "type": "Point", "coordinates": [ 130.506898, 31.493604 ] } },
{ "type": "Feature", "properties": { "ID": 46344093, "正式名称": "蒼ＤｅｎｔａｌＯｆｆｉｃｅ", "機関区分": 3, "都道府県コード": 46, "市区町村コード": 222, "所在地": "鹿児島県奄美市名瀬末広町２－５－２Ｆ", "緯度": 28.379547, "経度": 129.494755, "url": "https://www.iryou.teikyouseido.mhlw.go.jp/znk-web/juminkanja/S2430/initialize?prefCd=46&kikanCd=44093&kikanKbn=3", "url2": null, "内容": "蒼ＤｅｎｔａｌＯｆｆｉｃｅ【3:歯科】鹿児島県奄美市名瀬末広町２－５－２Ｆ" }, "geometry": { "type": "Point", "coordinates": [ 129.494755, 28.379547 ] } },
{ "type": "Feature", "properties": { "ID": 46344101, "正式名称": "四季デンタルクリニック", "機関区分": 3, "都道府県コード": 46, "市区町村コード": 203, "所在地": "鹿児島県鹿屋市寿４丁目１５番１８－１号", "緯度": 31.388958, "経度": 130.88105, "url": "https://www.iryou.teikyouseido.mhlw.go.jp/znk-web/juminkanja/S2430/initialize?prefCd=46&kikanCd=44101&kikanKbn=3", "url2": "http://www.4s-dental.com", "内容": "四季デンタルクリニック【3:歯科】鹿児島県鹿屋市寿４丁目１５番１８－１号" }, "geometry": { "type": "Point", "coordinates": [ 130.88105, 31.388958 ] } },
{ "type": "Feature", "properties": { "ID": 46344107, "正式名称": "Ｄｅｎｔａｌ　Ｃｌｉｎｉｃ　ＡＫＡＤＡ", "機関区分": 3, "都道府県コード": 46, "市区町村コード": 468, "所在地": "鹿児島県曽於郡大崎町假宿２３２６ー４", "緯度": 31.436032, "経度": 130.999344, "url": "https://www.iryou.teikyouseido.mhlw.go.jp/znk-web/juminkanja/S2430/initialize?prefCd=46&kikanCd=44107&kikanKbn=3", "url2": null, "内容": "Ｄｅｎｔａｌ　Ｃｌｉｎｉｃ　ＡＫＡＤＡ【3:歯科】鹿児島県曽於郡大崎町假宿２３２６ー４" }, "geometry": { "type": "Point", "coordinates": [ 130.999344, 31.436032 ] } },
{ "type": "Feature", "properties": { "ID": 46344109, "正式名称": "やまもと歯科", "機関区分": 3, "都道府県コード": 46, "市区町村コード": 215, "所在地": "鹿児島県薩摩川内市若葉町５－１", "緯度": 31.822512, "経度": 130.299404, "url": "https://www.iryou.teikyouseido.mhlw.go.jp/znk-web/juminkanja/S2430/initialize?prefCd=46&kikanCd=44109&kikanKbn=3", "url2": "https://haisha-yoyaku.jp/bun2sdental/detail/index/id/4631530526/", "内容": "やまもと歯科【3:歯科】鹿児島県薩摩川内市若葉町５－１" }, "geometry": { "type": "Point", "coordinates": [ 130.299404, 31.822512 ] } },
{ "type": "Feature", "properties": { "ID": 46344112, "正式名称": "さくら歯科クリニック", "機関区分": 3, "都道府県コード": 46, "市区町村コード": 219, "所在地": "鹿児島県いちき串木野市麓１５９番地", "緯度": 31.720684, "経度": 130.281868, "url": "https://www.iryou.teikyouseido.mhlw.go.jp/znk-web/juminkanja/S2430/initialize?prefCd=46&kikanCd=44112&kikanKbn=3", "url2": "http://sakura2016.jp/", "内容": "さくら歯科クリニック【3:歯科】鹿児島県いちき串木野市麓１５９番地" }, "geometry": { "type": "Point", "coordinates": [ 130.281868, 31.720684 ] } },
{ "type": "Feature", "properties": { "ID": 46344113, "正式名称": "大坪歯科医院", "機関区分": 3, "都道府県コード": 46, "市区町村コード": 201, "所在地": "鹿児島県鹿児島市小松原１－２８－８", "緯度": 31.535605, "経度": 130.532689, "url": "https://www.iryou.teikyouseido.mhlw.go.jp/znk-web/juminkanja/S2430/initialize?prefCd=46&kikanCd=44113&kikanKbn=3", "url2": "http://otsubo-dc.com", "内容": "大坪歯科医院【3:歯科】鹿児島県鹿児島市小松原１－２８－８" }, "geometry": { "type": "Point", "coordinates": [ 130.532689, 31.535605 ] } },
{ "type": "Feature", "properties": { "ID": 46344118, "正式名称": "やす歯科医院", "機関区分": 3, "都道府県コード": 46, "市区町村コード": 222, "所在地": "鹿児島県奄美市名瀬港町", "緯度": 28.381499, "経度": 129.494618, "url": "https://www.iryou.teikyouseido.mhlw.go.jp/znk-web/juminkanja/S2430/initialize?prefCd=46&kikanCd=44118&kikanKbn=3", "url2": null, "内容": "やす歯科医院【3:歯科】鹿児島県奄美市名瀬港町" }, "geometry": { "type": "Point", "coordinates": [ 129.494618, 28.381499 ] } },
{ "type": "Feature", "properties": { "ID": 46344119, "正式名称": "くきた歯科クリニック", "機関区分": 3, "都道府県コード": 46, "市区町村コード": 219, "所在地": "鹿児島県いちき串木野市桜町６６", "緯度": 31.71967, "経度": 130.271344, "url": "https://www.iryou.teikyouseido.mhlw.go.jp/znk-web/juminkanja/S2430/initialize?prefCd=46&kikanCd=44119&kikanKbn=3", "url2": "http://kdc-66.com", "内容": "くきた歯科クリニック【3:歯科】鹿児島県いちき串木野市桜町６６" }, "geometry": { "type": "Point", "coordinates": [ 130.271344, 31.71967 ] } },
{ "type": "Feature", "properties": { "ID": 46344121, "正式名称": "田畑歯科医院", "機関区分": 3, "都道府県コード": 46, "市区町村コード": 208, "所在地": "鹿児島県出水市大野原町", "緯度": 32.089628, "経度": 130.351992, "url": "https://www.iryou.teikyouseido.mhlw.go.jp/znk-web/juminkanja/S2430/initialize?prefCd=46&kikanCd=44121&kikanKbn=3", "url2": null, "内容": "田畑歯科医院【3:歯科】鹿児島県出水市大野原町" }, "geometry": { "type": "Point", "coordinates": [ 130.351992, 32.089628 ] } },
{ "type": "Feature", "properties": { "ID": 46344127, "正式名称": "プラージュデンタルクリニック", "機関区分": 3, "都道府県コード": 46, "市区町村コード": 225, "所在地": "鹿児島県姶良市加治木町木田", "緯度": 31.736755, "経度": 130.65543, "url": "https://www.iryou.teikyouseido.mhlw.go.jp/znk-web/juminkanja/S2430/initialize?prefCd=46&kikanCd=44127&kikanKbn=3", "url2": "https://www.plagedental.com", "内容": "プラージュデンタルクリニック【3:歯科】鹿児島県姶良市加治木町木田" }, "geometry": { "type": "Point", "coordinates": [ 130.65543, 31.736755 ] } },
{ "type": "Feature", "properties": { "ID": 46344130, "正式名称": "つばた歯科クリニック", "機関区分": 3, "都道府県コード": 46, "市区町村コード": 222, "所在地": "鹿児島県奄美市名瀬久里町", "緯度": 28.375142, "経度": 129.497381, "url": "https://www.iryou.teikyouseido.mhlw.go.jp/znk-web/juminkanja/S2430/initialize?prefCd=46&kikanCd=44130&kikanKbn=3", "url2": "http://tsubataclinic.jp/", "内容": "つばた歯科クリニック【3:歯科】鹿児島県奄美市名瀬久里町" }, "geometry": { "type": "Point", "coordinates": [ 129.497381, 28.375142 ] } },
{ "type": "Feature", "properties": { "ID": 46344134, "正式名称": "医療法人ななつ星　ななつ星歯科", "機関区分": 3, "都道府県コード": 46, "市区町村コード": 201, "所在地": "鹿児島県鹿児島市西田１丁目５番地１鹿児島高見橋ビル１階", "緯度": 31.586168, "経度": 130.545323, "url": "https://www.iryou.teikyouseido.mhlw.go.jp/znk-web/juminkanja/S2430/initialize?prefCd=46&kikanCd=44134&kikanKbn=3", "url2": "https://nanatsuboshi-shika.jp/230075082", "内容": "医療法人ななつ星　ななつ星歯科【3:歯科】鹿児島県鹿児島市西田１丁目５番地１鹿児島高見橋ビル１階" }, "geometry": { "type": "Point", "coordinates": [ 130.545323, 31.586168 ] } },
{ "type": "Feature", "properties": { "ID": 46344137, "正式名称": "医療法人一二三会　ちゃえん歯科", "機関区分": 3, "都道府県コード": 46, "市区町村コード": 208, "所在地": "鹿児島県出水市六月田町５６７番１", "緯度": 32.105334, "経度": 130.344404, "url": "https://www.iryou.teikyouseido.mhlw.go.jp/znk-web/juminkanja/S2430/initialize?prefCd=46&kikanCd=44137&kikanKbn=3", "url2": "hpp://chaen-dc.com", "内容": "医療法人一二三会　ちゃえん歯科【3:歯科】鹿児島県出水市六月田町５６７番１" }, "geometry": { "type": "Point", "coordinates": [ 130.344404, 32.105334 ] } },
{ "type": "Feature", "properties": { "ID": 46344140, "正式名称": "やました歯科", "機関区分": 3, "都道府県コード": 46, "市区町村コード": 215, "所在地": "鹿児島県薩摩川内市樋脇町市比野", "緯度": 31.797271, "経度": 130.408271, "url": "https://www.iryou.teikyouseido.mhlw.go.jp/znk-web/juminkanja/S2430/initialize?prefCd=46&kikanCd=44140&kikanKbn=3", "url2": null, "内容": "やました歯科【3:歯科】鹿児島県薩摩川内市樋脇町市比野" }, "geometry": { "type": "Point", "coordinates": [ 130.408271, 31.797271 ] } },
{ "type": "Feature", "properties": { "ID": 46344142, "正式名称": "なかしま歯科医院", "機関区分": 3, "都道府県コード": 46, "市区町村コード": 219, "所在地": "鹿児島県いちき串木野市照島５０６４－１", "緯度": 31.706999, "経度": 130.281253, "url": "https://www.iryou.teikyouseido.mhlw.go.jp/znk-web/juminkanja/S2430/initialize?prefCd=46&kikanCd=44142&kikanKbn=3", "url2": "http://www.ndc-2020.com/", "内容": "なかしま歯科医院【3:歯科】鹿児島県いちき串木野市照島５０６４－１" }, "geometry": { "type": "Point", "coordinates": [ 130.281253, 31.706999 ] } },
{ "type": "Feature", "properties": { "ID": 46344149, "正式名称": "かのや歯科・矯正歯科クリニック", "機関区分": 3, "都道府県コード": 46, "市区町村コード": 203, "所在地": "鹿児島県鹿屋市旭原町３５９２番１４", "緯度": 31.398274, "経度": 130.882809, "url": "https://www.iryou.teikyouseido.mhlw.go.jp/znk-web/juminkanja/S2430/initialize?prefCd=46&kikanCd=44149&kikanKbn=3", "url2": "https://onishika.com/", "内容": "かのや歯科・矯正歯科クリニック【3:歯科】鹿児島県鹿屋市旭原町３５９２番１４" }, "geometry": { "type": "Point", "coordinates": [ 130.882809, 31.398274 ] } },
{ "type": "Feature", "properties": { "ID": 46344152, "正式名称": "きらりデンタルクリニック姶良", "機関区分": 3, "都道府県コード": 46, "市区町村コード": 225, "所在地": "鹿児島県姶良市西餠田３２４５ー１", "緯度": 31.71949, "経度": 130.62089, "url": "https://www.iryou.teikyouseido.mhlw.go.jp/znk-web/juminkanja/S2430/initialize?prefCd=46&kikanCd=44152&kikanKbn=3", "url2": "https://kirari.dental", "内容": "きらりデンタルクリニック姶良【3:歯科】鹿児島県姶良市西餠田３２４５ー１" }, "geometry": { "type": "Point", "coordinates": [ 130.62089, 31.71949 ] } },
{ "type": "Feature", "properties": { "ID": 46344153, "正式名称": "そふと歯科（中山）", "機関区分": 3, "都道府県コード": 46, "市区町村コード": 201, "所在地": "鹿児島県鹿児島市中山２－４５－３", "緯度": 31.550928, "経度": 130.507603, "url": "https://www.iryou.teikyouseido.mhlw.go.jp/znk-web/juminkanja/S2430/initialize?prefCd=46&kikanCd=44153&kikanKbn=3", "url2": "https://softsika.com/chuzan.html", "内容": "そふと歯科（中山）【3:歯科】鹿児島県鹿児島市中山２－４５－３" }, "geometry": { "type": "Point", "coordinates": [ 130.507603, 31.550928 ] } },
{ "type": "Feature", "properties": { "ID": 46344156, "正式名称": "きらりデンタルクリニック", "機関区分": 3, "都道府県コード": 46, "市区町村コード": 201, "所在地": "鹿児島県鹿児島市西谷山２−１８−２５", "緯度": 31.518909, "経度": 130.506396, "url": "https://www.iryou.teikyouseido.mhlw.go.jp/znk-web/juminkanja/S2430/initialize?prefCd=46&kikanCd=44156&kikanKbn=3", "url2": "https://kirari.dental", "内容": "きらりデンタルクリニック【3:歯科】鹿児島県鹿児島市西谷山２−１８−２５" }, "geometry": { "type": "Point", "coordinates": [ 130.506396, 31.518909 ] } },
{ "type": "Feature", "properties": { "ID": 46344157, "正式名称": "きらりデンタルクリニック吉野", "機関区分": 3, "都道府県コード": 46, "市区町村コード": 201, "所在地": "鹿児島県鹿児島市川上町２０３２ー５", "緯度": 31.66013, "経度": 130.56806, "url": "https://www.iryou.teikyouseido.mhlw.go.jp/znk-web/juminkanja/S2430/initialize?prefCd=46&kikanCd=44157&kikanKbn=3", "url2": "https://kirari.dental", "内容": "きらりデンタルクリニック吉野【3:歯科】鹿児島県鹿児島市川上町２０３２ー５" }, "geometry": { "type": "Point", "coordinates": [ 130.56806, 31.66013 ] } },
{ "type": "Feature", "properties": { "ID": 46344158, "正式名称": "クロダ歯科", "機関区分": 3, "都道府県コード": 46, "市区町村コード": 222, "所在地": "鹿児島県奄美市名瀬幸町２０－６恵ビル１０２", "緯度": 28.377514, "経度": 129.493486, "url": "https://www.iryou.teikyouseido.mhlw.go.jp/znk-web/juminkanja/S2430/initialize?prefCd=46&kikanCd=44158&kikanKbn=3", "url2": "https://kurodashika.amami.jp/", "内容": "クロダ歯科【3:歯科】鹿児島県奄美市名瀬幸町２０－６恵ビル１０２" }, "geometry": { "type": "Point", "coordinates": [ 129.493486, 28.377514 ] } },
{ "type": "Feature", "properties": { "ID": 4634631730142, "正式名称": "有村歯科医院", "機関区分": 3, "都道府県コード": 46, "市区町村コード": 217, "所在地": "鹿児島県曽於市末吉町上町６丁目２‐２", "緯度": 31.64811, "経度": 131.023331, "url": "https://www.iryou.teikyouseido.mhlw.go.jp/znk-web/juminkanja/S2430/initialize?prefCd=46&kikanCd=4631730142&kikanKbn=3", "url2": null, "内容": "有村歯科医院【3:歯科】鹿児島県曽於市末吉町上町６丁目２‐２" }, "geometry": { "type": "Point", "coordinates": [ 131.023331, 31.64811 ] } },
{ "type": "Feature", "properties": { "ID": 4634633030054, "正式名称": "ながた歯科医院", "機関区分": 3, "都道府県コード": 46, "市区町村コード": 491, "所在地": "鹿児島県肝属郡南大隅町根占川北３１１", "緯度": 31.219184, "経度": 130.766333, "url": "https://www.iryou.teikyouseido.mhlw.go.jp/znk-web/juminkanja/S2430/initialize?prefCd=46&kikanCd=4633030054&kikanKbn=3", "url2": "http://nagatadc.wp.xdomain.jp/", "内容": "ながた歯科医院【3:歯科】鹿児島県肝属郡南大隅町根占川北３１１" }, "geometry": { "type": "Point", "coordinates": [ 130.766333, 31.219184 ] } },
{ "type": "Feature", "properties": { "ID": 46348885, "正式名称": "泉歯科医院", "機関区分": 3, "都道府県コード": 46, "市区町村コード": 218, "所在地": "鹿児島県霧島市隼人町姫城一丁目３３１番地", "緯度": 31.767212, "経度": 130.757074, "url": "https://www.iryou.teikyouseido.mhlw.go.jp/znk-web/juminkanja/S2430/initialize?prefCd=46&kikanCd=48885&kikanKbn=3", "url2": null, "内容": "泉歯科医院【3:歯科】鹿児島県霧島市隼人町姫城一丁目３３１番地" }, "geometry": { "type": "Point", "coordinates": [ 130.757074, 31.767212 ] } },
{ "type": "Feature", "properties": { "ID": 46348887, "正式名称": "つくし歯科医院", "機関区分": 3, "都道府県コード": 46, "市区町村コード": 225, "所在地": "鹿児島県姶良市東餠田２４６９番地２", "緯度": 31.728099, "経度": 130.63169, "url": "https://www.iryou.teikyouseido.mhlw.go.jp/znk-web/juminkanja/S2430/initialize?prefCd=46&kikanCd=48887&kikanKbn=3", "url2": "https://294dc.jp", "内容": "つくし歯科医院【3:歯科】鹿児島県姶良市東餠田２４６９番地２" }, "geometry": { "type": "Point", "coordinates": [ 130.63169, 31.728099 ] } },
{ "type": "Feature", "properties": { "ID": 46348896, "正式名称": "姶良ふれあい歯科医院", "機関区分": 3, "都道府県コード": 46, "市区町村コード": 225, "所在地": "鹿児島県姶良市西餅田２００４－１", "緯度": 31.73521, "経度": 130.618849, "url": "https://www.iryou.teikyouseido.mhlw.go.jp/znk-web/juminkanja/S2430/initialize?prefCd=46&kikanCd=48896&kikanKbn=3", "url2": "http://fureai-dc.jp/", "内容": "姶良ふれあい歯科医院【3:歯科】鹿児島県姶良市西餅田２００４－１" }, "geometry": { "type": "Point", "coordinates": [ 130.618849, 31.73521 ] } },
{ "type": "Feature", "properties": { "ID": 46348900, "正式名称": "ひなた歯科", "機関区分": 3, "都道府県コード": 46, "市区町村コード": 218, "所在地": "鹿児島県霧島市隼人町見次１３００－２　２０Ａドラゴンポート８８", "緯度": 31.7441, "経度": 130.7455, "url": "https://www.iryou.teikyouseido.mhlw.go.jp/znk-web/juminkanja/S2430/initialize?prefCd=46&kikanCd=48900&kikanKbn=3", "url2": "hinatashika.net", "内容": "ひなた歯科【3:歯科】鹿児島県霧島市隼人町見次１３００－２　２０Ａドラゴンポート８８" }, "geometry": { "type": "Point", "coordinates": [ 130.7455, 31.7441 ] } },
{ "type": "Feature", "properties": { "ID": 46348901, "正式名称": "そふと歯科", "機関区分": 3, "都道府県コード": 46, "市区町村コード": 218, "所在地": "鹿児島県霧島市国分敷根１６７", "緯度": 31.706566, "経度": 130.787866, "url": "https://www.iryou.teikyouseido.mhlw.go.jp/znk-web/juminkanja/S2430/initialize?prefCd=46&kikanCd=48901&kikanKbn=3", "url2": "https://softsika.com/", "内容": "そふと歯科【3:歯科】鹿児島県霧島市国分敷根１６７" }, "geometry": { "type": "Point", "coordinates": [ 130.787866, 31.706566 ] } },
{ "type": "Feature", "properties": { "ID": 46348902, "正式名称": "ささき歯科医院", "機関区分": 3, "都道府県コード": 46, "市区町村コード": 218, "所在地": "鹿児島県霧島市国分中央４丁目２９－１８", "緯度": 31.736598, "経度": 130.769711, "url": "https://www.iryou.teikyouseido.mhlw.go.jp/znk-web/juminkanja/S2430/initialize?prefCd=46&kikanCd=48902&kikanKbn=3", "url2": "https://www.sasaki-dental-office.com/", "内容": "ささき歯科医院【3:歯科】鹿児島県霧島市国分中央４丁目２９－１８" }, "geometry": { "type": "Point", "coordinates": [ 130.769711, 31.736598 ] } },
{ "type": "Feature", "properties": { "ID": 46348921, "正式名称": "やまのうち歯科クリニック", "機関区分": 3, "都道府県コード": 46, "市区町村コード": 218, "所在地": "鹿児島県霧島市隼人町内５０２番地", "緯度": 31.751324, "経度": 130.748464, "url": "https://www.iryou.teikyouseido.mhlw.go.jp/znk-web/juminkanja/S2430/initialize?prefCd=46&kikanCd=48921&kikanKbn=3", "url2": "https://yamanouchi.dental/", "内容": "やまのうち歯科クリニック【3:歯科】鹿児島県霧島市隼人町内５０２番地" }, "geometry": { "type": "Point", "coordinates": [ 130.748464, 31.751324 ] } },
{ "type": "Feature", "properties": { "ID": 46348932, "正式名称": "医療法人雪光会　浜崎クリニック", "機関区分": 3, "都道府県コード": 46, "市区町村コード": 225, "所在地": "鹿児島県姶良市加治木町反土２６２８", "緯度": 31.740578, "経度": 130.662053, "url": "https://www.iryou.teikyouseido.mhlw.go.jp/znk-web/juminkanja/S2430/initialize?prefCd=46&kikanCd=48932&kikanKbn=3", "url2": null, "内容": "医療法人雪光会　浜崎クリニック【3:歯科】鹿児島県姶良市加治木町反土２６２８" }, "geometry": { "type": "Point", "coordinates": [ 130.662053, 31.740578 ] } },
{ "type": "Feature", "properties": { "ID": 46348947, "正式名称": "とりうみ歯科医院", "機関区分": 3, "都道府県コード": 46, "市区町村コード": 225, "所在地": "鹿児島県姶良市蒲生町下久徳７７６－１", "緯度": 31.756095, "経度": 130.585428, "url": "https://www.iryou.teikyouseido.mhlw.go.jp/znk-web/juminkanja/S2430/initialize?prefCd=46&kikanCd=48947&kikanKbn=3", "url2": "toriumi-dc.com", "内容": "とりうみ歯科医院【3:歯科】鹿児島県姶良市蒲生町下久徳７７６－１" }, "geometry": { "type": "Point", "coordinates": [ 130.585428, 31.756095 ] } }
]
}
