{
"type": "FeatureCollection",
"name": "geo_46_5",
"crs": { "type": "name", "properties": { "name": "urn:ogc:def:crs:OGC:1.3:CRS84" } },
"features": [
{ "type": "Feature", "properties": { "ID": 46550911, "正式名称": "まどか薬局", "機関区分": 5, "都道府県コード": 46, "市区町村コード": 210, "所在地": "鹿児島県指宿市山川入船町七", "緯度": 31.205414, "経度": 130.6376, "url": "https://www.iryou.teikyouseido.mhlw.go.jp/znk-web/juminkanja/S2430/initialize?prefCd=46&kikanCd=50911&kikanKbn=5", "url2": null, "内容": "まどか薬局【5:薬局】鹿児島県指宿市山川入船町七" }, "geometry": { "type": "Point", "coordinates": [ 130.6376, 31.205414 ] } },
{ "type": "Feature", "properties": { "ID": 46550917, "正式名称": "有限会社　　坂元薬局", "機関区分": 5, "都道府県コード": 46, "市区町村コード": 210, "所在地": "鹿児島県指宿市十二町４１１７番地１", "緯度": 31.224314, "経度": 130.647703, "url": "https://www.iryou.teikyouseido.mhlw.go.jp/znk-web/juminkanja/S2430/initialize?prefCd=46&kikanCd=50917&kikanKbn=5", "url2": null, "内容": "有限会社　　坂元薬局【5:薬局】鹿児島県指宿市十二町４１１７番地１" }, "geometry": { "type": "Point", "coordinates": [ 130.647703, 31.224314 ] } },
{ "type": "Feature", "properties": { "ID": 46550920, "正式名称": "指宿薬剤師会薬局", "機関区分": 5, "都道府県コード": 46, "市区町村コード": 210, "所在地": "鹿児島県指宿市十二町４２２４", "緯度": 31.220325, "経度": 130.646919, "url": "https://www.iryou.teikyouseido.mhlw.go.jp/znk-web/juminkanja/S2430/initialize?prefCd=46&kikanCd=50920&kikanKbn=5", "url2": null, "内容": "指宿薬剤師会薬局【5:薬局】鹿児島県指宿市十二町４２２４" }, "geometry": { "type": "Point", "coordinates": [ 130.646919, 31.220325 ] } },
{ "type": "Feature", "properties": { "ID": 46550921, "正式名称": "坂元薬局　二月田店", "機関区分": 5, "都道府県コード": 46, "市区町村コード": 210, "所在地": "鹿児島県指宿市十町３６０番地１", "緯度": 31.254565, "経度": 130.632771, "url": "https://www.iryou.teikyouseido.mhlw.go.jp/znk-web/juminkanja/S2430/initialize?prefCd=46&kikanCd=50921&kikanKbn=5", "url2": null, "内容": "坂元薬局　二月田店【5:薬局】鹿児島県指宿市十町３６０番地１" }, "geometry": { "type": "Point", "coordinates": [ 130.632771, 31.254565 ] } },
{ "type": "Feature", "properties": { "ID": 46550923, "正式名称": "ひかり調剤薬局", "機関区分": 5, "都道府県コード": 46, "市区町村コード": 210, "所在地": "鹿児島県指宿市湊二丁目１２番８号", "緯度": 31.23952, "経度": 130.64583, "url": "https://www.iryou.teikyouseido.mhlw.go.jp/znk-web/juminkanja/S2430/initialize?prefCd=46&kikanCd=50923&kikanKbn=5", "url2": "https://www.satispharma.com", "内容": "ひかり調剤薬局【5:薬局】鹿児島県指宿市湊二丁目１２番８号" }, "geometry": { "type": "Point", "coordinates": [ 130.64583, 31.23952 ] } },
{ "type": "Feature", "properties": { "ID": 46550925, "正式名称": "イブスキ薬局", "機関区分": 5, "都道府県コード": 46, "市区町村コード": 210, "所在地": "鹿児島県指宿市大牟礼１－１－１６", "緯度": 31.239017, "経度": 130.64224, "url": "https://www.iryou.teikyouseido.mhlw.go.jp/znk-web/juminkanja/S2430/initialize?prefCd=46&kikanCd=50925&kikanKbn=5", "url2": null, "内容": "イブスキ薬局【5:薬局】鹿児島県指宿市大牟礼１－１－１６" }, "geometry": { "type": "Point", "coordinates": [ 130.64224, 31.239017 ] } },
{ "type": "Feature", "properties": { "ID": 46550953, "正式名称": "篠原薬局", "機関区分": 5, "都道府県コード": 46, "市区町村コード": 210, "所在地": "鹿児島県　指宿市　山川岡児ケ水３６５－２", "緯度": 31.178064, "経度": 130.586719, "url": "https://www.iryou.teikyouseido.mhlw.go.jp/znk-web/juminkanja/S2430/initialize?prefCd=46&kikanCd=50953&kikanKbn=5", "url2": null, "内容": "篠原薬局【5:薬局】鹿児島県　指宿市　山川岡児ケ水３６５－２" }, "geometry": { "type": "Point", "coordinates": [ 130.586719, 31.178064 ] } },
{ "type": "Feature", "properties": { "ID": 46551045, "正式名称": "ハラダ薬局", "機関区分": 5, "都道府県コード": 46, "市区町村コード": 220, "所在地": "鹿児島県南さつま市加世田本町１７番地１　大東ビル１０２", "緯度": 31.420334, "経度": 130.321005, "url": "https://www.iryou.teikyouseido.mhlw.go.jp/znk-web/juminkanja/S2430/initialize?prefCd=46&kikanCd=51045&kikanKbn=5", "url2": null, "内容": "ハラダ薬局【5:薬局】鹿児島県南さつま市加世田本町１７番地１　大東ビル１０２" }, "geometry": { "type": "Point", "coordinates": [ 130.321005, 31.420334 ] } },
{ "type": "Feature", "properties": { "ID": 46551048, "正式名称": "有限会社　ホセイド－薬局", "機関区分": 5, "都道府県コード": 46, "市区町村コード": 223, "所在地": "鹿児島県南九州市川辺町平山６８２１番地", "緯度": 31.392225, "経度": 130.397589, "url": "https://www.iryou.teikyouseido.mhlw.go.jp/znk-web/juminkanja/S2430/initialize?prefCd=46&kikanCd=51048&kikanKbn=5", "url2": null, "内容": "有限会社　ホセイド－薬局【5:薬局】鹿児島県南九州市川辺町平山６８２１番地" }, "geometry": { "type": "Point", "coordinates": [ 130.397589, 31.392225 ] } },
{ "type": "Feature", "properties": { "ID": 46551049, "正式名称": "グリーン薬局", "機関区分": 5, "都道府県コード": 46, "市区町村コード": 204, "所在地": "鹿児島県枕崎市折口町１１９番地", "緯度": 31.26901, "経度": 130.2954, "url": "https://www.iryou.teikyouseido.mhlw.go.jp/znk-web/juminkanja/S2430/initialize?prefCd=46&kikanCd=51049&kikanKbn=5", "url2": "http://www.green-mdc.com/", "内容": "グリーン薬局【5:薬局】鹿児島県枕崎市折口町１１９番地" }, "geometry": { "type": "Point", "coordinates": [ 130.2954, 31.26901 ] } },
{ "type": "Feature", "properties": { "ID": 46551051, "正式名称": "キクナガ薬局", "機関区分": 5, "都道府県コード": 46, "市区町村コード": 223, "所在地": "鹿児島県南九州市知覧町郡６２３５番地", "緯度": 31.378864, "経度": 130.444252, "url": "https://www.iryou.teikyouseido.mhlw.go.jp/znk-web/juminkanja/S2430/initialize?prefCd=46&kikanCd=51051&kikanKbn=5", "url2": null, "内容": "キクナガ薬局【5:薬局】鹿児島県南九州市知覧町郡６２３５番地" }, "geometry": { "type": "Point", "coordinates": [ 130.444252, 31.378864 ] } },
{ "type": "Feature", "properties": { "ID": 46551052, "正式名称": "有限会社　宇都薬局", "機関区分": 5, "都道府県コード": 46, "市区町村コード": 223, "所在地": "鹿児島県南九州市知覧町郡８６番地", "緯度": 31.376448, "経度": 130.438904, "url": "https://www.iryou.teikyouseido.mhlw.go.jp/znk-web/juminkanja/S2430/initialize?prefCd=46&kikanCd=51052&kikanKbn=5", "url2": null, "内容": "有限会社　宇都薬局【5:薬局】鹿児島県南九州市知覧町郡８６番地" }, "geometry": { "type": "Point", "coordinates": [ 130.438904, 31.376448 ] } },
{ "type": "Feature", "properties": { "ID": 46551054, "正式名称": "有限会社　中央調剤薬局", "機関区分": 5, "都道府県コード": 46, "市区町村コード": 220, "所在地": "鹿児島県南さつま市加世田本町３７番地７", "緯度": 31.416607, "経度": 130.321351, "url": "https://www.iryou.teikyouseido.mhlw.go.jp/znk-web/juminkanja/S2430/initialize?prefCd=46&kikanCd=51054&kikanKbn=5", "url2": null, "内容": "有限会社　中央調剤薬局【5:薬局】鹿児島県南さつま市加世田本町３７番地７" }, "geometry": { "type": "Point", "coordinates": [ 130.321351, 31.416607 ] } },
{ "type": "Feature", "properties": { "ID": 46551058, "正式名称": "しんまち薬局", "機関区分": 5, "都道府県コード": 46, "市区町村コード": 223, "所在地": "鹿児島県南九州市川辺町田部田３９６８番地１", "緯度": 31.394963, "経度": 130.387102, "url": "https://www.iryou.teikyouseido.mhlw.go.jp/znk-web/juminkanja/S2430/initialize?prefCd=46&kikanCd=51058&kikanKbn=5", "url2": null, "内容": "しんまち薬局【5:薬局】鹿児島県南九州市川辺町田部田３９６８番地１" }, "geometry": { "type": "Point", "coordinates": [ 130.387102, 31.394963 ] } },
{ "type": "Feature", "properties": { "ID": 46551060, "正式名称": "ばんせい薬局", "機関区分": 5, "都道府県コード": 46, "市区町村コード": 220, "所在地": "鹿児島県南さつま市加世田唐仁原６０２６", "緯度": 31.427042, "経度": 130.295208, "url": "https://www.iryou.teikyouseido.mhlw.go.jp/znk-web/juminkanja/S2430/initialize?prefCd=46&kikanCd=51060&kikanKbn=5", "url2": "http://www.myph.jp/f-460022/pc/", "内容": "ばんせい薬局【5:薬局】鹿児島県南さつま市加世田唐仁原６０２６" }, "geometry": { "type": "Point", "coordinates": [ 130.295208, 31.427042 ] } },
{ "type": "Feature", "properties": { "ID": 46551208, "正式名称": "吉見天寿堂薬局", "機関区分": 5, "都道府県コード": 46, "市区町村コード": 219, "所在地": "鹿児島県いちき串木野市栄町２９", "緯度": 31.71678, "経度": 130.266211, "url": "https://www.iryou.teikyouseido.mhlw.go.jp/znk-web/juminkanja/S2430/initialize?prefCd=46&kikanCd=51208&kikanKbn=5", "url2": "http://www.tenjudo.co.jp", "内容": "吉見天寿堂薬局【5:薬局】鹿児島県いちき串木野市栄町２９" }, "geometry": { "type": "Point", "coordinates": [ 130.266211, 31.71678 ] } },
{ "type": "Feature", "properties": { "ID": 46551213, "正式名称": "かみぞの薬局", "機関区分": 5, "都道府県コード": 46, "市区町村コード": 216, "所在地": "鹿児島県日置市吹上町中原２９２９番地", "緯度": 31.508203, "経度": 130.351985, "url": "https://www.iryou.teikyouseido.mhlw.go.jp/znk-web/juminkanja/S2430/initialize?prefCd=46&kikanCd=51213&kikanKbn=5", "url2": null, "内容": "かみぞの薬局【5:薬局】鹿児島県日置市吹上町中原２９２９番地" }, "geometry": { "type": "Point", "coordinates": [ 130.351985, 31.508203 ] } },
{ "type": "Feature", "properties": { "ID": 46551216, "正式名称": "吹上薬局", "機関区分": 5, "都道府県コード": 46, "市区町村コード": 216, "所在地": "鹿児島県日置市吹上町永吉１４２４５", "緯度": 31.560002, "経度": 130.354372, "url": "https://www.iryou.teikyouseido.mhlw.go.jp/znk-web/juminkanja/S2430/initialize?prefCd=46&kikanCd=51216&kikanKbn=5", "url2": null, "内容": "吹上薬局【5:薬局】鹿児島県日置市吹上町永吉１４２４５" }, "geometry": { "type": "Point", "coordinates": [ 130.354372, 31.560002 ] } },
{ "type": "Feature", "properties": { "ID": 46551225, "正式名称": "すこやか調剤薬局別府店", "機関区分": 5, "都道府県コード": 46, "市区町村コード": 219, "所在地": "鹿児島県いちき串木野市別府３９９４－１８", "緯度": 31.702437, "経度": 130.283471, "url": "https://www.iryou.teikyouseido.mhlw.go.jp/znk-web/juminkanja/S2430/initialize?prefCd=46&kikanCd=51225&kikanKbn=5", "url2": "http://www.e-classa.net/sakura0450", "内容": "すこやか調剤薬局別府店【5:薬局】鹿児島県いちき串木野市別府３９９４－１８" }, "geometry": { "type": "Point", "coordinates": [ 130.283471, 31.702437 ] } },
{ "type": "Feature", "properties": { "ID": 46551380, "正式名称": "あすなろ薬局", "機関区分": 5, "都道府県コード": 46, "市区町村コード": 215, "所在地": "鹿児島県薩摩川内市中郷１丁目１２番２１号", "緯度": 31.831578, "経度": 130.311219, "url": "https://www.iryou.teikyouseido.mhlw.go.jp/znk-web/juminkanja/S2430/initialize?prefCd=46&kikanCd=51380&kikanKbn=5", "url2": null, "内容": "あすなろ薬局【5:薬局】鹿児島県薩摩川内市中郷１丁目１２番２１号" }, "geometry": { "type": "Point", "coordinates": [ 130.311219, 31.831578 ] } },
{ "type": "Feature", "properties": { "ID": 46551381, "正式名称": "マルヨシ薬局", "機関区分": 5, "都道府県コード": 46, "市区町村コード": 215, "所在地": "鹿児島県薩摩川内市西向田町１７番１６号", "緯度": 31.817169, "経度": 130.304622, "url": "https://www.iryou.teikyouseido.mhlw.go.jp/znk-web/juminkanja/S2430/initialize?prefCd=46&kikanCd=51381&kikanKbn=5", "url2": null, "内容": "マルヨシ薬局【5:薬局】鹿児島県薩摩川内市西向田町１７番１６号" }, "geometry": { "type": "Point", "coordinates": [ 130.304622, 31.817169 ] } },
{ "type": "Feature", "properties": { "ID": 46551382, "正式名称": "めぐみ薬局", "機関区分": 5, "都道府県コード": 46, "市区町村コード": 215, "所在地": "鹿児島県薩摩川内市原田３０番２７号", "緯度": 31.830608, "経度": 130.309467, "url": "https://www.iryou.teikyouseido.mhlw.go.jp/znk-web/juminkanja/S2430/initialize?prefCd=46&kikanCd=51382&kikanKbn=5", "url2": "https://er-pharmacy.com", "内容": "めぐみ薬局【5:薬局】鹿児島県薩摩川内市原田３０番２７号" }, "geometry": { "type": "Point", "coordinates": [ 130.309467, 31.830608 ] } },
{ "type": "Feature", "properties": { "ID": 46551383, "正式名称": "妙寿堂薬局", "機関区分": 5, "都道府県コード": 46, "市区町村コード": 215, "所在地": "鹿児島県薩摩川内市向田町１３８０番地２", "緯度": 31.809659, "経度": 130.311853, "url": "https://www.iryou.teikyouseido.mhlw.go.jp/znk-web/juminkanja/S2430/initialize?prefCd=46&kikanCd=51383&kikanKbn=5", "url2": "http://www.myojudo.com/", "内容": "妙寿堂薬局【5:薬局】鹿児島県薩摩川内市向田町１３８０番地２" }, "geometry": { "type": "Point", "coordinates": [ 130.311853, 31.809659 ] } },
{ "type": "Feature", "properties": { "ID": 46551384, "正式名称": "福田薬局", "機関区分": 5, "都道府県コード": 46, "市区町村コード": 215, "所在地": "鹿児島県薩摩川内市樋脇町市比野２５６１番地", "緯度": 31.789886, "経度": 130.404605, "url": "https://www.iryou.teikyouseido.mhlw.go.jp/znk-web/juminkanja/S2430/initialize?prefCd=46&kikanCd=51384&kikanKbn=5", "url2": null, "内容": "福田薬局【5:薬局】鹿児島県薩摩川内市樋脇町市比野２５６１番地" }, "geometry": { "type": "Point", "coordinates": [ 130.404605, 31.789886 ] } },
{ "type": "Feature", "properties": { "ID": 46551389, "正式名称": "フジ薬局", "機関区分": 5, "都道府県コード": 46, "市区町村コード": 215, "所在地": "鹿児島県薩摩川内市東向田町３－９", "緯度": 31.813, "経度": 130.309081, "url": "https://www.iryou.teikyouseido.mhlw.go.jp/znk-web/juminkanja/S2430/initialize?prefCd=46&kikanCd=51389&kikanKbn=5", "url2": null, "内容": "フジ薬局【5:薬局】鹿児島県薩摩川内市東向田町３－９" }, "geometry": { "type": "Point", "coordinates": [ 130.309081, 31.813 ] } },
{ "type": "Feature", "properties": { "ID": 46551390, "正式名称": "川内調剤薬局", "機関区分": 5, "都道府県コード": 46, "市区町村コード": 215, "所在地": "鹿児島県薩摩川内市若葉町３－２０", "緯度": 31.822344, "経度": 130.301103, "url": "https://www.iryou.teikyouseido.mhlw.go.jp/znk-web/juminkanja/S2430/initialize?prefCd=46&kikanCd=51390&kikanKbn=5", "url2": null, "内容": "川内調剤薬局【5:薬局】鹿児島県薩摩川内市若葉町３－２０" }, "geometry": { "type": "Point", "coordinates": [ 130.301103, 31.822344 ] } },
{ "type": "Feature", "properties": { "ID": 46551394, "正式名称": "川内温古堂薬局", "機関区分": 5, "都道府県コード": 46, "市区町村コード": 215, "所在地": "鹿児島県薩摩川内市鳥追町１２番２０号", "緯度": 31.814786, "経度": 130.310083, "url": "https://www.iryou.teikyouseido.mhlw.go.jp/znk-web/juminkanja/S2430/initialize?prefCd=46&kikanCd=51394&kikanKbn=5", "url2": null, "内容": "川内温古堂薬局【5:薬局】鹿児島県薩摩川内市鳥追町１２番２０号" }, "geometry": { "type": "Point", "coordinates": [ 130.310083, 31.814786 ] } },
{ "type": "Feature", "properties": { "ID": 46551398, "正式名称": "東山調剤薬局", "機関区分": 5, "都道府県コード": 46, "市区町村コード": 215, "所在地": "鹿児島県薩摩川内市横馬場町２番９号", "緯度": 31.816006, "経度": 130.309233, "url": "https://www.iryou.teikyouseido.mhlw.go.jp/znk-web/juminkanja/S2430/initialize?prefCd=46&kikanCd=51398&kikanKbn=5", "url2": null, "内容": "東山調剤薬局【5:薬局】鹿児島県薩摩川内市横馬場町２番９号" }, "geometry": { "type": "Point", "coordinates": [ 130.309233, 31.816006 ] } },
{ "type": "Feature", "properties": { "ID": 46551404, "正式名称": "有限会社　かんだ調剤薬局", "機関区分": 5, "都道府県コード": 46, "市区町村コード": 215, "所在地": "鹿児島県薩摩川内市東開聞町３番１号", "緯度": 31.816128, "経度": 130.303298, "url": "https://www.iryou.teikyouseido.mhlw.go.jp/znk-web/juminkanja/S2430/initialize?prefCd=46&kikanCd=51404&kikanKbn=5", "url2": null, "内容": "有限会社　かんだ調剤薬局【5:薬局】鹿児島県薩摩川内市東開聞町３番１号" }, "geometry": { "type": "Point", "coordinates": [ 130.303298, 31.816128 ] } },
{ "type": "Feature", "properties": { "ID": 46551602, "正式名称": "ひまわり薬局", "機関区分": 5, "都道府県コード": 46, "市区町村コード": 208, "所在地": "鹿児島県出水市上知識町８５４番地", "緯度": 32.078974, "経度": 130.341538, "url": "https://www.iryou.teikyouseido.mhlw.go.jp/znk-web/juminkanja/S2430/initialize?prefCd=46&kikanCd=51602&kikanKbn=5", "url2": "http://www.medicalnet-g.com", "内容": "ひまわり薬局【5:薬局】鹿児島県出水市上知識町８５４番地" }, "geometry": { "type": "Point", "coordinates": [ 130.341538, 32.078974 ] } },
{ "type": "Feature", "properties": { "ID": 46551610, "正式名称": "かめや薬局", "機関区分": 5, "都道府県コード": 46, "市区町村コード": 208, "所在地": "鹿児島県出水市上鯖渕　５６−１１", "緯度": 32.08359, "経度": 130.358514, "url": "https://www.iryou.teikyouseido.mhlw.go.jp/znk-web/juminkanja/S2430/initialize?prefCd=46&kikanCd=51610&kikanKbn=5", "url2": null, "内容": "かめや薬局【5:薬局】鹿児島県出水市上鯖渕　５６−１１" }, "geometry": { "type": "Point", "coordinates": [ 130.358514, 32.08359 ] } },
{ "type": "Feature", "properties": { "ID": 46551613, "正式名称": "シバタ薬局", "機関区分": 5, "都道府県コード": 46, "市区町村コード": 208, "所在地": "鹿児島県出水市高尾野町柴引６４番地", "緯度": 32.060881, "経度": 130.300346, "url": "https://www.iryou.teikyouseido.mhlw.go.jp/znk-web/juminkanja/S2430/initialize?prefCd=46&kikanCd=51613&kikanKbn=5", "url2": null, "内容": "シバタ薬局【5:薬局】鹿児島県出水市高尾野町柴引６４番地" }, "geometry": { "type": "Point", "coordinates": [ 130.300346, 32.060881 ] } },
{ "type": "Feature", "properties": { "ID": 46551618, "正式名称": "上野薬局", "機関区分": 5, "都道府県コード": 46, "市区町村コード": 206, "所在地": "鹿児島県阿久根市浜町１３番地", "緯度": 32.019728, "経度": 130.194219, "url": "https://www.iryou.teikyouseido.mhlw.go.jp/znk-web/juminkanja/S2430/initialize?prefCd=46&kikanCd=51618&kikanKbn=5", "url2": null, "内容": "上野薬局【5:薬局】鹿児島県阿久根市浜町１３番地" }, "geometry": { "type": "Point", "coordinates": [ 130.194219, 32.019728 ] } },
{ "type": "Feature", "properties": { "ID": 46551619, "正式名称": "うらくぼ薬局", "機関区分": 5, "都道府県コード": 46, "市区町村コード": 208, "所在地": "鹿児島県出水市高尾野町大久保１４１５番地１２", "緯度": 32.064219, "経度": 130.317964, "url": "https://www.iryou.teikyouseido.mhlw.go.jp/znk-web/juminkanja/S2430/initialize?prefCd=46&kikanCd=51619&kikanKbn=5", "url2": null, "内容": "うらくぼ薬局【5:薬局】鹿児島県出水市高尾野町大久保１４１５番地１２" }, "geometry": { "type": "Point", "coordinates": [ 130.317964, 32.064219 ] } },
{ "type": "Feature", "properties": { "ID": 46551621, "正式名称": "第二緑調剤薬局", "機関区分": 5, "都道府県コード": 46, "市区町村コード": 208, "所在地": "鹿児島県出水市緑町４４番３８号", "緯度": 32.094495, "経度": 130.349699, "url": "https://www.iryou.teikyouseido.mhlw.go.jp/znk-web/juminkanja/S2430/initialize?prefCd=46&kikanCd=51621&kikanKbn=5", "url2": null, "内容": "第二緑調剤薬局【5:薬局】鹿児島県出水市緑町４４番３８号" }, "geometry": { "type": "Point", "coordinates": [ 130.349699, 32.094495 ] } },
{ "type": "Feature", "properties": { "ID": 46551623, "正式名称": "奥田薬局", "機関区分": 5, "都道府県コード": 46, "市区町村コード": 208, "所在地": "鹿児島県出水市六月田町９３５番地", "緯度": 32.112547, "経度": 130.340722, "url": "https://www.iryou.teikyouseido.mhlw.go.jp/znk-web/juminkanja/S2430/initialize?prefCd=46&kikanCd=51623&kikanKbn=5", "url2": null, "内容": "奥田薬局【5:薬局】鹿児島県出水市六月田町９３５番地" }, "geometry": { "type": "Point", "coordinates": [ 130.340722, 32.112547 ] } },
{ "type": "Feature", "properties": { "ID": 46551624, "正式名称": "株式会社　中村五郎薬局", "機関区分": 5, "都道府県コード": 46, "市区町村コード": 208, "所在地": "鹿児島県出水市明神町３８７番地", "緯度": 32.115168, "経度": 130.336695, "url": "https://www.iryou.teikyouseido.mhlw.go.jp/znk-web/juminkanja/S2430/initialize?prefCd=46&kikanCd=51624&kikanKbn=5", "url2": "https://goro-pharmacy.com", "内容": "株式会社　中村五郎薬局【5:薬局】鹿児島県出水市明神町３８７番地" }, "geometry": { "type": "Point", "coordinates": [ 130.336695, 32.115168 ] } },
{ "type": "Feature", "properties": { "ID": 46551729, "正式名称": "もりた薬局", "機関区分": 5, "都道府県コード": 46, "市区町村コード": 224, "所在地": "鹿児島県伊佐市大口目丸１５３番地１", "緯度": 32.052535, "経度": 130.621811, "url": "https://www.iryou.teikyouseido.mhlw.go.jp/znk-web/juminkanja/S2430/initialize?prefCd=46&kikanCd=51729&kikanKbn=5", "url2": null, "内容": "もりた薬局【5:薬局】鹿児島県伊佐市大口目丸１５３番地１" }, "geometry": { "type": "Point", "coordinates": [ 130.621811, 32.052535 ] } },
{ "type": "Feature", "properties": { "ID": 46551730, "正式名称": "おかだ薬局", "機関区分": 5, "都道府県コード": 46, "市区町村コード": 224, "所在地": "鹿児島県伊佐市大口上町２ー１０", "緯度": 32.060373, "経度": 130.609019, "url": "https://www.iryou.teikyouseido.mhlw.go.jp/znk-web/juminkanja/S2430/initialize?prefCd=46&kikanCd=51730&kikanKbn=5", "url2": null, "内容": "おかだ薬局【5:薬局】鹿児島県伊佐市大口上町２ー１０" }, "geometry": { "type": "Point", "coordinates": [ 130.609019, 32.060373 ] } },
{ "type": "Feature", "properties": { "ID": 46551731, "正式名称": "有限会社　マエノ薬局", "機関区分": 5, "都道府県コード": 46, "市区町村コード": 224, "所在地": "鹿児島県伊佐市大口元町８番地１０", "緯度": 32.05764, "経度": 130.608787, "url": "https://www.iryou.teikyouseido.mhlw.go.jp/znk-web/juminkanja/S2430/initialize?prefCd=46&kikanCd=51731&kikanKbn=5", "url2": "http://maenokanpou.jp/", "内容": "有限会社　マエノ薬局【5:薬局】鹿児島県伊佐市大口元町８番地１０" }, "geometry": { "type": "Point", "coordinates": [ 130.608787, 32.05764 ] } },
{ "type": "Feature", "properties": { "ID": 46551733, "正式名称": "やまぐち薬局", "機関区分": 5, "都道府県コード": 46, "市区町村コード": 224, "所在地": "鹿児島県伊佐市大口上町２５－６", "緯度": 32.06159, "経度": 130.606974, "url": "https://www.iryou.teikyouseido.mhlw.go.jp/znk-web/juminkanja/S2430/initialize?prefCd=46&kikanCd=51733&kikanKbn=5", "url2": null, "内容": "やまぐち薬局【5:薬局】鹿児島県伊佐市大口上町２５－６" }, "geometry": { "type": "Point", "coordinates": [ 130.606974, 32.06159 ] } },
{ "type": "Feature", "properties": { "ID": 46551734, "正式名称": "大宮司薬局", "機関区分": 5, "都道府県コード": 46, "市区町村コード": 224, "所在地": "鹿児島県伊佐市大口里３０５７－１０", "緯度": 32.062222, "経度": 130.611403, "url": "https://www.iryou.teikyouseido.mhlw.go.jp/znk-web/juminkanja/S2430/initialize?prefCd=46&kikanCd=51734&kikanKbn=5", "url2": null, "内容": "大宮司薬局【5:薬局】鹿児島県伊佐市大口里３０５７－１０" }, "geometry": { "type": "Point", "coordinates": [ 130.611403, 32.062222 ] } },
{ "type": "Feature", "properties": { "ID": 46551793, "正式名称": "蒲生薬局", "機関区分": 5, "都道府県コード": 46, "市区町村コード": 225, "所在地": "鹿児島県姶良市蒲生町上久徳２５２９番地", "緯度": 31.761335, "経度": 130.572441, "url": "https://www.iryou.teikyouseido.mhlw.go.jp/znk-web/juminkanja/S2430/initialize?prefCd=46&kikanCd=51793&kikanKbn=5", "url2": null, "内容": "蒲生薬局【5:薬局】鹿児島県姶良市蒲生町上久徳２５２９番地" }, "geometry": { "type": "Point", "coordinates": [ 130.572441, 31.761335 ] } },
{ "type": "Feature", "properties": { "ID": 46551795, "正式名称": "港町薬局", "機関区分": 5, "都道府県コード": 46, "市区町村コード": 225, "所在地": "鹿児島県姶良市加治木町港町１４６番地３", "緯度": 31.733289, "経度": 130.665547, "url": "https://www.iryou.teikyouseido.mhlw.go.jp/znk-web/juminkanja/S2430/initialize?prefCd=46&kikanCd=51795&kikanKbn=5", "url2": null, "内容": "港町薬局【5:薬局】鹿児島県姶良市加治木町港町１４６番地３" }, "geometry": { "type": "Point", "coordinates": [ 130.665547, 31.733289 ] } },
{ "type": "Feature", "properties": { "ID": 46551800, "正式名称": "有限会社　ケーアイ調剤薬局　姶良店", "機関区分": 5, "都道府県コード": 46, "市区町村コード": 225, "所在地": "鹿児島県姶良市西餠田１１８番地３", "緯度": 31.727481, "経度": 130.620022, "url": "https://www.iryou.teikyouseido.mhlw.go.jp/znk-web/juminkanja/S2430/initialize?prefCd=46&kikanCd=51800&kikanKbn=5", "url2": "https://www.qol-net.co.jp", "内容": "有限会社　ケーアイ調剤薬局　姶良店【5:薬局】鹿児島県姶良市西餠田１１８番地３" }, "geometry": { "type": "Point", "coordinates": [ 130.620022, 31.727481 ] } },
{ "type": "Feature", "properties": { "ID": 46551803, "正式名称": "ドレミ薬局", "機関区分": 5, "都道府県コード": 46, "市区町村コード": 225, "所在地": "鹿児島県姶良市西餠田７２番７", "緯度": 31.732014, "経度": 130.62804, "url": "https://www.iryou.teikyouseido.mhlw.go.jp/znk-web/juminkanja/S2430/initialize?prefCd=46&kikanCd=51803&kikanKbn=5", "url2": null, "内容": "ドレミ薬局【5:薬局】鹿児島県姶良市西餠田７２番７" }, "geometry": { "type": "Point", "coordinates": [ 130.62804, 31.732014 ] } },
{ "type": "Feature", "properties": { "ID": 46551918, "正式名称": "石田薬局", "機関区分": 5, "都道府県コード": 46, "市区町村コード": 452, "所在地": "鹿児島県姶良郡湧水町木場１８３－１番地", "緯度": 31.945183, "経度": 130.731748, "url": "https://www.iryou.teikyouseido.mhlw.go.jp/znk-web/juminkanja/S2430/initialize?prefCd=46&kikanCd=51918&kikanKbn=5", "url2": null, "内容": "石田薬局【5:薬局】鹿児島県姶良郡湧水町木場１８３－１番地" }, "geometry": { "type": "Point", "coordinates": [ 130.731748, 31.945183 ] } },
{ "type": "Feature", "properties": { "ID": 46551922, "正式名称": "霧島市民薬局", "機関区分": 5, "都道府県コード": 46, "市区町村コード": 218, "所在地": "鹿児島県霧島市国分中央３丁目３８番１６号", "緯度": 31.739358, "経度": 130.761694, "url": "https://www.iryou.teikyouseido.mhlw.go.jp/znk-web/juminkanja/S2430/initialize?prefCd=46&kikanCd=51922&kikanKbn=5", "url2": "http://www.e-classa.net/cp-kirishima/", "内容": "霧島市民薬局【5:薬局】鹿児島県霧島市国分中央３丁目３８番１６号" }, "geometry": { "type": "Point", "coordinates": [ 130.761694, 31.739358 ] } },
{ "type": "Feature", "properties": { "ID": 46551925, "正式名称": "ハッピー薬局　国分広瀬店", "機関区分": 5, "都道府県コード": 46, "市区町村コード": 218, "所在地": "鹿児島県霧島市国分広瀬２丁目２８番３９号", "緯度": 31.719142, "経度": 130.753636, "url": "https://www.iryou.teikyouseido.mhlw.go.jp/znk-web/juminkanja/S2430/initialize?prefCd=46&kikanCd=51925&kikanKbn=5", "url2": "http://www.sinseido.co.jp", "内容": "ハッピー薬局　国分広瀬店【5:薬局】鹿児島県霧島市国分広瀬２丁目２８番３９号" }, "geometry": { "type": "Point", "coordinates": [ 130.753636, 31.719142 ] } },
{ "type": "Feature", "properties": { "ID": 46551930, "正式名称": "霧島市民薬局中央", "機関区分": 5, "都道府県コード": 46, "市区町村コード": 218, "所在地": "鹿児島県霧島市国分中央１丁目７番６０号", "緯度": 31.741723, "経度": 130.76663, "url": "https://www.iryou.teikyouseido.mhlw.go.jp/znk-web/juminkanja/S2430/initialize?prefCd=46&kikanCd=51930&kikanKbn=5", "url2": null, "内容": "霧島市民薬局中央【5:薬局】鹿児島県霧島市国分中央１丁目７番６０号" }, "geometry": { "type": "Point", "coordinates": [ 130.76663, 31.741723 ] } },
{ "type": "Feature", "properties": { "ID": 46551931, "正式名称": "みなと調剤薬局", "機関区分": 5, "都道府県コード": 46, "市区町村コード": 218, "所在地": "鹿児島県霧島市国分山下町１６５４番地６", "緯度": 31.725624, "経度": 130.776449, "url": "https://www.iryou.teikyouseido.mhlw.go.jp/znk-web/juminkanja/S2430/initialize?prefCd=46&kikanCd=51931&kikanKbn=5", "url2": null, "内容": "みなと調剤薬局【5:薬局】鹿児島県霧島市国分山下町１６５４番地６" }, "geometry": { "type": "Point", "coordinates": [ 130.776449, 31.725624 ] } },
{ "type": "Feature", "properties": { "ID": 46551932, "正式名称": "牧之原調剤薬局", "機関区分": 5, "都道府県コード": 46, "市区町村コード": 218, "所在地": "鹿児島県霧島市福山町福山４５１７番地３", "緯度": 31.672269, "経度": 130.848602, "url": "https://www.iryou.teikyouseido.mhlw.go.jp/znk-web/juminkanja/S2430/initialize?prefCd=46&kikanCd=51932&kikanKbn=5", "url2": null, "内容": "牧之原調剤薬局【5:薬局】鹿児島県霧島市福山町福山４５１７番地３" }, "geometry": { "type": "Point", "coordinates": [ 130.848602, 31.672269 ] } },
{ "type": "Feature", "properties": { "ID": 46551935, "正式名称": "サン調剤薬局", "機関区分": 5, "都道府県コード": 46, "市区町村コード": 218, "所在地": "鹿児島県霧島市横川町中ノ２４４－３", "緯度": 31.903942, "経度": 130.70203, "url": "https://www.iryou.teikyouseido.mhlw.go.jp/znk-web/juminkanja/S2430/initialize?prefCd=46&kikanCd=51935&kikanKbn=5", "url2": null, "内容": "サン調剤薬局【5:薬局】鹿児島県霧島市横川町中ノ２４４－３" }, "geometry": { "type": "Point", "coordinates": [ 130.70203, 31.903942 ] } },
{ "type": "Feature", "properties": { "ID": 46551936, "正式名称": "タケダ薬局", "機関区分": 5, "都道府県コード": 46, "市区町村コード": 218, "所在地": "鹿児島県霧島市霧島田口１５番地", "緯度": 31.821447, "経度": 130.834642, "url": "https://www.iryou.teikyouseido.mhlw.go.jp/znk-web/juminkanja/S2430/initialize?prefCd=46&kikanCd=51936&kikanKbn=5", "url2": null, "内容": "タケダ薬局【5:薬局】鹿児島県霧島市霧島田口１５番地" }, "geometry": { "type": "Point", "coordinates": [ 130.834642, 31.821447 ] } },
{ "type": "Feature", "properties": { "ID": 46551958, "正式名称": "ナカムラ薬局", "機関区分": 5, "都道府県コード": 46, "市区町村コード": 218, "所在地": "鹿児島県霧島市国分中央五丁目４番６号", "緯度": 31.737297, "経度": 130.763883, "url": "https://www.iryou.teikyouseido.mhlw.go.jp/znk-web/juminkanja/S2430/initialize?prefCd=46&kikanCd=51958&kikanKbn=5", "url2": null, "内容": "ナカムラ薬局【5:薬局】鹿児島県霧島市国分中央五丁目４番６号" }, "geometry": { "type": "Point", "coordinates": [ 130.763883, 31.737297 ] } },
{ "type": "Feature", "properties": { "ID": 4655198, "正式名称": "佐々木薬局中山店", "機関区分": 5, "都道府県コード": 46, "市区町村コード": 201, "所在地": "鹿児島県鹿児島市中山１丁目１３－２３", "緯度": 31.547771, "経度": 130.511222, "url": "https://www.iryou.teikyouseido.mhlw.go.jp/znk-web/juminkanja/S2430/initialize?prefCd=46&kikanCd=5198&kikanKbn=5", "url2": "https://www.sasaki-pharmacy.com/", "内容": "佐々木薬局中山店【5:薬局】鹿児島県鹿児島市中山１丁目１３－２３" }, "geometry": { "type": "Point", "coordinates": [ 130.511222, 31.547771 ] } },
{ "type": "Feature", "properties": { "ID": 46552068, "正式名称": "曽於薬剤師会薬局", "機関区分": 5, "都道府県コード": 46, "市区町村コード": 217, "所在地": "鹿児島県曽於市大隅町月野８９３番地１", "緯度": 31.571067, "経度": 131.032592, "url": "https://www.iryou.teikyouseido.mhlw.go.jp/znk-web/juminkanja/S2430/initialize?prefCd=46&kikanCd=52068&kikanKbn=5", "url2": null, "内容": "曽於薬剤師会薬局【5:薬局】鹿児島県曽於市大隅町月野８９３番地１" }, "geometry": { "type": "Point", "coordinates": [ 131.032592, 31.571067 ] } },
{ "type": "Feature", "properties": { "ID": 46552079, "正式名称": "有限会社　　ヒロ調剤薬局", "機関区分": 5, "都道府県コード": 46, "市区町村コード": 217, "所在地": "鹿児島県曽於市末吉町本町２丁目１１番地６", "緯度": 31.656267, "経度": 131.018821, "url": "https://www.iryou.teikyouseido.mhlw.go.jp/znk-web/juminkanja/S2430/initialize?prefCd=46&kikanCd=52079&kikanKbn=5", "url2": "https://hiro-pharmacy.jp", "内容": "有限会社　　ヒロ調剤薬局【5:薬局】鹿児島県曽於市末吉町本町２丁目１１番地６" }, "geometry": { "type": "Point", "coordinates": [ 131.018821, 31.656267 ] } },
{ "type": "Feature", "properties": { "ID": 46552081, "正式名称": "中央薬局", "機関区分": 5, "都道府県コード": 46, "市区町村コード": 217, "所在地": "鹿児島県曽於市財部町南俣１７０５－２６", "緯度": 31.727619, "経度": 131.000522, "url": "https://www.iryou.teikyouseido.mhlw.go.jp/znk-web/juminkanja/S2430/initialize?prefCd=46&kikanCd=52081&kikanKbn=5", "url2": null, "内容": "中央薬局【5:薬局】鹿児島県曽於市財部町南俣１７０５－２６" }, "geometry": { "type": "Point", "coordinates": [ 131.000522, 31.727619 ] } },
{ "type": "Feature", "properties": { "ID": 46552082, "正式名称": "かもめ薬局", "機関区分": 5, "都道府県コード": 46, "市区町村コード": 221, "所在地": "鹿児島県志布志市志布志町安楽４６３－５", "緯度": 31.46576, "経度": 131.078674, "url": "https://www.iryou.teikyouseido.mhlw.go.jp/znk-web/juminkanja/S2430/initialize?prefCd=46&kikanCd=52082&kikanKbn=5", "url2": null, "内容": "かもめ薬局【5:薬局】鹿児島県志布志市志布志町安楽４６３－５" }, "geometry": { "type": "Point", "coordinates": [ 131.078674, 31.46576 ] } },
{ "type": "Feature", "properties": { "ID": 46552085, "正式名称": "栄町薬局", "機関区分": 5, "都道府県コード": 46, "市区町村コード": 217, "所在地": "鹿児島県曽於市末吉町栄町１－５－２０", "緯度": 31.654748, "経度": 131.018709, "url": "https://www.iryou.teikyouseido.mhlw.go.jp/znk-web/juminkanja/S2430/initialize?prefCd=46&kikanCd=52085&kikanKbn=5", "url2": null, "内容": "栄町薬局【5:薬局】鹿児島県曽於市末吉町栄町１－５－２０" }, "geometry": { "type": "Point", "coordinates": [ 131.018709, 31.654748 ] } },
{ "type": "Feature", "properties": { "ID": 46552090, "正式名称": "下町調剤薬局", "機関区分": 5, "都道府県コード": 46, "市区町村コード": 221, "所在地": "鹿児島県志布志市志布志町志布志１丁目１１番１１号", "緯度": 31.47702, "経度": 131.103069, "url": "https://www.iryou.teikyouseido.mhlw.go.jp/znk-web/juminkanja/S2430/initialize?prefCd=46&kikanCd=52090&kikanKbn=5", "url2": null, "内容": "下町調剤薬局【5:薬局】鹿児島県志布志市志布志町志布志１丁目１１番１１号" }, "geometry": { "type": "Point", "coordinates": [ 131.103069, 31.47702 ] } },
{ "type": "Feature", "properties": { "ID": 46552242, "正式名称": "わだ薬局", "機関区分": 5, "都道府県コード": 46, "市区町村コード": 203, "所在地": "鹿児島県鹿屋市白崎町２番８号", "緯度": 31.377694, "経度": 130.85548, "url": "https://www.iryou.teikyouseido.mhlw.go.jp/znk-web/juminkanja/S2430/initialize?prefCd=46&kikanCd=52242&kikanKbn=5", "url2": null, "内容": "わだ薬局【5:薬局】鹿児島県鹿屋市白崎町２番８号" }, "geometry": { "type": "Point", "coordinates": [ 130.85548, 31.377694 ] } },
{ "type": "Feature", "properties": { "ID": 46552243, "正式名称": "大手町調剤薬局", "機関区分": 5, "都道府県コード": 46, "市区町村コード": 203, "所在地": "鹿児島県鹿屋市西大手町５番３号", "緯度": 31.38928, "経度": 130.849482, "url": "https://www.iryou.teikyouseido.mhlw.go.jp/znk-web/juminkanja/S2430/initialize?prefCd=46&kikanCd=52243&kikanKbn=5", "url2": "https://www.futaya.co.jp/shop/ootemachi_ph", "内容": "大手町調剤薬局【5:薬局】鹿児島県鹿屋市西大手町５番３号" }, "geometry": { "type": "Point", "coordinates": [ 130.849482, 31.38928 ] } },
{ "type": "Feature", "properties": { "ID": 46552244, "正式名称": "肝属調剤薬局", "機関区分": 5, "都道府県コード": 46, "市区町村コード": 490, "所在地": "鹿児島県肝属郡錦江町神川１７５－１", "緯度": 31.260591, "経度": 130.789617, "url": "https://www.iryou.teikyouseido.mhlw.go.jp/znk-web/juminkanja/S2430/initialize?prefCd=46&kikanCd=52244&kikanKbn=5", "url2": null, "内容": "肝属調剤薬局【5:薬局】鹿児島県肝属郡錦江町神川１７５－１" }, "geometry": { "type": "Point", "coordinates": [ 130.789617, 31.260591 ] } },
{ "type": "Feature", "properties": { "ID": 46552245, "正式名称": "愛生堂薬局", "機関区分": 5, "都道府県コード": 46, "市区町村コード": 203, "所在地": "鹿児島県鹿屋市横山町１９５９－２", "緯度": 31.34655, "経度": 130.835219, "url": "https://www.iryou.teikyouseido.mhlw.go.jp/znk-web/juminkanja/S2430/initialize?prefCd=46&kikanCd=52245&kikanKbn=5", "url2": null, "内容": "愛生堂薬局【5:薬局】鹿児島県鹿屋市横山町１９５９－２" }, "geometry": { "type": "Point", "coordinates": [ 130.835219, 31.34655 ] } },
{ "type": "Feature", "properties": { "ID": 46552246, "正式名称": "有限会社　豊栄調剤薬局", "機関区分": 5, "都道府県コード": 46, "市区町村コード": 482, "所在地": "鹿児島県肝属郡東串良町池之原１３２番地６", "緯度": 31.392308, "経度": 130.962336, "url": "https://www.iryou.teikyouseido.mhlw.go.jp/znk-web/juminkanja/S2430/initialize?prefCd=46&kikanCd=52246&kikanKbn=5", "url2": null, "内容": "有限会社　豊栄調剤薬局【5:薬局】鹿児島県肝属郡東串良町池之原１３２番地６" }, "geometry": { "type": "Point", "coordinates": [ 130.962336, 31.392308 ] } },
{ "type": "Feature", "properties": { "ID": 46552247, "正式名称": "ねじめ調剤薬局", "機関区分": 5, "都道府県コード": 46, "市区町村コード": 491, "所在地": "鹿児島県肝属郡南大隅町根占川北１７２５－２", "緯度": 31.213401, "経度": 130.774306, "url": "https://www.iryou.teikyouseido.mhlw.go.jp/znk-web/juminkanja/S2430/initialize?prefCd=46&kikanCd=52247&kikanKbn=5", "url2": null, "内容": "ねじめ調剤薬局【5:薬局】鹿児島県肝属郡南大隅町根占川北１７２５－２" }, "geometry": { "type": "Point", "coordinates": [ 130.774306, 31.213401 ] } },
{ "type": "Feature", "properties": { "ID": 46552252, "正式名称": "オガワ薬局", "機関区分": 5, "都道府県コード": 46, "市区町村コード": 203, "所在地": "鹿児島県鹿屋市新川町１３２－１", "緯度": 31.379514, "経度": 130.873689, "url": "https://www.iryou.teikyouseido.mhlw.go.jp/znk-web/juminkanja/S2430/initialize?prefCd=46&kikanCd=52252&kikanKbn=5", "url2": null, "内容": "オガワ薬局【5:薬局】鹿児島県鹿屋市新川町１３２－１" }, "geometry": { "type": "Point", "coordinates": [ 130.873689, 31.379514 ] } },
{ "type": "Feature", "properties": { "ID": 46552254, "正式名称": "二矢調剤薬局", "機関区分": 5, "都道府県コード": 46, "市区町村コード": 203, "所在地": "鹿児島県鹿屋市今坂町１２５７２番地１１", "緯度": 31.383639, "経度": 130.82319, "url": "https://www.iryou.teikyouseido.mhlw.go.jp/znk-web/juminkanja/S2430/initialize?prefCd=46&kikanCd=52254&kikanKbn=5", "url2": "https://www.futaya.co.jp/shop/futayachouzai_ph", "内容": "二矢調剤薬局【5:薬局】鹿児島県鹿屋市今坂町１２５７２番地１１" }, "geometry": { "type": "Point", "coordinates": [ 130.82319, 31.383639 ] } },
{ "type": "Feature", "properties": { "ID": 46552257, "正式名称": "三井調剤薬局北田店", "機関区分": 5, "都道府県コード": 46, "市区町村コード": 203, "所在地": "鹿児島県鹿屋市北田町６０番２０号", "緯度": 31.387283, "経度": 130.850014, "url": "https://www.iryou.teikyouseido.mhlw.go.jp/znk-web/juminkanja/S2430/initialize?prefCd=46&kikanCd=52257&kikanKbn=5", "url2": "http://mitsui-ph.com", "内容": "三井調剤薬局北田店【5:薬局】鹿児島県鹿屋市北田町６０番２０号" }, "geometry": { "type": "Point", "coordinates": [ 130.850014, 31.387283 ] } },
{ "type": "Feature", "properties": { "ID": 46552259, "正式名称": "西原調剤薬局", "機関区分": 5, "都道府県コード": 46, "市区町村コード": 203, "所在地": "鹿児島県鹿屋市西原１－２３－２", "緯度": 31.386564, "経度": 130.839189, "url": "https://www.iryou.teikyouseido.mhlw.go.jp/znk-web/juminkanja/S2430/initialize?prefCd=46&kikanCd=52259&kikanKbn=5", "url2": null, "内容": "西原調剤薬局【5:薬局】鹿児島県鹿屋市西原１－２３－２" }, "geometry": { "type": "Point", "coordinates": [ 130.839189, 31.386564 ] } },
{ "type": "Feature", "properties": { "ID": 46552262, "正式名称": "串良調剤薬局", "機関区分": 5, "都道府県コード": 46, "市区町村コード": 482, "所在地": "鹿児島県肝属郡東串良町川東３７１７番地２", "緯度": 31.365744, "経度": 131.008126, "url": "https://www.iryou.teikyouseido.mhlw.go.jp/znk-web/juminkanja/S2430/initialize?prefCd=46&kikanCd=52262&kikanKbn=5", "url2": null, "内容": "串良調剤薬局【5:薬局】鹿児島県肝属郡東串良町川東３７１７番地２" }, "geometry": { "type": "Point", "coordinates": [ 131.008126, 31.365744 ] } },
{ "type": "Feature", "properties": { "ID": 46552263, "正式名称": "森園薬局", "機関区分": 5, "都道府県コード": 46, "市区町村コード": 203, "所在地": "鹿児島県鹿屋市向江町　２５番４号", "緯度": 31.382931, "経度": 130.852153, "url": "https://www.iryou.teikyouseido.mhlw.go.jp/znk-web/juminkanja/S2430/initialize?prefCd=46&kikanCd=52263&kikanKbn=5", "url2": null, "内容": "森園薬局【5:薬局】鹿児島県鹿屋市向江町　２５番４号" }, "geometry": { "type": "Point", "coordinates": [ 130.852153, 31.382931 ] } },
{ "type": "Feature", "properties": { "ID": 46552268, "正式名称": "高山薬局", "機関区分": 5, "都道府県コード": 46, "市区町村コード": 492, "所在地": "鹿児島県肝属郡肝付町新富５２１番地１０", "緯度": 31.352001, "経度": 130.947703, "url": "https://www.iryou.teikyouseido.mhlw.go.jp/znk-web/juminkanja/S2430/initialize?prefCd=46&kikanCd=52268&kikanKbn=5", "url2": null, "内容": "高山薬局【5:薬局】鹿児島県肝属郡肝付町新富５２１番地１０" }, "geometry": { "type": "Point", "coordinates": [ 130.947703, 31.352001 ] } },
{ "type": "Feature", "properties": { "ID": 46552271, "正式名称": "㈲　丸善薬局", "機関区分": 5, "都道府県コード": 46, "市区町村コード": 214, "所在地": "鹿児島県垂水市本町１７番地", "緯度": 31.49154, "経度": 130.701418, "url": "https://www.iryou.teikyouseido.mhlw.go.jp/znk-web/juminkanja/S2430/initialize?prefCd=46&kikanCd=52271&kikanKbn=5", "url2": null, "内容": "㈲　丸善薬局【5:薬局】鹿児島県垂水市本町１７番地" }, "geometry": { "type": "Point", "coordinates": [ 130.701418, 31.49154 ] } },
{ "type": "Feature", "properties": { "ID": 46552272, "正式名称": "センタ－薬局", "機関区分": 5, "都道府県コード": 46, "市区町村コード": 203, "所在地": "鹿児島県鹿屋市西大手町３－１９", "緯度": 31.390233, "経度": 130.849039, "url": "https://www.iryou.teikyouseido.mhlw.go.jp/znk-web/juminkanja/S2430/initialize?prefCd=46&kikanCd=52272&kikanKbn=5", "url2": null, "内容": "センタ－薬局【5:薬局】鹿児島県鹿屋市西大手町３－１９" }, "geometry": { "type": "Point", "coordinates": [ 130.849039, 31.390233 ] } },
{ "type": "Feature", "properties": { "ID": 46552275, "正式名称": "有限会社　川口薬局", "機関区分": 5, "都道府県コード": 46, "市区町村コード": 491, "所在地": "鹿児島県肝属郡南大隅町佐多伊座敷３９０４番地３", "緯度": 31.094717, "経度": 130.690634, "url": "https://www.iryou.teikyouseido.mhlw.go.jp/znk-web/juminkanja/S2430/initialize?prefCd=46&kikanCd=52275&kikanKbn=5", "url2": "https://kawaguchi-pharmacy.jp/", "内容": "有限会社　川口薬局【5:薬局】鹿児島県肝属郡南大隅町佐多伊座敷３９０４番地３" }, "geometry": { "type": "Point", "coordinates": [ 130.690634, 31.094717 ] } },
{ "type": "Feature", "properties": { "ID": 46552276, "正式名称": "ひとみ薬局", "機関区分": 5, "都道府県コード": 46, "市区町村コード": 203, "所在地": "鹿児島県鹿屋市寿４丁目１４番１３号", "緯度": 31.389088, "経度": 130.878944, "url": "https://www.iryou.teikyouseido.mhlw.go.jp/znk-web/juminkanja/S2430/initialize?prefCd=46&kikanCd=52276&kikanKbn=5", "url2": "http://yoshishige-g.com/", "内容": "ひとみ薬局【5:薬局】鹿児島県鹿屋市寿４丁目１４番１３号" }, "geometry": { "type": "Point", "coordinates": [ 130.878944, 31.389088 ] } },
{ "type": "Feature", "properties": { "ID": 46552278, "正式名称": "寿調剤薬局", "機関区分": 5, "都道府県コード": 46, "市区町村コード": 203, "所在地": "鹿児島県鹿屋市寿２丁目１－１７", "緯度": 31.386264, "経度": 130.859656, "url": "https://www.iryou.teikyouseido.mhlw.go.jp/znk-web/juminkanja/S2430/initialize?prefCd=46&kikanCd=52278&kikanKbn=5", "url2": "https://kotobuki-cy.com/", "内容": "寿調剤薬局【5:薬局】鹿児島県鹿屋市寿２丁目１－１７" }, "geometry": { "type": "Point", "coordinates": [ 130.859656, 31.386264 ] } },
{ "type": "Feature", "properties": { "ID": 46552279, "正式名称": "太陽調剤薬局", "機関区分": 5, "都道府県コード": 46, "市区町村コード": 203, "所在地": "鹿児島県鹿屋市北田町１３－３", "緯度": 31.389446, "経度": 130.846885, "url": "https://www.iryou.teikyouseido.mhlw.go.jp/znk-web/juminkanja/S2430/initialize?prefCd=46&kikanCd=52279&kikanKbn=5", "url2": null, "内容": "太陽調剤薬局【5:薬局】鹿児島県鹿屋市北田町１３－３" }, "geometry": { "type": "Point", "coordinates": [ 130.846885, 31.389446 ] } },
{ "type": "Feature", "properties": { "ID": 46552285, "正式名称": "有限会社　三愛調剤薬局", "機関区分": 5, "都道府県コード": 46, "市区町村コード": 203, "所在地": "鹿児島県鹿屋市旭原町３６２８番地３", "緯度": 31.403583, "経度": 130.876367, "url": "https://www.iryou.teikyouseido.mhlw.go.jp/znk-web/juminkanja/S2430/initialize?prefCd=46&kikanCd=52285&kikanKbn=5", "url2": null, "内容": "有限会社　三愛調剤薬局【5:薬局】鹿児島県鹿屋市旭原町３６２８番地３" }, "geometry": { "type": "Point", "coordinates": [ 130.876367, 31.403583 ] } },
{ "type": "Feature", "properties": { "ID": 46552286, "正式名称": "崎山調剤薬局", "機関区分": 5, "都道府県コード": 46, "市区町村コード": 203, "所在地": "鹿児島県鹿屋市上谷町１１２１４番地１１", "緯度": 31.395744, "経度": 130.845675, "url": "https://www.iryou.teikyouseido.mhlw.go.jp/znk-web/juminkanja/S2430/initialize?prefCd=46&kikanCd=52286&kikanKbn=5", "url2": null, "内容": "崎山調剤薬局【5:薬局】鹿児島県鹿屋市上谷町１１２１４番地１１" }, "geometry": { "type": "Point", "coordinates": [ 130.845675, 31.395744 ] } },
{ "type": "Feature", "properties": { "ID": 46552331, "正式名称": "川口薬局　錦江店", "機関区分": 5, "都道府県コード": 46, "市区町村コード": 490, "所在地": "鹿児島県肝属郡錦江町馬場４２３番地３", "緯度": 31.239446, "経度": 130.780593, "url": "https://www.iryou.teikyouseido.mhlw.go.jp/znk-web/juminkanja/S2430/initialize?prefCd=46&kikanCd=52331&kikanKbn=5", "url2": null, "内容": "川口薬局　錦江店【5:薬局】鹿児島県肝属郡錦江町馬場４２３番地３" }, "geometry": { "type": "Point", "coordinates": [ 130.780593, 31.239446 ] } },
{ "type": "Feature", "properties": { "ID": 46552363, "正式名称": "宮田薬局", "機関区分": 5, "都道府県コード": 46, "市区町村コード": 214, "所在地": "鹿児島県垂水市本町６１番地", "緯度": 31.489972, "経度": 130.700048, "url": "https://www.iryou.teikyouseido.mhlw.go.jp/znk-web/juminkanja/S2430/initialize?prefCd=46&kikanCd=52363&kikanKbn=5", "url2": null, "内容": "宮田薬局【5:薬局】鹿児島県垂水市本町６１番地" }, "geometry": { "type": "Point", "coordinates": [ 130.700048, 31.489972 ] } },
{ "type": "Feature", "properties": { "ID": 46552373, "正式名称": "いちご薬局", "機関区分": 5, "都道府県コード": 46, "市区町村コード": 214, "所在地": "鹿児島県垂水市田神字下福町３４７９－３", "緯度": 31.50211, "経度": 130.75676, "url": "https://www.iryou.teikyouseido.mhlw.go.jp/znk-web/juminkanja/S2430/initialize?prefCd=46&kikanCd=52373&kikanKbn=5", "url2": null, "内容": "いちご薬局【5:薬局】鹿児島県垂水市田神字下福町３４７９－３" }, "geometry": { "type": "Point", "coordinates": [ 130.75676, 31.50211 ] } },
{ "type": "Feature", "properties": { "ID": 46552633, "正式名称": "久保薬局", "機関区分": 5, "都道府県コード": 46, "市区町村コード": 222, "所在地": "鹿児島県奄美市名瀬港町４－２１", "緯度": 28.379956, "経度": 129.494667, "url": "https://www.iryou.teikyouseido.mhlw.go.jp/znk-web/juminkanja/S2430/initialize?prefCd=46&kikanCd=52633&kikanKbn=5", "url2": "www.phkubo.com", "内容": "久保薬局【5:薬局】鹿児島県奄美市名瀬港町４－２１" }, "geometry": { "type": "Point", "coordinates": [ 129.494667, 28.379956 ] } },
{ "type": "Feature", "properties": { "ID": 46552637, "正式名称": "中江薬局", "機関区分": 5, "都道府県コード": 46, "市区町村コード": 222, "所在地": "鹿児島県奄美市名瀬長浜町２１番１１号", "緯度": 28.395528, "経度": 129.494506, "url": "https://www.iryou.teikyouseido.mhlw.go.jp/znk-web/juminkanja/S2430/initialize?prefCd=46&kikanCd=52637&kikanKbn=5", "url2": null, "内容": "中江薬局【5:薬局】鹿児島県奄美市名瀬長浜町２１番１１号" }, "geometry": { "type": "Point", "coordinates": [ 129.494506, 28.395528 ] } },
{ "type": "Feature", "properties": { "ID": 46552638, "正式名称": "有限会社　平井薬局", "機関区分": 5, "都道府県コード": 46, "市区町村コード": 222, "所在地": "鹿児島県奄美市名瀬鳩浜町３２２", "緯度": 28.399078, "経度": 129.522119, "url": "https://www.iryou.teikyouseido.mhlw.go.jp/znk-web/juminkanja/S2430/initialize?prefCd=46&kikanCd=52638&kikanKbn=5", "url2": null, "内容": "有限会社　平井薬局【5:薬局】鹿児島県奄美市名瀬鳩浜町３２２" }, "geometry": { "type": "Point", "coordinates": [ 129.522119, 28.399078 ] } },
{ "type": "Feature", "properties": { "ID": 46552639, "正式名称": "上原薬局", "機関区分": 5, "都道府県コード": 46, "市区町村コード": 222, "所在地": "鹿児島県奄美市名瀬幸町１７－１７", "緯度": 28.378433, "経度": 129.493308, "url": "https://www.iryou.teikyouseido.mhlw.go.jp/znk-web/juminkanja/S2430/initialize?prefCd=46&kikanCd=52639&kikanKbn=5", "url2": null, "内容": "上原薬局【5:薬局】鹿児島県奄美市名瀬幸町１７－１７" }, "geometry": { "type": "Point", "coordinates": [ 129.493308, 28.378433 ] } },
{ "type": "Feature", "properties": { "ID": 46552640, "正式名称": "三洋薬局", "機関区分": 5, "都道府県コード": 46, "市区町村コード": 222, "所在地": "鹿児島県奄美市名瀬末広町１０－１", "緯度": 28.378344, "経度": 129.495239, "url": "https://www.iryou.teikyouseido.mhlw.go.jp/znk-web/juminkanja/S2430/initialize?prefCd=46&kikanCd=52640&kikanKbn=5", "url2": null, "内容": "三洋薬局【5:薬局】鹿児島県奄美市名瀬末広町１０－１" }, "geometry": { "type": "Point", "coordinates": [ 129.495239, 28.378344 ] } },
{ "type": "Feature", "properties": { "ID": 46552641, "正式名称": "株式会社　大島調剤薬局", "機関区分": 5, "都道府県コード": 46, "市区町村コード": 222, "所在地": "鹿児島県奄美市名瀬真名津町６－３", "緯度": 28.366679, "経度": 129.499841, "url": "https://www.iryou.teikyouseido.mhlw.go.jp/znk-web/juminkanja/S2430/initialize?prefCd=46&kikanCd=52641&kikanKbn=5", "url2": null, "内容": "株式会社　大島調剤薬局【5:薬局】鹿児島県奄美市名瀬真名津町６－３" }, "geometry": { "type": "Point", "coordinates": [ 129.499841, 28.366679 ] } },
{ "type": "Feature", "properties": { "ID": 46552642, "正式名称": "ながはま調剤薬局", "機関区分": 5, "都道府県コード": 46, "市区町村コード": 222, "所在地": "鹿児島県奄美市名瀬長浜町１８番１９号", "緯度": 28.394703, "経度": 129.493786, "url": "https://www.iryou.teikyouseido.mhlw.go.jp/znk-web/juminkanja/S2430/initialize?prefCd=46&kikanCd=52642&kikanKbn=5", "url2": "https://www.np-g.jp/home", "内容": "ながはま調剤薬局【5:薬局】鹿児島県奄美市名瀬長浜町１８番１９号" }, "geometry": { "type": "Point", "coordinates": [ 129.493786, 28.394703 ] } },
{ "type": "Feature", "properties": { "ID": 46552646, "正式名称": "有限会社　　コンビニエンスストア　　重野薬局", "機関区分": 5, "都道府県コード": 46, "市区町村コード": 527, "所在地": "鹿児島県大島郡龍郷町浦４５１番地４", "緯度": 28.407489, "経度": 129.58704, "url": "https://www.iryou.teikyouseido.mhlw.go.jp/znk-web/juminkanja/S2430/initialize?prefCd=46&kikanCd=52646&kikanKbn=5", "url2": null, "内容": "有限会社　　コンビニエンスストア　　重野薬局【5:薬局】鹿児島県大島郡龍郷町浦４５１番地４" }, "geometry": { "type": "Point", "coordinates": [ 129.58704, 28.407489 ] } },
{ "type": "Feature", "properties": { "ID": 46552649, "正式名称": "シダマ調剤薬局", "機関区分": 5, "都道府県コード": 46, "市区町村コード": 222, "所在地": "鹿児島県奄美市名瀬幸町２０番１７号", "緯度": 28.377824, "経度": 129.493293, "url": "https://www.iryou.teikyouseido.mhlw.go.jp/znk-web/juminkanja/S2430/initialize?prefCd=46&kikanCd=52649&kikanKbn=5", "url2": null, "内容": "シダマ調剤薬局【5:薬局】鹿児島県奄美市名瀬幸町２０番１７号" }, "geometry": { "type": "Point", "coordinates": [ 129.493293, 28.377824 ] } },
{ "type": "Feature", "properties": { "ID": 46552650, "正式名称": "有限会社　　ムラタ薬局", "機関区分": 5, "都道府県コード": 46, "市区町村コード": 222, "所在地": "鹿児島県奄美市名瀬石橋町１７－１", "緯度": 28.373158, "経度": 129.498289, "url": "https://www.iryou.teikyouseido.mhlw.go.jp/znk-web/juminkanja/S2430/initialize?prefCd=46&kikanCd=52650&kikanKbn=5", "url2": "amamip.amamin.jp", "内容": "有限会社　　ムラタ薬局【5:薬局】鹿児島県奄美市名瀬石橋町１７－１" }, "geometry": { "type": "Point", "coordinates": [ 129.498289, 28.373158 ] } },
{ "type": "Feature", "properties": { "ID": 46552652, "正式名称": "有限会社　　ムカイ　　向井薬局", "機関区分": 5, "都道府県コード": 46, "市区町村コード": 222, "所在地": "鹿児島県奄美市名瀬真名津町５－６", "緯度": 28.366954, "経度": 129.499599, "url": "https://www.iryou.teikyouseido.mhlw.go.jp/znk-web/juminkanja/S2430/initialize?prefCd=46&kikanCd=52652&kikanKbn=5", "url2": null, "内容": "有限会社　　ムカイ　　向井薬局【5:薬局】鹿児島県奄美市名瀬真名津町５－６" }, "geometry": { "type": "Point", "coordinates": [ 129.499599, 28.366954 ] } },
{ "type": "Feature", "properties": { "ID": 46552751, "正式名称": "紀ノ国屋薬局", "機関区分": 5, "都道府県コード": 46, "市区町村コード": 530, "所在地": "鹿児島県大島郡徳之島町亀津７４４０番地", "緯度": 27.729693, "経度": 129.016289, "url": "https://www.iryou.teikyouseido.mhlw.go.jp/znk-web/juminkanja/S2430/initialize?prefCd=46&kikanCd=52751&kikanKbn=5", "url2": null, "内容": "紀ノ国屋薬局【5:薬局】鹿児島県大島郡徳之島町亀津７４４０番地" }, "geometry": { "type": "Point", "coordinates": [ 129.016289, 27.729693 ] } },
{ "type": "Feature", "properties": { "ID": 46552830, "正式名称": "伊佐市民薬局", "機関区分": 5, "都道府県コード": 46, "市区町村コード": 224, "所在地": "鹿児島県伊佐市菱刈前目２１１９－１", "緯度": 32.011192, "経度": 130.643189, "url": "https://www.iryou.teikyouseido.mhlw.go.jp/znk-web/juminkanja/S2430/initialize?prefCd=46&kikanCd=52830&kikanKbn=5", "url2": null, "内容": "伊佐市民薬局【5:薬局】鹿児島県伊佐市菱刈前目２１１９－１" }, "geometry": { "type": "Point", "coordinates": [ 130.643189, 32.011192 ] } },
{ "type": "Feature", "properties": { "ID": 46552831, "正式名称": "きりん薬局", "機関区分": 5, "都道府県コード": 46, "市区町村コード": 203, "所在地": "鹿児島県鹿屋市笠之原町２９番２３号", "緯度": 31.38692, "経度": 130.884868, "url": "https://www.iryou.teikyouseido.mhlw.go.jp/znk-web/juminkanja/S2430/initialize?prefCd=46&kikanCd=52831&kikanKbn=5", "url2": null, "内容": "きりん薬局【5:薬局】鹿児島県鹿屋市笠之原町２９番２３号" }, "geometry": { "type": "Point", "coordinates": [ 130.884868, 31.38692 ] } },
{ "type": "Feature", "properties": { "ID": 46552834, "正式名称": "三井調剤薬局寿店", "機関区分": 5, "都道府県コード": 46, "市区町村コード": 203, "所在地": "鹿児島県鹿屋市寿３丁目１１－２９", "緯度": 31.387212, "経度": 130.871084, "url": "https://www.iryou.teikyouseido.mhlw.go.jp/znk-web/juminkanja/S2430/initialize?prefCd=46&kikanCd=52834&kikanKbn=5", "url2": "http://mitsui-ph.com", "内容": "三井調剤薬局寿店【5:薬局】鹿児島県鹿屋市寿３丁目１１－２９" }, "geometry": { "type": "Point", "coordinates": [ 130.871084, 31.387212 ] } },
{ "type": "Feature", "properties": { "ID": 46552841, "正式名称": "つばさ薬局", "機関区分": 5, "都道府県コード": 46, "市区町村コード": 215, "所在地": "鹿児島県薩摩川内市神田町４番３０号", "緯度": 31.813708, "経度": 130.305672, "url": "https://www.iryou.teikyouseido.mhlw.go.jp/znk-web/juminkanja/S2430/initialize?prefCd=46&kikanCd=52841&kikanKbn=5", "url2": null, "内容": "つばさ薬局【5:薬局】鹿児島県薩摩川内市神田町４番３０号" }, "geometry": { "type": "Point", "coordinates": [ 130.305672, 31.813708 ] } },
{ "type": "Feature", "properties": { "ID": 46552848, "正式名称": "ニューことぶき調剤薬局", "機関区分": 5, "都道府県コード": 46, "市区町村コード": 219, "所在地": "鹿児島県いちき串木野市京町５８番地５", "緯度": 31.721545, "経度": 130.267349, "url": "https://www.iryou.teikyouseido.mhlw.go.jp/znk-web/juminkanja/S2430/initialize?prefCd=46&kikanCd=52848&kikanKbn=5", "url2": null, "内容": "ニューことぶき調剤薬局【5:薬局】鹿児島県いちき串木野市京町５８番地５" }, "geometry": { "type": "Point", "coordinates": [ 130.267349, 31.721545 ] } },
{ "type": "Feature", "properties": { "ID": 46552860, "正式名称": "きずな薬局平佐店", "機関区分": 5, "都道府県コード": 46, "市区町村コード": 215, "所在地": "鹿児島県薩摩川内市平佐町３７３９番地６", "緯度": 31.820552, "経度": 130.320218, "url": "https://www.iryou.teikyouseido.mhlw.go.jp/znk-web/juminkanja/S2430/initialize?prefCd=46&kikanCd=52860&kikanKbn=5", "url2": null, "内容": "きずな薬局平佐店【5:薬局】鹿児島県薩摩川内市平佐町３７３９番地６" }, "geometry": { "type": "Point", "coordinates": [ 130.320218, 31.820552 ] } },
{ "type": "Feature", "properties": { "ID": 46552866, "正式名称": "５丁目調剤薬局", "機関区分": 5, "都道府県コード": 46, "市区町村コード": 203, "所在地": "鹿児島県鹿屋市寿５－２６－１８", "緯度": 31.385175, "経度": 130.865475, "url": "https://www.iryou.teikyouseido.mhlw.go.jp/znk-web/juminkanja/S2430/initialize?prefCd=46&kikanCd=52866&kikanKbn=5", "url2": "http://www.minesaki.com", "内容": "５丁目調剤薬局【5:薬局】鹿児島県鹿屋市寿５－２６－１８" }, "geometry": { "type": "Point", "coordinates": [ 130.865475, 31.385175 ] } },
{ "type": "Feature", "properties": { "ID": 46552879, "正式名称": "すこやか調剤薬局　元町店", "機関区分": 5, "都道府県コード": 46, "市区町村コード": 219, "所在地": "鹿児島県いちき串木野市元町１８３", "緯度": 31.719396, "経度": 130.266091, "url": "https://www.iryou.teikyouseido.mhlw.go.jp/znk-web/juminkanja/S2430/initialize?prefCd=46&kikanCd=52879&kikanKbn=5", "url2": null, "内容": "すこやか調剤薬局　元町店【5:薬局】鹿児島県いちき串木野市元町１８３" }, "geometry": { "type": "Point", "coordinates": [ 130.266091, 31.719396 ] } },
{ "type": "Feature", "properties": { "ID": 46552881, "正式名称": "タカラ調剤薬局", "機関区分": 5, "都道府県コード": 46, "市区町村コード": 208, "所在地": "鹿児島県出水市上鯖渕１６１９番地６", "緯度": 32.080931, "経度": 130.365928, "url": "https://www.iryou.teikyouseido.mhlw.go.jp/znk-web/juminkanja/S2430/initialize?prefCd=46&kikanCd=52881&kikanKbn=5", "url2": null, "内容": "タカラ調剤薬局【5:薬局】鹿児島県出水市上鯖渕１６１９番地６" }, "geometry": { "type": "Point", "coordinates": [ 130.365928, 32.080931 ] } },
{ "type": "Feature", "properties": { "ID": 46552884, "正式名称": "串木野調剤薬局", "機関区分": 5, "都道府県コード": 46, "市区町村コード": 219, "所在地": "鹿児島県いちき串木野市照島５４３２－１", "緯度": 31.707381, "経度": 130.278283, "url": "https://www.iryou.teikyouseido.mhlw.go.jp/znk-web/juminkanja/S2430/initialize?prefCd=46&kikanCd=52884&kikanKbn=5", "url2": "https://www.kusurinomadoguchi.com/kagoshima/s64120", "内容": "串木野調剤薬局【5:薬局】鹿児島県いちき串木野市照島５４３２－１" }, "geometry": { "type": "Point", "coordinates": [ 130.278283, 31.707381 ] } },
{ "type": "Feature", "properties": { "ID": 46552885, "正式名称": "とまと薬局　串木野店", "機関区分": 5, "都道府県コード": 46, "市区町村コード": 219, "所在地": "鹿児島県いちき串木野市元町１５５番", "緯度": 31.719252, "経度": 130.267109, "url": "https://www.iryou.teikyouseido.mhlw.go.jp/znk-web/juminkanja/S2430/initialize?prefCd=46&kikanCd=52885&kikanKbn=5", "url2": "https://tomato-p.com", "内容": "とまと薬局　串木野店【5:薬局】鹿児島県いちき串木野市元町１５５番" }, "geometry": { "type": "Point", "coordinates": [ 130.267109, 31.719252 ] } },
{ "type": "Feature", "properties": { "ID": 46552901, "正式名称": "五万石薬局", "機関区分": 5, "都道府県コード": 46, "市区町村コード": 208, "所在地": "鹿児島県出水市五万石町８０１", "緯度": 32.073033, "経度": 130.344936, "url": "https://www.iryou.teikyouseido.mhlw.go.jp/znk-web/juminkanja/S2430/initialize?prefCd=46&kikanCd=52901&kikanKbn=5", "url2": "http://www.d-ml.co.jp", "内容": "五万石薬局【5:薬局】鹿児島県出水市五万石町８０１" }, "geometry": { "type": "Point", "coordinates": [ 130.344936, 32.073033 ] } },
{ "type": "Feature", "properties": { "ID": 46552911, "正式名称": "中央一丁目薬局", "機関区分": 5, "都道府県コード": 46, "市区町村コード": 218, "所在地": "鹿児島県霧島市国分中央１丁目２１番３１号", "緯度": 31.742569, "経度": 130.769931, "url": "https://www.iryou.teikyouseido.mhlw.go.jp/znk-web/juminkanja/S2430/initialize?prefCd=46&kikanCd=52911&kikanKbn=5", "url2": null, "内容": "中央一丁目薬局【5:薬局】鹿児島県霧島市国分中央１丁目２１番３１号" }, "geometry": { "type": "Point", "coordinates": [ 130.769931, 31.742569 ] } },
{ "type": "Feature", "properties": { "ID": 46552912, "正式名称": "合名会社　　森山薬局", "機関区分": 5, "都道府県コード": 46, "市区町村コード": 224, "所在地": "鹿児島県伊佐市大口上町１７番８号", "緯度": 32.060869, "経度": 130.607961, "url": "https://www.iryou.teikyouseido.mhlw.go.jp/znk-web/juminkanja/S2430/initialize?prefCd=46&kikanCd=52912&kikanKbn=5", "url2": null, "内容": "合名会社　　森山薬局【5:薬局】鹿児島県伊佐市大口上町１７番８号" }, "geometry": { "type": "Point", "coordinates": [ 130.607961, 32.060869 ] } },
{ "type": "Feature", "properties": { "ID": 46552914, "正式名称": "有限会社　　センヤク　　あさがお薬局", "機関区分": 5, "都道府県コード": 46, "市区町村コード": 215, "所在地": "鹿児島県薩摩川内市向田本町１８番１９号", "緯度": 31.818459, "経度": 130.305292, "url": "https://www.iryou.teikyouseido.mhlw.go.jp/znk-web/juminkanja/S2430/initialize?prefCd=46&kikanCd=52914&kikanKbn=5", "url2": null, "内容": "有限会社　　センヤク　　あさがお薬局【5:薬局】鹿児島県薩摩川内市向田本町１８番１９号" }, "geometry": { "type": "Point", "coordinates": [ 130.305292, 31.818459 ] } },
{ "type": "Feature", "properties": { "ID": 46552923, "正式名称": "有限会社　　ケーアイ調剤薬局", "機関区分": 5, "都道府県コード": 46, "市区町村コード": 215, "所在地": "鹿児島県薩摩川内市高城町１９４５番地３", "緯度": 31.846808, "経度": 130.2899, "url": "https://www.iryou.teikyouseido.mhlw.go.jp/znk-web/juminkanja/S2430/initialize?prefCd=46&kikanCd=52923&kikanKbn=5", "url2": "http://ki-pharm.com/", "内容": "有限会社　　ケーアイ調剤薬局【5:薬局】鹿児島県薩摩川内市高城町１９４５番地３" }, "geometry": { "type": "Point", "coordinates": [ 130.2899, 31.846808 ] } },
{ "type": "Feature", "properties": { "ID": 46552924, "正式名称": "検見崎薬局", "機関区分": 5, "都道府県コード": 46, "市区町村コード": 203, "所在地": "鹿児島県鹿屋市本町２－４", "緯度": 31.387422, "経度": 130.850965, "url": "https://www.iryou.teikyouseido.mhlw.go.jp/znk-web/juminkanja/S2430/initialize?prefCd=46&kikanCd=52924&kikanKbn=5", "url2": null, "内容": "検見崎薬局【5:薬局】鹿児島県鹿屋市本町２－４" }, "geometry": { "type": "Point", "coordinates": [ 130.850965, 31.387422 ] } },
{ "type": "Feature", "properties": { "ID": 46552930, "正式名称": "寺田漢方薬局", "機関区分": 5, "都道府県コード": 46, "市区町村コード": 224, "所在地": "鹿児島県伊佐市大口小木原４２２−４９", "緯度": 32.089095, "経度": 130.592994, "url": "https://www.iryou.teikyouseido.mhlw.go.jp/znk-web/juminkanja/S2430/initialize?prefCd=46&kikanCd=52930&kikanKbn=5", "url2": null, "内容": "寺田漢方薬局【5:薬局】鹿児島県伊佐市大口小木原４２２−４９" }, "geometry": { "type": "Point", "coordinates": [ 130.592994, 32.089095 ] } },
{ "type": "Feature", "properties": { "ID": 46552937, "正式名称": "加世田中央薬局", "機関区分": 5, "都道府県コード": 46, "市区町村コード": 220, "所在地": "鹿児島県南さつま市加世田東本町２８番地１", "緯度": 31.416417, "経度": 130.328481, "url": "https://www.iryou.teikyouseido.mhlw.go.jp/znk-web/juminkanja/S2430/initialize?prefCd=46&kikanCd=52937&kikanKbn=5", "url2": null, "内容": "加世田中央薬局【5:薬局】鹿児島県南さつま市加世田東本町２８番地１" }, "geometry": { "type": "Point", "coordinates": [ 130.328481, 31.416417 ] } },
{ "type": "Feature", "properties": { "ID": 46552941, "正式名称": "垂水調剤薬局", "機関区分": 5, "都道府県コード": 46, "市区町村コード": 214, "所在地": "鹿児島県垂水市上町９６番地", "緯度": 31.493983, "経度": 130.702122, "url": "https://www.iryou.teikyouseido.mhlw.go.jp/znk-web/juminkanja/S2430/initialize?prefCd=46&kikanCd=52941&kikanKbn=5", "url2": null, "内容": "垂水調剤薬局【5:薬局】鹿児島県垂水市上町９６番地" }, "geometry": { "type": "Point", "coordinates": [ 130.702122, 31.493983 ] } },
{ "type": "Feature", "properties": { "ID": 46552949, "正式名称": "有限会社　愛調剤薬局", "機関区分": 5, "都道府県コード": 46, "市区町村コード": 492, "所在地": "鹿児島県肝属郡肝付町前田９２８番地７", "緯度": 31.348846, "経度": 130.942377, "url": "https://www.iryou.teikyouseido.mhlw.go.jp/znk-web/juminkanja/S2430/initialize?prefCd=46&kikanCd=52949&kikanKbn=5", "url2": "http://aicare.ehoh.net/", "内容": "有限会社　愛調剤薬局【5:薬局】鹿児島県肝属郡肝付町前田９２８番地７" }, "geometry": { "type": "Point", "coordinates": [ 130.942377, 31.348846 ] } },
{ "type": "Feature", "properties": { "ID": 46552952, "正式名称": "大信薬局　みどりの里店", "機関区分": 5, "都道府県コード": 46, "市区町村コード": 224, "所在地": "鹿児島県伊佐市大口上町３４－１１", "緯度": 32.062718, "経度": 130.607051, "url": "https://www.iryou.teikyouseido.mhlw.go.jp/znk-web/juminkanja/S2430/initialize?prefCd=46&kikanCd=52952&kikanKbn=5", "url2": null, "内容": "大信薬局　みどりの里店【5:薬局】鹿児島県伊佐市大口上町３４－１１" }, "geometry": { "type": "Point", "coordinates": [ 130.607051, 32.062718 ] } },
{ "type": "Feature", "properties": { "ID": 46552962, "正式名称": "まくらざき薬局", "機関区分": 5, "都道府県コード": 46, "市区町村コード": 204, "所在地": "鹿児島県枕崎市緑町１２１番地", "緯度": 31.276178, "経度": 130.293172, "url": "https://www.iryou.teikyouseido.mhlw.go.jp/znk-web/juminkanja/S2430/initialize?prefCd=46&kikanCd=52962&kikanKbn=5", "url2": "http://www.makurazaki-pharmacy.com", "内容": "まくらざき薬局【5:薬局】鹿児島県枕崎市緑町１２１番地" }, "geometry": { "type": "Point", "coordinates": [ 130.293172, 31.276178 ] } },
{ "type": "Feature", "properties": { "ID": 46552963, "正式名称": "ピアノ薬局", "機関区分": 5, "都道府県コード": 46, "市区町村コード": 452, "所在地": "鹿児島県姶良郡湧水町中津川５２５番地３", "緯度": 32.014096, "経度": 130.742992, "url": "https://www.iryou.teikyouseido.mhlw.go.jp/znk-web/juminkanja/S2430/initialize?prefCd=46&kikanCd=52963&kikanKbn=5", "url2": "http://mstmsg.co.jp/", "内容": "ピアノ薬局【5:薬局】鹿児島県姶良郡湧水町中津川５２５番地３" }, "geometry": { "type": "Point", "coordinates": [ 130.742992, 32.014096 ] } },
{ "type": "Feature", "properties": { "ID": 46552967, "正式名称": "大口伊佐会営薬局", "機関区分": 5, "都道府県コード": 46, "市区町村コード": 224, "所在地": "鹿児島県伊佐市大口宮人５０２－１４６", "緯度": 32.030734, "経度": 130.580461, "url": "https://www.iryou.teikyouseido.mhlw.go.jp/znk-web/juminkanja/S2430/initialize?prefCd=46&kikanCd=52967&kikanKbn=5", "url2": null, "内容": "大口伊佐会営薬局【5:薬局】鹿児島県伊佐市大口宮人５０２－１４６" }, "geometry": { "type": "Point", "coordinates": [ 130.580461, 32.030734 ] } },
{ "type": "Feature", "properties": { "ID": 46552972, "正式名称": "アルファー薬局", "機関区分": 5, "都道府県コード": 46, "市区町村コード": 214, "所在地": "鹿児島県垂水市田神３４９８番地５６", "緯度": 31.496548, "経度": 130.698623, "url": "https://www.iryou.teikyouseido.mhlw.go.jp/znk-web/juminkanja/S2430/initialize?prefCd=46&kikanCd=52972&kikanKbn=5", "url2": "https://sansei-ph.jp", "内容": "アルファー薬局【5:薬局】鹿児島県垂水市田神３４９８番地５６" }, "geometry": { "type": "Point", "coordinates": [ 130.698623, 31.496548 ] } },
{ "type": "Feature", "properties": { "ID": 46552975, "正式名称": "フタヤ薬局　垂水店", "機関区分": 5, "都道府県コード": 46, "市区町村コード": 214, "所在地": "鹿児島県垂水市旭町２３番地", "緯度": 31.489854, "経度": 130.698885, "url": "https://www.iryou.teikyouseido.mhlw.go.jp/znk-web/juminkanja/S2430/initialize?prefCd=46&kikanCd=52975&kikanKbn=5", "url2": "https://www.futaya.co.jp/shop/tarumizu_ph", "内容": "フタヤ薬局　垂水店【5:薬局】鹿児島県垂水市旭町２３番地" }, "geometry": { "type": "Point", "coordinates": [ 130.698885, 31.489854 ] } },
{ "type": "Feature", "properties": { "ID": 46553000, "正式名称": "かいもん・トミタ薬局", "機関区分": 5, "都道府県コード": 46, "市区町村コード": 210, "所在地": "鹿児島県指宿市開聞十町２８５８番地１", "緯度": 31.203731, "経度": 130.538431, "url": "https://www.iryou.teikyouseido.mhlw.go.jp/znk-web/juminkanja/S2430/initialize?prefCd=46&kikanCd=53000&kikanKbn=5", "url2": null, "内容": "かいもん・トミタ薬局【5:薬局】鹿児島県指宿市開聞十町２８５８番地１" }, "geometry": { "type": "Point", "coordinates": [ 130.538431, 31.203731 ] } },
{ "type": "Feature", "properties": { "ID": 46553001, "正式名称": "ハート薬局", "機関区分": 5, "都道府県コード": 46, "市区町村コード": 210, "所在地": "鹿児島県指宿市大牟礼三目７番１号", "緯度": 31.243138, "経度": 130.643199, "url": "https://www.iryou.teikyouseido.mhlw.go.jp/znk-web/juminkanja/S2430/initialize?prefCd=46&kikanCd=53001&kikanKbn=5", "url2": "http://www.e-classa.net/heart-pharmacy/", "内容": "ハート薬局【5:薬局】鹿児島県指宿市大牟礼三目７番１号" }, "geometry": { "type": "Point", "coordinates": [ 130.643199, 31.243138 ] } },
{ "type": "Feature", "properties": { "ID": 46553016, "正式名称": "そうごう薬局　　御陵下店", "機関区分": 5, "都道府県コード": 46, "市区町村コード": 215, "所在地": "鹿児島県薩摩川内市御陵下町１４番地１０号", "緯度": 31.830076, "経度": 130.297106, "url": "https://www.iryou.teikyouseido.mhlw.go.jp/znk-web/juminkanja/S2430/initialize?prefCd=46&kikanCd=53016&kikanKbn=5", "url2": "http://www.sogo-medical.co.jp", "内容": "そうごう薬局　　御陵下店【5:薬局】鹿児島県薩摩川内市御陵下町１４番地１０号" }, "geometry": { "type": "Point", "coordinates": [ 130.297106, 31.830076 ] } },
{ "type": "Feature", "properties": { "ID": 46553018, "正式名称": "ハーブ調剤薬局", "機関区分": 5, "都道府県コード": 46, "市区町村コード": 215, "所在地": "鹿児島県薩摩川内市田崎町１０７２－５", "緯度": 31.840853, "経度": 130.317194, "url": "https://www.iryou.teikyouseido.mhlw.go.jp/znk-web/juminkanja/S2430/initialize?prefCd=46&kikanCd=53018&kikanKbn=5", "url2": "d-ml.co.jp", "内容": "ハーブ調剤薬局【5:薬局】鹿児島県薩摩川内市田崎町１０７２－５" }, "geometry": { "type": "Point", "coordinates": [ 130.317194, 31.840853 ] } },
{ "type": "Feature", "properties": { "ID": 46553019, "正式名称": "やまのうち薬局", "機関区分": 5, "都道府県コード": 46, "市区町村コード": 217, "所在地": "鹿児島県曽於市大隅町下窪町１０１番地", "緯度": 31.582127, "経度": 131.004407, "url": "https://www.iryou.teikyouseido.mhlw.go.jp/znk-web/juminkanja/S2430/initialize?prefCd=46&kikanCd=53019&kikanKbn=5", "url2": null, "内容": "やまのうち薬局【5:薬局】鹿児島県曽於市大隅町下窪町１０１番地" }, "geometry": { "type": "Point", "coordinates": [ 131.004407, 31.582127 ] } },
{ "type": "Feature", "properties": { "ID": 46553026, "正式名称": "菱刈薬局", "機関区分": 5, "都道府県コード": 46, "市区町村コード": 224, "所在地": "鹿児島県伊佐市菱刈重留１１４６番地", "緯度": 32.036466, "経度": 130.633515, "url": "https://www.iryou.teikyouseido.mhlw.go.jp/znk-web/juminkanja/S2430/initialize?prefCd=46&kikanCd=53026&kikanKbn=5", "url2": null, "内容": "菱刈薬局【5:薬局】鹿児島県伊佐市菱刈重留１１４６番地" }, "geometry": { "type": "Point", "coordinates": [ 130.633515, 32.036466 ] } },
{ "type": "Feature", "properties": { "ID": 46553038, "正式名称": "みやび薬局", "機関区分": 5, "都道府県コード": 46, "市区町村コード": 216, "所在地": "鹿児島県日置市東市来町湯田２９９２", "緯度": 31.672695, "経度": 130.330843, "url": "https://www.iryou.teikyouseido.mhlw.go.jp/znk-web/juminkanja/S2430/initialize?prefCd=46&kikanCd=53038&kikanKbn=5", "url2": "http://www.miyabi-m.com", "内容": "みやび薬局【5:薬局】鹿児島県日置市東市来町湯田２９９２" }, "geometry": { "type": "Point", "coordinates": [ 130.330843, 31.672695 ] } },
{ "type": "Feature", "properties": { "ID": 46553045, "正式名称": "みさき薬局", "機関区分": 5, "都道府県コード": 46, "市区町村コード": 204, "所在地": "鹿児島県枕崎市住吉町３９番地", "緯度": 31.272351, "経度": 130.297494, "url": "https://www.iryou.teikyouseido.mhlw.go.jp/znk-web/juminkanja/S2430/initialize?prefCd=46&kikanCd=53045&kikanKbn=5", "url2": "http://www.medicalnet-g.com/", "内容": "みさき薬局【5:薬局】鹿児島県枕崎市住吉町３９番地" }, "geometry": { "type": "Point", "coordinates": [ 130.297494, 31.272351 ] } },
{ "type": "Feature", "properties": { "ID": 46553046, "正式名称": "有限会社　チェリー調剤薬局", "機関区分": 5, "都道府県コード": 46, "市区町村コード": 210, "所在地": "鹿児島県指宿市湊二丁目２４番１０号", "緯度": 31.241257, "経度": 130.646108, "url": "https://www.iryou.teikyouseido.mhlw.go.jp/znk-web/juminkanja/S2430/initialize?prefCd=46&kikanCd=53046&kikanKbn=5", "url2": "https://www.satispharma.com", "内容": "有限会社　チェリー調剤薬局【5:薬局】鹿児島県指宿市湊二丁目２４番１０号" }, "geometry": { "type": "Point", "coordinates": [ 130.646108, 31.241257 ] } },
{ "type": "Feature", "properties": { "ID": 46553052, "正式名称": "青空薬局", "機関区分": 5, "都道府県コード": 46, "市区町村コード": 392, "所在地": "鹿児島県薩摩郡さつま町柏原２８２０番地", "緯度": 31.917355, "経度": 130.457083, "url": "https://www.iryou.teikyouseido.mhlw.go.jp/znk-web/juminkanja/S2430/initialize?prefCd=46&kikanCd=53052&kikanKbn=5", "url2": "http://www.aozorayakkyoku.com", "内容": "青空薬局【5:薬局】鹿児島県薩摩郡さつま町柏原２８２０番地" }, "geometry": { "type": "Point", "coordinates": [ 130.457083, 31.917355 ] } },
{ "type": "Feature", "properties": { "ID": 46553053, "正式名称": "有限会社　旭調剤薬局", "機関区分": 5, "都道府県コード": 46, "市区町村コード": 452, "所在地": "鹿児島県姶良郡湧水町木場１０５６番地３", "緯度": 31.954025, "経度": 130.727631, "url": "https://www.iryou.teikyouseido.mhlw.go.jp/znk-web/juminkanja/S2430/initialize?prefCd=46&kikanCd=53053&kikanKbn=5", "url2": null, "内容": "有限会社　旭調剤薬局【5:薬局】鹿児島県姶良郡湧水町木場１０５６番地３" }, "geometry": { "type": "Point", "coordinates": [ 130.727631, 31.954025 ] } },
{ "type": "Feature", "properties": { "ID": 46553059, "正式名称": "くるみ薬局", "機関区分": 5, "都道府県コード": 46, "市区町村コード": 452, "所在地": "鹿児島県姶良郡湧水町米永５８５－２１", "緯度": 31.948918, "経度": 130.715361, "url": "https://www.iryou.teikyouseido.mhlw.go.jp/znk-web/juminkanja/S2430/initialize?prefCd=46&kikanCd=53059&kikanKbn=5", "url2": null, "内容": "くるみ薬局【5:薬局】鹿児島県姶良郡湧水町米永５８５－２１" }, "geometry": { "type": "Point", "coordinates": [ 130.715361, 31.948918 ] } },
{ "type": "Feature", "properties": { "ID": 46553061, "正式名称": "白十字薬局", "機関区分": 5, "都道府県コード": 46, "市区町村コード": 215, "所在地": "鹿児島県薩摩川内市原田町５番１号", "緯度": 31.828028, "経度": 130.3063, "url": "https://www.iryou.teikyouseido.mhlw.go.jp/znk-web/juminkanja/S2430/initialize?prefCd=46&kikanCd=53061&kikanKbn=5", "url2": "http://tpg.co.jp/ph/", "内容": "白十字薬局【5:薬局】鹿児島県薩摩川内市原田町５番１号" }, "geometry": { "type": "Point", "coordinates": [ 130.3063, 31.828028 ] } },
{ "type": "Feature", "properties": { "ID": 46553064, "正式名称": "ゆう調剤薬局", "機関区分": 5, "都道府県コード": 46, "市区町村コード": 492, "所在地": "鹿児島県肝属郡肝付町前田４８１６－８", "緯度": 31.341711, "経度": 130.928665, "url": "https://www.iryou.teikyouseido.mhlw.go.jp/znk-web/juminkanja/S2430/initialize?prefCd=46&kikanCd=53064&kikanKbn=5", "url2": null, "内容": "ゆう調剤薬局【5:薬局】鹿児島県肝属郡肝付町前田４８１６－８" }, "geometry": { "type": "Point", "coordinates": [ 130.928665, 31.341711 ] } },
{ "type": "Feature", "properties": { "ID": 46553091, "正式名称": "すこやか調剤薬局　　坂下店", "機関区分": 5, "都道府県コード": 46, "市区町村コード": 219, "所在地": "鹿児島県いちき串木野市生福５４１９－２", "緯度": 31.720789, "経度": 130.302273, "url": "https://www.iryou.teikyouseido.mhlw.go.jp/znk-web/juminkanja/S2430/initialize?prefCd=46&kikanCd=53091&kikanKbn=5", "url2": "https://www.e-classa.net/sakura0450", "内容": "すこやか調剤薬局　　坂下店【5:薬局】鹿児島県いちき串木野市生福５４１９－２" }, "geometry": { "type": "Point", "coordinates": [ 130.302273, 31.720789 ] } },
{ "type": "Feature", "properties": { "ID": 46553092, "正式名称": "とざか薬局", "機関区分": 5, "都道府県コード": 46, "市区町村コード": 218, "所在地": "鹿児島県霧島市隼人町東郷９３番地３", "緯度": 31.765078, "経度": 130.752231, "url": "https://www.iryou.teikyouseido.mhlw.go.jp/znk-web/juminkanja/S2430/initialize?prefCd=46&kikanCd=53092&kikanKbn=5", "url2": "http://www.minc.ne.jp/~tozaka", "内容": "とざか薬局【5:薬局】鹿児島県霧島市隼人町東郷９３番地３" }, "geometry": { "type": "Point", "coordinates": [ 130.752231, 31.765078 ] } },
{ "type": "Feature", "properties": { "ID": 46553114, "正式名称": "わかば調剤薬局", "機関区分": 5, "都道府県コード": 46, "市区町村コード": 218, "所在地": "鹿児島県霧島市隼人町姫城１丁目２２８番地", "緯度": 31.764586, "経度": 130.756667, "url": "https://www.iryou.teikyouseido.mhlw.go.jp/znk-web/juminkanja/S2430/initialize?prefCd=46&kikanCd=53114&kikanKbn=5", "url2": "http://www.wakabachozai-pharmacy.com", "内容": "わかば調剤薬局【5:薬局】鹿児島県霧島市隼人町姫城１丁目２２８番地" }, "geometry": { "type": "Point", "coordinates": [ 130.756667, 31.764586 ] } },
{ "type": "Feature", "properties": { "ID": 46553115, "正式名称": "大信薬局　さと店", "機関区分": 5, "都道府県コード": 46, "市区町村コード": 224, "所在地": "鹿児島県伊佐市大口里３５８－１", "緯度": 32.062921, "経度": 130.604, "url": "https://www.iryou.teikyouseido.mhlw.go.jp/znk-web/juminkanja/S2430/initialize?prefCd=46&kikanCd=53115&kikanKbn=5", "url2": "http://www.taishinph.co.jp/", "内容": "大信薬局　さと店【5:薬局】鹿児島県伊佐市大口里３５８－１" }, "geometry": { "type": "Point", "coordinates": [ 130.604, 32.062921 ] } },
{ "type": "Feature", "properties": { "ID": 46553126, "正式名称": "ドラッグイレブン薬局　　伊集院店", "機関区分": 5, "都道府県コード": 46, "市区町村コード": 216, "所在地": "鹿児島県日置市伊集院町猪鹿倉９８番地", "緯度": 31.625192, "経度": 130.401997, "url": "https://www.iryou.teikyouseido.mhlw.go.jp/znk-web/juminkanja/S2430/initialize?prefCd=46&kikanCd=53126&kikanKbn=5", "url2": "https://shop.tsuruha-g.com/4612", "内容": "ドラッグイレブン薬局　　伊集院店【5:薬局】鹿児島県日置市伊集院町猪鹿倉９８番地" }, "geometry": { "type": "Point", "coordinates": [ 130.401997, 31.625192 ] } },
{ "type": "Feature", "properties": { "ID": 46553127, "正式名称": "有限会社　　本町調剤薬局", "機関区分": 5, "都道府県コード": 46, "市区町村コード": 221, "所在地": "鹿児島県志布志市松山町泰野４７０－２", "緯度": 31.569839, "経度": 131.076178, "url": "https://www.iryou.teikyouseido.mhlw.go.jp/znk-web/juminkanja/S2430/initialize?prefCd=46&kikanCd=53127&kikanKbn=5", "url2": null, "内容": "有限会社　　本町調剤薬局【5:薬局】鹿児島県志布志市松山町泰野４７０－２" }, "geometry": { "type": "Point", "coordinates": [ 131.076178, 31.569839 ] } },
{ "type": "Feature", "properties": { "ID": 46553138, "正式名称": "のがた薬局", "機関区分": 5, "都道府県コード": 46, "市区町村コード": 468, "所在地": "鹿児島県曽於郡大崎町野方６０４５－１０", "緯度": 31.508944, "経度": 130.942114, "url": "https://www.iryou.teikyouseido.mhlw.go.jp/znk-web/juminkanja/S2430/initialize?prefCd=46&kikanCd=53138&kikanKbn=5", "url2": null, "内容": "のがた薬局【5:薬局】鹿児島県曽於郡大崎町野方６０４５－１０" }, "geometry": { "type": "Point", "coordinates": [ 130.942114, 31.508944 ] } },
{ "type": "Feature", "properties": { "ID": 46553144, "正式名称": "ゆう薬局", "機関区分": 5, "都道府県コード": 46, "市区町村コード": 215, "所在地": "鹿児島県薩摩川内市平佐町１６９３番地３２", "緯度": 31.810083, "経度": 130.3219, "url": "https://www.iryou.teikyouseido.mhlw.go.jp/znk-web/juminkanja/S2430/initialize?prefCd=46&kikanCd=53144&kikanKbn=5", "url2": null, "内容": "ゆう薬局【5:薬局】鹿児島県薩摩川内市平佐町１６９３番地３２" }, "geometry": { "type": "Point", "coordinates": [ 130.3219, 31.810083 ] } },
{ "type": "Feature", "properties": { "ID": 46553148, "正式名称": "古仁屋調剤薬局", "機関区分": 5, "都道府県コード": 46, "市区町村コード": 525, "所在地": "鹿児島県大島郡瀬戸内町古仁屋大湊６番地", "緯度": 28.157564, "経度": 129.318029, "url": "https://www.iryou.teikyouseido.mhlw.go.jp/znk-web/juminkanja/S2430/initialize?prefCd=46&kikanCd=53148&kikanKbn=5", "url2": "http://www.kenko.company", "内容": "古仁屋調剤薬局【5:薬局】鹿児島県大島郡瀬戸内町古仁屋大湊６番地" }, "geometry": { "type": "Point", "coordinates": [ 129.318029, 28.157564 ] } },
{ "type": "Feature", "properties": { "ID": 46553152, "正式名称": "有明薬局", "機関区分": 5, "都道府県コード": 46, "市区町村コード": 221, "所在地": "鹿児島県志布志市有明町野井倉５７７８－１", "緯度": 31.468363, "経度": 131.05827, "url": "https://www.iryou.teikyouseido.mhlw.go.jp/znk-web/juminkanja/S2430/initialize?prefCd=46&kikanCd=53152&kikanKbn=5", "url2": null, "内容": "有明薬局【5:薬局】鹿児島県志布志市有明町野井倉５７７８－１" }, "geometry": { "type": "Point", "coordinates": [ 131.05827, 31.468363 ] } },
{ "type": "Feature", "properties": { "ID": 46553153, "正式名称": "ウチ薬局", "機関区分": 5, "都道府県コード": 46, "市区町村コード": 392, "所在地": "鹿児島県薩摩郡さつま町虎居町５番地１５", "緯度": 31.908007, "経度": 130.451168, "url": "https://www.iryou.teikyouseido.mhlw.go.jp/znk-web/juminkanja/S2430/initialize?prefCd=46&kikanCd=53153&kikanKbn=5", "url2": null, "内容": "ウチ薬局【5:薬局】鹿児島県薩摩郡さつま町虎居町５番地１５" }, "geometry": { "type": "Point", "coordinates": [ 130.451168, 31.908007 ] } },
{ "type": "Feature", "properties": { "ID": 46553169, "正式名称": "べっぷ薬局", "機関区分": 5, "都道府県コード": 46, "市区町村コード": 204, "所在地": "鹿児島県枕崎市白沢北町１８０番地", "緯度": 31.258787, "経度": 130.351423, "url": "https://www.iryou.teikyouseido.mhlw.go.jp/znk-web/juminkanja/S2430/initialize?prefCd=46&kikanCd=53169&kikanKbn=5", "url2": null, "内容": "べっぷ薬局【5:薬局】鹿児島県枕崎市白沢北町１８０番地" }, "geometry": { "type": "Point", "coordinates": [ 130.351423, 31.258787 ] } },
{ "type": "Feature", "properties": { "ID": 46553177, "正式名称": "脇本調剤薬局", "機関区分": 5, "都道府県コード": 46, "市区町村コード": 206, "所在地": "鹿児島県阿久根市大字脇本７４０１－２", "緯度": 32.078342, "経度": 130.201567, "url": "https://www.iryou.teikyouseido.mhlw.go.jp/znk-web/juminkanja/S2430/initialize?prefCd=46&kikanCd=53177&kikanKbn=5", "url2": "http://www.k-medipha.co.jp", "内容": "脇本調剤薬局【5:薬局】鹿児島県阿久根市大字脇本７４０１－２" }, "geometry": { "type": "Point", "coordinates": [ 130.201567, 32.078342 ] } },
{ "type": "Feature", "properties": { "ID": 46553180, "正式名称": "あさひ龍生堂薬局", "機関区分": 5, "都道府県コード": 46, "市区町村コード": 222, "所在地": "鹿児島県奄美市名瀬朝日町１４番１３", "緯度": 28.398656, "経度": 129.527614, "url": "https://www.iryou.teikyouseido.mhlw.go.jp/znk-web/juminkanja/S2430/initialize?prefCd=46&kikanCd=53180&kikanKbn=5", "url2": null, "内容": "あさひ龍生堂薬局【5:薬局】鹿児島県奄美市名瀬朝日町１４番１３" }, "geometry": { "type": "Point", "coordinates": [ 129.527614, 28.398656 ] } },
{ "type": "Feature", "properties": { "ID": 46553181, "正式名称": "有限会社　　かわごえ薬局　役場前店", "機関区分": 5, "都道府県コード": 46, "市区町村コード": 490, "所在地": "鹿児島県肝属郡錦江町城元７３４番地", "緯度": 31.244276, "経度": 130.787282, "url": "https://www.iryou.teikyouseido.mhlw.go.jp/znk-web/juminkanja/S2430/initialize?prefCd=46&kikanCd=53181&kikanKbn=5", "url2": "https://www.kawagoe-pharmacy.com/", "内容": "有限会社　　かわごえ薬局　役場前店【5:薬局】鹿児島県肝属郡錦江町城元７３４番地" }, "geometry": { "type": "Point", "coordinates": [ 130.787282, 31.244276 ] } },
{ "type": "Feature", "properties": { "ID": 46553182, "正式名称": "（有）田中正心堂薬局", "機関区分": 5, "都道府県コード": 46, "市区町村コード": 203, "所在地": "鹿児島県鹿屋市共栄町１０番６号", "緯度": 31.381092, "経度": 130.853474, "url": "https://www.iryou.teikyouseido.mhlw.go.jp/znk-web/juminkanja/S2430/initialize?prefCd=46&kikanCd=53182&kikanKbn=5", "url2": "tanakaseishindou", "内容": "（有）田中正心堂薬局【5:薬局】鹿児島県鹿屋市共栄町１０番６号" }, "geometry": { "type": "Point", "coordinates": [ 130.853474, 31.381092 ] } },
{ "type": "Feature", "properties": { "ID": 46553187, "正式名称": "みやび薬局　　市来店", "機関区分": 5, "都道府県コード": 46, "市区町村コード": 219, "所在地": "鹿児島県いちき串木野市大里３９１０番地６", "緯度": 31.687242, "経度": 130.298525, "url": "https://www.iryou.teikyouseido.mhlw.go.jp/znk-web/juminkanja/S2430/initialize?prefCd=46&kikanCd=53187&kikanKbn=5", "url2": "http://www.miyabi-m.com/", "内容": "みやび薬局　　市来店【5:薬局】鹿児島県いちき串木野市大里３９１０番地６" }, "geometry": { "type": "Point", "coordinates": [ 130.298525, 31.687242 ] } },
{ "type": "Feature", "properties": { "ID": 46553189, "正式名称": "有限会社　　おおやま調剤薬局", "機関区分": 5, "都道府県コード": 46, "市区町村コード": 203, "所在地": "鹿児島県鹿屋市上谷町", "緯度": 31.391157, "経度": 130.844439, "url": "https://www.iryou.teikyouseido.mhlw.go.jp/znk-web/juminkanja/S2430/initialize?prefCd=46&kikanCd=53189&kikanKbn=5", "url2": null, "内容": "有限会社　　おおやま調剤薬局【5:薬局】鹿児島県鹿屋市上谷町" }, "geometry": { "type": "Point", "coordinates": [ 130.844439, 31.391157 ] } },
{ "type": "Feature", "properties": { "ID": 46553190, "正式名称": "高松薬局", "機関区分": 5, "都道府県コード": 46, "市区町村コード": 206, "所在地": "鹿児島県阿久根市本町１４１番１", "緯度": 32.017913, "経度": 130.196907, "url": "https://www.iryou.teikyouseido.mhlw.go.jp/znk-web/juminkanja/S2430/initialize?prefCd=46&kikanCd=53190&kikanKbn=5", "url2": null, "内容": "高松薬局【5:薬局】鹿児島県阿久根市本町１４１番１" }, "geometry": { "type": "Point", "coordinates": [ 130.196907, 32.017913 ] } },
{ "type": "Feature", "properties": { "ID": 46553217, "正式名称": "桜山薬局", "機関区分": 5, "都道府県コード": 46, "市区町村コード": 204, "所在地": "鹿児島県枕崎市鹿篭麓町３５番", "緯度": 31.28764, "経度": 130.291618, "url": "https://www.iryou.teikyouseido.mhlw.go.jp/znk-web/juminkanja/S2430/initialize?prefCd=46&kikanCd=53217&kikanKbn=5", "url2": "https://sakurahos.co.jp/", "内容": "桜山薬局【5:薬局】鹿児島県枕崎市鹿篭麓町３５番" }, "geometry": { "type": "Point", "coordinates": [ 130.291618, 31.28764 ] } },
{ "type": "Feature", "properties": { "ID": 46553218, "正式名称": "前目薬局", "機関区分": 5, "都道府県コード": 46, "市区町村コード": 224, "所在地": "鹿児島県伊佐市菱刈前目７８９－３", "緯度": 32.014365, "経度": 130.637661, "url": "https://www.iryou.teikyouseido.mhlw.go.jp/znk-web/juminkanja/S2430/initialize?prefCd=46&kikanCd=53218&kikanKbn=5", "url2": null, "内容": "前目薬局【5:薬局】鹿児島県伊佐市菱刈前目７８９－３" }, "geometry": { "type": "Point", "coordinates": [ 130.637661, 32.014365 ] } },
{ "type": "Feature", "properties": { "ID": 46553220, "正式名称": "センサー薬局", "機関区分": 5, "都道府県コード": 46, "市区町村コード": 225, "所在地": "鹿児島県姶良市加治木町本町３４", "緯度": 31.736037, "経度": 130.666911, "url": "https://www.iryou.teikyouseido.mhlw.go.jp/znk-web/juminkanja/S2430/initialize?prefCd=46&kikanCd=53220&kikanKbn=5", "url2": "https://kouei-yakuhin.com/sensaaa/", "内容": "センサー薬局【5:薬局】鹿児島県姶良市加治木町本町３４" }, "geometry": { "type": "Point", "coordinates": [ 130.666911, 31.736037 ] } },
{ "type": "Feature", "properties": { "ID": 46553246, "正式名称": "有限会社　　伊津部薬局　　小浜店", "機関区分": 5, "都道府県コード": 46, "市区町村コード": 222, "所在地": "鹿児島県奄美市名瀬小浜町２４－１３", "緯度": 28.384988, "経度": 129.501296, "url": "https://www.iryou.teikyouseido.mhlw.go.jp/znk-web/juminkanja/S2430/initialize?prefCd=46&kikanCd=53246&kikanKbn=5", "url2": null, "内容": "有限会社　　伊津部薬局　　小浜店【5:薬局】鹿児島県奄美市名瀬小浜町２４－１３" }, "geometry": { "type": "Point", "coordinates": [ 129.501296, 28.384988 ] } },
{ "type": "Feature", "properties": { "ID": 46553247, "正式名称": "ライフ薬局", "機関区分": 5, "都道府県コード": 46, "市区町村コード": 214, "所在地": "鹿児島県垂水市中央町２９番地", "緯度": 31.491767, "経度": 130.703032, "url": "https://www.iryou.teikyouseido.mhlw.go.jp/znk-web/juminkanja/S2430/initialize?prefCd=46&kikanCd=53247&kikanKbn=5", "url2": null, "内容": "ライフ薬局【5:薬局】鹿児島県垂水市中央町２９番地" }, "geometry": { "type": "Point", "coordinates": [ 130.703032, 31.491767 ] } },
{ "type": "Feature", "properties": { "ID": 46553269, "正式名称": "あさみ調剤薬局川内店", "機関区分": 5, "都道府県コード": 46, "市区町村コード": 215, "所在地": "鹿児島県薩摩川内市勝目町５８６０番地３", "緯度": 31.785368, "経度": 130.318224, "url": "https://www.iryou.teikyouseido.mhlw.go.jp/znk-web/juminkanja/S2430/initialize?prefCd=46&kikanCd=53269&kikanKbn=5", "url2": null, "内容": "あさみ調剤薬局川内店【5:薬局】鹿児島県薩摩川内市勝目町５８６０番地３" }, "geometry": { "type": "Point", "coordinates": [ 130.318224, 31.785368 ] } },
{ "type": "Feature", "properties": { "ID": 46553276, "正式名称": "有限会社　ひまわり薬局", "機関区分": 5, "都道府県コード": 46, "市区町村コード": 222, "所在地": "鹿児島県奄美市名瀬金久町４番１１号", "緯度": 28.381144, "経度": 129.491999, "url": "https://www.iryou.teikyouseido.mhlw.go.jp/znk-web/juminkanja/S2430/initialize?prefCd=46&kikanCd=53276&kikanKbn=5", "url2": null, "内容": "有限会社　ひまわり薬局【5:薬局】鹿児島県奄美市名瀬金久町４番１１号" }, "geometry": { "type": "Point", "coordinates": [ 129.491999, 28.381144 ] } },
{ "type": "Feature", "properties": { "ID": 46553288, "正式名称": "有限会社　　保険調剤つばさ薬局串木野", "機関区分": 5, "都道府県コード": 46, "市区町村コード": 219, "所在地": "鹿児島県いちき串木野市春日町５番地２", "緯度": 31.721134, "経度": 130.268656, "url": "https://www.iryou.teikyouseido.mhlw.go.jp/znk-web/juminkanja/S2430/initialize?prefCd=46&kikanCd=53288&kikanKbn=5", "url2": "https://www.e-classa.net/tubasakushikino", "内容": "有限会社　　保険調剤つばさ薬局串木野【5:薬局】鹿児島県いちき串木野市春日町５番地２" }, "geometry": { "type": "Point", "coordinates": [ 130.268656, 31.721134 ] } },
{ "type": "Feature", "properties": { "ID": 46553289, "正式名称": "しもずる薬局", "機関区分": 5, "都道府県コード": 46, "市区町村コード": 208, "所在地": "鹿児島県出水市高尾野町下水流７６１番地３", "緯度": 32.089532, "経度": 130.286338, "url": "https://www.iryou.teikyouseido.mhlw.go.jp/znk-web/juminkanja/S2430/initialize?prefCd=46&kikanCd=53289&kikanKbn=5", "url2": null, "内容": "しもずる薬局【5:薬局】鹿児島県出水市高尾野町下水流７６１番地３" }, "geometry": { "type": "Point", "coordinates": [ 130.286338, 32.089532 ] } },
{ "type": "Feature", "properties": { "ID": 46553290, "正式名称": "うらら薬局", "機関区分": 5, "都道府県コード": 46, "市区町村コード": 225, "所在地": "鹿児島県姶良市西餅田９７番２", "緯度": 31.735344, "経度": 130.626359, "url": "https://www.iryou.teikyouseido.mhlw.go.jp/znk-web/juminkanja/S2430/initialize?prefCd=46&kikanCd=53290&kikanKbn=5", "url2": null, "内容": "うらら薬局【5:薬局】鹿児島県姶良市西餅田９７番２" }, "geometry": { "type": "Point", "coordinates": [ 130.626359, 31.735344 ] } },
{ "type": "Feature", "properties": { "ID": 46553292, "正式名称": "寿八丁目薬局", "機関区分": 5, "都道府県コード": 46, "市区町村コード": 203, "所在地": "鹿児島県鹿屋市笠之原町２９番５号", "緯度": 31.387152, "経度": 130.882479, "url": "https://www.iryou.teikyouseido.mhlw.go.jp/znk-web/juminkanja/S2430/initialize?prefCd=46&kikanCd=53292&kikanKbn=5", "url2": "http://kotobuki8.jp/", "内容": "寿八丁目薬局【5:薬局】鹿児島県鹿屋市笠之原町２９番５号" }, "geometry": { "type": "Point", "coordinates": [ 130.882479, 31.387152 ] } },
{ "type": "Feature", "properties": { "ID": 46553293, "正式名称": "フタヤ薬局　湯田店", "機関区分": 5, "都道府県コード": 46, "市区町村コード": 392, "所在地": "鹿児島県薩摩郡さつま町湯田１５０２番地２９", "緯度": 31.949692, "経度": 130.46637, "url": "https://www.iryou.teikyouseido.mhlw.go.jp/znk-web/juminkanja/S2430/initialize?prefCd=46&kikanCd=53293&kikanKbn=5", "url2": "https://www.futaya.co.jp/shop/yuda_ph", "内容": "フタヤ薬局　湯田店【5:薬局】鹿児島県薩摩郡さつま町湯田１５０２番地２９" }, "geometry": { "type": "Point", "coordinates": [ 130.46637, 31.949692 ] } },
{ "type": "Feature", "properties": { "ID": 46553302, "正式名称": "花畑薬局", "機関区分": 5, "都道府県コード": 46, "市区町村コード": 216, "所在地": "鹿児島県日置市吹上町小野１１９８番地１", "緯度": 31.537811, "経度": 130.338258, "url": "https://www.iryou.teikyouseido.mhlw.go.jp/znk-web/juminkanja/S2430/initialize?prefCd=46&kikanCd=53302&kikanKbn=5", "url2": null, "内容": "花畑薬局【5:薬局】鹿児島県日置市吹上町小野１１９８番地１" }, "geometry": { "type": "Point", "coordinates": [ 130.338258, 31.537811 ] } },
{ "type": "Feature", "properties": { "ID": 46553316, "正式名称": "ひかり調剤薬局", "機関区分": 5, "都道府県コード": 46, "市区町村コード": 215, "所在地": "鹿児島県薩摩川内市中郷１丁目１１番２号", "緯度": 31.831736, "経度": 130.310744, "url": "https://www.iryou.teikyouseido.mhlw.go.jp/znk-web/juminkanja/S2430/initialize?prefCd=46&kikanCd=53316&kikanKbn=5", "url2": null, "内容": "ひかり調剤薬局【5:薬局】鹿児島県薩摩川内市中郷１丁目１１番２号" }, "geometry": { "type": "Point", "coordinates": [ 130.310744, 31.831736 ] } },
{ "type": "Feature", "properties": { "ID": 46553317, "正式名称": "健美堂薬局　国分店", "機関区分": 5, "都道府県コード": 46, "市区町村コード": 218, "所在地": "鹿児島県霧島市国分中央１丁目２６番２０号", "緯度": 31.740314, "経度": 130.770233, "url": "https://www.iryou.teikyouseido.mhlw.go.jp/znk-web/juminkanja/S2430/initialize?prefCd=46&kikanCd=53317&kikanKbn=5", "url2": null, "内容": "健美堂薬局　国分店【5:薬局】鹿児島県霧島市国分中央１丁目２６番２０号" }, "geometry": { "type": "Point", "coordinates": [ 130.770233, 31.740314 ] } },
{ "type": "Feature", "properties": { "ID": 46553325, "正式名称": "本町薬局", "機関区分": 5, "都道府県コード": 46, "市区町村コード": 206, "所在地": "鹿児島県阿久根市高松町３６番地", "緯度": 32.017427, "経度": 130.197782, "url": "https://www.iryou.teikyouseido.mhlw.go.jp/znk-web/juminkanja/S2430/initialize?prefCd=46&kikanCd=53325&kikanKbn=5", "url2": "https://www.smilehonmati.jp", "内容": "本町薬局【5:薬局】鹿児島県阿久根市高松町３６番地" }, "geometry": { "type": "Point", "coordinates": [ 130.197782, 32.017427 ] } },
{ "type": "Feature", "properties": { "ID": 46553330, "正式名称": "蒲生薬局　まちかみ支店", "機関区分": 5, "都道府県コード": 46, "市区町村コード": 225, "所在地": "鹿児島県姶良市蒲生町上久徳２５３８番地", "緯度": 31.761844, "経度": 130.570603, "url": "https://www.iryou.teikyouseido.mhlw.go.jp/znk-web/juminkanja/S2430/initialize?prefCd=46&kikanCd=53330&kikanKbn=5", "url2": null, "内容": "蒲生薬局　まちかみ支店【5:薬局】鹿児島県姶良市蒲生町上久徳２５３８番地" }, "geometry": { "type": "Point", "coordinates": [ 130.570603, 31.761844 ] } },
{ "type": "Feature", "properties": { "ID": 46553331, "正式名称": "こすもす薬局", "機関区分": 5, "都道府県コード": 46, "市区町村コード": 218, "所在地": "鹿児島県霧島市国分中央四丁目１５番３号", "緯度": 31.734229, "経度": 130.775297, "url": "https://www.iryou.teikyouseido.mhlw.go.jp/znk-web/juminkanja/S2430/initialize?prefCd=46&kikanCd=53331&kikanKbn=5", "url2": "https://medi-chest.com/pharmacy#btn_kosumosu", "内容": "こすもす薬局【5:薬局】鹿児島県霧島市国分中央四丁目１５番３号" }, "geometry": { "type": "Point", "coordinates": [ 130.775297, 31.734229 ] } },
{ "type": "Feature", "properties": { "ID": 46553332, "正式名称": "あおい薬局", "機関区分": 5, "都道府県コード": 46, "市区町村コード": 217, "所在地": "鹿児島県曽於市末吉町二之方２１２８番地", "緯度": 31.655017, "経度": 131.021639, "url": "https://www.iryou.teikyouseido.mhlw.go.jp/znk-web/juminkanja/S2430/initialize?prefCd=46&kikanCd=53332&kikanKbn=5", "url2": null, "内容": "あおい薬局【5:薬局】鹿児島県曽於市末吉町二之方２１２８番地" }, "geometry": { "type": "Point", "coordinates": [ 131.021639, 31.655017 ] } },
{ "type": "Feature", "properties": { "ID": 46553334, "正式名称": "まごころ調剤薬局", "機関区分": 5, "都道府県コード": 46, "市区町村コード": 217, "所在地": "鹿児島県曽於市財部町南俣３６１３番地１", "緯度": 31.704776, "経度": 130.962721, "url": "https://www.iryou.teikyouseido.mhlw.go.jp/znk-web/juminkanja/S2430/initialize?prefCd=46&kikanCd=53334&kikanKbn=5", "url2": null, "内容": "まごころ調剤薬局【5:薬局】鹿児島県曽於市財部町南俣３６１３番地１" }, "geometry": { "type": "Point", "coordinates": [ 130.962721, 31.704776 ] } },
{ "type": "Feature", "properties": { "ID": 46553338, "正式名称": "グリーン薬局", "機関区分": 5, "都道府県コード": 46, "市区町村コード": 221, "所在地": "鹿児島県志布志市志布志町志布志２８６－９", "緯度": 31.483022, "経度": 131.094099, "url": "https://www.iryou.teikyouseido.mhlw.go.jp/znk-web/juminkanja/S2430/initialize?prefCd=46&kikanCd=53338&kikanKbn=5", "url2": null, "内容": "グリーン薬局【5:薬局】鹿児島県志布志市志布志町志布志２８６－９" }, "geometry": { "type": "Point", "coordinates": [ 131.094099, 31.483022 ] } },
{ "type": "Feature", "properties": { "ID": 46553340, "正式名称": "しらゆり調剤薬局", "機関区分": 5, "都道府県コード": 46, "市区町村コード": 215, "所在地": "鹿児島県薩摩川内市大小路町１９番９号", "緯度": 31.821358, "経度": 130.303537, "url": "https://www.iryou.teikyouseido.mhlw.go.jp/znk-web/juminkanja/S2430/initialize?prefCd=46&kikanCd=53340&kikanKbn=5", "url2": null, "内容": "しらゆり調剤薬局【5:薬局】鹿児島県薩摩川内市大小路町１９番９号" }, "geometry": { "type": "Point", "coordinates": [ 130.303537, 31.821358 ] } },
{ "type": "Feature", "properties": { "ID": 46553346, "正式名称": "三井調剤薬局バイパス店", "機関区分": 5, "都道府県コード": 46, "市区町村コード": 203, "所在地": "鹿児島県鹿屋市旭原町３６４４番地７", "緯度": 31.398964, "経度": 130.878419, "url": "https://www.iryou.teikyouseido.mhlw.go.jp/znk-web/juminkanja/S2430/initialize?prefCd=46&kikanCd=53346&kikanKbn=5", "url2": "https://mitsui-ph.com/baipasu/", "内容": "三井調剤薬局バイパス店【5:薬局】鹿児島県鹿屋市旭原町３６４４番地７" }, "geometry": { "type": "Point", "coordinates": [ 130.878419, 31.398964 ] } },
{ "type": "Feature", "properties": { "ID": 46553356, "正式名称": "カゴシマ薬局　　長里店", "機関区分": 5, "都道府県コード": 46, "市区町村コード": 216, "所在地": "鹿児島県日置市東市来町長里４８", "緯度": 31.657316, "経度": 130.346082, "url": "https://www.iryou.teikyouseido.mhlw.go.jp/znk-web/juminkanja/S2430/initialize?prefCd=46&kikanCd=53356&kikanKbn=5", "url2": null, "内容": "カゴシマ薬局　　長里店【5:薬局】鹿児島県日置市東市来町長里４８" }, "geometry": { "type": "Point", "coordinates": [ 130.346082, 31.657316 ] } },
{ "type": "Feature", "properties": { "ID": 46553360, "正式名称": "よつば薬局", "機関区分": 5, "都道府県コード": 46, "市区町村コード": 206, "所在地": "鹿児島県阿久根市本町７５－３", "緯度": 32.018369, "経度": 130.194225, "url": "https://www.iryou.teikyouseido.mhlw.go.jp/znk-web/juminkanja/S2430/initialize?prefCd=46&kikanCd=53360&kikanKbn=5", "url2": null, "内容": "よつば薬局【5:薬局】鹿児島県阿久根市本町７５－３" }, "geometry": { "type": "Point", "coordinates": [ 130.194225, 32.018369 ] } },
{ "type": "Feature", "properties": { "ID": 46553370, "正式名称": "有限会社　ケーアイ調剤薬局西餅田店", "機関区分": 5, "都道府県コード": 46, "市区町村コード": 225, "所在地": "鹿児島県姶良市西餠田１０６番地６号", "緯度": 31.736117, "経度": 130.629112, "url": "https://www.iryou.teikyouseido.mhlw.go.jp/znk-web/juminkanja/S2430/initialize?prefCd=46&kikanCd=53370&kikanKbn=5", "url2": "https://www.qol-net.co.jp/", "内容": "有限会社　ケーアイ調剤薬局西餅田店【5:薬局】鹿児島県姶良市西餠田１０６番地６号" }, "geometry": { "type": "Point", "coordinates": [ 130.629112, 31.736117 ] } },
{ "type": "Feature", "properties": { "ID": 46553372, "正式名称": "かれん薬局", "機関区分": 5, "都道府県コード": 46, "市区町村コード": 225, "所在地": "鹿児島県姶良市西餠田１３４８ー４", "緯度": 31.739564, "経度": 130.626252, "url": "https://www.iryou.teikyouseido.mhlw.go.jp/znk-web/juminkanja/S2430/initialize?prefCd=46&kikanCd=53372&kikanKbn=5", "url2": "https://sansei-ph.jp", "内容": "かれん薬局【5:薬局】鹿児島県姶良市西餠田１３４８ー４" }, "geometry": { "type": "Point", "coordinates": [ 130.626252, 31.739564 ] } },
{ "type": "Feature", "properties": { "ID": 46553374, "正式名称": "さくら薬局", "機関区分": 5, "都道府県コード": 46, "市区町村コード": 468, "所在地": "鹿児島県曽於郡大崎町永吉８２９７番地１３", "緯度": 31.405346, "経度": 130.979764, "url": "https://www.iryou.teikyouseido.mhlw.go.jp/znk-web/juminkanja/S2430/initialize?prefCd=46&kikanCd=53374&kikanKbn=5", "url2": "kraft-net.co.jp", "内容": "さくら薬局【5:薬局】鹿児島県曽於郡大崎町永吉８２９７番地１３" }, "geometry": { "type": "Point", "coordinates": [ 130.979764, 31.405346 ] } },
{ "type": "Feature", "properties": { "ID": 46553376, "正式名称": "すず調剤薬局", "機関区分": 5, "都道府県コード": 46, "市区町村コード": 215, "所在地": "鹿児島県薩摩川内市東開聞町１３ー４", "緯度": 31.818115, "経度": 130.303462, "url": "https://www.iryou.teikyouseido.mhlw.go.jp/znk-web/juminkanja/S2430/initialize?prefCd=46&kikanCd=53376&kikanKbn=5", "url2": "https://fandf-pharmacy.jimdofree.com/", "内容": "すず調剤薬局【5:薬局】鹿児島県薩摩川内市東開聞町１３ー４" }, "geometry": { "type": "Point", "coordinates": [ 130.303462, 31.818115 ] } },
{ "type": "Feature", "properties": { "ID": 46553388, "正式名称": "吾平中央薬局", "機関区分": 5, "都道府県コード": 46, "市区町村コード": 203, "所在地": "鹿児島県鹿屋市吾平町上名７６８２番地４", "緯度": 31.327434, "経度": 130.89782, "url": "https://www.iryou.teikyouseido.mhlw.go.jp/znk-web/juminkanja/S2430/initialize?prefCd=46&kikanCd=53388&kikanKbn=5", "url2": "http://kotobuki8.jp", "内容": "吾平中央薬局【5:薬局】鹿児島県鹿屋市吾平町上名７６８２番地４" }, "geometry": { "type": "Point", "coordinates": [ 130.89782, 31.327434 ] } },
{ "type": "Feature", "properties": { "ID": 46553391, "正式名称": "かりん薬局", "機関区分": 5, "都道府県コード": 46, "市区町村コード": 208, "所在地": "鹿児島県出水市向江町１２番３８号", "緯度": 32.076469, "経度": 130.351781, "url": "https://www.iryou.teikyouseido.mhlw.go.jp/znk-web/juminkanja/S2430/initialize?prefCd=46&kikanCd=53391&kikanKbn=5", "url2": "http://www.medicalnet-g.com/", "内容": "かりん薬局【5:薬局】鹿児島県出水市向江町１２番３８号" }, "geometry": { "type": "Point", "coordinates": [ 130.351781, 32.076469 ] } },
{ "type": "Feature", "properties": { "ID": 46553394, "正式名称": "とざか薬局　隼人店", "機関区分": 5, "都道府県コード": 46, "市区町村コード": 218, "所在地": "鹿児島県霧島市隼人町真孝１００１－１", "緯度": 31.729446, "経度": 130.7325, "url": "https://www.iryou.teikyouseido.mhlw.go.jp/znk-web/juminkanja/S2430/initialize?prefCd=46&kikanCd=53394&kikanKbn=5", "url2": "http://www.minc.ne.jp/~tozaka", "内容": "とざか薬局　隼人店【5:薬局】鹿児島県霧島市隼人町真孝１００１－１" }, "geometry": { "type": "Point", "coordinates": [ 130.7325, 31.729446 ] } },
{ "type": "Feature", "properties": { "ID": 46553396, "正式名称": "かしま薬局", "機関区分": 5, "都道府県コード": 46, "市区町村コード": 208, "所在地": "鹿児島県出水市平和町２０番２", "緯度": 32.089161, "経度": 130.3309, "url": "https://www.iryou.teikyouseido.mhlw.go.jp/znk-web/juminkanja/S2430/initialize?prefCd=46&kikanCd=53396&kikanKbn=5", "url2": null, "内容": "かしま薬局【5:薬局】鹿児島県出水市平和町２０番２" }, "geometry": { "type": "Point", "coordinates": [ 130.3309, 32.089161 ] } },
{ "type": "Feature", "properties": { "ID": 46553403, "正式名称": "わたせ薬局", "機関区分": 5, "都道府県コード": 46, "市区町村コード": 210, "所在地": "鹿児島県指宿市十町１３８２－６", "緯度": 31.248991, "経度": 130.640072, "url": "https://www.iryou.teikyouseido.mhlw.go.jp/znk-web/juminkanja/S2430/initialize?prefCd=46&kikanCd=53403&kikanKbn=5", "url2": null, "内容": "わたせ薬局【5:薬局】鹿児島県指宿市十町１３８２－６" }, "geometry": { "type": "Point", "coordinates": [ 130.640072, 31.248991 ] } },
{ "type": "Feature", "properties": { "ID": 46553409, "正式名称": "有限会社　武田調剤薬局", "機関区分": 5, "都道府県コード": 46, "市区町村コード": 220, "所在地": "鹿児島県南さつま市加世田東本町３２番地１４", "緯度": 31.417581, "経度": 130.328073, "url": "https://www.iryou.teikyouseido.mhlw.go.jp/znk-web/juminkanja/S2430/initialize?prefCd=46&kikanCd=53409&kikanKbn=5", "url2": null, "内容": "有限会社　武田調剤薬局【5:薬局】鹿児島県南さつま市加世田東本町３２番地１４" }, "geometry": { "type": "Point", "coordinates": [ 130.328073, 31.417581 ] } },
{ "type": "Feature", "properties": { "ID": 46553412, "正式名称": "かもめ薬局", "機関区分": 5, "都道府県コード": 46, "市区町村コード": 204, "所在地": "鹿児島県枕崎市港町１１７番地", "緯度": 31.268087, "経度": 130.298152, "url": "https://www.iryou.teikyouseido.mhlw.go.jp/znk-web/juminkanja/S2430/initialize?prefCd=46&kikanCd=53412&kikanKbn=5", "url2": "http://www.medicalnet-g.com/", "内容": "かもめ薬局【5:薬局】鹿児島県枕崎市港町１１７番地" }, "geometry": { "type": "Point", "coordinates": [ 130.298152, 31.268087 ] } },
{ "type": "Feature", "properties": { "ID": 46553418, "正式名称": "のぞみ薬局", "機関区分": 5, "都道府県コード": 46, "市区町村コード": 213, "所在地": "鹿児島県西之表市西之表７４６８－３", "緯度": 30.735729, "経度": 130.998776, "url": "https://www.iryou.teikyouseido.mhlw.go.jp/znk-web/juminkanja/S2430/initialize?prefCd=46&kikanCd=53418&kikanKbn=5", "url2": "https://nozomi-tanegashima.com", "内容": "のぞみ薬局【5:薬局】鹿児島県西之表市西之表７４６８－３" }, "geometry": { "type": "Point", "coordinates": [ 130.998776, 30.735729 ] } },
{ "type": "Feature", "properties": { "ID": 46553419, "正式名称": "マリン薬局", "機関区分": 5, "都道府県コード": 46, "市区町村コード": 208, "所在地": "鹿児島県出水市平和町３３５番２", "緯度": 32.081897, "経度": 130.324076, "url": "https://www.iryou.teikyouseido.mhlw.go.jp/znk-web/juminkanja/S2430/initialize?prefCd=46&kikanCd=53419&kikanKbn=5", "url2": "https://store.qol-net.co.jp/detail/1171/", "内容": "マリン薬局【5:薬局】鹿児島県出水市平和町３３５番２" }, "geometry": { "type": "Point", "coordinates": [ 130.324076, 32.081897 ] } },
{ "type": "Feature", "properties": { "ID": 46553421, "正式名称": "わかさ薬局", "機関区分": 5, "都道府県コード": 46, "市区町村コード": 215, "所在地": "鹿児島県薩摩川内市若葉町３番６号", "緯度": 31.821761, "経度": 130.301214, "url": "https://www.iryou.teikyouseido.mhlw.go.jp/znk-web/juminkanja/S2430/initialize?prefCd=46&kikanCd=53421&kikanKbn=5", "url2": null, "内容": "わかさ薬局【5:薬局】鹿児島県薩摩川内市若葉町３番６号" }, "geometry": { "type": "Point", "coordinates": [ 130.301214, 31.821761 ] } },
{ "type": "Feature", "properties": { "ID": 46553425, "正式名称": "つつじ薬局", "機関区分": 5, "都道府県コード": 46, "市区町村コード": 203, "所在地": "鹿児島県鹿屋市串良町有里７番地３", "緯度": 31.396102, "経度": 130.956336, "url": "https://www.iryou.teikyouseido.mhlw.go.jp/znk-web/juminkanja/S2430/initialize?prefCd=46&kikanCd=53425&kikanKbn=5", "url2": "http://yoshishige-g.com/", "内容": "つつじ薬局【5:薬局】鹿児島県鹿屋市串良町有里７番地３" }, "geometry": { "type": "Point", "coordinates": [ 130.956336, 31.396102 ] } },
{ "type": "Feature", "properties": { "ID": 46553431, "正式名称": "ひろ薬局", "機関区分": 5, "都道府県コード": 46, "市区町村コード": 222, "所在地": "鹿児島県奄美市名瀬末広町１８番２５号　グランセ末広ビル３Ｆ", "緯度": 28.378307, "経度": 129.495173, "url": "https://www.iryou.teikyouseido.mhlw.go.jp/znk-web/juminkanja/S2430/initialize?prefCd=46&kikanCd=53431&kikanKbn=5", "url2": null, "内容": "ひろ薬局【5:薬局】鹿児島県奄美市名瀬末広町１８番２５号　グランセ末広ビル３Ｆ" }, "geometry": { "type": "Point", "coordinates": [ 129.495173, 28.378307 ] } },
{ "type": "Feature", "properties": { "ID": 46553433, "正式名称": "城田薬局", "機関区分": 5, "都道府県コード": 46, "市区町村コード": 224, "所在地": "鹿児島県伊佐市大口大田１２５４番地６", "緯度": 32.079671, "経度": 130.599738, "url": "https://www.iryou.teikyouseido.mhlw.go.jp/znk-web/juminkanja/S2430/initialize?prefCd=46&kikanCd=53433&kikanKbn=5", "url2": null, "内容": "城田薬局【5:薬局】鹿児島県伊佐市大口大田１２５４番地６" }, "geometry": { "type": "Point", "coordinates": [ 130.599738, 32.079671 ] } },
{ "type": "Feature", "properties": { "ID": 46553435, "正式名称": "なぎさ薬局", "機関区分": 5, "都道府県コード": 46, "市区町村コード": 220, "所在地": "鹿児島県南さつま市金峰町池辺２８３１", "緯度": 31.468548, "経度": 130.345046, "url": "https://www.iryou.teikyouseido.mhlw.go.jp/znk-web/juminkanja/S2430/initialize?prefCd=46&kikanCd=53435&kikanKbn=5", "url2": "http://www.medicalnet-g.com", "内容": "なぎさ薬局【5:薬局】鹿児島県南さつま市金峰町池辺２８３１" }, "geometry": { "type": "Point", "coordinates": [ 130.345046, 31.468548 ] } },
{ "type": "Feature", "properties": { "ID": 46553436, "正式名称": "とも調剤薬局", "機関区分": 5, "都道府県コード": 46, "市区町村コード": 216, "所在地": "鹿児島県日置市吹上町湯之浦２３５１番地", "緯度": 31.502883, "経度": 130.360103, "url": "https://www.iryou.teikyouseido.mhlw.go.jp/znk-web/juminkanja/S2430/initialize?prefCd=46&kikanCd=53436&kikanKbn=5", "url2": "https://tomo-pharmacy.jp/", "内容": "とも調剤薬局【5:薬局】鹿児島県日置市吹上町湯之浦２３５１番地" }, "geometry": { "type": "Point", "coordinates": [ 130.360103, 31.502883 ] } },
{ "type": "Feature", "properties": { "ID": 46553439, "正式名称": "野田調剤薬局", "機関区分": 5, "都道府県コード": 46, "市区町村コード": 203, "所在地": "鹿児島県鹿屋市札元一丁目６番２０号", "緯度": 31.395686, "経度": 130.86749, "url": "https://www.iryou.teikyouseido.mhlw.go.jp/znk-web/juminkanja/S2430/initialize?prefCd=46&kikanCd=53439&kikanKbn=5", "url2": null, "内容": "野田調剤薬局【5:薬局】鹿児島県鹿屋市札元一丁目６番２０号" }, "geometry": { "type": "Point", "coordinates": [ 130.86749, 31.395686 ] } },
{ "type": "Feature", "properties": { "ID": 46553440, "正式名称": "水引薬局", "機関区分": 5, "都道府県コード": 46, "市区町村コード": 215, "所在地": "鹿児島県薩摩川内市水引町７６１５番２２", "緯度": 31.854523, "経度": 130.234591, "url": "https://www.iryou.teikyouseido.mhlw.go.jp/znk-web/juminkanja/S2430/initialize?prefCd=46&kikanCd=53440&kikanKbn=5", "url2": "https://fandf-pharmacy.jimdofree.com/", "内容": "水引薬局【5:薬局】鹿児島県薩摩川内市水引町７６１５番２２" }, "geometry": { "type": "Point", "coordinates": [ 130.234591, 31.854523 ] } },
{ "type": "Feature", "properties": { "ID": 46553446, "正式名称": "ほんまち薬局", "機関区分": 5, "都道府県コード": 46, "市区町村コード": 216, "所在地": "鹿児島県日置市吹上町中原２６１１－１", "緯度": 31.508604, "経度": 130.347507, "url": "https://www.iryou.teikyouseido.mhlw.go.jp/znk-web/juminkanja/S2430/initialize?prefCd=46&kikanCd=53446&kikanKbn=5", "url2": "medi-f.com", "内容": "ほんまち薬局【5:薬局】鹿児島県日置市吹上町中原２６１１－１" }, "geometry": { "type": "Point", "coordinates": [ 130.347507, 31.508604 ] } },
{ "type": "Feature", "properties": { "ID": 46553447, "正式名称": "阪神調剤薬局　ひよし店", "機関区分": 5, "都道府県コード": 46, "市区町村コード": 216, "所在地": "鹿児島県日置市日吉町日置１１５２－１", "緯度": 31.594719, "経度": 130.343536, "url": "https://www.iryou.teikyouseido.mhlw.go.jp/znk-web/juminkanja/S2430/initialize?prefCd=46&kikanCd=53447&kikanKbn=5", "url2": "https://i-h-inc.co.jp/hanshin-dp/", "内容": "阪神調剤薬局　ひよし店【5:薬局】鹿児島県日置市日吉町日置１１５２－１" }, "geometry": { "type": "Point", "coordinates": [ 130.343536, 31.594719 ] } },
{ "type": "Feature", "properties": { "ID": 46553458, "正式名称": "ふれんど薬局", "機関区分": 5, "都道府県コード": 46, "市区町村コード": 225, "所在地": "鹿児島県姶良市加治木町新生町１３０番地３", "緯度": 31.741433, "経度": 130.657189, "url": "https://www.iryou.teikyouseido.mhlw.go.jp/znk-web/juminkanja/S2430/initialize?prefCd=46&kikanCd=53458&kikanKbn=5", "url2": "https://www.friendsmedical.jp/", "内容": "ふれんど薬局【5:薬局】鹿児島県姶良市加治木町新生町１３０番地３" }, "geometry": { "type": "Point", "coordinates": [ 130.657189, 31.741433 ] } },
{ "type": "Feature", "properties": { "ID": 46553465, "正式名称": "さのさ調剤薬局", "機関区分": 5, "都道府県コード": 46, "市区町村コード": 219, "所在地": "鹿児島県いちき串木野市中尾町７５番地", "緯度": 31.716485, "経度": 130.268636, "url": "https://www.iryou.teikyouseido.mhlw.go.jp/znk-web/juminkanja/S2430/initialize?prefCd=46&kikanCd=53465&kikanKbn=5", "url2": "http://nangokutk-ph.jp/", "内容": "さのさ調剤薬局【5:薬局】鹿児島県いちき串木野市中尾町７５番地" }, "geometry": { "type": "Point", "coordinates": [ 130.268636, 31.716485 ] } },
{ "type": "Feature", "properties": { "ID": 46553479, "正式名称": "村原薬局", "機関区分": 5, "都道府県コード": 46, "市区町村コード": 220, "所在地": "鹿児島県南さつま市加世田村原一丁目７番地８", "緯度": 31.421369, "経度": 130.326269, "url": "https://www.iryou.teikyouseido.mhlw.go.jp/znk-web/juminkanja/S2430/initialize?prefCd=46&kikanCd=53479&kikanKbn=5", "url2": null, "内容": "村原薬局【5:薬局】鹿児島県南さつま市加世田村原一丁目７番地８" }, "geometry": { "type": "Point", "coordinates": [ 130.326269, 31.421369 ] } },
{ "type": "Feature", "properties": { "ID": 46553483, "正式名称": "田布施薬局", "機関区分": 5, "都道府県コード": 46, "市区町村コード": 220, "所在地": "鹿児島県南さつま市金峰町尾下２７４５番地１", "緯度": 31.458924, "経度": 130.345232, "url": "https://www.iryou.teikyouseido.mhlw.go.jp/znk-web/juminkanja/S2430/initialize?prefCd=46&kikanCd=53483&kikanKbn=5", "url2": null, "内容": "田布施薬局【5:薬局】鹿児島県南さつま市金峰町尾下２７４５番地１" }, "geometry": { "type": "Point", "coordinates": [ 130.345232, 31.458924 ] } },
{ "type": "Feature", "properties": { "ID": 46553491, "正式名称": "有限会社ケーアイ調剤薬局　　伊集院店", "機関区分": 5, "都道府県コード": 46, "市区町村コード": 216, "所在地": "鹿児島県日置市伊集院町徳重三丁目１番地５", "緯度": 31.632484, "経度": 130.398171, "url": "https://www.iryou.teikyouseido.mhlw.go.jp/znk-web/juminkanja/S2430/initialize?prefCd=46&kikanCd=53491&kikanKbn=5", "url2": "https://www.qol-net.co.jp/", "内容": "有限会社ケーアイ調剤薬局　　伊集院店【5:薬局】鹿児島県日置市伊集院町徳重三丁目１番地５" }, "geometry": { "type": "Point", "coordinates": [ 130.398171, 31.632484 ] } },
{ "type": "Feature", "properties": { "ID": 46553492, "正式名称": "安楽薬局", "機関区分": 5, "都道府県コード": 46, "市区町村コード": 221, "所在地": "鹿児島県志布志市志布志町安楽５２番地５", "緯度": 31.47154, "経度": 131.089838, "url": "https://www.iryou.teikyouseido.mhlw.go.jp/znk-web/juminkanja/S2430/initialize?prefCd=46&kikanCd=53492&kikanKbn=5", "url2": null, "内容": "安楽薬局【5:薬局】鹿児島県志布志市志布志町安楽５２番地５" }, "geometry": { "type": "Point", "coordinates": [ 131.089838, 31.47154 ] } },
{ "type": "Feature", "properties": { "ID": 46553495, "正式名称": "伊集院調剤薬局", "機関区分": 5, "都道府県コード": 46, "市区町村コード": 216, "所在地": "鹿児島県日置市伊集院町徳重２―７―１中原１０２号", "緯度": 31.630244, "経度": 130.400056, "url": "https://www.iryou.teikyouseido.mhlw.go.jp/znk-web/juminkanja/S2430/initialize?prefCd=46&kikanCd=53495&kikanKbn=5", "url2": "ijuin-pharmacy.com", "内容": "伊集院調剤薬局【5:薬局】鹿児島県日置市伊集院町徳重２―７―１中原１０２号" }, "geometry": { "type": "Point", "coordinates": [ 130.400056, 31.630244 ] } },
{ "type": "Feature", "properties": { "ID": 46553496, "正式名称": "南部調剤薬局", "機関区分": 5, "都道府県コード": 46, "市区町村コード": 525, "所在地": "鹿児島県大島郡瀬戸内町阿木名１９７５番地", "緯度": 28.170589, "経度": 129.335728, "url": "https://www.iryou.teikyouseido.mhlw.go.jp/znk-web/juminkanja/S2430/initialize?prefCd=46&kikanCd=53496&kikanKbn=5", "url2": "http://www.kenko.company", "内容": "南部調剤薬局【5:薬局】鹿児島県大島郡瀬戸内町阿木名１９７５番地" }, "geometry": { "type": "Point", "coordinates": [ 129.335728, 28.170589 ] } },
{ "type": "Feature", "properties": { "ID": 46553497, "正式名称": "垂水市民薬局", "機関区分": 5, "都道府県コード": 46, "市区町村コード": 214, "所在地": "鹿児島県垂水市錦江町１番１３５", "緯度": 31.490082, "経度": 130.695039, "url": "https://www.iryou.teikyouseido.mhlw.go.jp/znk-web/juminkanja/S2430/initialize?prefCd=46&kikanCd=53497&kikanKbn=5", "url2": null, "内容": "垂水市民薬局【5:薬局】鹿児島県垂水市錦江町１番１３５" }, "geometry": { "type": "Point", "coordinates": [ 130.695039, 31.490082 ] } },
{ "type": "Feature", "properties": { "ID": 46553506, "正式名称": "ピッコロ調剤薬局", "機関区分": 5, "都道府県コード": 46, "市区町村コード": 225, "所在地": "鹿児島県姶良市平松４７４５番地３", "緯度": 31.712838, "経度": 130.602968, "url": "https://www.iryou.teikyouseido.mhlw.go.jp/znk-web/juminkanja/S2430/initialize?prefCd=46&kikanCd=53506&kikanKbn=5", "url2": "https://www.satispharma.com", "内容": "ピッコロ調剤薬局【5:薬局】鹿児島県姶良市平松４７４５番地３" }, "geometry": { "type": "Point", "coordinates": [ 130.602968, 31.712838 ] } },
{ "type": "Feature", "properties": { "ID": 46553513, "正式名称": "知覧平和薬局", "機関区分": 5, "都道府県コード": 46, "市区町村コード": 223, "所在地": "鹿児島県南九州市知覧町郡１７８１０番地３", "緯度": 31.360208, "経度": 130.432133, "url": "https://www.iryou.teikyouseido.mhlw.go.jp/znk-web/juminkanja/S2430/initialize?prefCd=46&kikanCd=53513&kikanKbn=5", "url2": "https://www.e-classa.net/peace-of-mind/group.html", "内容": "知覧平和薬局【5:薬局】鹿児島県南九州市知覧町郡１７８１０番地３" }, "geometry": { "type": "Point", "coordinates": [ 130.432133, 31.360208 ] } },
{ "type": "Feature", "properties": { "ID": 46553521, "正式名称": "坊津薬局", "機関区分": 5, "都道府県コード": 46, "市区町村コード": 220, "所在地": "鹿児島県南さつま市坊津町泊２６番地２", "緯度": 31.276032, "経度": 130.224871, "url": "https://www.iryou.teikyouseido.mhlw.go.jp/znk-web/juminkanja/S2430/initialize?prefCd=46&kikanCd=53521&kikanKbn=5", "url2": null, "内容": "坊津薬局【5:薬局】鹿児島県南さつま市坊津町泊２６番地２" }, "geometry": { "type": "Point", "coordinates": [ 130.224871, 31.276032 ] } },
{ "type": "Feature", "properties": { "ID": 46553523, "正式名称": "イルカ調剤薬局　国分店", "機関区分": 5, "都道府県コード": 46, "市区町村コード": 218, "所在地": "鹿児島県霧島市国分向花１１２－１", "緯度": 31.75994, "経度": 130.775659, "url": "https://www.iryou.teikyouseido.mhlw.go.jp/znk-web/juminkanja/S2430/initialize?prefCd=46&kikanCd=53523&kikanKbn=5", "url2": "https://www.iruka-pharmacy.com/", "内容": "イルカ調剤薬局　国分店【5:薬局】鹿児島県霧島市国分向花１１２－１" }, "geometry": { "type": "Point", "coordinates": [ 130.775659, 31.75994 ] } },
{ "type": "Feature", "properties": { "ID": 46553535, "正式名称": "そうごう薬局　　出水店", "機関区分": 5, "都道府県コード": 46, "市区町村コード": 208, "所在地": "鹿児島県出水市明神町４８２", "緯度": 32.115378, "経度": 130.336425, "url": "https://www.iryou.teikyouseido.mhlw.go.jp/znk-web/juminkanja/S2430/initialize?prefCd=46&kikanCd=53535&kikanKbn=5", "url2": "http://www.sogo-medical.co.jp/index.html", "内容": "そうごう薬局　　出水店【5:薬局】鹿児島県出水市明神町４８２" }, "geometry": { "type": "Point", "coordinates": [ 130.336425, 32.115378 ] } },
{ "type": "Feature", "properties": { "ID": 46553544, "正式名称": "フロム薬局", "機関区分": 5, "都道府県コード": 46, "市区町村コード": 218, "所在地": "鹿児島県霧島市隼人町真孝１０１３番６", "緯度": 31.727237, "経度": 130.731123, "url": "https://www.iryou.teikyouseido.mhlw.go.jp/znk-web/juminkanja/S2430/initialize?prefCd=46&kikanCd=53544&kikanKbn=5", "url2": null, "内容": "フロム薬局【5:薬局】鹿児島県霧島市隼人町真孝１０１３番６" }, "geometry": { "type": "Point", "coordinates": [ 130.731123, 31.727237 ] } },
{ "type": "Feature", "properties": { "ID": 46553549, "正式名称": "出水郡薬剤師会　会営薬局", "機関区分": 5, "都道府県コード": 46, "市区町村コード": 208, "所在地": "鹿児島県出水市明神町５３７番地", "緯度": 32.115374, "経度": 130.336316, "url": "https://www.iryou.teikyouseido.mhlw.go.jp/znk-web/juminkanja/S2430/initialize?prefCd=46&kikanCd=53549&kikanKbn=5", "url2": "http://izumikaiei.sakura.ne.jp", "内容": "出水郡薬剤師会　会営薬局【5:薬局】鹿児島県出水市明神町５３７番地" }, "geometry": { "type": "Point", "coordinates": [ 130.336316, 32.115374 ] } },
{ "type": "Feature", "properties": { "ID": 46553566, "正式名称": "やまだ薬局", "機関区分": 5, "都道府県コード": 46, "市区町村コード": 392, "所在地": "鹿児島県薩摩郡さつま町宮之城屋地１３７８番地１", "緯度": 31.897772, "経度": 130.453886, "url": "https://www.iryou.teikyouseido.mhlw.go.jp/znk-web/juminkanja/S2430/initialize?prefCd=46&kikanCd=53566&kikanKbn=5", "url2": "https://three-pc.co.jp", "内容": "やまだ薬局【5:薬局】鹿児島県薩摩郡さつま町宮之城屋地１３７８番地１" }, "geometry": { "type": "Point", "coordinates": [ 130.453886, 31.897772 ] } },
{ "type": "Feature", "properties": { "ID": 46553574, "正式名称": "いろは薬局", "機関区分": 5, "都道府県コード": 46, "市区町村コード": 220, "所在地": "鹿児島県南さつま市加世田東本町９番地３", "緯度": 31.419215, "経度": 130.324883, "url": "https://www.iryou.teikyouseido.mhlw.go.jp/znk-web/juminkanja/S2430/initialize?prefCd=46&kikanCd=53574&kikanKbn=5", "url2": null, "内容": "いろは薬局【5:薬局】鹿児島県南さつま市加世田東本町９番地３" }, "geometry": { "type": "Point", "coordinates": [ 130.324883, 31.419215 ] } },
{ "type": "Feature", "properties": { "ID": 46553575, "正式名称": "イルカ調剤薬局　姶良店", "機関区分": 5, "都道府県コード": 46, "市区町村コード": 225, "所在地": "鹿児島県姶良市西餠田３５５４－１１", "緯度": 31.714742, "経度": 130.621692, "url": "https://www.iryou.teikyouseido.mhlw.go.jp/znk-web/juminkanja/S2430/initialize?prefCd=46&kikanCd=53575&kikanKbn=5", "url2": "https://www.iruka-pharmacy.com", "内容": "イルカ調剤薬局　姶良店【5:薬局】鹿児島県姶良市西餠田３５５４－１１" }, "geometry": { "type": "Point", "coordinates": [ 130.621692, 31.714742 ] } },
{ "type": "Feature", "properties": { "ID": 46553577, "正式名称": "タック調剤薬局", "機関区分": 5, "都道府県コード": 46, "市区町村コード": 220, "所在地": "鹿児島県南さつま市加世田村原二丁目３番１", "緯度": 31.422633, "経度": 130.326996, "url": "https://www.iryou.teikyouseido.mhlw.go.jp/znk-web/juminkanja/S2430/initialize?prefCd=46&kikanCd=53577&kikanKbn=5", "url2": null, "内容": "タック調剤薬局【5:薬局】鹿児島県南さつま市加世田村原二丁目３番１" }, "geometry": { "type": "Point", "coordinates": [ 130.326996, 31.422633 ] } },
{ "type": "Feature", "properties": { "ID": 46553593, "正式名称": "三愛調剤薬局　　徳之島支店", "機関区分": 5, "都道府県コード": 46, "市区町村コード": 530, "所在地": "鹿児島県大島郡徳之島町亀津字藏越８５２番３", "緯度": 27.733189, "経度": 129.017555, "url": "https://www.iryou.teikyouseido.mhlw.go.jp/znk-web/juminkanja/S2430/initialize?prefCd=46&kikanCd=53593&kikanKbn=5", "url2": null, "内容": "三愛調剤薬局　　徳之島支店【5:薬局】鹿児島県大島郡徳之島町亀津字藏越８５２番３" }, "geometry": { "type": "Point", "coordinates": [ 129.017555, 27.733189 ] } },
{ "type": "Feature", "properties": { "ID": 46553595, "正式名称": "フジ薬局", "機関区分": 5, "都道府県コード": 46, "市区町村コード": 223, "所在地": "鹿児島県南九州市川辺町田部田４８８９番地３", "緯度": 31.386164, "経度": 130.389313, "url": "https://www.iryou.teikyouseido.mhlw.go.jp/znk-web/juminkanja/S2430/initialize?prefCd=46&kikanCd=53595&kikanKbn=5", "url2": null, "内容": "フジ薬局【5:薬局】鹿児島県南九州市川辺町田部田４８８９番地３" }, "geometry": { "type": "Point", "coordinates": [ 130.389313, 31.386164 ] } },
{ "type": "Feature", "properties": { "ID": 46553616, "正式名称": "ｍｙ薬局あいら", "機関区分": 5, "都道府県コード": 46, "市区町村コード": 225, "所在地": "鹿児島県姶良市西餠田９４０番地５", "緯度": 31.729329, "経度": 130.619528, "url": "https://www.iryou.teikyouseido.mhlw.go.jp/znk-web/juminkanja/S2430/initialize?prefCd=46&kikanCd=53616&kikanKbn=5", "url2": "https://www.mypharmacy-group.com/my-pharmacy-aira", "内容": "ｍｙ薬局あいら【5:薬局】鹿児島県姶良市西餠田９４０番地５" }, "geometry": { "type": "Point", "coordinates": [ 130.619528, 31.729329 ] } },
{ "type": "Feature", "properties": { "ID": 46553620, "正式名称": "さわやか薬局", "機関区分": 5, "都道府県コード": 46, "市区町村コード": 225, "所在地": "鹿児島県姶良市平松２８４１番１", "緯度": 31.720967, "経度": 130.612222, "url": "https://www.iryou.teikyouseido.mhlw.go.jp/znk-web/juminkanja/S2430/initialize?prefCd=46&kikanCd=53620&kikanKbn=5", "url2": "https://tomato-p.com/", "内容": "さわやか薬局【5:薬局】鹿児島県姶良市平松２８４１番１" }, "geometry": { "type": "Point", "coordinates": [ 130.612222, 31.720967 ] } },
{ "type": "Feature", "properties": { "ID": 46553621, "正式名称": "あさひ薬局", "機関区分": 5, "都道府県コード": 46, "市区町村コード": 203, "所在地": "鹿児島県鹿屋市寿五丁目２番３９－１号", "緯度": 31.384544, "経度": 130.858522, "url": "https://www.iryou.teikyouseido.mhlw.go.jp/znk-web/juminkanja/S2430/initialize?prefCd=46&kikanCd=53621&kikanKbn=5", "url2": null, "内容": "あさひ薬局【5:薬局】鹿児島県鹿屋市寿五丁目２番３９－１号" }, "geometry": { "type": "Point", "coordinates": [ 130.858522, 31.384544 ] } },
{ "type": "Feature", "properties": { "ID": 46553623, "正式名称": "つばき薬局", "機関区分": 5, "都道府県コード": 46, "市区町村コード": 204, "所在地": "鹿児島県枕崎市日之出町２２２番地", "緯度": 31.271614, "経度": 130.303365, "url": "https://www.iryou.teikyouseido.mhlw.go.jp/znk-web/juminkanja/S2430/initialize?prefCd=46&kikanCd=53623&kikanKbn=5", "url2": "https://www.e-classa.net/tsubaki-222/index.html", "内容": "つばき薬局【5:薬局】鹿児島県枕崎市日之出町２２２番地" }, "geometry": { "type": "Point", "coordinates": [ 130.303365, 31.271614 ] } },
{ "type": "Feature", "properties": { "ID": 46553626, "正式名称": "ぎんざ薬局", "機関区分": 5, "都道府県コード": 46, "市区町村コード": 392, "所在地": "鹿児島県薩摩郡さつま町広瀬６６８ー３", "緯度": 31.920402, "経度": 130.485948, "url": "https://www.iryou.teikyouseido.mhlw.go.jp/znk-web/juminkanja/S2430/initialize?prefCd=46&kikanCd=53626&kikanKbn=5", "url2": null, "内容": "ぎんざ薬局【5:薬局】鹿児島県薩摩郡さつま町広瀬６６８ー３" }, "geometry": { "type": "Point", "coordinates": [ 130.485948, 31.920402 ] } },
{ "type": "Feature", "properties": { "ID": 46553628, "正式名称": "ぶどうの木調剤薬局", "機関区分": 5, "都道府県コード": 46, "市区町村コード": 225, "所在地": "鹿児島県姶良市加治木町木田１９５７番地２号", "緯度": 31.731792, "経度": 130.644394, "url": "https://www.iryou.teikyouseido.mhlw.go.jp/znk-web/juminkanja/S2430/initialize?prefCd=46&kikanCd=53628&kikanKbn=5", "url2": "https://budounoki-ph.com/", "内容": "ぶどうの木調剤薬局【5:薬局】鹿児島県姶良市加治木町木田１９５７番地２号" }, "geometry": { "type": "Point", "coordinates": [ 130.644394, 31.731792 ] } },
{ "type": "Feature", "properties": { "ID": 46553629, "正式名称": "有限会社　ひなた調剤薬局", "機関区分": 5, "都道府県コード": 46, "市区町村コード": 218, "所在地": "鹿児島県霧島市隼人町東郷一丁目２８１", "緯度": 31.772992, "経度": 130.758322, "url": "https://www.iryou.teikyouseido.mhlw.go.jp/znk-web/juminkanja/S2430/initialize?prefCd=46&kikanCd=53629&kikanKbn=5", "url2": null, "内容": "有限会社　ひなた調剤薬局【5:薬局】鹿児島県霧島市隼人町東郷一丁目２８１" }, "geometry": { "type": "Point", "coordinates": [ 130.758322, 31.772992 ] } },
{ "type": "Feature", "properties": { "ID": 46553630, "正式名称": "すみれ薬局", "機関区分": 5, "都道府県コード": 46, "市区町村コード": 218, "所在地": "鹿児島県霧島市国分新町１丁目６番５２－７号", "緯度": 31.750569, "経度": 130.760781, "url": "https://www.iryou.teikyouseido.mhlw.go.jp/znk-web/juminkanja/S2430/initialize?prefCd=46&kikanCd=53630&kikanKbn=5", "url2": null, "内容": "すみれ薬局【5:薬局】鹿児島県霧島市国分新町１丁目６番５２－７号" }, "geometry": { "type": "Point", "coordinates": [ 130.760781, 31.750569 ] } },
{ "type": "Feature", "properties": { "ID": 46553632, "正式名称": "つばさ薬局", "機関区分": 5, "都道府県コード": 46, "市区町村コード": 505, "所在地": "鹿児島県熊毛郡屋久島町安房４１０－２１４", "緯度": 30.319181, "経度": 130.657801, "url": "https://www.iryou.teikyouseido.mhlw.go.jp/znk-web/juminkanja/S2430/initialize?prefCd=46&kikanCd=53632&kikanKbn=5", "url2": null, "内容": "つばさ薬局【5:薬局】鹿児島県熊毛郡屋久島町安房４１０－２１４" }, "geometry": { "type": "Point", "coordinates": [ 130.657801, 30.319181 ] } },
{ "type": "Feature", "properties": { "ID": 46553633, "正式名称": "アイン薬局　霧島隼人店", "機関区分": 5, "都道府県コード": 46, "市区町村コード": 218, "所在地": "鹿児島県霧島市隼人町松永３３０６－１５", "緯度": 31.778389, "経度": 130.764103, "url": "https://www.iryou.teikyouseido.mhlw.go.jp/znk-web/juminkanja/S2430/initialize?prefCd=46&kikanCd=53633&kikanKbn=5", "url2": "https://store.ainj.co.jp/detail/1101589/", "内容": "アイン薬局　霧島隼人店【5:薬局】鹿児島県霧島市隼人町松永３３０６－１５" }, "geometry": { "type": "Point", "coordinates": [ 130.764103, 31.778389 ] } },
{ "type": "Feature", "properties": { "ID": 46553650, "正式名称": "ひかり薬局", "機関区分": 5, "都道府県コード": 46, "市区町村コード": 225, "所在地": "鹿児島県姶良市加治木町本町２４９番地３", "緯度": 31.737887, "経度": 130.662693, "url": "https://www.iryou.teikyouseido.mhlw.go.jp/znk-web/juminkanja/S2430/initialize?prefCd=46&kikanCd=53650&kikanKbn=5", "url2": null, "内容": "ひかり薬局【5:薬局】鹿児島県姶良市加治木町本町２４９番地３" }, "geometry": { "type": "Point", "coordinates": [ 130.662693, 31.737887 ] } },
{ "type": "Feature", "properties": { "ID": 46553654, "正式名称": "へとの調剤薬局", "機関区分": 5, "都道府県コード": 46, "市区町村コード": 531, "所在地": "鹿児島県大島郡天城町天城字石皿又１５３１―１７", "緯度": 27.820307, "経度": 128.906923, "url": "https://www.iryou.teikyouseido.mhlw.go.jp/znk-web/juminkanja/S2430/initialize?prefCd=46&kikanCd=53654&kikanKbn=5", "url2": "https://hetono.wixsite.com/website", "内容": "へとの調剤薬局【5:薬局】鹿児島県大島郡天城町天城字石皿又１５３１―１７" }, "geometry": { "type": "Point", "coordinates": [ 128.906923, 27.820307 ] } },
{ "type": "Feature", "properties": { "ID": 46553655, "正式名称": "さくら調剤薬局", "機関区分": 5, "都道府県コード": 46, "市区町村コード": 203, "所在地": "鹿児島県鹿屋市札元一丁目６番４３号", "緯度": 31.393769, "経度": 130.867648, "url": "https://www.iryou.teikyouseido.mhlw.go.jp/znk-web/juminkanja/S2430/initialize?prefCd=46&kikanCd=53655&kikanKbn=5", "url2": null, "内容": "さくら調剤薬局【5:薬局】鹿児島県鹿屋市札元一丁目６番４３号" }, "geometry": { "type": "Point", "coordinates": [ 130.867648, 31.393769 ] } },
{ "type": "Feature", "properties": { "ID": 46553662, "正式名称": "タイセイ薬局　頴娃店", "機関区分": 5, "都道府県コード": 46, "市区町村コード": 223, "所在地": "鹿児島県南九州市頴娃町別府１１７０１－２", "緯度": 31.28895, "経度": 130.433389, "url": "https://www.iryou.teikyouseido.mhlw.go.jp/znk-web/juminkanja/S2430/initialize?prefCd=46&kikanCd=53662&kikanKbn=5", "url2": null, "内容": "タイセイ薬局　頴娃店【5:薬局】鹿児島県南九州市頴娃町別府１１７０１－２" }, "geometry": { "type": "Point", "coordinates": [ 130.433389, 31.28895 ] } },
{ "type": "Feature", "properties": { "ID": 46553671, "正式名称": "こじか調剤薬局", "機関区分": 5, "都道府県コード": 46, "市区町村コード": 216, "所在地": "鹿児島県日置市伊集院町妙円寺二丁目３４番地５", "緯度": 31.6420043, "経度": 130.3869009, "url": "https://www.iryou.teikyouseido.mhlw.go.jp/znk-web/juminkanja/S2430/initialize?prefCd=46&kikanCd=53671&kikanKbn=5", "url2": null, "内容": "こじか調剤薬局【5:薬局】鹿児島県日置市伊集院町妙円寺二丁目３４番地５" }, "geometry": { "type": "Point", "coordinates": [ 130.3869009, 31.6420043 ] } },
{ "type": "Feature", "properties": { "ID": 46553691, "正式名称": "あもりがわ薬局", "機関区分": 5, "都道府県コード": 46, "市区町村コード": 218, "所在地": "鹿児島県霧島市隼人町松永３３０７番地１", "緯度": 31.777584, "経度": 130.763781, "url": "https://www.iryou.teikyouseido.mhlw.go.jp/znk-web/juminkanja/S2430/initialize?prefCd=46&kikanCd=53691&kikanKbn=5", "url2": "http://tomato-p.com/pharmacy", "内容": "あもりがわ薬局【5:薬局】鹿児島県霧島市隼人町松永３３０７番地１" }, "geometry": { "type": "Point", "coordinates": [ 130.763781, 31.777584 ] } },
{ "type": "Feature", "properties": { "ID": 46553705, "正式名称": "出水郡薬剤師会会営薬局　　阿久根店", "機関区分": 5, "都道府県コード": 46, "市区町村コード": 206, "所在地": "鹿児島県阿久根市赤瀬川１２０５番地６", "緯度": 32.027407, "経度": 130.195309, "url": "https://www.iryou.teikyouseido.mhlw.go.jp/znk-web/juminkanja/S2430/initialize?prefCd=46&kikanCd=53705&kikanKbn=5", "url2": "http://izumikaiei.sakura.ne.jp", "内容": "出水郡薬剤師会会営薬局　　阿久根店【5:薬局】鹿児島県阿久根市赤瀬川１２０５番地６" }, "geometry": { "type": "Point", "coordinates": [ 130.195309, 32.027407 ] } },
{ "type": "Feature", "properties": { "ID": 46553706, "正式名称": "あおい薬局", "機関区分": 5, "都道府県コード": 46, "市区町村コード": 215, "所在地": "鹿児島県薩摩川内市中郷３丁目６２番地", "緯度": 31.835625, "経度": 130.313297, "url": "https://www.iryou.teikyouseido.mhlw.go.jp/znk-web/juminkanja/S2430/initialize?prefCd=46&kikanCd=53706&kikanKbn=5", "url2": "http://www.aoi-pharmacy.co.jp/", "内容": "あおい薬局【5:薬局】鹿児島県薩摩川内市中郷３丁目６２番地" }, "geometry": { "type": "Point", "coordinates": [ 130.313297, 31.835625 ] } },
{ "type": "Feature", "properties": { "ID": 46553713, "正式名称": "かささ薬局", "機関区分": 5, "都道府県コード": 46, "市区町村コード": 220, "所在地": "鹿児島県南さつま市笠沙町片浦１１９７－４", "緯度": 31.408508, "経度": 130.188301, "url": "https://www.iryou.teikyouseido.mhlw.go.jp/znk-web/juminkanja/S2430/initialize?prefCd=46&kikanCd=53713&kikanKbn=5", "url2": null, "内容": "かささ薬局【5:薬局】鹿児島県南さつま市笠沙町片浦１１９７－４" }, "geometry": { "type": "Point", "coordinates": [ 130.188301, 31.408508 ] } },
{ "type": "Feature", "properties": { "ID": 46553721, "正式名称": "マイティ薬局", "機関区分": 5, "都道府県コード": 46, "市区町村コード": 203, "所在地": "鹿児島県鹿屋市西原二丁目３５番５－１号", "緯度": 31.387703, "経度": 130.8291, "url": "https://www.iryou.teikyouseido.mhlw.go.jp/znk-web/juminkanja/S2430/initialize?prefCd=46&kikanCd=53721&kikanKbn=5", "url2": null, "内容": "マイティ薬局【5:薬局】鹿児島県鹿屋市西原二丁目３５番５－１号" }, "geometry": { "type": "Point", "coordinates": [ 130.8291, 31.387703 ] } },
{ "type": "Feature", "properties": { "ID": 46553760, "正式名称": "宇検薬局", "機関区分": 5, "都道府県コード": 46, "市区町村コード": 524, "所在地": "鹿児島県大島郡宇検村湯湾３７番地２７", "緯度": 28.279153, "経度": 129.295089, "url": "https://www.iryou.teikyouseido.mhlw.go.jp/znk-web/juminkanja/S2430/initialize?prefCd=46&kikanCd=53760&kikanKbn=5", "url2": null, "内容": "宇検薬局【5:薬局】鹿児島県大島郡宇検村湯湾３７番地２７" }, "geometry": { "type": "Point", "coordinates": [ 129.295089, 28.279153 ] } },
{ "type": "Feature", "properties": { "ID": 46553762, "正式名称": "有限会社　ケーアイ調剤薬局清藤店", "機関区分": 5, "都道府県コード": 46, "市区町村コード": 216, "所在地": "鹿児島県日置市伊集院町清藤２００６番地３", "緯度": 31.623818, "経度": 130.409383, "url": "https://www.iryou.teikyouseido.mhlw.go.jp/znk-web/juminkanja/S2430/initialize?prefCd=46&kikanCd=53762&kikanKbn=5", "url2": "http://ki-pharm.com/", "内容": "有限会社　ケーアイ調剤薬局清藤店【5:薬局】鹿児島県日置市伊集院町清藤２００６番地３" }, "geometry": { "type": "Point", "coordinates": [ 130.409383, 31.623818 ] } },
{ "type": "Feature", "properties": { "ID": 46553763, "正式名称": "有限会社　ケーアイ調剤薬局　溝辺店", "機関区分": 5, "都道府県コード": 46, "市区町村コード": 218, "所在地": "鹿児島県霧島市溝辺町有川３２７番地４", "緯度": 31.830086, "経度": 130.680589, "url": "https://www.iryou.teikyouseido.mhlw.go.jp/znk-web/juminkanja/S2430/initialize?prefCd=46&kikanCd=53763&kikanKbn=5", "url2": "https://ki-pharm.com", "内容": "有限会社　ケーアイ調剤薬局　溝辺店【5:薬局】鹿児島県霧島市溝辺町有川３２７番地４" }, "geometry": { "type": "Point", "coordinates": [ 130.680589, 31.830086 ] } },
{ "type": "Feature", "properties": { "ID": 46553765, "正式名称": "豊栄調剤薬局　岩川店", "機関区分": 5, "都道府県コード": 46, "市区町村コード": 217, "所在地": "鹿児島県曽於市大隅町鳴神町９３番地２", "緯度": 31.586202, "経度": 131.005737, "url": "https://www.iryou.teikyouseido.mhlw.go.jp/znk-web/juminkanja/S2430/initialize?prefCd=46&kikanCd=53765&kikanKbn=5", "url2": null, "内容": "豊栄調剤薬局　岩川店【5:薬局】鹿児島県曽於市大隅町鳴神町９３番地２" }, "geometry": { "type": "Point", "coordinates": [ 131.005737, 31.586202 ] } },
{ "type": "Feature", "properties": { "ID": 46553773, "正式名称": "さつき薬局", "機関区分": 5, "都道府県コード": 46, "市区町村コード": 220, "所在地": "鹿児島県南さつま市加世田地頭所５６８", "緯度": 31.422766, "経度": 130.321085, "url": "https://www.iryou.teikyouseido.mhlw.go.jp/znk-web/juminkanja/S2430/initialize?prefCd=46&kikanCd=53773&kikanKbn=5", "url2": "https://satuki.sblo.jp/", "内容": "さつき薬局【5:薬局】鹿児島県南さつま市加世田地頭所５６８" }, "geometry": { "type": "Point", "coordinates": [ 130.321085, 31.422766 ] } },
{ "type": "Feature", "properties": { "ID": 46553774, "正式名称": "ミネサキ串良調剤薬局", "機関区分": 5, "都道府県コード": 46, "市区町村コード": 203, "所在地": "鹿児島県鹿屋市串良町上小原４６５５－４", "緯度": 31.388176, "経度": 130.919798, "url": "https://www.iryou.teikyouseido.mhlw.go.jp/znk-web/juminkanja/S2430/initialize?prefCd=46&kikanCd=53774&kikanKbn=5", "url2": null, "内容": "ミネサキ串良調剤薬局【5:薬局】鹿児島県鹿屋市串良町上小原４６５５－４" }, "geometry": { "type": "Point", "coordinates": [ 130.919798, 31.388176 ] } },
{ "type": "Feature", "properties": { "ID": 46553775, "正式名称": "有限会社　かわごえ薬局　塩屋店", "機関区分": 5, "都道府県コード": 46, "市区町村コード": 490, "所在地": "鹿児島県肝属郡錦江町城元１００－５", "緯度": 31.250396, "経度": 130.789874, "url": "https://www.iryou.teikyouseido.mhlw.go.jp/znk-web/juminkanja/S2430/initialize?prefCd=46&kikanCd=53775&kikanKbn=5", "url2": "http://www.kawagoe-pharmacy.com/index.html", "内容": "有限会社　かわごえ薬局　塩屋店【5:薬局】鹿児島県肝属郡錦江町城元１００－５" }, "geometry": { "type": "Point", "coordinates": [ 130.789874, 31.250396 ] } },
{ "type": "Feature", "properties": { "ID": 46553779, "正式名称": "なのはな薬局", "機関区分": 5, "都道府県コード": 46, "市区町村コード": 210, "所在地": "鹿児島県指宿市東方８７１４番２２", "緯度": 31.256158, "経度": 130.643787, "url": "https://www.iryou.teikyouseido.mhlw.go.jp/znk-web/juminkanja/S2430/initialize?prefCd=46&kikanCd=53779&kikanKbn=5", "url2": null, "内容": "なのはな薬局【5:薬局】鹿児島県指宿市東方８７１４番２２" }, "geometry": { "type": "Point", "coordinates": [ 130.643787, 31.256158 ] } },
{ "type": "Feature", "properties": { "ID": 46553781, "正式名称": "宮崎町薬局", "機関区分": 5, "都道府県コード": 46, "市区町村コード": 215, "所在地": "鹿児島県薩摩川内市宮崎町３０００番地", "緯度": 31.798517, "経度": 130.320711, "url": "https://www.iryou.teikyouseido.mhlw.go.jp/znk-web/juminkanja/S2430/initialize?prefCd=46&kikanCd=53781&kikanKbn=5", "url2": "https://www.myphamacy-group.com", "内容": "宮崎町薬局【5:薬局】鹿児島県薩摩川内市宮崎町３０００番地" }, "geometry": { "type": "Point", "coordinates": [ 130.320711, 31.798517 ] } },
{ "type": "Feature", "properties": { "ID": 46553783, "正式名称": "マリン薬局", "機関区分": 5, "都道府県コード": 46, "市区町村コード": 525, "所在地": "鹿児島県大島郡瀬戸内町古仁屋瀬久井西１７－７", "緯度": 28.143672, "経度": 129.317825, "url": "https://www.iryou.teikyouseido.mhlw.go.jp/znk-web/juminkanja/S2430/initialize?prefCd=46&kikanCd=53783&kikanKbn=5", "url2": "http://www.kenko.company", "内容": "マリン薬局【5:薬局】鹿児島県大島郡瀬戸内町古仁屋瀬久井西１７－７" }, "geometry": { "type": "Point", "coordinates": [ 129.317825, 28.143672 ] } },
{ "type": "Feature", "properties": { "ID": 46553786, "正式名称": "大小路ふれあい薬局", "機関区分": 5, "都道府県コード": 46, "市区町村コード": 215, "所在地": "鹿児島県薩摩川内市大小路町３９番１２号", "緯度": 31.825317, "経度": 130.303498, "url": "https://www.iryou.teikyouseido.mhlw.go.jp/znk-web/juminkanja/S2430/initialize?prefCd=46&kikanCd=53786&kikanKbn=5", "url2": null, "内容": "大小路ふれあい薬局【5:薬局】鹿児島県薩摩川内市大小路町３９番１２号" }, "geometry": { "type": "Point", "coordinates": [ 130.303498, 31.825317 ] } },
{ "type": "Feature", "properties": { "ID": 46553796, "正式名称": "阪神調剤薬局　いちき串木野店", "機関区分": 5, "都道府県コード": 46, "市区町村コード": 219, "所在地": "鹿児島県いちき串木野市大原町８０番地２号", "緯度": 31.716922, "経度": 130.271625, "url": "https://www.iryou.teikyouseido.mhlw.go.jp/znk-web/juminkanja/S2430/initialize?prefCd=46&kikanCd=53796&kikanKbn=5", "url2": null, "内容": "阪神調剤薬局　いちき串木野店【5:薬局】鹿児島県いちき串木野市大原町８０番地２号" }, "geometry": { "type": "Point", "coordinates": [ 130.271625, 31.716922 ] } },
{ "type": "Feature", "properties": { "ID": 46553799, "正式名称": "きらら薬局", "機関区分": 5, "都道府県コード": 46, "市区町村コード": 217, "所在地": "鹿児島県曽於市末吉町上町４丁目３番地１０", "緯度": 31.652458, "経度": 131.021229, "url": "https://www.iryou.teikyouseido.mhlw.go.jp/znk-web/juminkanja/S2430/initialize?prefCd=46&kikanCd=53799&kikanKbn=5", "url2": null, "内容": "きらら薬局【5:薬局】鹿児島県曽於市末吉町上町４丁目３番地１０" }, "geometry": { "type": "Point", "coordinates": [ 131.021229, 31.652458 ] } },
{ "type": "Feature", "properties": { "ID": 46553800, "正式名称": "あすか薬局", "機関区分": 5, "都道府県コード": 46, "市区町村コード": 208, "所在地": "鹿児島県出水市平和町１３３－２", "緯度": 32.086151, "経度": 130.331621, "url": "https://www.iryou.teikyouseido.mhlw.go.jp/znk-web/juminkanja/S2430/initialize?prefCd=46&kikanCd=53800&kikanKbn=5", "url2": "https://sites.google.com/view/yaku-yaku", "内容": "あすか薬局【5:薬局】鹿児島県出水市平和町１３３－２" }, "geometry": { "type": "Point", "coordinates": [ 130.331621, 32.086151 ] } },
{ "type": "Feature", "properties": { "ID": 46553801, "正式名称": "風林堂薬局", "機関区分": 5, "都道府県コード": 46, "市区町村コード": 505, "所在地": "鹿児島県熊毛郡屋久島町栗生１７５１番地５", "緯度": 30.271019, "経度": 130.424233, "url": "https://www.iryou.teikyouseido.mhlw.go.jp/znk-web/juminkanja/S2430/initialize?prefCd=46&kikanCd=53801&kikanKbn=5", "url2": null, "内容": "風林堂薬局【5:薬局】鹿児島県熊毛郡屋久島町栗生１７５１番地５" }, "geometry": { "type": "Point", "coordinates": [ 130.424233, 30.271019 ] } },
{ "type": "Feature", "properties": { "ID": 46553806, "正式名称": "有限会社　めろん調剤薬局", "機関区分": 5, "都道府県コード": 46, "市区町村コード": 221, "所在地": "鹿児島県志布志市有明町野神３６０３－７", "緯度": 31.491737, "経度": 130.999434, "url": "https://www.iryou.teikyouseido.mhlw.go.jp/znk-web/juminkanja/S2430/initialize?prefCd=46&kikanCd=53806&kikanKbn=5", "url2": null, "内容": "有限会社　めろん調剤薬局【5:薬局】鹿児島県志布志市有明町野神３６０３－７" }, "geometry": { "type": "Point", "coordinates": [ 130.999434, 31.491737 ] } },
{ "type": "Feature", "properties": { "ID": 46553807, "正式名称": "ひまわり薬局", "機関区分": 5, "都道府県コード": 46, "市区町村コード": 221, "所在地": "鹿児島県志布志市志布志町安楽瀬戸２０７１番地３", "緯度": 31.475862, "経度": 131.082329, "url": "https://www.iryou.teikyouseido.mhlw.go.jp/znk-web/juminkanja/S2430/initialize?prefCd=46&kikanCd=53807&kikanKbn=5", "url2": null, "内容": "ひまわり薬局【5:薬局】鹿児島県志布志市志布志町安楽瀬戸２０７１番地３" }, "geometry": { "type": "Point", "coordinates": [ 131.082329, 31.475862 ] } },
{ "type": "Feature", "properties": { "ID": 46553812, "正式名称": "コトブキ薬局　鹿児島店", "機関区分": 5, "都道府県コード": 46, "市区町村コード": 217, "所在地": "鹿児島県曽於市大隅町下窪町２番地の２", "緯度": 31.582911, "経度": 131.000809, "url": "https://www.iryou.teikyouseido.mhlw.go.jp/znk-web/juminkanja/S2430/initialize?prefCd=46&kikanCd=53812&kikanKbn=5", "url2": "https://www.sugi-net.jp/stores/005184", "内容": "コトブキ薬局　鹿児島店【5:薬局】鹿児島県曽於市大隅町下窪町２番地の２" }, "geometry": { "type": "Point", "coordinates": [ 131.000809, 31.582911 ] } },
{ "type": "Feature", "properties": { "ID": 46553818, "正式名称": "出水郡薬剤師会高尾野会営薬局", "機関区分": 5, "都道府県コード": 46, "市区町村コード": 208, "所在地": "鹿児島県出水市高尾野町大久保３８１６－３９", "緯度": 32.06169, "経度": 130.311557, "url": "https://www.iryou.teikyouseido.mhlw.go.jp/znk-web/juminkanja/S2430/initialize?prefCd=46&kikanCd=53818&kikanKbn=5", "url2": "http://www.izumikaiei.sakura.ne.jp", "内容": "出水郡薬剤師会高尾野会営薬局【5:薬局】鹿児島県出水市高尾野町大久保３８１６－３９" }, "geometry": { "type": "Point", "coordinates": [ 130.311557, 32.06169 ] } },
{ "type": "Feature", "properties": { "ID": 46553825, "正式名称": "ハート薬局", "機関区分": 5, "都道府県コード": 46, "市区町村コード": 221, "所在地": "鹿児島県志布志市志布志町志布志１３６４－１１", "緯度": 31.483381, "経度": 131.086408, "url": "https://www.iryou.teikyouseido.mhlw.go.jp/znk-web/juminkanja/S2430/initialize?prefCd=46&kikanCd=53825&kikanKbn=5", "url2": null, "内容": "ハート薬局【5:薬局】鹿児島県志布志市志布志町志布志１３６４－１１" }, "geometry": { "type": "Point", "coordinates": [ 131.086408, 31.483381 ] } },
{ "type": "Feature", "properties": { "ID": 46553831, "正式名称": "ひがしまき調剤薬局", "機関区分": 5, "都道府県コード": 46, "市区町村コード": 218, "所在地": "鹿児島県霧島市福山町福沢４６０８番地１", "緯度": 31.642651, "経度": 130.860437, "url": "https://www.iryou.teikyouseido.mhlw.go.jp/znk-web/juminkanja/S2430/initialize?prefCd=46&kikanCd=53831&kikanKbn=5", "url2": null, "内容": "ひがしまき調剤薬局【5:薬局】鹿児島県霧島市福山町福沢４６０８番地１" }, "geometry": { "type": "Point", "coordinates": [ 130.860437, 31.642651 ] } },
{ "type": "Feature", "properties": { "ID": 46553832, "正式名称": "うさぎ薬局", "機関区分": 5, "都道府県コード": 46, "市区町村コード": 392, "所在地": "鹿児島県薩摩郡さつま町宮之城屋地１５３２番地１３", "緯度": 31.905454, "経度": 130.45304, "url": "https://www.iryou.teikyouseido.mhlw.go.jp/znk-web/juminkanja/S2430/initialize?prefCd=46&kikanCd=53832&kikanKbn=5", "url2": null, "内容": "うさぎ薬局【5:薬局】鹿児島県薩摩郡さつま町宮之城屋地１５３２番地１３" }, "geometry": { "type": "Point", "coordinates": [ 130.45304, 31.905454 ] } },
{ "type": "Feature", "properties": { "ID": 46553833, "正式名称": "和光薬局", "機関区分": 5, "都道府県コード": 46, "市区町村コード": 222, "所在地": "鹿児島県奄美市名瀬和光町１８－１", "緯度": 28.389316, "経度": 129.523417, "url": "https://www.iryou.teikyouseido.mhlw.go.jp/znk-web/juminkanja/S2430/initialize?prefCd=46&kikanCd=53833&kikanKbn=5", "url2": null, "内容": "和光薬局【5:薬局】鹿児島県奄美市名瀬和光町１８－１" }, "geometry": { "type": "Point", "coordinates": [ 129.523417, 28.389316 ] } },
{ "type": "Feature", "properties": { "ID": 46553835, "正式名称": "さくら薬局", "機関区分": 5, "都道府県コード": 46, "市区町村コード": 208, "所在地": "鹿児島県出水市向江町１９番２６号", "緯度": 32.074903, "経度": 130.348158, "url": "https://www.iryou.teikyouseido.mhlw.go.jp/znk-web/juminkanja/S2430/initialize?prefCd=46&kikanCd=53835&kikanKbn=5", "url2": null, "内容": "さくら薬局【5:薬局】鹿児島県出水市向江町１９番２６号" }, "geometry": { "type": "Point", "coordinates": [ 130.348158, 32.074903 ] } },
{ "type": "Feature", "properties": { "ID": 46553844, "正式名称": "なのはな薬局", "機関区分": 5, "都道府県コード": 46, "市区町村コード": 218, "所在地": "鹿児島県霧島市国分山下町１７３９番２", "緯度": 31.726806, "経度": 130.776789, "url": "https://www.iryou.teikyouseido.mhlw.go.jp/znk-web/juminkanja/S2430/initialize?prefCd=46&kikanCd=53844&kikanKbn=5", "url2": "http://yoshishige-g.com/", "内容": "なのはな薬局【5:薬局】鹿児島県霧島市国分山下町１７３９番２" }, "geometry": { "type": "Point", "coordinates": [ 130.776789, 31.726806 ] } },
{ "type": "Feature", "properties": { "ID": 46553849, "正式名称": "いまがま調剤薬局", "機関区分": 5, "都道府県コード": 46, "市区町村コード": 208, "所在地": "鹿児島県出水市下知識町１５１９番地", "緯度": 32.109076, "経度": 130.325118, "url": "https://www.iryou.teikyouseido.mhlw.go.jp/znk-web/juminkanja/S2430/initialize?prefCd=46&kikanCd=53849&kikanKbn=5", "url2": null, "内容": "いまがま調剤薬局【5:薬局】鹿児島県出水市下知識町１５１９番地" }, "geometry": { "type": "Point", "coordinates": [ 130.325118, 32.109076 ] } },
{ "type": "Feature", "properties": { "ID": 46553850, "正式名称": "ことり薬局", "機関区分": 5, "都道府県コード": 46, "市区町村コード": 218, "所在地": "鹿児島県霧島市隼人町東郷１１０番地４", "緯度": 31.765403, "経度": 130.751935, "url": "https://www.iryou.teikyouseido.mhlw.go.jp/znk-web/juminkanja/S2430/initialize?prefCd=46&kikanCd=53850&kikanKbn=5", "url2": null, "内容": "ことり薬局【5:薬局】鹿児島県霧島市隼人町東郷１１０番地４" }, "geometry": { "type": "Point", "coordinates": [ 130.751935, 31.765403 ] } },
{ "type": "Feature", "properties": { "ID": 46553854, "正式名称": "祁答院薬局", "機関区分": 5, "都道府県コード": 46, "市区町村コード": 215, "所在地": "鹿児島県薩摩川内市祁答院町下手９７７番地", "緯度": 31.872096, "経度": 130.494341, "url": "https://www.iryou.teikyouseido.mhlw.go.jp/znk-web/juminkanja/S2430/initialize?prefCd=46&kikanCd=53854&kikanKbn=5", "url2": null, "内容": "祁答院薬局【5:薬局】鹿児島県薩摩川内市祁答院町下手９７７番地" }, "geometry": { "type": "Point", "coordinates": [ 130.494341, 31.872096 ] } },
{ "type": "Feature", "properties": { "ID": 46553861, "正式名称": "のぞみ薬局　中種子店", "機関区分": 5, "都道府県コード": 46, "市区町村コード": 501, "所在地": "鹿児島県熊毛郡中種子町野間５３０６ー１５", "緯度": 30.533459, "経度": 130.960679, "url": "https://www.iryou.teikyouseido.mhlw.go.jp/znk-web/juminkanja/S2430/initialize?prefCd=46&kikanCd=53861&kikanKbn=5", "url2": null, "内容": "のぞみ薬局　中種子店【5:薬局】鹿児島県熊毛郡中種子町野間５３０６ー１５" }, "geometry": { "type": "Point", "coordinates": [ 130.960679, 30.533459 ] } },
{ "type": "Feature", "properties": { "ID": 46553866, "正式名称": "さと薬局", "機関区分": 5, "都道府県コード": 46, "市区町村コード": 215, "所在地": "鹿児島県薩摩川内市平佐町１６８９番地８", "緯度": 31.810265, "経度": 130.322906, "url": "https://www.iryou.teikyouseido.mhlw.go.jp/znk-web/juminkanja/S2430/initialize?prefCd=46&kikanCd=53866&kikanKbn=5", "url2": null, "内容": "さと薬局【5:薬局】鹿児島県薩摩川内市平佐町１６８９番地８" }, "geometry": { "type": "Point", "coordinates": [ 130.322906, 31.810265 ] } },
{ "type": "Feature", "properties": { "ID": 46553869, "正式名称": "有限会社はぁと薬局", "機関区分": 5, "都道府県コード": 46, "市区町村コード": 225, "所在地": "鹿児島県姶良市平松２９５５－１６", "緯度": 31.719041, "経度": 130.608075, "url": "https://www.iryou.teikyouseido.mhlw.go.jp/znk-web/juminkanja/S2430/initialize?prefCd=46&kikanCd=53869&kikanKbn=5", "url2": null, "内容": "有限会社はぁと薬局【5:薬局】鹿児島県姶良市平松２９５５－１６" }, "geometry": { "type": "Point", "coordinates": [ 130.608075, 31.719041 ] } },
{ "type": "Feature", "properties": { "ID": 46553872, "正式名称": "アクア薬局", "機関区分": 5, "都道府県コード": 46, "市区町村コード": 219, "所在地": "鹿児島県いちき串木野市京町４２－３", "緯度": 31.721804, "経度": 130.266123, "url": "https://www.iryou.teikyouseido.mhlw.go.jp/znk-web/juminkanja/S2430/initialize?prefCd=46&kikanCd=53872&kikanKbn=5", "url2": "http://aqua.site.kagoshima.jp/", "内容": "アクア薬局【5:薬局】鹿児島県いちき串木野市京町４２－３" }, "geometry": { "type": "Point", "coordinates": [ 130.266123, 31.721804 ] } },
{ "type": "Feature", "properties": { "ID": 46553874, "正式名称": "さつき薬局", "機関区分": 5, "都道府県コード": 46, "市区町村コード": 215, "所在地": "鹿児島県薩摩川内市隈之城町１４７６番地３", "緯度": 31.794755, "経度": 130.30953, "url": "https://www.iryou.teikyouseido.mhlw.go.jp/znk-web/juminkanja/S2430/initialize?prefCd=46&kikanCd=53874&kikanKbn=5", "url2": "https://fandf-pharmacy.jimdofree.com/", "内容": "さつき薬局【5:薬局】鹿児島県薩摩川内市隈之城町１４７６番地３" }, "geometry": { "type": "Point", "coordinates": [ 130.30953, 31.794755 ] } },
{ "type": "Feature", "properties": { "ID": 46553879, "正式名称": "あさみ調剤薬局", "機関区分": 5, "都道府県コード": 46, "市区町村コード": 216, "所在地": "鹿児島県日置市日吉町日置３９０－１", "緯度": 31.590533, "経度": 130.346528, "url": "https://www.iryou.teikyouseido.mhlw.go.jp/znk-web/juminkanja/S2430/initialize?prefCd=46&kikanCd=53879&kikanKbn=5", "url2": null, "内容": "あさみ調剤薬局【5:薬局】鹿児島県日置市日吉町日置３９０－１" }, "geometry": { "type": "Point", "coordinates": [ 130.346528, 31.590533 ] } },
{ "type": "Feature", "properties": { "ID": 46553882, "正式名称": "加世田しんあい薬局", "機関区分": 5, "都道府県コード": 46, "市区町村コード": 220, "所在地": "鹿児島県南さつま市加世田東本町９番地１", "緯度": 31.419459, "経度": 130.324853, "url": "https://www.iryou.teikyouseido.mhlw.go.jp/znk-web/juminkanja/S2430/initialize?prefCd=46&kikanCd=53882&kikanKbn=5", "url2": "http://kasedashinai.com", "内容": "加世田しんあい薬局【5:薬局】鹿児島県南さつま市加世田東本町９番地１" }, "geometry": { "type": "Point", "coordinates": [ 130.324853, 31.419459 ] } },
{ "type": "Feature", "properties": { "ID": 46553899, "正式名称": "クレイン薬局", "機関区分": 5, "都道府県コード": 46, "市区町村コード": 208, "所在地": "鹿児島県出水市本町３番３号", "緯度": 32.082254, "経度": 130.359113, "url": "https://www.iryou.teikyouseido.mhlw.go.jp/znk-web/juminkanja/S2430/initialize?prefCd=46&kikanCd=53899&kikanKbn=5", "url2": null, "内容": "クレイン薬局【5:薬局】鹿児島県出水市本町３番３号" }, "geometry": { "type": "Point", "coordinates": [ 130.359113, 32.082254 ] } },
{ "type": "Feature", "properties": { "ID": 46553900, "正式名称": "マリーンちゅーりっぷ薬局", "機関区分": 5, "都道府県コード": 46, "市区町村コード": 203, "所在地": "鹿児島県鹿屋市札元２－３７７１－８", "緯度": 31.402942, "経度": 130.872531, "url": "https://www.iryou.teikyouseido.mhlw.go.jp/znk-web/juminkanja/S2430/initialize?prefCd=46&kikanCd=53900&kikanKbn=5", "url2": "https://www.marinegroup.jp", "内容": "マリーンちゅーりっぷ薬局【5:薬局】鹿児島県鹿屋市札元２－３７７１－８" }, "geometry": { "type": "Point", "coordinates": [ 130.872531, 31.402942 ] } },
{ "type": "Feature", "properties": { "ID": 46553916, "正式名称": "きらら薬局", "機関区分": 5, "都道府県コード": 46, "市区町村コード": 218, "所在地": "鹿児島県霧島市国分新町２丁目３番１３号", "緯度": 31.752363, "経度": 130.763665, "url": "https://www.iryou.teikyouseido.mhlw.go.jp/znk-web/juminkanja/S2430/initialize?prefCd=46&kikanCd=53916&kikanKbn=5", "url2": null, "内容": "きらら薬局【5:薬局】鹿児島県霧島市国分新町２丁目３番１３号" }, "geometry": { "type": "Point", "coordinates": [ 130.763665, 31.752363 ] } },
{ "type": "Feature", "properties": { "ID": 46553922, "正式名称": "よつば薬局", "機関区分": 5, "都道府県コード": 46, "市区町村コード": 203, "所在地": "鹿児島県鹿屋市旭原町２５６９番地１０", "緯度": 31.409108, "経度": 130.881709, "url": "https://www.iryou.teikyouseido.mhlw.go.jp/znk-web/juminkanja/S2430/initialize?prefCd=46&kikanCd=53922&kikanKbn=5", "url2": null, "内容": "よつば薬局【5:薬局】鹿児島県鹿屋市旭原町２５６９番地１０" }, "geometry": { "type": "Point", "coordinates": [ 130.881709, 31.409108 ] } },
{ "type": "Feature", "properties": { "ID": 46553931, "正式名称": "そうごう薬局指宿店", "機関区分": 5, "都道府県コード": 46, "市区町村コード": 210, "所在地": "鹿児島県指宿市十町２３２２－１", "緯度": 31.249506, "経度": 130.634744, "url": "https://www.iryou.teikyouseido.mhlw.go.jp/znk-web/juminkanja/S2430/initialize?prefCd=46&kikanCd=53931&kikanKbn=5", "url2": "https://www.sogo-pharmacy.jp/shop/view/173", "内容": "そうごう薬局指宿店【5:薬局】鹿児島県指宿市十町２３２２－１" }, "geometry": { "type": "Point", "coordinates": [ 130.634744, 31.249506 ] } },
{ "type": "Feature", "properties": { "ID": 46553932, "正式名称": "いむた薬局", "機関区分": 5, "都道府県コード": 46, "市区町村コード": 215, "所在地": "鹿児島県薩摩川内市祁答院町藺牟田２１０８－２", "緯度": 31.809131, "経度": 130.48556, "url": "https://www.iryou.teikyouseido.mhlw.go.jp/znk-web/juminkanja/S2430/initialize?prefCd=46&kikanCd=53932&kikanKbn=5", "url2": null, "内容": "いむた薬局【5:薬局】鹿児島県薩摩川内市祁答院町藺牟田２１０８－２" }, "geometry": { "type": "Point", "coordinates": [ 130.48556, 31.809131 ] } },
{ "type": "Feature", "properties": { "ID": 46553933, "正式名称": "こがね薬局", "機関区分": 5, "都道府県コード": 46, "市区町村コード": 208, "所在地": "鹿児島県出水市黄金町４２７番３号", "緯度": 32.097344, "経度": 130.348264, "url": "https://www.iryou.teikyouseido.mhlw.go.jp/znk-web/juminkanja/S2430/initialize?prefCd=46&kikanCd=53933&kikanKbn=5", "url2": null, "内容": "こがね薬局【5:薬局】鹿児島県出水市黄金町４２７番３号" }, "geometry": { "type": "Point", "coordinates": [ 130.348264, 32.097344 ] } },
{ "type": "Feature", "properties": { "ID": 46553934, "正式名称": "思川薬局", "機関区分": 5, "都道府県コード": 46, "市区町村コード": 225, "所在地": "鹿児島県姶良市脇元９６１番地５", "緯度": 31.714172, "経度": 130.618992, "url": "https://www.iryou.teikyouseido.mhlw.go.jp/znk-web/juminkanja/S2430/initialize?prefCd=46&kikanCd=53934&kikanKbn=5", "url2": null, "内容": "思川薬局【5:薬局】鹿児島県姶良市脇元９６１番地５" }, "geometry": { "type": "Point", "coordinates": [ 130.618992, 31.714172 ] } },
{ "type": "Feature", "properties": { "ID": 46553935, "正式名称": "あおぞら薬局", "機関区分": 5, "都道府県コード": 46, "市区町村コード": 218, "所在地": "鹿児島県霧島市溝辺町麓１５０３ー５", "緯度": 31.799217, "経度": 130.71564, "url": "https://www.iryou.teikyouseido.mhlw.go.jp/znk-web/juminkanja/S2430/initialize?prefCd=46&kikanCd=53935&kikanKbn=5", "url2": null, "内容": "あおぞら薬局【5:薬局】鹿児島県霧島市溝辺町麓１５０３ー５" }, "geometry": { "type": "Point", "coordinates": [ 130.71564, 31.799217 ] } },
{ "type": "Feature", "properties": { "ID": 46553945, "正式名称": "すみれ薬局", "機関区分": 5, "都道府県コード": 46, "市区町村コード": 224, "所在地": "鹿児島県伊佐市大口上町１２－７", "緯度": 32.059358, "経度": 130.606617, "url": "https://www.iryou.teikyouseido.mhlw.go.jp/znk-web/juminkanja/S2430/initialize?prefCd=46&kikanCd=53945&kikanKbn=5", "url2": null, "内容": "すみれ薬局【5:薬局】鹿児島県伊佐市大口上町１２－７" }, "geometry": { "type": "Point", "coordinates": [ 130.606617, 32.059358 ] } },
{ "type": "Feature", "properties": { "ID": 46553946, "正式名称": "かりん薬局", "機関区分": 5, "都道府県コード": 46, "市区町村コード": 218, "所在地": "鹿児島県霧島市国分広瀬１丁目１２番２１号", "緯度": 31.717853, "経度": 130.752787, "url": "https://www.iryou.teikyouseido.mhlw.go.jp/znk-web/juminkanja/S2430/initialize?prefCd=46&kikanCd=53946&kikanKbn=5", "url2": "http://yoshishigeｰg.com/", "内容": "かりん薬局【5:薬局】鹿児島県霧島市国分広瀬１丁目１２番２１号" }, "geometry": { "type": "Point", "coordinates": [ 130.752787, 31.717853 ] } },
{ "type": "Feature", "properties": { "ID": 46553953, "正式名称": "元気薬局", "機関区分": 5, "都道府県コード": 46, "市区町村コード": 502, "所在地": "鹿児島県熊毛郡南種子町中之上１７００－１５７", "緯度": 30.437918, "経度": 130.913215, "url": "https://www.iryou.teikyouseido.mhlw.go.jp/znk-web/juminkanja/S2430/initialize?prefCd=46&kikanCd=53953&kikanKbn=5", "url2": "//r.goope.jp/genkiyakkyoku", "内容": "元気薬局【5:薬局】鹿児島県熊毛郡南種子町中之上１７００－１５７" }, "geometry": { "type": "Point", "coordinates": [ 130.913215, 30.437918 ] } },
{ "type": "Feature", "properties": { "ID": 46553958, "正式名称": "のぞみ薬局　公立病院前店", "機関区分": 5, "都道府県コード": 46, "市区町村コード": 502, "所在地": "鹿児島県熊毛郡南種子町中之上１７００－１５６", "緯度": 30.436919, "経度": 130.913847, "url": "https://www.iryou.teikyouseido.mhlw.go.jp/znk-web/juminkanja/S2430/initialize?prefCd=46&kikanCd=53958&kikanKbn=5", "url2": "https://nozomi-tanegashima.com/", "内容": "のぞみ薬局　公立病院前店【5:薬局】鹿児島県熊毛郡南種子町中之上１７００－１５６" }, "geometry": { "type": "Point", "coordinates": [ 130.913847, 30.436919 ] } },
{ "type": "Feature", "properties": { "ID": 46553960, "正式名称": "ヘルシー薬局垂水店", "機関区分": 5, "都道府県コード": 46, "市区町村コード": 214, "所在地": "鹿児島県垂水市田神字下福町３４８１番３", "緯度": 31.495326, "経度": 130.700503, "url": "https://www.iryou.teikyouseido.mhlw.go.jp/znk-web/juminkanja/S2430/initialize?prefCd=46&kikanCd=53960&kikanKbn=5", "url2": "https://healthy-pharmacy.jp", "内容": "ヘルシー薬局垂水店【5:薬局】鹿児島県垂水市田神字下福町３４８１番３" }, "geometry": { "type": "Point", "coordinates": [ 130.700503, 31.495326 ] } },
{ "type": "Feature", "properties": { "ID": 46553961, "正式名称": "きりん薬局", "機関区分": 5, "都道府県コード": 46, "市区町村コード": 216, "所在地": "鹿児島県日置市伊集院町下谷口２０３２－１", "緯度": 31.626456, "経度": 130.400031, "url": "https://www.iryou.teikyouseido.mhlw.go.jp/znk-web/juminkanja/S2430/initialize?prefCd=46&kikanCd=53961&kikanKbn=5", "url2": null, "内容": "きりん薬局【5:薬局】鹿児島県日置市伊集院町下谷口２０３２－１" }, "geometry": { "type": "Point", "coordinates": [ 130.400031, 31.626456 ] } },
{ "type": "Feature", "properties": { "ID": 46553966, "正式名称": "ポポロ薬局", "機関区分": 5, "都道府県コード": 46, "市区町村コード": 208, "所在地": "鹿児島県出水市平和町", "緯度": 32.08669, "経度": 130.32994, "url": "https://www.iryou.teikyouseido.mhlw.go.jp/znk-web/juminkanja/S2430/initialize?prefCd=46&kikanCd=53966&kikanKbn=5", "url2": "https://poporopharmacy.com", "内容": "ポポロ薬局【5:薬局】鹿児島県出水市平和町" }, "geometry": { "type": "Point", "coordinates": [ 130.32994, 32.08669 ] } },
{ "type": "Feature", "properties": { "ID": 46553968, "正式名称": "すみよう薬局", "機関区分": 5, "都道府県コード": 46, "市区町村コード": 222, "所在地": "鹿児島県奄美市住用町西仲間１０９番地", "緯度": 28.26377, "経度": 129.407649, "url": "https://www.iryou.teikyouseido.mhlw.go.jp/znk-web/juminkanja/S2430/initialize?prefCd=46&kikanCd=53968&kikanKbn=5", "url2": "http://www.kenko.company", "内容": "すみよう薬局【5:薬局】鹿児島県奄美市住用町西仲間１０９番地" }, "geometry": { "type": "Point", "coordinates": [ 129.407649, 28.26377 ] } },
{ "type": "Feature", "properties": { "ID": 46553969, "正式名称": "川辺調剤薬局", "機関区分": 5, "都道府県コード": 46, "市区町村コード": 223, "所在地": "鹿児島県南九州市川辺町両添大正田１２０９番地１", "緯度": 31.391435, "経度": 130.403462, "url": "https://www.iryou.teikyouseido.mhlw.go.jp/znk-web/juminkanja/S2430/initialize?prefCd=46&kikanCd=53969&kikanKbn=5", "url2": "https://kawachokcy.synapse.kagoshima.jp/", "内容": "川辺調剤薬局【5:薬局】鹿児島県南九州市川辺町両添大正田１２０９番地１" }, "geometry": { "type": "Point", "coordinates": [ 130.403462, 31.391435 ] } },
{ "type": "Feature", "properties": { "ID": 46553974, "正式名称": "ちらん薬局", "機関区分": 5, "都道府県コード": 46, "市区町村コード": 223, "所在地": "鹿児島県南九州市知覧町郡１７５３３番地１６", "緯度": 31.35461, "経度": 130.430661, "url": "https://www.iryou.teikyouseido.mhlw.go.jp/znk-web/juminkanja/S2430/initialize?prefCd=46&kikanCd=53974&kikanKbn=5", "url2": null, "内容": "ちらん薬局【5:薬局】鹿児島県南九州市知覧町郡１７５３３番地１６" }, "geometry": { "type": "Point", "coordinates": [ 130.430661, 31.35461 ] } },
{ "type": "Feature", "properties": { "ID": 46553979, "正式名称": "ヘルシー薬局　川内店", "機関区分": 5, "都道府県コード": 46, "市区町村コード": 215, "所在地": "鹿児島県薩摩川内市東大小路町４５番５号", "緯度": 31.825899, "経度": 130.311754, "url": "https://www.iryou.teikyouseido.mhlw.go.jp/znk-web/juminkanja/S2430/initialize?prefCd=46&kikanCd=53979&kikanKbn=5", "url2": "https://healthy-pharmacy.jp", "内容": "ヘルシー薬局　川内店【5:薬局】鹿児島県薩摩川内市東大小路町４５番５号" }, "geometry": { "type": "Point", "coordinates": [ 130.311754, 31.825899 ] } },
{ "type": "Feature", "properties": { "ID": 46553986, "正式名称": "たんぽぽ薬局", "機関区分": 5, "都道府県コード": 46, "市区町村コード": 218, "所在地": "鹿児島県霧島市国分敷根字駒方１３７４－７", "緯度": 31.700878, "経度": 130.80069, "url": "https://www.iryou.teikyouseido.mhlw.go.jp/znk-web/juminkanja/S2430/initialize?prefCd=46&kikanCd=53986&kikanKbn=5", "url2": null, "内容": "たんぽぽ薬局【5:薬局】鹿児島県霧島市国分敷根字駒方１３７４－７" }, "geometry": { "type": "Point", "coordinates": [ 130.80069, 31.700878 ] } },
{ "type": "Feature", "properties": { "ID": 46553991, "正式名称": "おうじ薬局", "機関区分": 5, "都道府県コード": 46, "市区町村コード": 203, "所在地": "鹿児島県鹿屋市王子町３９８０番地３", "緯度": 31.40183, "経度": 130.862699, "url": "https://www.iryou.teikyouseido.mhlw.go.jp/znk-web/juminkanja/S2430/initialize?prefCd=46&kikanCd=53991&kikanKbn=5", "url2": "https://oujipharmacy.com", "内容": "おうじ薬局【5:薬局】鹿児島県鹿屋市王子町３９８０番地３" }, "geometry": { "type": "Point", "coordinates": [ 130.862699, 31.40183 ] } },
{ "type": "Feature", "properties": { "ID": 46553995, "正式名称": "ケーアイ調剤薬局　指宿店", "機関区分": 5, "都道府県コード": 46, "市区町村コード": 210, "所在地": "鹿児島県指宿市東方８３２０番地１", "緯度": 31.258031, "経度": 130.637627, "url": "https://www.iryou.teikyouseido.mhlw.go.jp/znk-web/juminkanja/S2430/initialize?prefCd=46&kikanCd=53995&kikanKbn=5", "url2": null, "内容": "ケーアイ調剤薬局　指宿店【5:薬局】鹿児島県指宿市東方８３２０番地１" }, "geometry": { "type": "Point", "coordinates": [ 130.637627, 31.258031 ] } },
{ "type": "Feature", "properties": { "ID": 46554000, "正式名称": "ドレミ薬局入来店", "機関区分": 5, "都道府県コード": 46, "市区町村コード": 215, "所在地": "鹿児島県薩摩川内市入来町浦之名大迫７８８１番地３", "緯度": 31.769381, "経度": 130.461817, "url": "https://www.iryou.teikyouseido.mhlw.go.jp/znk-web/juminkanja/S2430/initialize?prefCd=46&kikanCd=54000&kikanKbn=5", "url2": "https://doremiyakkyokuirik.wixsite.com/-site", "内容": "ドレミ薬局入来店【5:薬局】鹿児島県薩摩川内市入来町浦之名大迫７８８１番地３" }, "geometry": { "type": "Point", "coordinates": [ 130.461817, 31.769381 ] } },
{ "type": "Feature", "properties": { "ID": 46554001, "正式名称": "ひなた薬局", "機関区分": 5, "都道府県コード": 46, "市区町村コード": 392, "所在地": "鹿児島県薩摩郡さつま町轟町１８ー１４", "緯度": 31.913094, "経度": 130.458346, "url": "https://www.iryou.teikyouseido.mhlw.go.jp/znk-web/juminkanja/S2430/initialize?prefCd=46&kikanCd=54001&kikanKbn=5", "url2": "https://www.aozorayakkyoku.com", "内容": "ひなた薬局【5:薬局】鹿児島県薩摩郡さつま町轟町１８ー１４" }, "geometry": { "type": "Point", "coordinates": [ 130.458346, 31.913094 ] } },
{ "type": "Feature", "properties": { "ID": 46554015, "正式名称": "スマイル薬局", "機関区分": 5, "都道府県コード": 46, "市区町村コード": 222, "所在地": "鹿児島県奄美市名瀬伊津部町１６－１３", "緯度": 28.378003, "経度": 129.498603, "url": "https://www.iryou.teikyouseido.mhlw.go.jp/znk-web/juminkanja/S2430/initialize?prefCd=46&kikanCd=54015&kikanKbn=5", "url2": null, "内容": "スマイル薬局【5:薬局】鹿児島県奄美市名瀬伊津部町１６－１３" }, "geometry": { "type": "Point", "coordinates": [ 129.498603, 28.378003 ] } },
{ "type": "Feature", "properties": { "ID": 46554019, "正式名称": "エンジェル薬局", "機関区分": 5, "都道府県コード": 46, "市区町村コード": 208, "所在地": "鹿児島県出水市米ノ津町２２番２４号", "緯度": 32.121726, "経度": 130.339306, "url": "https://www.iryou.teikyouseido.mhlw.go.jp/znk-web/juminkanja/S2430/initialize?prefCd=46&kikanCd=54019&kikanKbn=5", "url2": "kasumifreemail0402.wixsite.com/mysite", "内容": "エンジェル薬局【5:薬局】鹿児島県出水市米ノ津町２２番２４号" }, "geometry": { "type": "Point", "coordinates": [ 130.339306, 32.121726 ] } },
{ "type": "Feature", "properties": { "ID": 46554032, "正式名称": "ゆのさと薬局", "機関区分": 5, "都道府県コード": 46, "市区町村コード": 210, "所在地": "鹿児島県指宿市大牟礼３丁目２４－８", "緯度": 31.246538, "経度": 130.6445, "url": "https://www.iryou.teikyouseido.mhlw.go.jp/znk-web/juminkanja/S2430/initialize?prefCd=46&kikanCd=54032&kikanKbn=5", "url2": null, "内容": "ゆのさと薬局【5:薬局】鹿児島県指宿市大牟礼３丁目２４－８" }, "geometry": { "type": "Point", "coordinates": [ 130.6445, 31.246538 ] } },
{ "type": "Feature", "properties": { "ID": 46554061, "正式名称": "テイワイ薬局", "機関区分": 5, "都道府県コード": 46, "市区町村コード": 203, "所在地": "鹿児島県鹿屋市川西町４４７４番地２", "緯度": 31.361706, "経度": 130.870619, "url": "https://www.iryou.teikyouseido.mhlw.go.jp/znk-web/juminkanja/S2430/initialize?prefCd=46&kikanCd=54061&kikanKbn=5", "url2": null, "内容": "テイワイ薬局【5:薬局】鹿児島県鹿屋市川西町４４７４番地２" }, "geometry": { "type": "Point", "coordinates": [ 130.870619, 31.361706 ] } },
{ "type": "Feature", "properties": { "ID": 46554062, "正式名称": "ふじ薬局", "機関区分": 5, "都道府県コード": 46, "市区町村コード": 203, "所在地": "鹿児島県鹿屋市下祓川町１７９２番地２", "緯度": 31.413501, "経度": 130.851876, "url": "https://www.iryou.teikyouseido.mhlw.go.jp/znk-web/juminkanja/S2430/initialize?prefCd=46&kikanCd=54062&kikanKbn=5", "url2": null, "内容": "ふじ薬局【5:薬局】鹿児島県鹿屋市下祓川町１７９２番地２" }, "geometry": { "type": "Point", "coordinates": [ 130.851876, 31.413501 ] } },
{ "type": "Feature", "properties": { "ID": 46554154, "正式名称": "宮前調剤薬局", "機関区分": 5, "都道府県コード": 46, "市区町村コード": 208, "所在地": "鹿児島県出水市上知識町８０３番", "緯度": 32.081986, "経度": 130.341497, "url": "https://www.iryou.teikyouseido.mhlw.go.jp/znk-web/juminkanja/S2430/initialize?prefCd=46&kikanCd=54154&kikanKbn=5", "url2": null, "内容": "宮前調剤薬局【5:薬局】鹿児島県出水市上知識町８０３番" }, "geometry": { "type": "Point", "coordinates": [ 130.341497, 32.081986 ] } },
{ "type": "Feature", "properties": { "ID": 46554253, "正式名称": "新生薬局", "機関区分": 5, "都道府県コード": 46, "市区町村コード": 203, "所在地": "鹿児島県鹿屋市新生町９番１５号", "緯度": 31.385161, "経度": 130.846731, "url": "https://www.iryou.teikyouseido.mhlw.go.jp/znk-web/juminkanja/S2430/initialize?prefCd=46&kikanCd=54253&kikanKbn=5", "url2": "http://aicare.ehoh.net/", "内容": "新生薬局【5:薬局】鹿児島県鹿屋市新生町９番１５号" }, "geometry": { "type": "Point", "coordinates": [ 130.846731, 31.385161 ] } },
{ "type": "Feature", "properties": { "ID": 46554272, "正式名称": "サンライズ薬局", "機関区分": 5, "都道府県コード": 46, "市区町村コード": 215, "所在地": "鹿児島県薩摩川内市五代町３２１７番地１号", "緯度": 31.832255, "経度": 130.287396, "url": "https://www.iryou.teikyouseido.mhlw.go.jp/znk-web/juminkanja/S2430/initialize?prefCd=46&kikanCd=54272&kikanKbn=5", "url2": "https://www.sunrise-kusuri.co.jp", "内容": "サンライズ薬局【5:薬局】鹿児島県薩摩川内市五代町３２１７番地１号" }, "geometry": { "type": "Point", "coordinates": [ 130.287396, 31.832255 ] } },
{ "type": "Feature", "properties": { "ID": 46554274, "正式名称": "みつば薬局", "機関区分": 5, "都道府県コード": 46, "市区町村コード": 218, "所在地": "鹿児島県霧島市隼人町姫城三丁目１７４－１", "緯度": 31.772461, "経度": 130.758715, "url": "https://www.iryou.teikyouseido.mhlw.go.jp/znk-web/juminkanja/S2430/initialize?prefCd=46&kikanCd=54274&kikanKbn=5", "url2": null, "内容": "みつば薬局【5:薬局】鹿児島県霧島市隼人町姫城三丁目１７４－１" }, "geometry": { "type": "Point", "coordinates": [ 130.758715, 31.772461 ] } },
{ "type": "Feature", "properties": { "ID": 46554282, "正式名称": "花咲薬局", "機関区分": 5, "都道府県コード": 46, "市区町村コード": 215, "所在地": "鹿児島県薩摩川内市平佐町４３１４番地１０", "緯度": 31.814053, "経度": 130.319925, "url": "https://www.iryou.teikyouseido.mhlw.go.jp/znk-web/juminkanja/S2430/initialize?prefCd=46&kikanCd=54282&kikanKbn=5", "url2": null, "内容": "花咲薬局【5:薬局】鹿児島県薩摩川内市平佐町４３１４番地１０" }, "geometry": { "type": "Point", "coordinates": [ 130.319925, 31.814053 ] } },
{ "type": "Feature", "properties": { "ID": 46554287, "正式名称": "さつま薬局", "機関区分": 5, "都道府県コード": 46, "市区町村コード": 215, "所在地": "鹿児島県薩摩川内市御陵下町２６５０番地３", "緯度": 31.829961, "経度": 130.292808, "url": "https://www.iryou.teikyouseido.mhlw.go.jp/znk-web/juminkanja/S2430/initialize?prefCd=46&kikanCd=54287&kikanKbn=5", "url2": "http://satumayakkyoku.com/", "内容": "さつま薬局【5:薬局】鹿児島県薩摩川内市御陵下町２６５０番地３" }, "geometry": { "type": "Point", "coordinates": [ 130.292808, 31.829961 ] } },
{ "type": "Feature", "properties": { "ID": 46554293, "正式名称": "アジア薬局", "機関区分": 5, "都道府県コード": 46, "市区町村コード": 215, "所在地": "鹿児島県薩摩川内市大小路町２２番１０号", "緯度": 31.822594, "経度": 130.302544, "url": "https://www.iryou.teikyouseido.mhlw.go.jp/znk-web/juminkanja/S2430/initialize?prefCd=46&kikanCd=54293&kikanKbn=5", "url2": "http://www.e-clssa.net/ajia-pharmacy/", "内容": "アジア薬局【5:薬局】鹿児島県薩摩川内市大小路町２２番１０号" }, "geometry": { "type": "Point", "coordinates": [ 130.302544, 31.822594 ] } },
{ "type": "Feature", "properties": { "ID": 46554296, "正式名称": "まいづる薬局", "機関区分": 5, "都道府県コード": 46, "市区町村コード": 218, "所在地": "鹿児島県霧島市国分福島三丁目５１番５号", "緯度": 31.732939, "経度": 130.765083, "url": "https://www.iryou.teikyouseido.mhlw.go.jp/znk-web/juminkanja/S2430/initialize?prefCd=46&kikanCd=54296&kikanKbn=5", "url2": null, "内容": "まいづる薬局【5:薬局】鹿児島県霧島市国分福島三丁目５１番５号" }, "geometry": { "type": "Point", "coordinates": [ 130.765083, 31.732939 ] } },
{ "type": "Feature", "properties": { "ID": 46554317, "正式名称": "フタヤ薬局　出水店", "機関区分": 5, "都道府県コード": 46, "市区町村コード": 208, "所在地": "鹿児島県出水市六月田町７１２番１", "緯度": 32.104828, "経度": 130.340687, "url": "https://www.iryou.teikyouseido.mhlw.go.jp/znk-web/juminkanja/S2430/initialize?prefCd=46&kikanCd=54317&kikanKbn=5", "url2": "https://www.futaya.co.jp/shop/izumi_ph", "内容": "フタヤ薬局　出水店【5:薬局】鹿児島県出水市六月田町７１２番１" }, "geometry": { "type": "Point", "coordinates": [ 130.340687, 32.104828 ] } },
{ "type": "Feature", "properties": { "ID": 46554321, "正式名称": "フルート調剤薬局", "機関区分": 5, "都道府県コード": 46, "市区町村コード": 223, "所在地": "鹿児島県南九州市川辺町平山５８５７番地１", "緯度": 31.3895, "経度": 130.394888, "url": "https://www.iryou.teikyouseido.mhlw.go.jp/znk-web/juminkanja/S2430/initialize?prefCd=46&kikanCd=54321&kikanKbn=5", "url2": "https://mstmsg.co.jp/", "内容": "フルート調剤薬局【5:薬局】鹿児島県南九州市川辺町平山５８５７番地１" }, "geometry": { "type": "Point", "coordinates": [ 130.394888, 31.3895 ] } },
{ "type": "Feature", "properties": { "ID": 46554338, "正式名称": "クレモア薬局", "機関区分": 5, "都道府県コード": 46, "市区町村コード": 208, "所在地": "鹿児島県出水市昭和町２５番７号", "緯度": 32.086564, "経度": 130.354736, "url": "https://www.iryou.teikyouseido.mhlw.go.jp/znk-web/juminkanja/S2430/initialize?prefCd=46&kikanCd=54338&kikanKbn=5", "url2": null, "内容": "クレモア薬局【5:薬局】鹿児島県出水市昭和町２５番７号" }, "geometry": { "type": "Point", "coordinates": [ 130.354736, 32.086564 ] } },
{ "type": "Feature", "properties": { "ID": 46554355, "正式名称": "株式会社チューリップ調剤薬局", "機関区分": 5, "都道府県コード": 46, "市区町村コード": 222, "所在地": "鹿児島県奄美市名瀬長浜町４－３", "緯度": 28.395339, "経度": 129.495008, "url": "https://www.iryou.teikyouseido.mhlw.go.jp/znk-web/juminkanja/S2430/initialize?prefCd=46&kikanCd=54355&kikanKbn=5", "url2": null, "内容": "株式会社チューリップ調剤薬局【5:薬局】鹿児島県奄美市名瀬長浜町４－３" }, "geometry": { "type": "Point", "coordinates": [ 129.495008, 28.395339 ] } },
{ "type": "Feature", "properties": { "ID": 46554356, "正式名称": "ひぐらし薬局", "機関区分": 5, "都道府県コード": 46, "市区町村コード": 215, "所在地": "鹿児島県薩摩川内市向田町１０１６", "緯度": 31.810528, "経度": 130.311474, "url": "https://www.iryou.teikyouseido.mhlw.go.jp/znk-web/juminkanja/S2430/initialize?prefCd=46&kikanCd=54356&kikanKbn=5", "url2": null, "内容": "ひぐらし薬局【5:薬局】鹿児島県薩摩川内市向田町１０１６" }, "geometry": { "type": "Point", "coordinates": [ 130.311474, 31.810528 ] } },
{ "type": "Feature", "properties": { "ID": 46554377, "正式名称": "ビオラ調剤薬局", "機関区分": 5, "都道府県コード": 46, "市区町村コード": 215, "所在地": "鹿児島県薩摩川内市大王町４番８－２号", "緯度": 31.82402, "経度": 130.299469, "url": "https://www.iryou.teikyouseido.mhlw.go.jp/znk-web/juminkanja/S2430/initialize?prefCd=46&kikanCd=54377&kikanKbn=5", "url2": null, "内容": "ビオラ調剤薬局【5:薬局】鹿児島県薩摩川内市大王町４番８－２号" }, "geometry": { "type": "Point", "coordinates": [ 130.299469, 31.82402 ] } },
{ "type": "Feature", "properties": { "ID": 46554378, "正式名称": "メープル薬局", "機関区分": 5, "都道府県コード": 46, "市区町村コード": 208, "所在地": "鹿児島県出水市大野原町６９番地", "緯度": 32.081552, "経度": 130.326827, "url": "https://www.iryou.teikyouseido.mhlw.go.jp/znk-web/juminkanja/S2430/initialize?prefCd=46&kikanCd=54378&kikanKbn=5", "url2": "http://www.e-classa.net/maple9292/", "内容": "メープル薬局【5:薬局】鹿児島県出水市大野原町６９番地" }, "geometry": { "type": "Point", "coordinates": [ 130.326827, 32.081552 ] } },
{ "type": "Feature", "properties": { "ID": 46554382, "正式名称": "テルセラあおい薬局", "機関区分": 5, "都道府県コード": 46, "市区町村コード": 217, "所在地": "鹿児島県曽於市末吉町新町１丁目９－１番地", "緯度": 31.658278, "経度": 131.020121, "url": "https://www.iryou.teikyouseido.mhlw.go.jp/znk-web/juminkanja/S2430/initialize?prefCd=46&kikanCd=54382&kikanKbn=5", "url2": null, "内容": "テルセラあおい薬局【5:薬局】鹿児島県曽於市末吉町新町１丁目９－１番地" }, "geometry": { "type": "Point", "coordinates": [ 131.020121, 31.658278 ] } },
{ "type": "Feature", "properties": { "ID": 46554405, "正式名称": "れいめい調剤薬局", "機関区分": 5, "都道府県コード": 46, "市区町村コード": 216, "所在地": "鹿児島県日置市伊集院町徳重１－１４－３", "緯度": 31.631285, "経度": 130.402324, "url": "https://www.iryou.teikyouseido.mhlw.go.jp/znk-web/juminkanja/S2430/initialize?prefCd=46&kikanCd=54405&kikanKbn=5", "url2": "https://reimei-medical.jimdofree.com/", "内容": "れいめい調剤薬局【5:薬局】鹿児島県日置市伊集院町徳重１－１４－３" }, "geometry": { "type": "Point", "coordinates": [ 130.402324, 31.631285 ] } },
{ "type": "Feature", "properties": { "ID": 46554415, "正式名称": "スマイル薬局出水店", "機関区分": 5, "都道府県コード": 46, "市区町村コード": 208, "所在地": "鹿児島県出水市六月田町３６０番３", "緯度": 32.107088, "経度": 130.344009, "url": "https://www.iryou.teikyouseido.mhlw.go.jp/znk-web/juminkanja/S2430/initialize?prefCd=46&kikanCd=54415&kikanKbn=5", "url2": "https://www.e-classa.net/peace-of-mind/group.html", "内容": "スマイル薬局出水店【5:薬局】鹿児島県出水市六月田町３６０番３" }, "geometry": { "type": "Point", "coordinates": [ 130.344009, 32.107088 ] } },
{ "type": "Feature", "properties": { "ID": 46554416, "正式名称": "おりかわ薬局", "機関区分": 5, "都道府県コード": 46, "市区町村コード": 501, "所在地": "鹿児島県熊毛郡中種子町野間５２９９ー４", "緯度": 30.534075, "経度": 130.960892, "url": "https://www.iryou.teikyouseido.mhlw.go.jp/znk-web/juminkanja/S2430/initialize?prefCd=46&kikanCd=54416&kikanKbn=5", "url2": null, "内容": "おりかわ薬局【5:薬局】鹿児島県熊毛郡中種子町野間５２９９ー４" }, "geometry": { "type": "Point", "coordinates": [ 130.960892, 30.534075 ] } },
{ "type": "Feature", "properties": { "ID": 46554434, "正式名称": "ふれあい薬局", "機関区分": 5, "都道府県コード": 46, "市区町村コード": 208, "所在地": "鹿児島県出水市向江町２番１４号", "緯度": 32.080601, "経度": 130.355388, "url": "https://www.iryou.teikyouseido.mhlw.go.jp/znk-web/juminkanja/S2430/initialize?prefCd=46&kikanCd=54434&kikanKbn=5", "url2": "https://www.fureai-pharmacy.jp/", "内容": "ふれあい薬局【5:薬局】鹿児島県出水市向江町２番１４号" }, "geometry": { "type": "Point", "coordinates": [ 130.355388, 32.080601 ] } },
{ "type": "Feature", "properties": { "ID": 46554436, "正式名称": "くにみ薬局　隼人店", "機関区分": 5, "都道府県コード": 46, "市区町村コード": 218, "所在地": "鹿児島県霧島市隼人町内山田三丁目７４２番８", "緯度": 31.747659, "経度": 130.736765, "url": "https://www.iryou.teikyouseido.mhlw.go.jp/znk-web/juminkanja/S2430/initialize?prefCd=46&kikanCd=54436&kikanKbn=5", "url2": null, "内容": "くにみ薬局　隼人店【5:薬局】鹿児島県霧島市隼人町内山田三丁目７４２番８" }, "geometry": { "type": "Point", "coordinates": [ 130.736765, 31.747659 ] } },
{ "type": "Feature", "properties": { "ID": 46554451, "正式名称": "肝付やぶさめ薬局", "機関区分": 5, "都道府県コード": 46, "市区町村コード": 492, "所在地": "鹿児島県肝属郡肝付町前田８５８－３", "緯度": 31.347606, "経度": 130.941213, "url": "https://www.iryou.teikyouseido.mhlw.go.jp/znk-web/juminkanja/S2430/initialize?prefCd=46&kikanCd=54451&kikanKbn=5", "url2": "http://kotobuki8.jp/", "内容": "肝付やぶさめ薬局【5:薬局】鹿児島県肝属郡肝付町前田８５８－３" }, "geometry": { "type": "Point", "coordinates": [ 130.941213, 31.347606 ] } },
{ "type": "Feature", "properties": { "ID": 46554453, "正式名称": "そよかぜ薬局", "機関区分": 5, "都道府県コード": 46, "市区町村コード": 223, "所在地": "鹿児島県南九州市頴娃町別府６５番地", "緯度": 31.254265, "経度": 130.455949, "url": "https://www.iryou.teikyouseido.mhlw.go.jp/znk-web/juminkanja/S2430/initialize?prefCd=46&kikanCd=54453&kikanKbn=5", "url2": null, "内容": "そよかぜ薬局【5:薬局】鹿児島県南九州市頴娃町別府６５番地" }, "geometry": { "type": "Point", "coordinates": [ 130.455949, 31.254265 ] } },
{ "type": "Feature", "properties": { "ID": 46554457, "正式名称": "ほんまち薬局", "機関区分": 5, "都道府県コード": 46, "市区町村コード": 220, "所在地": "鹿児島県南さつま市加世田東本町１４−１９", "緯度": 31.418843, "経度": 130.325152, "url": "https://www.iryou.teikyouseido.mhlw.go.jp/znk-web/juminkanja/S2430/initialize?prefCd=46&kikanCd=54457&kikanKbn=5", "url2": "http://www.e-classa.net/honmati/index.html", "内容": "ほんまち薬局【5:薬局】鹿児島県南さつま市加世田東本町１４−１９" }, "geometry": { "type": "Point", "coordinates": [ 130.325152, 31.418843 ] } },
{ "type": "Feature", "properties": { "ID": 46554464, "正式名称": "三井調剤薬局　札元二丁目店", "機関区分": 5, "都道府県コード": 46, "市区町村コード": 203, "所在地": "鹿児島県鹿屋市札元二丁目３７４６番地９", "緯度": 31.40285, "経度": 130.868612, "url": "https://www.iryou.teikyouseido.mhlw.go.jp/znk-web/juminkanja/S2430/initialize?prefCd=46&kikanCd=54464&kikanKbn=5", "url2": "http://mitsui-ph.com", "内容": "三井調剤薬局　札元二丁目店【5:薬局】鹿児島県鹿屋市札元二丁目３７４６番地９" }, "geometry": { "type": "Point", "coordinates": [ 130.868612, 31.40285 ] } },
{ "type": "Feature", "properties": { "ID": 46554489, "正式名称": "すくすく薬局", "機関区分": 5, "都道府県コード": 46, "市区町村コード": 206, "所在地": "鹿児島県阿久根市赤瀬川３８８０－８", "緯度": 32.031982, "経度": 130.203685, "url": "https://www.iryou.teikyouseido.mhlw.go.jp/znk-web/juminkanja/S2430/initialize?prefCd=46&kikanCd=54489&kikanKbn=5", "url2": null, "内容": "すくすく薬局【5:薬局】鹿児島県阿久根市赤瀬川３８８０－８" }, "geometry": { "type": "Point", "coordinates": [ 130.203685, 32.031982 ] } },
{ "type": "Feature", "properties": { "ID": 46554501, "正式名称": "有限会社　ケーアイ調剤薬局　五代店", "機関区分": 5, "都道府県コード": 46, "市区町村コード": 215, "所在地": "鹿児島県薩摩川内市上川内町３３０６番地", "緯度": 31.833025, "経度": 130.287421, "url": "https://www.iryou.teikyouseido.mhlw.go.jp/znk-web/juminkanja/S2430/initialize?prefCd=46&kikanCd=54501&kikanKbn=5", "url2": "https://store.qol-net.co.jp/detail/1183/", "内容": "有限会社　ケーアイ調剤薬局　五代店【5:薬局】鹿児島県薩摩川内市上川内町３３０６番地" }, "geometry": { "type": "Point", "coordinates": [ 130.287421, 31.833025 ] } },
{ "type": "Feature", "properties": { "ID": 46554503, "正式名称": "こころ調剤薬局", "機関区分": 5, "都道府県コード": 46, "市区町村コード": 215, "所在地": "鹿児島県薩摩川内市東開聞町６番２０号", "緯度": 31.816986, "経度": 130.303508, "url": "https://www.iryou.teikyouseido.mhlw.go.jp/znk-web/juminkanja/S2430/initialize?prefCd=46&kikanCd=54503&kikanKbn=5", "url2": "https://kokorochozaiyaakkyoku.synapse.kagoshima.jp/", "内容": "こころ調剤薬局【5:薬局】鹿児島県薩摩川内市東開聞町６番２０号" }, "geometry": { "type": "Point", "coordinates": [ 130.303508, 31.816986 ] } },
{ "type": "Feature", "properties": { "ID": 46554520, "正式名称": "東本町調剤薬局", "機関区分": 5, "都道府県コード": 46, "市区町村コード": 220, "所在地": "鹿児島県南さつま市加世田東本町１２－１０", "緯度": 31.418149, "経度": 130.327385, "url": "https://www.iryou.teikyouseido.mhlw.go.jp/znk-web/juminkanja/S2430/initialize?prefCd=46&kikanCd=54520&kikanKbn=5", "url2": null, "内容": "東本町調剤薬局【5:薬局】鹿児島県南さつま市加世田東本町１２－１０" }, "geometry": { "type": "Point", "coordinates": [ 130.327385, 31.418149 ] } },
{ "type": "Feature", "properties": { "ID": 46554527, "正式名称": "ゆうき薬局", "機関区分": 5, "都道府県コード": 46, "市区町村コード": 225, "所在地": "鹿児島県姶良市平松２８７８番地２３", "緯度": 31.720439, "経度": 130.609801, "url": "https://www.iryou.teikyouseido.mhlw.go.jp/znk-web/juminkanja/S2430/initialize?prefCd=46&kikanCd=54527&kikanKbn=5", "url2": "https://www.e-classa.net/yuki-hiramatu-aira/index.html", "内容": "ゆうき薬局【5:薬局】鹿児島県姶良市平松２８７８番地２３" }, "geometry": { "type": "Point", "coordinates": [ 130.609801, 31.720439 ] } },
{ "type": "Feature", "properties": { "ID": 46554528, "正式名称": "中ノ丸薬局", "機関区分": 5, "都道府県コード": 46, "市区町村コード": 225, "所在地": "鹿児島県姶良市東餠田字中ノ丸４３３番１７", "緯度": 31.724949, "経度": 130.63416, "url": "https://www.iryou.teikyouseido.mhlw.go.jp/znk-web/juminkanja/S2430/initialize?prefCd=46&kikanCd=54528&kikanKbn=5", "url2": null, "内容": "中ノ丸薬局【5:薬局】鹿児島県姶良市東餠田字中ノ丸４３３番１７" }, "geometry": { "type": "Point", "coordinates": [ 130.63416, 31.724949 ] } },
{ "type": "Feature", "properties": { "ID": 46554534, "正式名称": "クアルタあおい薬局", "機関区分": 5, "都道府県コード": 46, "市区町村コード": 215, "所在地": "鹿児島県薩摩川内市中郷１丁目３９番３４号", "緯度": 31.835114, "経度": 130.312272, "url": "https://www.iryou.teikyouseido.mhlw.go.jp/znk-web/juminkanja/S2430/initialize?prefCd=46&kikanCd=54534&kikanKbn=5", "url2": "http://www.aoi-pharmacy.co.jp/", "内容": "クアルタあおい薬局【5:薬局】鹿児島県薩摩川内市中郷１丁目３９番３４号" }, "geometry": { "type": "Point", "coordinates": [ 130.312272, 31.835114 ] } },
{ "type": "Feature", "properties": { "ID": 46554536, "正式名称": "マリン薬局　米ノ津店", "機関区分": 5, "都道府県コード": 46, "市区町村コード": 208, "所在地": "鹿児島県出水市明神町２３５７番地２", "緯度": 32.11763, "経度": 130.333495, "url": "https://www.iryou.teikyouseido.mhlw.go.jp/znk-web/juminkanja/S2430/initialize?prefCd=46&kikanCd=54536&kikanKbn=5", "url2": null, "内容": "マリン薬局　米ノ津店【5:薬局】鹿児島県出水市明神町２３５７番地２" }, "geometry": { "type": "Point", "coordinates": [ 130.333495, 32.11763 ] } },
{ "type": "Feature", "properties": { "ID": 46554537, "正式名称": "タバタ薬局　宮之城店", "機関区分": 5, "都道府県コード": 46, "市区町村コード": 392, "所在地": "鹿児島県薩摩郡さつま町宮之城屋地１４６１番４", "緯度": 31.902219, "経度": 130.454118, "url": "https://www.iryou.teikyouseido.mhlw.go.jp/znk-web/juminkanja/S2430/initialize?prefCd=46&kikanCd=54537&kikanKbn=5", "url2": "http://tabata-pharmacy.com", "内容": "タバタ薬局　宮之城店【5:薬局】鹿児島県薩摩郡さつま町宮之城屋地１４６１番４" }, "geometry": { "type": "Point", "coordinates": [ 130.454118, 31.902219 ] } },
{ "type": "Feature", "properties": { "ID": 46554539, "正式名称": "長島調剤薬局", "機関区分": 5, "都道府県コード": 46, "市区町村コード": 404, "所在地": "鹿児島県出水郡長島町鷹巣字丸尾１８４１番地７", "緯度": 32.198603, "経度": 130.177163, "url": "https://www.iryou.teikyouseido.mhlw.go.jp/znk-web/juminkanja/S2430/initialize?prefCd=46&kikanCd=54539&kikanKbn=5", "url2": "https://www.sunmedipha.com/", "内容": "長島調剤薬局【5:薬局】鹿児島県出水郡長島町鷹巣字丸尾１８４１番地７" }, "geometry": { "type": "Point", "coordinates": [ 130.177163, 32.198603 ] } },
{ "type": "Feature", "properties": { "ID": 46554550, "正式名称": "さくらんぼ薬局", "機関区分": 5, "都道府県コード": 46, "市区町村コード": 208, "所在地": "鹿児島県出水市大野原町１０－３", "緯度": 32.081595, "経度": 130.331433, "url": "https://www.iryou.teikyouseido.mhlw.go.jp/znk-web/juminkanja/S2430/initialize?prefCd=46&kikanCd=54550&kikanKbn=5", "url2": "http://www6.ocn.ne.jp/~izmkaiei/", "内容": "さくらんぼ薬局【5:薬局】鹿児島県出水市大野原町１０－３" }, "geometry": { "type": "Point", "coordinates": [ 130.331433, 32.081595 ] } },
{ "type": "Feature", "properties": { "ID": 46554567, "正式名称": "さし薬局", "機関区分": 5, "都道府県コード": 46, "市区町村コード": 392, "所在地": "鹿児島県薩摩郡さつま町田原１４７番地６", "緯度": 31.919614, "経度": 130.483513, "url": "https://www.iryou.teikyouseido.mhlw.go.jp/znk-web/juminkanja/S2430/initialize?prefCd=46&kikanCd=54567&kikanKbn=5", "url2": null, "内容": "さし薬局【5:薬局】鹿児島県薩摩郡さつま町田原１４７番地６" }, "geometry": { "type": "Point", "coordinates": [ 130.483513, 31.919614 ] } },
{ "type": "Feature", "properties": { "ID": 46554569, "正式名称": "けやき薬局", "機関区分": 5, "都道府県コード": 46, "市区町村コード": 218, "所在地": "鹿児島県霧島市隼人町松永１丁目３７番２", "緯度": 31.774222, "経度": 130.759942, "url": "https://www.iryou.teikyouseido.mhlw.go.jp/znk-web/juminkanja/S2430/initialize?prefCd=46&kikanCd=54569&kikanKbn=5", "url2": null, "内容": "けやき薬局【5:薬局】鹿児島県霧島市隼人町松永１丁目３７番２" }, "geometry": { "type": "Point", "coordinates": [ 130.759942, 31.774222 ] } },
{ "type": "Feature", "properties": { "ID": 46554576, "正式名称": "有限会社　ケーアイ調剤薬局　川辺店", "機関区分": 5, "都道府県コード": 46, "市区町村コード": 223, "所在地": "鹿児島県南九州市川辺町今田字南田２８５－１", "緯度": 31.387013, "経度": 130.40369, "url": "https://www.iryou.teikyouseido.mhlw.go.jp/znk-web/juminkanja/S2430/initialize?prefCd=46&kikanCd=54576&kikanKbn=5", "url2": "https://ki-pharm.com", "内容": "有限会社　ケーアイ調剤薬局　川辺店【5:薬局】鹿児島県南九州市川辺町今田字南田２８５－１" }, "geometry": { "type": "Point", "coordinates": [ 130.40369, 31.387013 ] } },
{ "type": "Feature", "properties": { "ID": 46554578, "正式名称": "ひまわり薬局", "機関区分": 5, "都道府県コード": 46, "市区町村コード": 218, "所在地": "鹿児島県霧島市国分野口東１１５７番地２", "緯度": 31.737164, "経度": 130.755955, "url": "https://www.iryou.teikyouseido.mhlw.go.jp/znk-web/juminkanja/S2430/initialize?prefCd=46&kikanCd=54578&kikanKbn=5", "url2": null, "内容": "ひまわり薬局【5:薬局】鹿児島県霧島市国分野口東１１５７番地２" }, "geometry": { "type": "Point", "coordinates": [ 130.755955, 31.737164 ] } },
{ "type": "Feature", "properties": { "ID": 46554580, "正式名称": "ひおき薬局", "機関区分": 5, "都道府県コード": 46, "市区町村コード": 216, "所在地": "鹿児島県日置市伊集院町徳重３－７－３", "緯度": 31.631117, "経度": 130.395811, "url": "https://www.iryou.teikyouseido.mhlw.go.jp/znk-web/juminkanja/S2430/initialize?prefCd=46&kikanCd=54580&kikanKbn=5", "url2": null, "内容": "ひおき薬局【5:薬局】鹿児島県日置市伊集院町徳重３－７－３" }, "geometry": { "type": "Point", "coordinates": [ 130.395811, 31.631117 ] } },
{ "type": "Feature", "properties": { "ID": 46554592, "正式名称": "有限会社　マツモト薬局", "機関区分": 5, "都道府県コード": 46, "市区町村コード": 222, "所在地": "鹿児島県奄美市笠利町外金久字スタケタ９２番１", "緯度": 28.457478, "経度": 129.67375, "url": "https://www.iryou.teikyouseido.mhlw.go.jp/znk-web/juminkanja/S2430/initialize?prefCd=46&kikanCd=54592&kikanKbn=5", "url2": null, "内容": "有限会社　マツモト薬局【5:薬局】鹿児島県奄美市笠利町外金久字スタケタ９２番１" }, "geometry": { "type": "Point", "coordinates": [ 129.67375, 28.457478 ] } },
{ "type": "Feature", "properties": { "ID": 46554605, "正式名称": "健美堂薬局　串木野店", "機関区分": 5, "都道府県コード": 46, "市区町村コード": 219, "所在地": "鹿児島県いちき串木野市曙町９５", "緯度": 31.720749, "経度": 130.273597, "url": "https://www.iryou.teikyouseido.mhlw.go.jp/znk-web/juminkanja/S2430/initialize?prefCd=46&kikanCd=54605&kikanKbn=5", "url2": null, "内容": "健美堂薬局　串木野店【5:薬局】鹿児島県いちき串木野市曙町９５" }, "geometry": { "type": "Point", "coordinates": [ 130.273597, 31.720749 ] } },
{ "type": "Feature", "properties": { "ID": 46554606, "正式名称": "ひだまり薬局", "機関区分": 5, "都道府県コード": 46, "市区町村コード": 225, "所在地": "鹿児島県姶良市宮島町５６－２９", "緯度": 31.725053, "経度": 130.624211, "url": "https://www.iryou.teikyouseido.mhlw.go.jp/znk-web/juminkanja/S2430/initialize?prefCd=46&kikanCd=54606&kikanKbn=5", "url2": "https://www.kago-hidamariph.com/", "内容": "ひだまり薬局【5:薬局】鹿児島県姶良市宮島町５６－２９" }, "geometry": { "type": "Point", "coordinates": [ 130.624211, 31.725053 ] } },
{ "type": "Feature", "properties": { "ID": 46554608, "正式名称": "ニック調剤薬局　国分西店", "機関区分": 5, "都道府県コード": 46, "市区町村コード": 218, "所在地": "鹿児島県霧島市国分野口西１９－３２－１", "緯度": 31.736427, "経度": 130.742534, "url": "https://www.iryou.teikyouseido.mhlw.go.jp/znk-web/juminkanja/S2430/initialize?prefCd=46&kikanCd=54608&kikanKbn=5", "url2": "http://www.n-i-c.co.jp", "内容": "ニック調剤薬局　国分西店【5:薬局】鹿児島県霧島市国分野口西１９－３２－１" }, "geometry": { "type": "Point", "coordinates": [ 130.742534, 31.736427 ] } },
{ "type": "Feature", "properties": { "ID": 46554628, "正式名称": "クローバー薬局", "機関区分": 5, "都道府県コード": 46, "市区町村コード": 225, "所在地": "鹿児島県姶良市加治木町反土２６２８番地８", "緯度": 31.740637, "経度": 130.662135, "url": "https://www.iryou.teikyouseido.mhlw.go.jp/znk-web/juminkanja/S2430/initialize?prefCd=46&kikanCd=54628&kikanKbn=5", "url2": null, "内容": "クローバー薬局【5:薬局】鹿児島県姶良市加治木町反土２６２８番地８" }, "geometry": { "type": "Point", "coordinates": [ 130.662135, 31.740637 ] } },
{ "type": "Feature", "properties": { "ID": 46554629, "正式名称": "ひがしの丘調剤薬局", "機関区分": 5, "都道府県コード": 46, "市区町村コード": 203, "所在地": "鹿児島県鹿屋市笠之原町２９２３－４", "緯度": 31.395374, "経度": 130.880656, "url": "https://www.iryou.teikyouseido.mhlw.go.jp/znk-web/juminkanja/S2430/initialize?prefCd=46&kikanCd=54629&kikanKbn=5", "url2": null, "内容": "ひがしの丘調剤薬局【5:薬局】鹿児島県鹿屋市笠之原町２９２３－４" }, "geometry": { "type": "Point", "coordinates": [ 130.880656, 31.395374 ] } },
{ "type": "Feature", "properties": { "ID": 46554630, "正式名称": "いーぐる調剤薬局", "機関区分": 5, "都道府県コード": 46, "市区町村コード": 219, "所在地": "鹿児島県いちき串木野市湊町１丁目２１２番地", "緯度": 31.692556, "経度": 130.291758, "url": "https://www.iryou.teikyouseido.mhlw.go.jp/znk-web/juminkanja/S2430/initialize?prefCd=46&kikanCd=54630&kikanKbn=5", "url2": null, "内容": "いーぐる調剤薬局【5:薬局】鹿児島県いちき串木野市湊町１丁目２１２番地" }, "geometry": { "type": "Point", "coordinates": [ 130.291758, 31.692556 ] } },
{ "type": "Feature", "properties": { "ID": 46554640, "正式名称": "隼人調剤薬局", "機関区分": 5, "都道府県コード": 46, "市区町村コード": 218, "所在地": "鹿児島県霧島市隼人町見次６３８番地", "緯度": 31.738757, "経度": 130.736152, "url": "https://www.iryou.teikyouseido.mhlw.go.jp/znk-web/juminkanja/S2430/initialize?prefCd=46&kikanCd=54640&kikanKbn=5", "url2": "https://nangokutk-ph.jp/", "内容": "隼人調剤薬局【5:薬局】鹿児島県霧島市隼人町見次６３８番地" }, "geometry": { "type": "Point", "coordinates": [ 130.736152, 31.738757 ] } },
{ "type": "Feature", "properties": { "ID": 46554660, "正式名称": "市民調剤薬局", "機関区分": 5, "都道府県コード": 46, "市区町村コード": 206, "所在地": "鹿児島県阿久根市塩鶴町２丁目１２４番の２", "緯度": 32.008589, "経度": 130.193619, "url": "https://www.iryou.teikyouseido.mhlw.go.jp/znk-web/juminkanja/S2430/initialize?prefCd=46&kikanCd=54660&kikanKbn=5", "url2": null, "内容": "市民調剤薬局【5:薬局】鹿児島県阿久根市塩鶴町２丁目１２４番の２" }, "geometry": { "type": "Point", "coordinates": [ 130.193619, 32.008589 ] } },
{ "type": "Feature", "properties": { "ID": 46554661, "正式名称": "オレンジ薬局　出水店", "機関区分": 5, "都道府県コード": 46, "市区町村コード": 208, "所在地": "鹿児島県出水市中央町１３９３番地", "緯度": 32.081536, "経度": 130.345411, "url": "https://www.iryou.teikyouseido.mhlw.go.jp/znk-web/juminkanja/S2430/initialize?prefCd=46&kikanCd=54661&kikanKbn=5", "url2": null, "内容": "オレンジ薬局　出水店【5:薬局】鹿児島県出水市中央町１３９３番地" }, "geometry": { "type": "Point", "coordinates": [ 130.345411, 32.081536 ] } },
{ "type": "Feature", "properties": { "ID": 46554662, "正式名称": "すえひろ薬局　朝日店", "機関区分": 5, "都道府県コード": 46, "市区町村コード": 222, "所在地": "鹿児島県奄美市名瀬朝日町１１番４", "緯度": 28.396156, "経度": 129.526109, "url": "https://www.iryou.teikyouseido.mhlw.go.jp/znk-web/juminkanja/S2430/initialize?prefCd=46&kikanCd=54662&kikanKbn=5", "url2": "http://www.kenko2000.company", "内容": "すえひろ薬局　朝日店【5:薬局】鹿児島県奄美市名瀬朝日町１１番４" }, "geometry": { "type": "Point", "coordinates": [ 129.526109, 28.396156 ] } },
{ "type": "Feature", "properties": { "ID": 46554679, "正式名称": "さすえ薬局", "機関区分": 5, "都道府県コード": 46, "市区町村コード": 404, "所在地": "鹿児島県出水郡長島町指江８７番地９", "緯度": 32.156458, "経度": 130.116719, "url": "https://www.iryou.teikyouseido.mhlw.go.jp/znk-web/juminkanja/S2430/initialize?prefCd=46&kikanCd=54679&kikanKbn=5", "url2": null, "内容": "さすえ薬局【5:薬局】鹿児島県出水郡長島町指江８７番地９" }, "geometry": { "type": "Point", "coordinates": [ 130.116719, 32.156458 ] } },
{ "type": "Feature", "properties": { "ID": 46554700, "正式名称": "くすの木薬局", "機関区分": 5, "都道府県コード": 46, "市区町村コード": 492, "所在地": "鹿児島県肝属郡肝付町北方５８３番地１", "緯度": 31.296504, "経度": 131.049484, "url": "https://www.iryou.teikyouseido.mhlw.go.jp/znk-web/juminkanja/S2430/initialize?prefCd=46&kikanCd=54700&kikanKbn=5", "url2": "http://yoshishige-g.com/", "内容": "くすの木薬局【5:薬局】鹿児島県肝属郡肝付町北方５８３番地１" }, "geometry": { "type": "Point", "coordinates": [ 131.049484, 31.296504 ] } },
{ "type": "Feature", "properties": { "ID": 46554702, "正式名称": "ひめぎ薬局", "機関区分": 5, "都道府県コード": 46, "市区町村コード": 218, "所在地": "鹿児島県霧島市隼人町姫城２丁目２５９番地", "緯度": 31.767972, "経度": 130.760217, "url": "https://www.iryou.teikyouseido.mhlw.go.jp/znk-web/juminkanja/S2430/initialize?prefCd=46&kikanCd=54702&kikanKbn=5", "url2": null, "内容": "ひめぎ薬局【5:薬局】鹿児島県霧島市隼人町姫城２丁目２５９番地" }, "geometry": { "type": "Point", "coordinates": [ 130.760217, 31.767972 ] } },
{ "type": "Feature", "properties": { "ID": 46554704, "正式名称": "おおぞら薬局", "機関区分": 5, "都道府県コード": 46, "市区町村コード": 218, "所在地": "鹿児島県霧島市国分松木東７番１５号", "緯度": 31.736922, "経度": 130.75859, "url": "https://www.iryou.teikyouseido.mhlw.go.jp/znk-web/juminkanja/S2430/initialize?prefCd=46&kikanCd=54704&kikanKbn=5", "url2": null, "内容": "おおぞら薬局【5:薬局】鹿児島県霧島市国分松木東７番１５号" }, "geometry": { "type": "Point", "coordinates": [ 130.75859, 31.736922 ] } },
{ "type": "Feature", "properties": { "ID": 46554729, "正式名称": "クローバー薬局", "機関区分": 5, "都道府県コード": 46, "市区町村コード": 220, "所在地": "鹿児島県南さつま市加世田本町２２－８　ＮＴＴビル１Ｆ", "緯度": 31.419449, "経度": 130.321225, "url": "https://www.iryou.teikyouseido.mhlw.go.jp/znk-web/juminkanja/S2430/initialize?prefCd=46&kikanCd=54729&kikanKbn=5", "url2": null, "内容": "クローバー薬局【5:薬局】鹿児島県南さつま市加世田本町２２－８　ＮＴＴビル１Ｆ" }, "geometry": { "type": "Point", "coordinates": [ 130.321225, 31.419449 ] } },
{ "type": "Feature", "properties": { "ID": 46554778, "正式名称": "なごみ薬局", "機関区分": 5, "都道府県コード": 46, "市区町村コード": 222, "所在地": "鹿児島県奄美市名瀬和光町３１番１５", "緯度": 28.389278, "経度": 129.52514, "url": "https://www.iryou.teikyouseido.mhlw.go.jp/znk-web/juminkanja/S2430/initialize?prefCd=46&kikanCd=54778&kikanKbn=5", "url2": "https://www.np-g.jp", "内容": "なごみ薬局【5:薬局】鹿児島県奄美市名瀬和光町３１番１５" }, "geometry": { "type": "Point", "coordinates": [ 129.52514, 28.389278 ] } },
{ "type": "Feature", "properties": { "ID": 46554821, "正式名称": "フタヤ薬局　国分店", "機関区分": 5, "都道府県コード": 46, "市区町村コード": 218, "所在地": "鹿児島県霧島市国分福島３丁目４０番１５号", "緯度": 31.726013, "経度": 130.765106, "url": "https://www.iryou.teikyouseido.mhlw.go.jp/znk-web/juminkanja/S2430/initialize?prefCd=46&kikanCd=54821&kikanKbn=5", "url2": "https://www.futaya.co.jp/shop/kokubu_ph", "内容": "フタヤ薬局　国分店【5:薬局】鹿児島県霧島市国分福島３丁目４０番１５号" }, "geometry": { "type": "Point", "coordinates": [ 130.765106, 31.726013 ] } },
{ "type": "Feature", "properties": { "ID": 46554825, "正式名称": "おの薬局", "機関区分": 5, "都道府県コード": 46, "市区町村コード": 218, "所在地": "鹿児島県霧島市隼人町小田字森畑２３９７番１", "緯度": 31.740185, "経度": 130.714116, "url": "https://www.iryou.teikyouseido.mhlw.go.jp/znk-web/juminkanja/S2430/initialize?prefCd=46&kikanCd=54825&kikanKbn=5", "url2": null, "内容": "おの薬局【5:薬局】鹿児島県霧島市隼人町小田字森畑２３９７番１" }, "geometry": { "type": "Point", "coordinates": [ 130.714116, 31.740185 ] } },
{ "type": "Feature", "properties": { "ID": 46554905, "正式名称": "あさひ調剤薬局", "機関区分": 5, "都道府県コード": 46, "市区町村コード": 215, "所在地": "鹿児島県薩摩川内市西向田町７７番２号", "緯度": 31.81308, "経度": 130.306315, "url": "https://www.iryou.teikyouseido.mhlw.go.jp/znk-web/juminkanja/S2430/initialize?prefCd=46&kikanCd=54905&kikanKbn=5", "url2": null, "内容": "あさひ調剤薬局【5:薬局】鹿児島県薩摩川内市西向田町７７番２号" }, "geometry": { "type": "Point", "coordinates": [ 130.306315, 31.81308 ] } },
{ "type": "Feature", "properties": { "ID": 46554909, "正式名称": "国分　くすのき薬局", "機関区分": 5, "都道府県コード": 46, "市区町村コード": 218, "所在地": "鹿児島県霧島市国分福島１丁目５番１７号", "緯度": 31.728618, "経度": 130.75356, "url": "https://www.iryou.teikyouseido.mhlw.go.jp/znk-web/juminkanja/S2430/initialize?prefCd=46&kikanCd=54909&kikanKbn=5", "url2": null, "内容": "国分　くすのき薬局【5:薬局】鹿児島県霧島市国分福島１丁目５番１７号" }, "geometry": { "type": "Point", "coordinates": [ 130.75356, 31.728618 ] } },
{ "type": "Feature", "properties": { "ID": 46554920, "正式名称": "ハート薬局", "機関区分": 5, "都道府県コード": 46, "市区町村コード": 208, "所在地": "鹿児島県出水市米ノ津町３－３１", "緯度": 32.121958, "経度": 130.337631, "url": "https://www.iryou.teikyouseido.mhlw.go.jp/znk-web/juminkanja/S2430/initialize?prefCd=46&kikanCd=54920&kikanKbn=5", "url2": null, "内容": "ハート薬局【5:薬局】鹿児島県出水市米ノ津町３－３１" }, "geometry": { "type": "Point", "coordinates": [ 130.337631, 32.121958 ] } },
{ "type": "Feature", "properties": { "ID": 46554929, "正式名称": "虹色薬局", "機関区分": 5, "都道府県コード": 46, "市区町村コード": 219, "所在地": "鹿児島県いちき串木野市昭和通１３１番出水ビル１０１号", "緯度": 31.714879, "経度": 130.27118, "url": "https://www.iryou.teikyouseido.mhlw.go.jp/znk-web/juminkanja/S2430/initialize?prefCd=46&kikanCd=54929&kikanKbn=5", "url2": null, "内容": "虹色薬局【5:薬局】鹿児島県いちき串木野市昭和通１３１番出水ビル１０１号" }, "geometry": { "type": "Point", "coordinates": [ 130.27118, 31.714879 ] } },
{ "type": "Feature", "properties": { "ID": 46554931, "正式名称": "おおうら薬局", "機関区分": 5, "都道府県コード": 46, "市区町村コード": 203, "所在地": "鹿児島県鹿屋市大浦町１３９９２ー３", "緯度": 31.403368, "経度": 130.83998, "url": "https://www.iryou.teikyouseido.mhlw.go.jp/znk-web/juminkanja/S2430/initialize?prefCd=46&kikanCd=54931&kikanKbn=5", "url2": null, "内容": "おおうら薬局【5:薬局】鹿児島県鹿屋市大浦町１３９９２ー３" }, "geometry": { "type": "Point", "coordinates": [ 130.83998, 31.403368 ] } },
{ "type": "Feature", "properties": { "ID": 46554937, "正式名称": "スマイル薬局", "機関区分": 5, "都道府県コード": 46, "市区町村コード": 208, "所在地": "鹿児島県出水市野田町下名６９１１", "緯度": 32.063753, "経度": 130.270631, "url": "https://www.iryou.teikyouseido.mhlw.go.jp/znk-web/juminkanja/S2430/initialize?prefCd=46&kikanCd=54937&kikanKbn=5", "url2": "www.three-pc.com", "内容": "スマイル薬局【5:薬局】鹿児島県出水市野田町下名６９１１" }, "geometry": { "type": "Point", "coordinates": [ 130.270631, 32.063753 ] } },
{ "type": "Feature", "properties": { "ID": 46554944, "正式名称": "オーロラ薬局", "機関区分": 5, "都道府県コード": 46, "市区町村コード": 215, "所在地": "鹿児島県薩摩川内市水引町３２４７－１３", "緯度": 31.8594, "経度": 130.229317, "url": "https://www.iryou.teikyouseido.mhlw.go.jp/znk-web/juminkanja/S2430/initialize?prefCd=46&kikanCd=54944&kikanKbn=5", "url2": "http://yuohyakuhin.jp/", "内容": "オーロラ薬局【5:薬局】鹿児島県薩摩川内市水引町３２４７－１３" }, "geometry": { "type": "Point", "coordinates": [ 130.229317, 31.8594 ] } },
{ "type": "Feature", "properties": { "ID": 46554969, "正式名称": "白百合調剤薬局", "機関区分": 5, "都道府県コード": 46, "市区町村コード": 533, "所在地": "鹿児島県大島郡和泊町和泊東風", "緯度": 27.392168, "経度": 128.650362, "url": "https://www.iryou.teikyouseido.mhlw.go.jp/znk-web/juminkanja/S2430/initialize?prefCd=46&kikanCd=54969&kikanKbn=5", "url2": "http://sakurahos.co.jp/", "内容": "白百合調剤薬局【5:薬局】鹿児島県大島郡和泊町和泊東風" }, "geometry": { "type": "Point", "coordinates": [ 128.650362, 27.392168 ] } },
{ "type": "Feature", "properties": { "ID": 46554989, "正式名称": "なごみ薬局", "機関区分": 5, "都道府県コード": 46, "市区町村コード": 215, "所在地": "鹿児島県薩摩川内市平佐町４２３４－２", "緯度": 31.816618, "経度": 130.320338, "url": "https://www.iryou.teikyouseido.mhlw.go.jp/znk-web/juminkanja/S2430/initialize?prefCd=46&kikanCd=54989&kikanKbn=5", "url2": "https://fandf-pharmacy.jimdofree.com/", "内容": "なごみ薬局【5:薬局】鹿児島県薩摩川内市平佐町４２３４－２" }, "geometry": { "type": "Point", "coordinates": [ 130.320338, 31.816618 ] } },
{ "type": "Feature", "properties": { "ID": 46554994, "正式名称": "ドラゴン薬局", "機関区分": 5, "都道府県コード": 46, "市区町村コード": 204, "所在地": "鹿児島県枕崎市緑町１２３－２", "緯度": 31.276725, "経度": 130.293395, "url": "https://www.iryou.teikyouseido.mhlw.go.jp/znk-web/juminkanja/S2430/initialize?prefCd=46&kikanCd=54994&kikanKbn=5", "url2": "https://www.e-classa.net/peace-of-mind/index.html", "内容": "ドラゴン薬局【5:薬局】鹿児島県枕崎市緑町１２３－２" }, "geometry": { "type": "Point", "coordinates": [ 130.293395, 31.276725 ] } },
{ "type": "Feature", "properties": { "ID": 46554995, "正式名称": "アクア薬局　湧水", "機関区分": 5, "都道府県コード": 46, "市区町村コード": 452, "所在地": "鹿児島県姶良郡湧水町木場６６５－７", "緯度": 31.951097, "経度": 130.722847, "url": "https://www.iryou.teikyouseido.mhlw.go.jp/znk-web/juminkanja/S2430/initialize?prefCd=46&kikanCd=54995&kikanKbn=5", "url2": null, "内容": "アクア薬局　湧水【5:薬局】鹿児島県姶良郡湧水町木場６６５－７" }, "geometry": { "type": "Point", "coordinates": [ 130.722847, 31.951097 ] } },
{ "type": "Feature", "properties": { "ID": 46554996, "正式名称": "そうごう薬局　薩摩川内店", "機関区分": 5, "都道府県コード": 46, "市区町村コード": 215, "所在地": "鹿児島県薩摩川内市永利町２４５２－５", "緯度": 31.808561, "経度": 130.346133, "url": "https://www.iryou.teikyouseido.mhlw.go.jp/znk-web/juminkanja/S2430/initialize?prefCd=46&kikanCd=54996&kikanKbn=5", "url2": "http://www.sogo-medical.co.jp/", "内容": "そうごう薬局　薩摩川内店【5:薬局】鹿児島県薩摩川内市永利町２４５２－５" }, "geometry": { "type": "Point", "coordinates": [ 130.346133, 31.808561 ] } },
{ "type": "Feature", "properties": { "ID": 46555005, "正式名称": "カイト薬局", "機関区分": 5, "都道府県コード": 46, "市区町村コード": 218, "所在地": "鹿児島県霧島市国分中央６丁目２２－６６", "緯度": 31.73467, "経度": 130.766878, "url": "https://www.iryou.teikyouseido.mhlw.go.jp/znk-web/juminkanja/S2430/initialize?prefCd=46&kikanCd=55005&kikanKbn=5", "url2": "https://www.ekiten.jp/shop_6743036/", "内容": "カイト薬局【5:薬局】鹿児島県霧島市国分中央６丁目２２－６６" }, "geometry": { "type": "Point", "coordinates": [ 130.766878, 31.73467 ] } },
{ "type": "Feature", "properties": { "ID": 46555008, "正式名称": "さくらんぼ薬局", "機関区分": 5, "都道府県コード": 46, "市区町村コード": 225, "所在地": "鹿児島県姶良市加治木町諏訪町１７６番地２", "緯度": 31.737915, "経度": 130.669577, "url": "https://www.iryou.teikyouseido.mhlw.go.jp/znk-web/juminkanja/S2430/initialize?prefCd=46&kikanCd=55008&kikanKbn=5", "url2": null, "内容": "さくらんぼ薬局【5:薬局】鹿児島県姶良市加治木町諏訪町１７６番地２" }, "geometry": { "type": "Point", "coordinates": [ 130.669577, 31.737915 ] } },
{ "type": "Feature", "properties": { "ID": 46555011, "正式名称": "そうごう薬局　開聞店", "機関区分": 5, "都道府県コード": 46, "市区町村コード": 210, "所在地": "鹿児島県指宿市開聞十町１２９８－１", "緯度": 31.206019, "経度": 130.538841, "url": "https://www.iryou.teikyouseido.mhlw.go.jp/znk-web/juminkanja/S2430/initialize?prefCd=46&kikanCd=55011&kikanKbn=5", "url2": "http://www.sogo-medical.co.jp", "内容": "そうごう薬局　開聞店【5:薬局】鹿児島県指宿市開聞十町１２９８－１" }, "geometry": { "type": "Point", "coordinates": [ 130.538841, 31.206019 ] } },
{ "type": "Feature", "properties": { "ID": 46555012, "正式名称": "みほし薬局", "機関区分": 5, "都道府県コード": 46, "市区町村コード": 218, "所在地": "鹿児島県霧島市国分中央四丁目２６３４－１", "緯度": 31.733511, "経度": 130.775236, "url": "https://www.iryou.teikyouseido.mhlw.go.jp/znk-web/juminkanja/S2430/initialize?prefCd=46&kikanCd=55012&kikanKbn=5", "url2": null, "内容": "みほし薬局【5:薬局】鹿児島県霧島市国分中央四丁目２６３４－１" }, "geometry": { "type": "Point", "coordinates": [ 130.775236, 31.733511 ] } },
{ "type": "Feature", "properties": { "ID": 46555014, "正式名称": "このはな薬局", "機関区分": 5, "都道府県コード": 46, "市区町村コード": 218, "所在地": "鹿児島県霧島市国分清水１丁目８番１２号", "緯度": 31.753359, "経度": 130.775069, "url": "https://www.iryou.teikyouseido.mhlw.go.jp/znk-web/juminkanja/S2430/initialize?prefCd=46&kikanCd=55014&kikanKbn=5", "url2": null, "内容": "このはな薬局【5:薬局】鹿児島県霧島市国分清水１丁目８番１２号" }, "geometry": { "type": "Point", "coordinates": [ 130.775069, 31.753359 ] } },
{ "type": "Feature", "properties": { "ID": 46555020, "正式名称": "大信薬局　上川内店", "機関区分": 5, "都道府県コード": 46, "市区町村コード": 215, "所在地": "鹿児島県薩摩川内市御陵下町３４１１番地１", "緯度": 31.834866, "経度": 130.296671, "url": "https://www.iryou.teikyouseido.mhlw.go.jp/znk-web/juminkanja/S2430/initialize?prefCd=46&kikanCd=55020&kikanKbn=5", "url2": null, "内容": "大信薬局　上川内店【5:薬局】鹿児島県薩摩川内市御陵下町３４１１番地１" }, "geometry": { "type": "Point", "coordinates": [ 130.296671, 31.834866 ] } },
{ "type": "Feature", "properties": { "ID": 46555021, "正式名称": "なでしこ薬局", "機関区分": 5, "都道府県コード": 46, "市区町村コード": 222, "所在地": "鹿児島県奄美市名瀬和光町１番地１６", "緯度": 28.391217, "経度": 129.525867, "url": "https://www.iryou.teikyouseido.mhlw.go.jp/znk-web/juminkanja/S2430/initialize?prefCd=46&kikanCd=55021&kikanKbn=5", "url2": "https://www.nadesiko-ph.com/facility-standards", "内容": "なでしこ薬局【5:薬局】鹿児島県奄美市名瀬和光町１番地１６" }, "geometry": { "type": "Point", "coordinates": [ 129.525867, 28.391217 ] } },
{ "type": "Feature", "properties": { "ID": 46555025, "正式名称": "三井調剤薬局内之浦店", "機関区分": 5, "都道府県コード": 46, "市区町村コード": 492, "所在地": "鹿児島県肝属郡肝付町北方１９０７", "緯度": 31.282294, "経度": 131.072728, "url": "https://www.iryou.teikyouseido.mhlw.go.jp/znk-web/juminkanja/S2430/initialize?prefCd=46&kikanCd=55025&kikanKbn=5", "url2": "http://mitsui-ph.com", "内容": "三井調剤薬局内之浦店【5:薬局】鹿児島県肝属郡肝付町北方１９０７" }, "geometry": { "type": "Point", "coordinates": [ 131.072728, 31.282294 ] } },
{ "type": "Feature", "properties": { "ID": 46555031, "正式名称": "結（ゆい）調剤薬局", "機関区分": 5, "都道府県コード": 46, "市区町村コード": 533, "所在地": "鹿児島県大島郡和泊町手々知名６０３－１", "緯度": 27.400383, "経度": 128.655605, "url": "https://www.iryou.teikyouseido.mhlw.go.jp/znk-web/juminkanja/S2430/initialize?prefCd=46&kikanCd=55031&kikanKbn=5", "url2": "http://sakurahos.co.jp/", "内容": "結（ゆい）調剤薬局【5:薬局】鹿児島県大島郡和泊町手々知名６０３－１" }, "geometry": { "type": "Point", "coordinates": [ 128.655605, 27.400383 ] } },
{ "type": "Feature", "properties": { "ID": 46555047, "正式名称": "小宿調剤薬局", "機関区分": 5, "都道府県コード": 46, "市区町村コード": 222, "所在地": "鹿児島県奄美市名瀬小宿３４０８番地", "緯度": 28.386489, "経度": 129.473935, "url": "https://www.iryou.teikyouseido.mhlw.go.jp/znk-web/juminkanja/S2430/initialize?prefCd=46&kikanCd=55047&kikanKbn=5", "url2": "http://sakurahos.co.jp/", "内容": "小宿調剤薬局【5:薬局】鹿児島県奄美市名瀬小宿３４０８番地" }, "geometry": { "type": "Point", "coordinates": [ 129.473935, 28.386489 ] } },
{ "type": "Feature", "properties": { "ID": 46555060, "正式名称": "マリンバ調剤薬局　加治木店", "機関区分": 5, "都道府県コード": 46, "市区町村コード": 225, "所在地": "鹿児島県姶良市加治木町新富町１０６", "緯度": 31.741257, "経度": 130.667944, "url": "https://www.iryou.teikyouseido.mhlw.go.jp/znk-web/juminkanja/S2430/initialize?prefCd=46&kikanCd=55060&kikanKbn=5", "url2": "https://www.satispharma.com", "内容": "マリンバ調剤薬局　加治木店【5:薬局】鹿児島県姶良市加治木町新富町１０６" }, "geometry": { "type": "Point", "coordinates": [ 130.667944, 31.741257 ] } },
{ "type": "Feature", "properties": { "ID": 46555061, "正式名称": "みやび薬局　隈之城店", "機関区分": 5, "都道府県コード": 46, "市区町村コード": 215, "所在地": "鹿児島県薩摩川内市隈之城町１２１１－１", "緯度": 31.796683, "経度": 130.309314, "url": "https://www.iryou.teikyouseido.mhlw.go.jp/znk-web/juminkanja/S2430/initialize?prefCd=46&kikanCd=55061&kikanKbn=5", "url2": "http://www.miyabi-m.com/", "内容": "みやび薬局　隈之城店【5:薬局】鹿児島県薩摩川内市隈之城町１２１１－１" }, "geometry": { "type": "Point", "coordinates": [ 130.309314, 31.796683 ] } },
{ "type": "Feature", "properties": { "ID": 46555063, "正式名称": "ふくろう薬局", "機関区分": 5, "都道府県コード": 46, "市区町村コード": 452, "所在地": "鹿児島県姶良郡湧水町北方１８５１番２", "緯度": 31.957654, "経度": 130.713738, "url": "https://www.iryou.teikyouseido.mhlw.go.jp/znk-web/juminkanja/S2430/initialize?prefCd=46&kikanCd=55063&kikanKbn=5", "url2": "http://fukurou-p.com/", "内容": "ふくろう薬局【5:薬局】鹿児島県姶良郡湧水町北方１８５１番２" }, "geometry": { "type": "Point", "coordinates": [ 130.713738, 31.957654 ] } },
{ "type": "Feature", "properties": { "ID": 46555064, "正式名称": "ゆうき薬局　市来店", "機関区分": 5, "都道府県コード": 46, "市区町村コード": 219, "所在地": "鹿児島県いちき串木野市湊町三丁目８８番", "緯度": 31.69276, "経度": 130.293351, "url": "https://www.iryou.teikyouseido.mhlw.go.jp/znk-web/juminkanja/S2430/initialize?prefCd=46&kikanCd=55064&kikanKbn=5", "url2": "https://www.e-classa.net/yuuki-ichiki-388/information.html", "内容": "ゆうき薬局　市来店【5:薬局】鹿児島県いちき串木野市湊町三丁目８８番" }, "geometry": { "type": "Point", "coordinates": [ 130.293351, 31.69276 ] } },
{ "type": "Feature", "properties": { "ID": 46555067, "正式名称": "あろーず薬局", "機関区分": 5, "都道府県コード": 46, "市区町村コード": 203, "所在地": "鹿児島県鹿屋市北田町１２番１－１号", "緯度": 31.388769, "経度": 130.84758, "url": "https://www.iryou.teikyouseido.mhlw.go.jp/znk-web/juminkanja/S2430/initialize?prefCd=46&kikanCd=55067&kikanKbn=5", "url2": "https://www.futaya.co.jp/shop/arrows_ph", "内容": "あろーず薬局【5:薬局】鹿児島県鹿屋市北田町１２番１－１号" }, "geometry": { "type": "Point", "coordinates": [ 130.84758, 31.388769 ] } },
{ "type": "Feature", "properties": { "ID": 46555069, "正式名称": "ムラタ薬局　大高前店", "機関区分": 5, "都道府県コード": 46, "市区町村コード": 222, "所在地": "鹿児島県奄美市名瀬石橋町９－３", "緯度": 28.375081, "経度": 129.498336, "url": "https://www.iryou.teikyouseido.mhlw.go.jp/znk-web/juminkanja/S2430/initialize?prefCd=46&kikanCd=55069&kikanKbn=5", "url2": null, "内容": "ムラタ薬局　大高前店【5:薬局】鹿児島県奄美市名瀬石橋町９－３" }, "geometry": { "type": "Point", "coordinates": [ 129.498336, 28.375081 ] } },
{ "type": "Feature", "properties": { "ID": 46555101, "正式名称": "南さつま調剤薬局", "機関区分": 5, "都道府県コード": 46, "市区町村コード": 223, "所在地": "鹿児島県南九州市川辺町永田４１６４－１４", "緯度": 31.3872, "経度": 130.37059, "url": "https://www.iryou.teikyouseido.mhlw.go.jp/znk-web/juminkanja/S2430/initialize?prefCd=46&kikanCd=55101&kikanKbn=5", "url2": null, "内容": "南さつま調剤薬局【5:薬局】鹿児島県南九州市川辺町永田４１６４－１４" }, "geometry": { "type": "Point", "coordinates": [ 130.37059, 31.3872 ] } },
{ "type": "Feature", "properties": { "ID": 46555102, "正式名称": "グリーンティ調剤まさの薬局", "機関区分": 5, "都道府県コード": 46, "市区町村コード": 223, "所在地": "鹿児島県南九州市頴娃町別府３３１", "緯度": 31.254858, "経度": 130.445376, "url": "https://www.iryou.teikyouseido.mhlw.go.jp/znk-web/juminkanja/S2430/initialize?prefCd=46&kikanCd=55102&kikanKbn=5", "url2": null, "内容": "グリーンティ調剤まさの薬局【5:薬局】鹿児島県南九州市頴娃町別府３３１" }, "geometry": { "type": "Point", "coordinates": [ 130.445376, 31.254858 ] } },
{ "type": "Feature", "properties": { "ID": 46555112, "正式名称": "アイン薬局　加世田店", "機関区分": 5, "都道府県コード": 46, "市区町村コード": 220, "所在地": "鹿児島県南さつま市加世田唐仁原１１８０番", "緯度": 31.42005, "経度": 130.311436, "url": "https://www.iryou.teikyouseido.mhlw.go.jp/znk-web/juminkanja/S2430/initialize?prefCd=46&kikanCd=55112&kikanKbn=5", "url2": "http://www.ainj.co.jp/", "内容": "アイン薬局　加世田店【5:薬局】鹿児島県南さつま市加世田唐仁原１１８０番" }, "geometry": { "type": "Point", "coordinates": [ 130.311436, 31.42005 ] } },
{ "type": "Feature", "properties": { "ID": 46555113, "正式名称": "三井調剤薬局川西店", "機関区分": 5, "都道府県コード": 46, "市区町村コード": 203, "所在地": "鹿児島県鹿屋市田崎町１０６８－４", "緯度": 31.366803, "経度": 130.871231, "url": "https://www.iryou.teikyouseido.mhlw.go.jp/znk-web/juminkanja/S2430/initialize?prefCd=46&kikanCd=55113&kikanKbn=5", "url2": "http://mitsui-ph.com", "内容": "三井調剤薬局川西店【5:薬局】鹿児島県鹿屋市田崎町１０６８－４" }, "geometry": { "type": "Point", "coordinates": [ 130.871231, 31.366803 ] } },
{ "type": "Feature", "properties": { "ID": 46555121, "正式名称": "有限会社　セオ薬局", "機関区分": 5, "都道府県コード": 46, "市区町村コード": 201, "所在地": "鹿児島県鹿児島市真砂本町１４番２２号", "緯度": 31.557691, "経度": 130.55192, "url": "https://www.iryou.teikyouseido.mhlw.go.jp/znk-web/juminkanja/S2430/initialize?prefCd=46&kikanCd=55121&kikanKbn=5", "url2": "https://www.kanpouyaku.co.jp", "内容": "有限会社　セオ薬局【5:薬局】鹿児島県鹿児島市真砂本町１４番２２号" }, "geometry": { "type": "Point", "coordinates": [ 130.55192, 31.557691 ] } },
{ "type": "Feature", "properties": { "ID": 46555123, "正式名称": "木の葉薬局", "機関区分": 5, "都道府県コード": 46, "市区町村コード": 201, "所在地": "鹿児島県鹿児島市田上３丁目１２番８号", "緯度": 31.575137, "経度": 130.52795, "url": "https://www.iryou.teikyouseido.mhlw.go.jp/znk-web/juminkanja/S2430/initialize?prefCd=46&kikanCd=55123&kikanKbn=5", "url2": "e-classa.net/peace-of-mind/group.html", "内容": "木の葉薬局【5:薬局】鹿児島県鹿児島市田上３丁目１２番８号" }, "geometry": { "type": "Point", "coordinates": [ 130.52795, 31.575137 ] } },
{ "type": "Feature", "properties": { "ID": 46555125, "正式名称": "なかま薬局", "機関区分": 5, "都道府県コード": 46, "市区町村コード": 201, "所在地": "鹿児島県鹿児島市宇宿７丁目１５番１５号", "緯度": 31.553194, "経度": 130.527275, "url": "https://www.iryou.teikyouseido.mhlw.go.jp/znk-web/juminkanja/S2430/initialize?prefCd=46&kikanCd=55125&kikanKbn=5", "url2": "https://nakama-ph,jp", "内容": "なかま薬局【5:薬局】鹿児島県鹿児島市宇宿７丁目１５番１５号" }, "geometry": { "type": "Point", "coordinates": [ 130.527275, 31.553194 ] } },
{ "type": "Feature", "properties": { "ID": 46555130, "正式名称": "海星薬局", "機関区分": 5, "都道府県コード": 46, "市区町村コード": 201, "所在地": "鹿児島県鹿児島市坂之上七丁目３３番５７号", "緯度": 31.49285, "経度": 130.5025, "url": "https://www.iryou.teikyouseido.mhlw.go.jp/znk-web/juminkanja/S2430/initialize?prefCd=46&kikanCd=55130&kikanKbn=5", "url2": "https://aritasu.com/", "内容": "海星薬局【5:薬局】鹿児島県鹿児島市坂之上七丁目３３番５７号" }, "geometry": { "type": "Point", "coordinates": [ 130.5025, 31.49285 ] } },
{ "type": "Feature", "properties": { "ID": 46555132, "正式名称": "有限会社　錦江薬局", "機関区分": 5, "都道府県コード": 46, "市区町村コード": 201, "所在地": "鹿児島県鹿児島市光山１丁目１番３３号", "緯度": 31.496106, "経度": 130.506867, "url": "https://www.iryou.teikyouseido.mhlw.go.jp/znk-web/juminkanja/S2430/initialize?prefCd=46&kikanCd=55132&kikanKbn=5", "url2": "http://www.kinkou-p.jp/", "内容": "有限会社　錦江薬局【5:薬局】鹿児島県鹿児島市光山１丁目１番３３号" }, "geometry": { "type": "Point", "coordinates": [ 130.506867, 31.496106 ] } },
{ "type": "Feature", "properties": { "ID": 46555133, "正式名称": "宇宿薬局", "機関区分": 5, "都道府県コード": 46, "市区町村コード": 201, "所在地": "鹿児島県鹿児島市宇宿１－２６－２２", "緯度": 31.54744, "経度": 130.542083, "url": "https://www.iryou.teikyouseido.mhlw.go.jp/znk-web/juminkanja/S2430/initialize?prefCd=46&kikanCd=55133&kikanKbn=5", "url2": null, "内容": "宇宿薬局【5:薬局】鹿児島県鹿児島市宇宿１－２６－２２" }, "geometry": { "type": "Point", "coordinates": [ 130.542083, 31.54744 ] } },
{ "type": "Feature", "properties": { "ID": 46555134, "正式名称": "新生堂薬局", "機関区分": 5, "都道府県コード": 46, "市区町村コード": 201, "所在地": "鹿児島県鹿児島市金生町２番６号", "緯度": 31.592616, "経度": 130.556993, "url": "https://www.iryou.teikyouseido.mhlw.go.jp/znk-web/juminkanja/S2430/initialize?prefCd=46&kikanCd=55134&kikanKbn=5", "url2": "http://www.shinseidou.com/", "内容": "新生堂薬局【5:薬局】鹿児島県鹿児島市金生町２番６号" }, "geometry": { "type": "Point", "coordinates": [ 130.556993, 31.592616 ] } },
{ "type": "Feature", "properties": { "ID": 46555135, "正式名称": "有限会社　白男川薬局", "機関区分": 5, "都道府県コード": 46, "市区町村コード": 201, "所在地": "鹿児島県鹿児島市上本町３番１７号", "緯度": 31.602217, "経度": 130.560413, "url": "https://www.iryou.teikyouseido.mhlw.go.jp/znk-web/juminkanja/S2430/initialize?prefCd=46&kikanCd=55135&kikanKbn=5", "url2": "http://www.shiraogawa.co.jp/", "内容": "有限会社　白男川薬局【5:薬局】鹿児島県鹿児島市上本町３番１７号" }, "geometry": { "type": "Point", "coordinates": [ 130.560413, 31.602217 ] } },
{ "type": "Feature", "properties": { "ID": 46555138, "正式名称": "佐々木薬局本店", "機関区分": 5, "都道府県コード": 46, "市区町村コード": 201, "所在地": "鹿児島県鹿児島市西千石町８番５号", "緯度": 31.588281, "経度": 130.547589, "url": "https://www.iryou.teikyouseido.mhlw.go.jp/znk-web/juminkanja/S2430/initialize?prefCd=46&kikanCd=55138&kikanKbn=5", "url2": "sasaki-phamacy.com", "内容": "佐々木薬局本店【5:薬局】鹿児島県鹿児島市西千石町８番５号" }, "geometry": { "type": "Point", "coordinates": [ 130.547589, 31.588281 ] } },
{ "type": "Feature", "properties": { "ID": 46555142, "正式名称": "鹿児島県薬剤師会薬局", "機関区分": 5, "都道府県コード": 46, "市区町村コード": 201, "所在地": "鹿児島県鹿児島市桜ケ丘８丁目２０番７号", "緯度": 31.545455, "経度": 130.528753, "url": "https://www.iryou.teikyouseido.mhlw.go.jp/znk-web/juminkanja/S2430/initialize?prefCd=46&kikanCd=55142&kikanKbn=5", "url2": null, "内容": "鹿児島県薬剤師会薬局【5:薬局】鹿児島県鹿児島市桜ケ丘８丁目２０番７号" }, "geometry": { "type": "Point", "coordinates": [ 130.528753, 31.545455 ] } },
{ "type": "Feature", "properties": { "ID": 46555144, "正式名称": "新生堂薬局　天文館支店", "機関区分": 5, "都道府県コード": 46, "市区町村コード": 201, "所在地": "鹿児島県鹿児島市中町３番２１号", "緯度": 31.5917, "経度": 130.555415, "url": "https://www.iryou.teikyouseido.mhlw.go.jp/znk-web/juminkanja/S2430/initialize?prefCd=46&kikanCd=55144&kikanKbn=5", "url2": "http://www.shinseidou.com/", "内容": "新生堂薬局　天文館支店【5:薬局】鹿児島県鹿児島市中町３番２１号" }, "geometry": { "type": "Point", "coordinates": [ 130.555415, 31.5917 ] } },
{ "type": "Feature", "properties": { "ID": 46555145, "正式名称": "株式会社大賀薬局　鹿大病院前店", "機関区分": 5, "都道府県コード": 46, "市区町村コード": 201, "所在地": "鹿児島県鹿児島市桜ケ丘八丁目２６番５号", "緯度": 31.546073, "経度": 130.526751, "url": "https://www.iryou.teikyouseido.mhlw.go.jp/znk-web/juminkanja/S2430/initialize?prefCd=46&kikanCd=55145&kikanKbn=5", "url2": null, "内容": "株式会社大賀薬局　鹿大病院前店【5:薬局】鹿児島県鹿児島市桜ケ丘八丁目２６番５号" }, "geometry": { "type": "Point", "coordinates": [ 130.526751, 31.546073 ] } },
{ "type": "Feature", "properties": { "ID": 46555147, "正式名称": "はぐくみ薬局", "機関区分": 5, "都道府県コード": 46, "市区町村コード": 201, "所在地": "鹿児島県鹿児島市東谷山二丁目４０番１６号", "緯度": 31.532111, "経度": 130.520956, "url": "https://www.iryou.teikyouseido.mhlw.go.jp/znk-web/juminkanja/S2430/initialize?prefCd=46&kikanCd=55147&kikanKbn=5", "url2": null, "内容": "はぐくみ薬局【5:薬局】鹿児島県鹿児島市東谷山二丁目４０番１６号" }, "geometry": { "type": "Point", "coordinates": [ 130.520956, 31.532111 ] } },
{ "type": "Feature", "properties": { "ID": 46555150, "正式名称": "有限会社　　伊敷調剤薬局", "機関区分": 5, "都道府県コード": 46, "市区町村コード": 201, "所在地": "鹿児島県鹿児島市伊敷二丁目１番１２号", "緯度": 31.617431, "経度": 130.528094, "url": "https://www.iryou.teikyouseido.mhlw.go.jp/znk-web/juminkanja/S2430/initialize?prefCd=46&kikanCd=55150&kikanKbn=5", "url2": null, "内容": "有限会社　　伊敷調剤薬局【5:薬局】鹿児島県鹿児島市伊敷二丁目１番１２号" }, "geometry": { "type": "Point", "coordinates": [ 130.528094, 31.617431 ] } },
{ "type": "Feature", "properties": { "ID": 46555151, "正式名称": "南日本薬剤センター薬局", "機関区分": 5, "都道府県コード": 46, "市区町村コード": 201, "所在地": "鹿児島県鹿児島市谷山中央五丁目１５番１号", "緯度": 31.517333, "経度": 130.512972, "url": "https://www.iryou.teikyouseido.mhlw.go.jp/znk-web/juminkanja/S2430/initialize?prefCd=46&kikanCd=55151&kikanKbn=5", "url2": "http://www.373pc.co.jp", "内容": "南日本薬剤センター薬局【5:薬局】鹿児島県鹿児島市谷山中央五丁目１５番１号" }, "geometry": { "type": "Point", "coordinates": [ 130.512972, 31.517333 ] } },
{ "type": "Feature", "properties": { "ID": 46555152, "正式名称": "山神薬局", "機関区分": 5, "都道府県コード": 46, "市区町村コード": 201, "所在地": "鹿児島県鹿児島市上荒田町", "緯度": 31.57506, "経度": 130.54416, "url": "https://www.iryou.teikyouseido.mhlw.go.jp/znk-web/juminkanja/S2430/initialize?prefCd=46&kikanCd=55152&kikanKbn=5", "url2": null, "内容": "山神薬局【5:薬局】鹿児島県鹿児島市上荒田町" }, "geometry": { "type": "Point", "coordinates": [ 130.54416, 31.57506 ] } },
{ "type": "Feature", "properties": { "ID": 46555157, "正式名称": "有限会社淳芳堂　田中調剤薬局", "機関区分": 5, "都道府県コード": 46, "市区町村コード": 201, "所在地": "鹿児島県鹿児島市城西３丁目７番１３－２号", "緯度": 31.596189, "経度": 130.535913, "url": "https://www.iryou.teikyouseido.mhlw.go.jp/znk-web/juminkanja/S2430/initialize?prefCd=46&kikanCd=55157&kikanKbn=5", "url2": null, "内容": "有限会社淳芳堂　田中調剤薬局【5:薬局】鹿児島県鹿児島市城西３丁目７番１３－２号" }, "geometry": { "type": "Point", "coordinates": [ 130.535913, 31.596189 ] } },
{ "type": "Feature", "properties": { "ID": 46555161, "正式名称": "トヤマ調剤薬局", "機関区分": 5, "都道府県コード": 46, "市区町村コード": 201, "所在地": "鹿児島県鹿児島市加治屋町９番６号", "緯度": 31.585492, "経度": 130.550217, "url": "https://www.iryou.teikyouseido.mhlw.go.jp/znk-web/juminkanja/S2430/initialize?prefCd=46&kikanCd=55161&kikanKbn=5", "url2": "https://www.e-classa.net/toyama-ph/index.html", "内容": "トヤマ調剤薬局【5:薬局】鹿児島県鹿児島市加治屋町９番６号" }, "geometry": { "type": "Point", "coordinates": [ 130.550217, 31.585492 ] } },
{ "type": "Feature", "properties": { "ID": 46555162, "正式名称": "平和薬局", "機関区分": 5, "都道府県コード": 46, "市区町村コード": 201, "所在地": "鹿児島県鹿児島市荒田二丁目７４番２号", "緯度": 31.569975, "経度": 130.550958, "url": "https://www.iryou.teikyouseido.mhlw.go.jp/znk-web/juminkanja/S2430/initialize?prefCd=46&kikanCd=55162&kikanKbn=5", "url2": null, "内容": "平和薬局【5:薬局】鹿児島県鹿児島市荒田二丁目７４番２号" }, "geometry": { "type": "Point", "coordinates": [ 130.550958, 31.569975 ] } },
{ "type": "Feature", "properties": { "ID": 46555164, "正式名称": "さかもと薬局　Ａコ－プ　桜ケ丘店", "機関区分": 5, "都道府県コード": 46, "市区町村コード": 201, "所在地": "鹿児島県鹿児島市桜ケ丘４丁目１－１３　Ａコープ桜ヶ丘店内", "緯度": 31.5500241, "経度": 130.5162401, "url": "https://www.iryou.teikyouseido.mhlw.go.jp/znk-web/juminkanja/S2430/initialize?prefCd=46&kikanCd=55164&kikanKbn=5", "url2": "https://www.taishinph.co.jp", "内容": "さかもと薬局　Ａコ－プ　桜ケ丘店【5:薬局】鹿児島県鹿児島市桜ケ丘４丁目１－１３　Ａコープ桜ヶ丘店内" }, "geometry": { "type": "Point", "coordinates": [ 130.5162401, 31.5500241 ] } },
{ "type": "Feature", "properties": { "ID": 46555165, "正式名称": "有限会社セオ薬局　荒田調剤", "機関区分": 5, "都道府県コード": 46, "市区町村コード": 201, "所在地": "鹿児島県鹿児島市下荒田２－１－１", "緯度": 31.575515, "経度": 130.553915, "url": "https://www.iryou.teikyouseido.mhlw.go.jp/znk-web/juminkanja/S2430/initialize?prefCd=46&kikanCd=55165&kikanKbn=5", "url2": "http://www.kanpouyaku.co.jp", "内容": "有限会社セオ薬局　荒田調剤【5:薬局】鹿児島県鹿児島市下荒田２－１－１" }, "geometry": { "type": "Point", "coordinates": [ 130.553915, 31.575515 ] } },
{ "type": "Feature", "properties": { "ID": 46555166, "正式名称": "小牧薬局　西駅一番街店", "機関区分": 5, "都道府県コード": 46, "市区町村コード": 201, "所在地": "鹿児島県鹿児島市中央町２４－９", "緯度": 31.581663, "経度": 130.542523, "url": "https://www.iryou.teikyouseido.mhlw.go.jp/znk-web/juminkanja/S2430/initialize?prefCd=46&kikanCd=55166&kikanKbn=5", "url2": null, "内容": "小牧薬局　西駅一番街店【5:薬局】鹿児島県鹿児島市中央町２４－９" }, "geometry": { "type": "Point", "coordinates": [ 130.542523, 31.581663 ] } },
{ "type": "Feature", "properties": { "ID": 46555167, "正式名称": "有限会社　錦江薬局　瀬戸堀店", "機関区分": 5, "都道府県コード": 46, "市区町村コード": 201, "所在地": "鹿児島県鹿児島市坂之上７丁目３番４１号", "緯度": 31.491878, "経度": 130.502683, "url": "https://www.iryou.teikyouseido.mhlw.go.jp/znk-web/juminkanja/S2430/initialize?prefCd=46&kikanCd=55167&kikanKbn=5", "url2": null, "内容": "有限会社　錦江薬局　瀬戸堀店【5:薬局】鹿児島県鹿児島市坂之上７丁目３番４１号" }, "geometry": { "type": "Point", "coordinates": [ 130.502683, 31.491878 ] } },
{ "type": "Feature", "properties": { "ID": 46555169, "正式名称": "郡元薬局", "機関区分": 5, "都道府県コード": 46, "市区町村コード": 201, "所在地": "鹿児島県鹿児島市郡元３丁目１番７号", "緯度": 31.561792, "経度": 130.54949, "url": "https://www.iryou.teikyouseido.mhlw.go.jp/znk-web/juminkanja/S2430/initialize?prefCd=46&kikanCd=55169&kikanKbn=5", "url2": null, "内容": "郡元薬局【5:薬局】鹿児島県鹿児島市郡元３丁目１番７号" }, "geometry": { "type": "Point", "coordinates": [ 130.54949, 31.561792 ] } },
{ "type": "Feature", "properties": { "ID": 46555172, "正式名称": "有限会社　天文館薬局", "機関区分": 5, "都道府県コード": 46, "市区町村コード": 201, "所在地": "鹿児島県鹿児島市東千石町１３番１６号", "緯度": 31.590803, "経度": 130.554829, "url": "https://www.iryou.teikyouseido.mhlw.go.jp/znk-web/juminkanja/S2430/initialize?prefCd=46&kikanCd=55172&kikanKbn=5", "url2": "tenmonkan-ph.com", "内容": "有限会社　天文館薬局【5:薬局】鹿児島県鹿児島市東千石町１３番１６号" }, "geometry": { "type": "Point", "coordinates": [ 130.554829, 31.590803 ] } },
{ "type": "Feature", "properties": { "ID": 46555177, "正式名称": "たまざと調剤薬局", "機関区分": 5, "都道府県コード": 46, "市区町村コード": 201, "所在地": "鹿児島県鹿児島市草牟田二丁目２８番１０号", "緯度": 31.606562, "経度": 130.538203, "url": "https://www.iryou.teikyouseido.mhlw.go.jp/znk-web/juminkanja/S2430/initialize?prefCd=46&kikanCd=55177&kikanKbn=5", "url2": null, "内容": "たまざと調剤薬局【5:薬局】鹿児島県鹿児島市草牟田二丁目２８番１０号" }, "geometry": { "type": "Point", "coordinates": [ 130.538203, 31.606562 ] } },
{ "type": "Feature", "properties": { "ID": 46555179, "正式名称": "麒麟調剤薬局", "機関区分": 5, "都道府県コード": 46, "市区町村コード": 201, "所在地": "鹿児島県鹿児島市小松原２－３６－１", "緯度": 31.528628, "経度": 130.523244, "url": "https://www.iryou.teikyouseido.mhlw.go.jp/znk-web/juminkanja/S2430/initialize?prefCd=46&kikanCd=55179&kikanKbn=5", "url2": "http://www.medicalnet-g.com/group/kirin.htm", "内容": "麒麟調剤薬局【5:薬局】鹿児島県鹿児島市小松原２－３６－１" }, "geometry": { "type": "Point", "coordinates": [ 130.523244, 31.528628 ] } },
{ "type": "Feature", "properties": { "ID": 46555180, "正式名称": "有限会社　健生堂薬局", "機関区分": 5, "都道府県コード": 46, "市区町村コード": 201, "所在地": "鹿児島県鹿児島市紫原４丁目２６番１号", "緯度": 31.558683, "経度": 130.530815, "url": "https://www.iryou.teikyouseido.mhlw.go.jp/znk-web/juminkanja/S2430/initialize?prefCd=46&kikanCd=55180&kikanKbn=5", "url2": "http://kens7mym.wixsite.com/kenseidou", "内容": "有限会社　健生堂薬局【5:薬局】鹿児島県鹿児島市紫原４丁目２６番１号" }, "geometry": { "type": "Point", "coordinates": [ 130.530815, 31.558683 ] } },
{ "type": "Feature", "properties": { "ID": 46555183, "正式名称": "タバタ薬局", "機関区分": 5, "都道府県コード": 46, "市区町村コード": 201, "所在地": "鹿児島県鹿児島市下伊敷１丁目４３番５号", "緯度": 31.612574, "経度": 130.532236, "url": "https://www.iryou.teikyouseido.mhlw.go.jp/znk-web/juminkanja/S2430/initialize?prefCd=46&kikanCd=55183&kikanKbn=5", "url2": "http://tabata-pharmacy.com/", "内容": "タバタ薬局【5:薬局】鹿児島県鹿児島市下伊敷１丁目４３番５号" }, "geometry": { "type": "Point", "coordinates": [ 130.532236, 31.612574 ] } },
{ "type": "Feature", "properties": { "ID": 46555184, "正式名称": "鹿児島市薬剤師会夜間救急薬局", "機関区分": 5, "都道府県コード": 46, "市区町村コード": 201, "所在地": "鹿児島県鹿児島市鴨池２丁目２２番１８", "緯度": 31.563857, "経度": 130.551135, "url": "https://www.iryou.teikyouseido.mhlw.go.jp/znk-web/juminkanja/S2430/initialize?prefCd=46&kikanCd=55184&kikanKbn=5", "url2": null, "内容": "鹿児島市薬剤師会夜間救急薬局【5:薬局】鹿児島県鹿児島市鴨池２丁目２２番１８" }, "geometry": { "type": "Point", "coordinates": [ 130.551135, 31.563857 ] } },
{ "type": "Feature", "properties": { "ID": 46555186, "正式名称": "漢方のオリ－ブ堂薬局", "機関区分": 5, "都道府県コード": 46, "市区町村コード": 201, "所在地": "鹿児島県鹿児島市金生町１番９号", "緯度": 31.592075, "経度": 130.557419, "url": "https://www.iryou.teikyouseido.mhlw.go.jp/znk-web/juminkanja/S2430/initialize?prefCd=46&kikanCd=55186&kikanKbn=5", "url2": "http://www.take07.co.jp", "内容": "漢方のオリ－ブ堂薬局【5:薬局】鹿児島県鹿児島市金生町１番９号" }, "geometry": { "type": "Point", "coordinates": [ 130.557419, 31.592075 ] } },
{ "type": "Feature", "properties": { "ID": 46555187, "正式名称": "山下薬局", "機関区分": 5, "都道府県コード": 46, "市区町村コード": 201, "所在地": "鹿児島県鹿児島市上之園町２２番地１６", "緯度": 31.577531, "経度": 130.547765, "url": "https://www.iryou.teikyouseido.mhlw.go.jp/znk-web/juminkanja/S2430/initialize?prefCd=46&kikanCd=55187&kikanKbn=5", "url2": null, "内容": "山下薬局【5:薬局】鹿児島県鹿児島市上之園町２２番地１６" }, "geometry": { "type": "Point", "coordinates": [ 130.547765, 31.577531 ] } },
{ "type": "Feature", "properties": { "ID": 46555189, "正式名称": "南九州調剤薬局", "機関区分": 5, "都道府県コード": 46, "市区町村コード": 201, "所在地": "鹿児島県鹿児島市山下町１６－１", "緯度": 31.598036, "経度": 130.558383, "url": "https://www.iryou.teikyouseido.mhlw.go.jp/znk-web/juminkanja/S2430/initialize?prefCd=46&kikanCd=55189&kikanKbn=5", "url2": "http;//nankyu-chozai.jp", "内容": "南九州調剤薬局【5:薬局】鹿児島県鹿児島市山下町１６－１" }, "geometry": { "type": "Point", "coordinates": [ 130.558383, 31.598036 ] } },
{ "type": "Feature", "properties": { "ID": 46555190, "正式名称": "松本調剤薬局", "機関区分": 5, "都道府県コード": 46, "市区町村コード": 201, "所在地": "鹿児島県鹿児島市住吉町３ー１８", "緯度": 31.590963, "経度": 130.56161, "url": "https://www.iryou.teikyouseido.mhlw.go.jp/znk-web/juminkanja/S2430/initialize?prefCd=46&kikanCd=55190&kikanKbn=5", "url2": null, "内容": "松本調剤薬局【5:薬局】鹿児島県鹿児島市住吉町３ー１８" }, "geometry": { "type": "Point", "coordinates": [ 130.56161, 31.590963 ] } },
{ "type": "Feature", "properties": { "ID": 46555191, "正式名称": "鶴丸調剤薬局　紫原店", "機関区分": 5, "都道府県コード": 46, "市区町村コード": 201, "所在地": "鹿児島県鹿児島市紫原四丁目１３番１９号", "緯度": 31.556947, "経度": 130.534131, "url": "https://www.iryou.teikyouseido.mhlw.go.jp/znk-web/juminkanja/S2430/initialize?prefCd=46&kikanCd=55191&kikanKbn=5", "url2": "http://tpg.co.jp/ph/", "内容": "鶴丸調剤薬局　紫原店【5:薬局】鹿児島県鹿児島市紫原四丁目１３番１９号" }, "geometry": { "type": "Point", "coordinates": [ 130.534131, 31.556947 ] } },
{ "type": "Feature", "properties": { "ID": 46555194, "正式名称": "のぼり調剤薬局", "機関区分": 5, "都道府県コード": 46, "市区町村コード": 201, "所在地": "鹿児島県鹿児島市上荒田町４３－５", "緯度": 31.571683, "経度": 130.540503, "url": "https://www.iryou.teikyouseido.mhlw.go.jp/znk-web/juminkanja/S2430/initialize?prefCd=46&kikanCd=55194&kikanKbn=5", "url2": null, "内容": "のぼり調剤薬局【5:薬局】鹿児島県鹿児島市上荒田町４３－５" }, "geometry": { "type": "Point", "coordinates": [ 130.540503, 31.571683 ] } },
{ "type": "Feature", "properties": { "ID": 46555195, "正式名称": "厚仁堂薬局", "機関区分": 5, "都道府県コード": 46, "市区町村コード": 201, "所在地": "鹿児島県鹿児島市草牟田町", "緯度": 31.60689, "経度": 130.53645, "url": "https://www.iryou.teikyouseido.mhlw.go.jp/znk-web/juminkanja/S2430/initialize?prefCd=46&kikanCd=55195&kikanKbn=5", "url2": "https://kojindo.kagoshima.jp", "内容": "厚仁堂薬局【5:薬局】鹿児島県鹿児島市草牟田町" }, "geometry": { "type": "Point", "coordinates": [ 130.53645, 31.60689 ] } },
{ "type": "Feature", "properties": { "ID": 46555199, "正式名称": "ヘルシーウェル薬局　薬師店", "機関区分": 5, "都道府県コード": 46, "市区町村コード": 201, "所在地": "鹿児島県鹿児島市薬師２丁目１８番１９号", "緯度": 31.594222, "経度": 130.535216, "url": "https://www.iryou.teikyouseido.mhlw.go.jp/znk-web/juminkanja/S2430/initialize?prefCd=46&kikanCd=55199&kikanKbn=5", "url2": null, "内容": "ヘルシーウェル薬局　薬師店【5:薬局】鹿児島県鹿児島市薬師２丁目１８番１９号" }, "geometry": { "type": "Point", "coordinates": [ 130.535216, 31.594222 ] } },
{ "type": "Feature", "properties": { "ID": 46555200, "正式名称": "有限会社すみれ調剤薬局", "機関区分": 5, "都道府県コード": 46, "市区町村コード": 201, "所在地": "鹿児島県鹿児島市金生町１番６号", "緯度": 31.592075, "経度": 130.557207, "url": "https://www.iryou.teikyouseido.mhlw.go.jp/znk-web/juminkanja/S2430/initialize?prefCd=46&kikanCd=55200&kikanKbn=5", "url2": null, "内容": "有限会社すみれ調剤薬局【5:薬局】鹿児島県鹿児島市金生町１番６号" }, "geometry": { "type": "Point", "coordinates": [ 130.557207, 31.592075 ] } },
{ "type": "Feature", "properties": { "ID": 46555201, "正式名称": "すばる薬局", "機関区分": 5, "都道府県コード": 46, "市区町村コード": 201, "所在地": "鹿児島県鹿児島市大黒町１－１５", "緯度": 31.590828, "経度": 130.557617, "url": "https://www.iryou.teikyouseido.mhlw.go.jp/znk-web/juminkanja/S2430/initialize?prefCd=46&kikanCd=55201&kikanKbn=5", "url2": null, "内容": "すばる薬局【5:薬局】鹿児島県鹿児島市大黒町１－１５" }, "geometry": { "type": "Point", "coordinates": [ 130.557617, 31.590828 ] } },
{ "type": "Feature", "properties": { "ID": 46555203, "正式名称": "マルノ薬局　桜ケ丘店", "機関区分": 5, "都道府県コード": 46, "市区町村コード": 201, "所在地": "鹿児島県鹿児島市桜ヶ丘四丁目１５番２０号", "緯度": 31.550689, "経度": 130.517942, "url": "https://www.iryou.teikyouseido.mhlw.go.jp/znk-web/juminkanja/S2430/initialize?prefCd=46&kikanCd=55203&kikanKbn=5", "url2": "http://www.maruno-ph.com/", "内容": "マルノ薬局　桜ケ丘店【5:薬局】鹿児島県鹿児島市桜ヶ丘四丁目１５番２０号" }, "geometry": { "type": "Point", "coordinates": [ 130.517942, 31.550689 ] } },
{ "type": "Feature", "properties": { "ID": 46555204, "正式名称": "鶴丸調剤薬局　　南林寺店", "機関区分": 5, "都道府県コード": 46, "市区町村コード": 201, "所在地": "鹿児島県鹿児島市南林寺町１－１２", "緯度": 31.584676, "経度": 130.558104, "url": "https://www.iryou.teikyouseido.mhlw.go.jp/znk-web/juminkanja/S2430/initialize?prefCd=46&kikanCd=55204&kikanKbn=5", "url2": "http://tpg.co.jp/ph/", "内容": "鶴丸調剤薬局　　南林寺店【5:薬局】鹿児島県鹿児島市南林寺町１－１２" }, "geometry": { "type": "Point", "coordinates": [ 130.558104, 31.584676 ] } },
{ "type": "Feature", "properties": { "ID": 46555205, "正式名称": "ゆうゆう薬局　甲南店", "機関区分": 5, "都道府県コード": 46, "市区町村コード": 201, "所在地": "鹿児島県鹿児島市上之園町２７番地２０", "緯度": 31.580559, "経度": 130.544395, "url": "https://www.iryou.teikyouseido.mhlw.go.jp/znk-web/juminkanja/S2430/initialize?prefCd=46&kikanCd=55205&kikanKbn=5", "url2": "http://www.pharmacom.jp/index.html", "内容": "ゆうゆう薬局　甲南店【5:薬局】鹿児島県鹿児島市上之園町２７番地２０" }, "geometry": { "type": "Point", "coordinates": [ 130.544395, 31.580559 ] } },
{ "type": "Feature", "properties": { "ID": 46555207, "正式名称": "石井薬局株式会社", "機関区分": 5, "都道府県コード": 46, "市区町村コード": 201, "所在地": "鹿児島県鹿児島市田上二丁目１５番１０号", "緯度": 31.574325, "経度": 130.534789, "url": "https://www.iryou.teikyouseido.mhlw.go.jp/znk-web/juminkanja/S2430/initialize?prefCd=46&kikanCd=55207&kikanKbn=5", "url2": null, "内容": "石井薬局株式会社【5:薬局】鹿児島県鹿児島市田上二丁目１５番１０号" }, "geometry": { "type": "Point", "coordinates": [ 130.534789, 31.574325 ] } },
{ "type": "Feature", "properties": { "ID": 46555208, "正式名称": "コスモス薬局", "機関区分": 5, "都道府県コード": 46, "市区町村コード": 201, "所在地": "鹿児島県鹿児島市下伊敷一丁目１－１１", "緯度": 31.608421, "経度": 130.535269, "url": "https://www.iryou.teikyouseido.mhlw.go.jp/znk-web/juminkanja/S2430/initialize?prefCd=46&kikanCd=55208&kikanKbn=5", "url2": null, "内容": "コスモス薬局【5:薬局】鹿児島県鹿児島市下伊敷一丁目１－１１" }, "geometry": { "type": "Point", "coordinates": [ 130.535269, 31.608421 ] } },
{ "type": "Feature", "properties": { "ID": 46555209, "正式名称": "鶴丸調剤薬局　伊敷店", "機関区分": 5, "都道府県コード": 46, "市区町村コード": 201, "所在地": "鹿児島県鹿児島市西伊敷１丁目２番１３号", "緯度": 31.634441, "経度": 130.529091, "url": "https://www.iryou.teikyouseido.mhlw.go.jp/znk-web/juminkanja/S2430/initialize?prefCd=46&kikanCd=55209&kikanKbn=5", "url2": "https://www.nanohana-ph.jp/shop/kyusyu/kagoshima/kagoshima/tsurumaru-ishiki.php", "内容": "鶴丸調剤薬局　伊敷店【5:薬局】鹿児島県鹿児島市西伊敷１丁目２番１３号" }, "geometry": { "type": "Point", "coordinates": [ 130.529091, 31.634441 ] } },
{ "type": "Feature", "properties": { "ID": 46555210, "正式名称": "喜入薬局", "機関区分": 5, "都道府県コード": 46, "市区町村コード": 201, "所在地": "鹿児島県鹿児島市喜入町６０２９－４", "緯度": 31.382408, "経度": 130.541133, "url": "https://www.iryou.teikyouseido.mhlw.go.jp/znk-web/juminkanja/S2430/initialize?prefCd=46&kikanCd=55210&kikanKbn=5", "url2": "https://kiire-pharmacy.com/", "内容": "喜入薬局【5:薬局】鹿児島県鹿児島市喜入町６０２９－４" }, "geometry": { "type": "Point", "coordinates": [ 130.541133, 31.382408 ] } },
{ "type": "Feature", "properties": { "ID": 46555211, "正式名称": "しんやしき薬局", "機関区分": 5, "都道府県コード": 46, "市区町村コード": 201, "所在地": "鹿児島県鹿児島市新屋敷町２番５号　村野タイルビル１Ｆ", "緯度": 31.581991, "経度": 130.55393, "url": "https://www.iryou.teikyouseido.mhlw.go.jp/znk-web/juminkanja/S2430/initialize?prefCd=46&kikanCd=55211&kikanKbn=5", "url2": "https://www.kusurinomadoguchi.com/kagoshima/s1000092150", "内容": "しんやしき薬局【5:薬局】鹿児島県鹿児島市新屋敷町２番５号　村野タイルビル１Ｆ" }, "geometry": { "type": "Point", "coordinates": [ 130.55393, 31.581991 ] } },
{ "type": "Feature", "properties": { "ID": 46555214, "正式名称": "まちだ調剤薬局", "機関区分": 5, "都道府県コード": 46, "市区町村コード": 201, "所在地": "鹿児島県鹿児島市下荒田３丁目１７番２２号", "緯度": 31.571236, "経度": 130.552704, "url": "https://www.iryou.teikyouseido.mhlw.go.jp/znk-web/juminkanja/S2430/initialize?prefCd=46&kikanCd=55214&kikanKbn=5", "url2": null, "内容": "まちだ調剤薬局【5:薬局】鹿児島県鹿児島市下荒田３丁目１７番２２号" }, "geometry": { "type": "Point", "coordinates": [ 130.552704, 31.571236 ] } },
{ "type": "Feature", "properties": { "ID": 46555218, "正式名称": "検見崎薬局", "機関区分": 5, "都道府県コード": 46, "市区町村コード": 201, "所在地": "鹿児島県鹿児島市草牟田二丁目１７番１号", "緯度": 31.602737, "経度": 130.538592, "url": "https://www.iryou.teikyouseido.mhlw.go.jp/znk-web/juminkanja/S2430/initialize?prefCd=46&kikanCd=55218&kikanKbn=5", "url2": null, "内容": "検見崎薬局【5:薬局】鹿児島県鹿児島市草牟田二丁目１７番１号" }, "geometry": { "type": "Point", "coordinates": [ 130.538592, 31.602737 ] } },
{ "type": "Feature", "properties": { "ID": 46555219, "正式名称": "はやま薬局", "機関区分": 5, "都道府県コード": 46, "市区町村コード": 201, "所在地": "鹿児島県鹿児島市吉野町９０７１－１", "緯度": 31.631818, "経度": 130.571386, "url": "https://www.iryou.teikyouseido.mhlw.go.jp/znk-web/juminkanja/S2430/initialize?prefCd=46&kikanCd=55219&kikanKbn=5", "url2": "https://fandf-pharmacy.jimdofree.com/", "内容": "はやま薬局【5:薬局】鹿児島県鹿児島市吉野町９０７１－１" }, "geometry": { "type": "Point", "coordinates": [ 130.571386, 31.631818 ] } },
{ "type": "Feature", "properties": { "ID": 46555220, "正式名称": "鶴丸調剤薬局　　南鹿児島店", "機関区分": 5, "都道府県コード": 46, "市区町村コード": 201, "所在地": "鹿児島県鹿児島市小松原二丁目３６番５号", "緯度": 31.528352, "経度": 130.523027, "url": "https://www.iryou.teikyouseido.mhlw.go.jp/znk-web/juminkanja/S2430/initialize?prefCd=46&kikanCd=55220&kikanKbn=5", "url2": "http://nanohana-ph.jp", "内容": "鶴丸調剤薬局　　南鹿児島店【5:薬局】鹿児島県鹿児島市小松原二丁目３６番５号" }, "geometry": { "type": "Point", "coordinates": [ 130.523027, 31.528352 ] } },
{ "type": "Feature", "properties": { "ID": 46555221, "正式名称": "すこやか調剤薬局　　中山店", "機関区分": 5, "都道府県コード": 46, "市区町村コード": 201, "所在地": "鹿児島県鹿児島市中山町５２３６番地１", "緯度": 31.53664, "経度": 130.500212, "url": "https://www.iryou.teikyouseido.mhlw.go.jp/znk-web/juminkanja/S2430/initialize?prefCd=46&kikanCd=55221&kikanKbn=5", "url2": null, "内容": "すこやか調剤薬局　　中山店【5:薬局】鹿児島県鹿児島市中山町５２３６番地１" }, "geometry": { "type": "Point", "coordinates": [ 130.500212, 31.53664 ] } },
{ "type": "Feature", "properties": { "ID": 46555222, "正式名称": "ヘルシ－薬局　　照国店", "機関区分": 5, "都道府県コード": 46, "市区町村コード": 201, "所在地": "鹿児島県鹿児島市照国町３番１号", "緯度": 31.591925, "経度": 130.548972, "url": "https://www.iryou.teikyouseido.mhlw.go.jp/znk-web/juminkanja/S2430/initialize?prefCd=46&kikanCd=55222&kikanKbn=5", "url2": "https://healthy-pharmacy.jp/", "内容": "ヘルシ－薬局　　照国店【5:薬局】鹿児島県鹿児島市照国町３番１号" }, "geometry": { "type": "Point", "coordinates": [ 130.548972, 31.591925 ] } },
{ "type": "Feature", "properties": { "ID": 46555227, "正式名称": "三井調剤薬局　荒田店", "機関区分": 5, "都道府県コード": 46, "市区町村コード": 201, "所在地": "鹿児島県鹿児島市荒田１丁目２６番１１号", "緯度": 31.576797, "経度": 130.549387, "url": "https://www.iryou.teikyouseido.mhlw.go.jp/znk-web/juminkanja/S2430/initialize?prefCd=46&kikanCd=55227&kikanKbn=5", "url2": "http://mitsui-ph.com", "内容": "三井調剤薬局　荒田店【5:薬局】鹿児島県鹿児島市荒田１丁目２６番１１号" }, "geometry": { "type": "Point", "coordinates": [ 130.549387, 31.576797 ] } },
{ "type": "Feature", "properties": { "ID": 46555228, "正式名称": "タバタ薬局　　伊敷支所店", "機関区分": 5, "都道府県コード": 46, "市区町村コード": 201, "所在地": "鹿児島県鹿児島市伊敷五丁目１８番６号", "緯度": 31.627026, "経度": 130.526762, "url": "https://www.iryou.teikyouseido.mhlw.go.jp/znk-web/juminkanja/S2430/initialize?prefCd=46&kikanCd=55228&kikanKbn=5", "url2": "http://tabata-pharmacy.com/", "内容": "タバタ薬局　　伊敷支所店【5:薬局】鹿児島県鹿児島市伊敷五丁目１８番６号" }, "geometry": { "type": "Point", "coordinates": [ 130.526762, 31.627026 ] } },
{ "type": "Feature", "properties": { "ID": 46555230, "正式名称": "もみじ薬局", "機関区分": 5, "都道府県コード": 46, "市区町村コード": 201, "所在地": "鹿児島県鹿児島市草牟田２丁目１３－１９", "緯度": 31.604703, "経度": 130.538886, "url": "https://www.iryou.teikyouseido.mhlw.go.jp/znk-web/juminkanja/S2430/initialize?prefCd=46&kikanCd=55230&kikanKbn=5", "url2": "http://yoshishige-g.com/", "内容": "もみじ薬局【5:薬局】鹿児島県鹿児島市草牟田２丁目１３－１９" }, "geometry": { "type": "Point", "coordinates": [ 130.538886, 31.604703 ] } },
{ "type": "Feature", "properties": { "ID": 46555232, "正式名称": "とまと薬局", "機関区分": 5, "都道府県コード": 46, "市区町村コード": 201, "所在地": "鹿児島県鹿児島市小松原二丁目１１番７号", "緯度": 31.529462, "経度": 130.526365, "url": "https://www.iryou.teikyouseido.mhlw.go.jp/znk-web/juminkanja/S2430/initialize?prefCd=46&kikanCd=55232&kikanKbn=5", "url2": "http://tomato-p.com", "内容": "とまと薬局【5:薬局】鹿児島県鹿児島市小松原二丁目１１番７号" }, "geometry": { "type": "Point", "coordinates": [ 130.526365, 31.529462 ] } },
{ "type": "Feature", "properties": { "ID": 46555234, "正式名称": "ゆうゆう薬局　宇宿店", "機関区分": 5, "都道府県コード": 46, "市区町村コード": 201, "所在地": "鹿児島県鹿児島市宇宿３丁目４１番２４号", "緯度": 31.541216, "経度": 130.537164, "url": "https://www.iryou.teikyouseido.mhlw.go.jp/znk-web/juminkanja/S2430/initialize?prefCd=46&kikanCd=55234&kikanKbn=5", "url2": "http://www.pharmacom.jp", "内容": "ゆうゆう薬局　宇宿店【5:薬局】鹿児島県鹿児島市宇宿３丁目４１番２４号" }, "geometry": { "type": "Point", "coordinates": [ 130.537164, 31.541216 ] } },
{ "type": "Feature", "properties": { "ID": 46555235, "正式名称": "ゆうゆう薬局　中山店", "機関区分": 5, "都道府県コード": 46, "市区町村コード": 201, "所在地": "鹿児島県鹿児島市中山２－３－１３", "緯度": 31.544078, "経度": 130.513114, "url": "https://www.iryou.teikyouseido.mhlw.go.jp/znk-web/juminkanja/S2430/initialize?prefCd=46&kikanCd=55235&kikanKbn=5", "url2": "http://www.pharmacom.jp", "内容": "ゆうゆう薬局　中山店【5:薬局】鹿児島県鹿児島市中山２－３－１３" }, "geometry": { "type": "Point", "coordinates": [ 130.513114, 31.544078 ] } },
{ "type": "Feature", "properties": { "ID": 46555236, "正式名称": "あすなろ薬局", "機関区分": 5, "都道府県コード": 46, "市区町村コード": 201, "所在地": "鹿児島県鹿児島市薬師二丁目１６番７号", "緯度": 31.593944, "経度": 130.536872, "url": "https://www.iryou.teikyouseido.mhlw.go.jp/znk-web/juminkanja/S2430/initialize?prefCd=46&kikanCd=55236&kikanKbn=5", "url2": "http://asunaro-p.sakura.ne.jp", "内容": "あすなろ薬局【5:薬局】鹿児島県鹿児島市薬師二丁目１６番７号" }, "geometry": { "type": "Point", "coordinates": [ 130.536872, 31.593944 ] } },
{ "type": "Feature", "properties": { "ID": 46555238, "正式名称": "ドラッグイレブン薬局　　伊敷梅ヶ渕店", "機関区分": 5, "都道府県コード": 46, "市区町村コード": 201, "所在地": "鹿児島県鹿児島市伊敷６丁目１７ー１", "緯度": 31.627939, "経度": 130.546812, "url": "https://www.iryou.teikyouseido.mhlw.go.jp/znk-web/juminkanja/S2430/initialize?prefCd=46&kikanCd=55238&kikanKbn=5", "url2": "https://shop.tsuruha-g.com/4629", "内容": "ドラッグイレブン薬局　　伊敷梅ヶ渕店【5:薬局】鹿児島県鹿児島市伊敷６丁目１７ー１" }, "geometry": { "type": "Point", "coordinates": [ 130.546812, 31.627939 ] } },
{ "type": "Feature", "properties": { "ID": 46555239, "正式名称": "ゾウさんのはな通り薬局", "機関区分": 5, "都道府県コード": 46, "市区町村コード": 201, "所在地": "鹿児島県鹿児島市西田２丁目２２番５号", "緯度": 31.585228, "経度": 130.540588, "url": "https://www.iryou.teikyouseido.mhlw.go.jp/znk-web/juminkanja/S2430/initialize?prefCd=46&kikanCd=55239&kikanKbn=5", "url2": null, "内容": "ゾウさんのはな通り薬局【5:薬局】鹿児島県鹿児島市西田２丁目２２番５号" }, "geometry": { "type": "Point", "coordinates": [ 130.540588, 31.585228 ] } },
{ "type": "Feature", "properties": { "ID": 46555240, "正式名称": "しらかわ薬局　　与次郎店", "機関区分": 5, "都道府県コード": 46, "市区町村コード": 201, "所在地": "鹿児島県鹿児島市与次郎１－３－１０", "緯度": 31.56794, "経度": 130.560173, "url": "https://www.iryou.teikyouseido.mhlw.go.jp/znk-web/juminkanja/S2430/initialize?prefCd=46&kikanCd=55240&kikanKbn=5", "url2": null, "内容": "しらかわ薬局　　与次郎店【5:薬局】鹿児島県鹿児島市与次郎１－３－１０" }, "geometry": { "type": "Point", "coordinates": [ 130.560173, 31.56794 ] } },
{ "type": "Feature", "properties": { "ID": 46555241, "正式名称": "スター調剤薬局", "機関区分": 5, "都道府県コード": 46, "市区町村コード": 201, "所在地": "鹿児島県鹿児島市和２丁目２１番１９号", "緯度": 31.509668, "経度": 130.507811, "url": "https://www.iryou.teikyouseido.mhlw.go.jp/znk-web/juminkanja/S2430/initialize?prefCd=46&kikanCd=55241&kikanKbn=5", "url2": null, "内容": "スター調剤薬局【5:薬局】鹿児島県鹿児島市和２丁目２１番１９号" }, "geometry": { "type": "Point", "coordinates": [ 130.507811, 31.509668 ] } },
{ "type": "Feature", "properties": { "ID": 46555242, "正式名称": "奥公園前薬局", "機関区分": 5, "都道府県コード": 46, "市区町村コード": 201, "所在地": "鹿児島県鹿児島市東谷山６丁目４３の２２番", "緯度": 31.534973, "経度": 130.520543, "url": "https://www.iryou.teikyouseido.mhlw.go.jp/znk-web/juminkanja/S2430/initialize?prefCd=46&kikanCd=55242&kikanKbn=5", "url2": "https://www.e-classa.net/okukouen-taniyama/index.html", "内容": "奥公園前薬局【5:薬局】鹿児島県鹿児島市東谷山６丁目４３の２２番" }, "geometry": { "type": "Point", "coordinates": [ 130.520543, 31.534973 ] } },
{ "type": "Feature", "properties": { "ID": 46555243, "正式名称": "たちばな薬局", "機関区分": 5, "都道府県コード": 46, "市区町村コード": 201, "所在地": "鹿児島県鹿児島市中央町１０", "緯度": 31.582375, "経度": 130.545272, "url": "https://www.iryou.teikyouseido.mhlw.go.jp/znk-web/juminkanja/S2430/initialize?prefCd=46&kikanCd=55243&kikanKbn=5", "url2": null, "内容": "たちばな薬局【5:薬局】鹿児島県鹿児島市中央町１０" }, "geometry": { "type": "Point", "coordinates": [ 130.545272, 31.582375 ] } },
{ "type": "Feature", "properties": { "ID": 46555245, "正式名称": "有限会社　ケーアイ調剤薬局中山店", "機関区分": 5, "都道府県コード": 46, "市区町村コード": 201, "所在地": "鹿児島県鹿児島市中山町２２８４番地", "緯度": 31.544673, "経度": 130.504963, "url": "https://www.iryou.teikyouseido.mhlw.go.jp/znk-web/juminkanja/S2430/initialize?prefCd=46&kikanCd=55245&kikanKbn=5", "url2": "https://www.qol-net.co.jp/", "内容": "有限会社　ケーアイ調剤薬局中山店【5:薬局】鹿児島県鹿児島市中山町２２８４番地" }, "geometry": { "type": "Point", "coordinates": [ 130.504963, 31.544673 ] } },
{ "type": "Feature", "properties": { "ID": 46555246, "正式名称": "坂之上調剤薬局", "機関区分": 5, "都道府県コード": 46, "市区町村コード": 201, "所在地": "鹿児島県鹿児島市坂之上六丁目６番１５号", "緯度": 31.494543, "経度": 130.503313, "url": "https://www.iryou.teikyouseido.mhlw.go.jp/znk-web/juminkanja/S2430/initialize?prefCd=46&kikanCd=55246&kikanKbn=5", "url2": "https://nangokutk-ph.jp/", "内容": "坂之上調剤薬局【5:薬局】鹿児島県鹿児島市坂之上六丁目６番１５号" }, "geometry": { "type": "Point", "coordinates": [ 130.503313, 31.494543 ] } },
{ "type": "Feature", "properties": { "ID": 46555247, "正式名称": "さくら薬局　　鹿児島店", "機関区分": 5, "都道府県コード": 46, "市区町村コード": 201, "所在地": "鹿児島県鹿児島市大黒町１番地３　ブラザービル５Ｆ", "緯度": 31.591006, "経度": 130.557656, "url": "https://www.iryou.teikyouseido.mhlw.go.jp/znk-web/juminkanja/S2430/initialize?prefCd=46&kikanCd=55247&kikanKbn=5", "url2": null, "内容": "さくら薬局　　鹿児島店【5:薬局】鹿児島県鹿児島市大黒町１番地３　ブラザービル５Ｆ" }, "geometry": { "type": "Point", "coordinates": [ 130.557656, 31.591006 ] } },
{ "type": "Feature", "properties": { "ID": 46555249, "正式名称": "南日本薬剤センター薬局　　中山店", "機関区分": 5, "都道府県コード": 46, "市区町村コード": 201, "所在地": "鹿児島県鹿児島市山田町７３９番地", "緯度": 31.557644, "経度": 130.502702, "url": "https://www.iryou.teikyouseido.mhlw.go.jp/znk-web/juminkanja/S2430/initialize?prefCd=46&kikanCd=55249&kikanKbn=5", "url2": "http://www.373pc.co.jp", "内容": "南日本薬剤センター薬局　　中山店【5:薬局】鹿児島県鹿児島市山田町７３９番地" }, "geometry": { "type": "Point", "coordinates": [ 130.502702, 31.557644 ] } },
{ "type": "Feature", "properties": { "ID": 46555250, "正式名称": "海星薬局平川店", "機関区分": 5, "都道府県コード": 46, "市区町村コード": 201, "所在地": "鹿児島県鹿児島市平川町１５８０－１", "緯度": 31.471306, "経度": 130.506897, "url": "https://www.iryou.teikyouseido.mhlw.go.jp/znk-web/juminkanja/S2430/initialize?prefCd=46&kikanCd=55250&kikanKbn=5", "url2": null, "内容": "海星薬局平川店【5:薬局】鹿児島県鹿児島市平川町１５８０－１" }, "geometry": { "type": "Point", "coordinates": [ 130.506897, 31.471306 ] } },
{ "type": "Feature", "properties": { "ID": 46555253, "正式名称": "有限会社　しらゆり調剤薬局", "機関区分": 5, "都道府県コード": 46, "市区町村コード": 201, "所在地": "鹿児島県鹿児島市和田１丁目３０－１５", "緯度": 31.512613, "経度": 130.510571, "url": "https://www.iryou.teikyouseido.mhlw.go.jp/znk-web/juminkanja/S2430/initialize?prefCd=46&kikanCd=55253&kikanKbn=5", "url2": null, "内容": "有限会社　しらゆり調剤薬局【5:薬局】鹿児島県鹿児島市和田１丁目３０－１５" }, "geometry": { "type": "Point", "coordinates": [ 130.510571, 31.512613 ] } },
{ "type": "Feature", "properties": { "ID": 46555256, "正式名称": "あおば調剤薬局　　荒田店", "機関区分": 5, "都道府県コード": 46, "市区町村コード": 201, "所在地": "鹿児島県鹿児島市下荒田１－３０－１", "緯度": 31.576656, "経度": 130.55604, "url": "https://www.iryou.teikyouseido.mhlw.go.jp/znk-web/juminkanja/S2430/initialize?prefCd=46&kikanCd=55256&kikanKbn=5", "url2": null, "内容": "あおば調剤薬局　　荒田店【5:薬局】鹿児島県鹿児島市下荒田１－３０－１" }, "geometry": { "type": "Point", "coordinates": [ 130.55604, 31.576656 ] } },
{ "type": "Feature", "properties": { "ID": 46555257, "正式名称": "つばめ調剤薬局", "機関区分": 5, "都道府県コード": 46, "市区町村コード": 201, "所在地": "鹿児島県鹿児島市和田一丁目４５番８号", "緯度": 31.512326, "経度": 130.50962, "url": "https://www.iryou.teikyouseido.mhlw.go.jp/znk-web/juminkanja/S2430/initialize?prefCd=46&kikanCd=55257&kikanKbn=5", "url2": "https://nangokutk-ph.jp/", "内容": "つばめ調剤薬局【5:薬局】鹿児島県鹿児島市和田一丁目４５番８号" }, "geometry": { "type": "Point", "coordinates": [ 130.50962, 31.512326 ] } },
{ "type": "Feature", "properties": { "ID": 46555258, "正式名称": "こあら薬局", "機関区分": 5, "都道府県コード": 46, "市区町村コード": 201, "所在地": "鹿児島県鹿児島市玉里団地３丁目２１番１４号", "緯度": 31.619668, "経度": 130.546888, "url": "https://www.iryou.teikyouseido.mhlw.go.jp/znk-web/juminkanja/S2430/initialize?prefCd=46&kikanCd=55258&kikanKbn=5", "url2": "http://yoshishige-g.com/", "内容": "こあら薬局【5:薬局】鹿児島県鹿児島市玉里団地３丁目２１番１４号" }, "geometry": { "type": "Point", "coordinates": [ 130.546888, 31.619668 ] } },
{ "type": "Feature", "properties": { "ID": 46555261, "正式名称": "マルノ薬局　　鴨池店", "機関区分": 5, "都道府県コード": 46, "市区町村コード": 201, "所在地": "鹿児島県鹿児島市鴨池一丁目１０番７号", "緯度": 31.5685, "経度": 130.550647, "url": "https://www.iryou.teikyouseido.mhlw.go.jp/znk-web/juminkanja/S2430/initialize?prefCd=46&kikanCd=55261&kikanKbn=5", "url2": "http://www.maruno-ph.com/", "内容": "マルノ薬局　　鴨池店【5:薬局】鹿児島県鹿児島市鴨池一丁目１０番７号" }, "geometry": { "type": "Point", "coordinates": [ 130.550647, 31.5685 ] } },
{ "type": "Feature", "properties": { "ID": 46555263, "正式名称": "ミナミ薬局　　東谷山店", "機関区分": 5, "都道府県コード": 46, "市区町村コード": 201, "所在地": "鹿児島県鹿児島市東谷山五丁目２７番２１号", "緯度": 31.530569, "経度": 130.516902, "url": "https://www.iryou.teikyouseido.mhlw.go.jp/znk-web/juminkanja/S2430/initialize?prefCd=46&kikanCd=55263&kikanKbn=5", "url2": null, "内容": "ミナミ薬局　　東谷山店【5:薬局】鹿児島県鹿児島市東谷山五丁目２７番２１号" }, "geometry": { "type": "Point", "coordinates": [ 130.516902, 31.530569 ] } },
{ "type": "Feature", "properties": { "ID": 46555265, "正式名称": "やまもと薬局　　伊敷台店", "機関区分": 5, "都道府県コード": 46, "市区町村コード": 201, "所在地": "鹿児島県鹿児島市伊敷台２丁目６ー２６", "緯度": 31.623814, "経度": 130.533716, "url": "https://www.iryou.teikyouseido.mhlw.go.jp/znk-web/juminkanja/S2430/initialize?prefCd=46&kikanCd=55265&kikanKbn=5", "url2": null, "内容": "やまもと薬局　　伊敷台店【5:薬局】鹿児島県鹿児島市伊敷台２丁目６ー２６" }, "geometry": { "type": "Point", "coordinates": [ 130.533716, 31.623814 ] } },
{ "type": "Feature", "properties": { "ID": 46555266, "正式名称": "株式会社キク薬舗キク薬局大学病院前店", "機関区分": 5, "都道府県コード": 46, "市区町村コード": 201, "所在地": "鹿児島県鹿児島市桜ケ丘８丁目２０番２８号", "緯度": 31.545679, "経度": 130.528434, "url": "https://www.iryou.teikyouseido.mhlw.go.jp/znk-web/juminkanja/S2430/initialize?prefCd=46&kikanCd=55266&kikanKbn=5", "url2": "http://www.kikuyakuho.co.jp", "内容": "株式会社キク薬舗キク薬局大学病院前店【5:薬局】鹿児島県鹿児島市桜ケ丘８丁目２０番２８号" }, "geometry": { "type": "Point", "coordinates": [ 130.528434, 31.545679 ] } },
{ "type": "Feature", "properties": { "ID": 46555267, "正式名称": "フラワー薬局", "機関区分": 5, "都道府県コード": 46, "市区町村コード": 201, "所在地": "鹿児島県鹿児島市郡元２丁目１２番１０号", "緯度": 31.562153, "経度": 130.548461, "url": "https://www.iryou.teikyouseido.mhlw.go.jp/znk-web/juminkanja/S2430/initialize?prefCd=46&kikanCd=55267&kikanKbn=5", "url2": "http://www.web-flower.co.jp", "内容": "フラワー薬局【5:薬局】鹿児島県鹿児島市郡元２丁目１２番１０号" }, "geometry": { "type": "Point", "coordinates": [ 130.548461, 31.562153 ] } },
{ "type": "Feature", "properties": { "ID": 46555268, "正式名称": "あおぞら薬局", "機関区分": 5, "都道府県コード": 46, "市区町村コード": 201, "所在地": "鹿児島県鹿児島市下荒田三丁目４０番１８号高良ビル１階", "緯度": 31.568384, "経度": 130.552496, "url": "https://www.iryou.teikyouseido.mhlw.go.jp/znk-web/juminkanja/S2430/initialize?prefCd=46&kikanCd=55268&kikanKbn=5", "url2": "http://www.mastco.jp", "内容": "あおぞら薬局【5:薬局】鹿児島県鹿児島市下荒田三丁目４０番１８号高良ビル１階" }, "geometry": { "type": "Point", "coordinates": [ 130.552496, 31.568384 ] } },
{ "type": "Feature", "properties": { "ID": 46555269, "正式名称": "てんまち薬局", "機関区分": 5, "都道府県コード": 46, "市区町村コード": 201, "所在地": "鹿児島県鹿児島市照国町２－１６トレゾールビル１－Ａ", "緯度": 31.592084, "経度": 130.550073, "url": "https://www.iryou.teikyouseido.mhlw.go.jp/znk-web/juminkanja/S2430/initialize?prefCd=46&kikanCd=55269&kikanKbn=5", "url2": null, "内容": "てんまち薬局【5:薬局】鹿児島県鹿児島市照国町２－１６トレゾールビル１－Ａ" }, "geometry": { "type": "Point", "coordinates": [ 130.550073, 31.592084 ] } },
{ "type": "Feature", "properties": { "ID": 46555270, "正式名称": "かわかみ薬局", "機関区分": 5, "都道府県コード": 46, "市区町村コード": 201, "所在地": "鹿児島県鹿児島市川上町２５７１番地４", "緯度": 31.662846, "経度": 130.56973, "url": "https://www.iryou.teikyouseido.mhlw.go.jp/znk-web/juminkanja/S2430/initialize?prefCd=46&kikanCd=55270&kikanKbn=5", "url2": "https://kawakami-pharmacy.com/", "内容": "かわかみ薬局【5:薬局】鹿児島県鹿児島市川上町２５７１番地４" }, "geometry": { "type": "Point", "coordinates": [ 130.56973, 31.662846 ] } },
{ "type": "Feature", "properties": { "ID": 46555273, "正式名称": "こうえん薬局", "機関区分": 5, "都道府県コード": 46, "市区町村コード": 201, "所在地": "鹿児島県鹿児島市吉野１－９－２１", "緯度": 31.64712, "経度": 130.570075, "url": "https://www.iryou.teikyouseido.mhlw.go.jp/znk-web/juminkanja/S2430/initialize?prefCd=46&kikanCd=55273&kikanKbn=5", "url2": null, "内容": "こうえん薬局【5:薬局】鹿児島県鹿児島市吉野１－９－２１" }, "geometry": { "type": "Point", "coordinates": [ 130.570075, 31.64712 ] } },
{ "type": "Feature", "properties": { "ID": 46555274, "正式名称": "かみぞの薬局　　明和店", "機関区分": 5, "都道府県コード": 46, "市区町村コード": 201, "所在地": "鹿児島県鹿児島市明和１丁目２６番５号", "緯度": 31.602821, "経度": 130.521793, "url": "https://www.iryou.teikyouseido.mhlw.go.jp/znk-web/juminkanja/S2430/initialize?prefCd=46&kikanCd=55274&kikanKbn=5", "url2": "https://e-classa.net/kamizono/index.html", "内容": "かみぞの薬局　　明和店【5:薬局】鹿児島県鹿児島市明和１丁目２６番５号" }, "geometry": { "type": "Point", "coordinates": [ 130.521793, 31.602821 ] } },
{ "type": "Feature", "properties": { "ID": 46555275, "正式名称": "天保山調剤薬局", "機関区分": 5, "都道府県コード": 46, "市区町村コード": 201, "所在地": "鹿児島県鹿児島市天保山町２１番１６号", "緯度": 31.574027, "経度": 130.561759, "url": "https://www.iryou.teikyouseido.mhlw.go.jp/znk-web/juminkanja/S2430/initialize?prefCd=46&kikanCd=55275&kikanKbn=5", "url2": "http://www.e-classa.net/tenpozan/", "内容": "天保山調剤薬局【5:薬局】鹿児島県鹿児島市天保山町２１番１６号" }, "geometry": { "type": "Point", "coordinates": [ 130.561759, 31.574027 ] } },
{ "type": "Feature", "properties": { "ID": 46555277, "正式名称": "実方薬局", "機関区分": 5, "都道府県コード": 46, "市区町村コード": 201, "所在地": "鹿児島県鹿児島市坂元町", "緯度": 31.621853, "経度": 130.55287, "url": "https://www.iryou.teikyouseido.mhlw.go.jp/znk-web/juminkanja/S2430/initialize?prefCd=46&kikanCd=55277&kikanKbn=5", "url2": null, "内容": "実方薬局【5:薬局】鹿児島県鹿児島市坂元町" }, "geometry": { "type": "Point", "coordinates": [ 130.55287, 31.621853 ] } },
{ "type": "Feature", "properties": { "ID": 46555278, "正式名称": "あかね薬局", "機関区分": 5, "都道府県コード": 46, "市区町村コード": 201, "所在地": "鹿児島県鹿児島市紫原３丁目２１－１５", "緯度": 31.553758, "経度": 130.536219, "url": "https://www.iryou.teikyouseido.mhlw.go.jp/znk-web/juminkanja/S2430/initialize?prefCd=46&kikanCd=55278&kikanKbn=5", "url2": "http://www.medicalnet-g.com", "内容": "あかね薬局【5:薬局】鹿児島県鹿児島市紫原３丁目２１－１５" }, "geometry": { "type": "Point", "coordinates": [ 130.536219, 31.553758 ] } },
{ "type": "Feature", "properties": { "ID": 46555279, "正式名称": "すずらん調剤薬局", "機関区分": 5, "都道府県コード": 46, "市区町村コード": 201, "所在地": "鹿児島県鹿児島市下竜尾町６番２１号", "緯度": 31.603779, "経度": 130.557347, "url": "https://www.iryou.teikyouseido.mhlw.go.jp/znk-web/juminkanja/S2430/initialize?prefCd=46&kikanCd=55279&kikanKbn=5", "url2": null, "内容": "すずらん調剤薬局【5:薬局】鹿児島県鹿児島市下竜尾町６番２１号" }, "geometry": { "type": "Point", "coordinates": [ 130.557347, 31.603779 ] } },
{ "type": "Feature", "properties": { "ID": 46555280, "正式名称": "有限会社福元薬局", "機関区分": 5, "都道府県コード": 46, "市区町村コード": 201, "所在地": "鹿児島県鹿児島市紫原４丁目３３番１号", "緯度": 31.560099, "経度": 130.530514, "url": "https://www.iryou.teikyouseido.mhlw.go.jp/znk-web/juminkanja/S2430/initialize?prefCd=46&kikanCd=55280&kikanKbn=5", "url2": "http://fukumoto-pha.jp", "内容": "有限会社福元薬局【5:薬局】鹿児島県鹿児島市紫原４丁目３３番１号" }, "geometry": { "type": "Point", "coordinates": [ 130.530514, 31.560099 ] } },
{ "type": "Feature", "properties": { "ID": 46555281, "正式名称": "三愛調剤薬局　東谷山店", "機関区分": 5, "都道府県コード": 46, "市区町村コード": 201, "所在地": "鹿児島県鹿児島市清和４－１０－４５", "緯度": 31.532778, "経度": 130.514286, "url": "https://www.iryou.teikyouseido.mhlw.go.jp/znk-web/juminkanja/S2430/initialize?prefCd=46&kikanCd=55281&kikanKbn=5", "url2": null, "内容": "三愛調剤薬局　東谷山店【5:薬局】鹿児島県鹿児島市清和４－１０－４５" }, "geometry": { "type": "Point", "coordinates": [ 130.514286, 31.532778 ] } },
{ "type": "Feature", "properties": { "ID": 46555282, "正式名称": "朝日通り薬局", "機関区分": 5, "都道府県コード": 46, "市区町村コード": 201, "所在地": "鹿児島県鹿児島市山下町２番７号", "緯度": 31.594658, "経度": 130.556019, "url": "https://www.iryou.teikyouseido.mhlw.go.jp/znk-web/juminkanja/S2430/initialize?prefCd=46&kikanCd=55282&kikanKbn=5", "url2": null, "内容": "朝日通り薬局【5:薬局】鹿児島県鹿児島市山下町２番７号" }, "geometry": { "type": "Point", "coordinates": [ 130.556019, 31.594658 ] } },
{ "type": "Feature", "properties": { "ID": 46555283, "正式名称": "にかんばし通り薬局", "機関区分": 5, "都道府県コード": 46, "市区町村コード": 201, "所在地": "鹿児島県鹿児島市山之口町９番４３号", "緯度": 31.588221, "経度": 130.553191, "url": "https://www.iryou.teikyouseido.mhlw.go.jp/znk-web/juminkanja/S2430/initialize?prefCd=46&kikanCd=55283&kikanKbn=5", "url2": null, "内容": "にかんばし通り薬局【5:薬局】鹿児島県鹿児島市山之口町９番４３号" }, "geometry": { "type": "Point", "coordinates": [ 130.553191, 31.588221 ] } },
{ "type": "Feature", "properties": { "ID": 46555284, "正式名称": "ミナミ薬局　桜島店", "機関区分": 5, "都道府県コード": 46, "市区町村コード": 201, "所在地": "鹿児島県鹿児島市野尻町５９", "緯度": 31.567992, "経度": 130.615977, "url": "https://www.iryou.teikyouseido.mhlw.go.jp/znk-web/juminkanja/S2430/initialize?prefCd=46&kikanCd=55284&kikanKbn=5", "url2": null, "内容": "ミナミ薬局　桜島店【5:薬局】鹿児島県鹿児島市野尻町５９" }, "geometry": { "type": "Point", "coordinates": [ 130.615977, 31.567992 ] } },
{ "type": "Feature", "properties": { "ID": 46555288, "正式名称": "オレンジ調剤薬局", "機関区分": 5, "都道府県コード": 46, "市区町村コード": 201, "所在地": "鹿児島県鹿児島市真砂町７４番７号　丸進ビル１０２号", "緯度": 31.559931, "経度": 130.551103, "url": "https://www.iryou.teikyouseido.mhlw.go.jp/znk-web/juminkanja/S2430/initialize?prefCd=46&kikanCd=55288&kikanKbn=5", "url2": null, "内容": "オレンジ調剤薬局【5:薬局】鹿児島県鹿児島市真砂町７４番７号　丸進ビル１０２号" }, "geometry": { "type": "Point", "coordinates": [ 130.551103, 31.559931 ] } },
{ "type": "Feature", "properties": { "ID": 46555292, "正式名称": "かじや町さくら薬局", "機関区分": 5, "都道府県コード": 46, "市区町村コード": 201, "所在地": "鹿児島県鹿児島市加治屋町１３番３号", "緯度": 31.588054, "経度": 130.55024, "url": "https://www.iryou.teikyouseido.mhlw.go.jp/znk-web/juminkanja/S2430/initialize?prefCd=46&kikanCd=55292&kikanKbn=5", "url2": "http://jurin.ftw.jp/index.html", "内容": "かじや町さくら薬局【5:薬局】鹿児島県鹿児島市加治屋町１３番３号" }, "geometry": { "type": "Point", "coordinates": [ 130.55024, 31.588054 ] } },
{ "type": "Feature", "properties": { "ID": 46555295, "正式名称": "ヘルシー薬局坂之上店", "機関区分": 5, "都道府県コード": 46, "市区町村コード": 201, "所在地": "鹿児島県鹿児島市坂之上６丁目１１番１９号", "緯度": 31.492714, "経度": 130.504706, "url": "https://www.iryou.teikyouseido.mhlw.go.jp/znk-web/juminkanja/S2430/initialize?prefCd=46&kikanCd=55295&kikanKbn=5", "url2": "https://healthy-pharmacy.jp", "内容": "ヘルシー薬局坂之上店【5:薬局】鹿児島県鹿児島市坂之上６丁目１１番１９号" }, "geometry": { "type": "Point", "coordinates": [ 130.504706, 31.492714 ] } },
{ "type": "Feature", "properties": { "ID": 46555296, "正式名称": "有限会社勝恵会　第二平和調剤薬局", "機関区分": 5, "都道府県コード": 46, "市区町村コード": 201, "所在地": "鹿児島県鹿児島市鴨池一丁目１２番３２号", "緯度": 31.567781, "経度": 130.550728, "url": "https://www.iryou.teikyouseido.mhlw.go.jp/znk-web/juminkanja/S2430/initialize?prefCd=46&kikanCd=55296&kikanKbn=5", "url2": null, "内容": "有限会社勝恵会　第二平和調剤薬局【5:薬局】鹿児島県鹿児島市鴨池一丁目１２番３２号" }, "geometry": { "type": "Point", "coordinates": [ 130.550728, 31.567781 ] } },
{ "type": "Feature", "properties": { "ID": 46555297, "正式名称": "松本調剤薬局いづろ店", "機関区分": 5, "都道府県コード": 46, "市区町村コード": 201, "所在地": "鹿児島県鹿児島市泉町１２－５", "緯度": 31.592637, "経度": 130.559178, "url": "https://www.iryou.teikyouseido.mhlw.go.jp/znk-web/juminkanja/S2430/initialize?prefCd=46&kikanCd=55297&kikanKbn=5", "url2": null, "内容": "松本調剤薬局いづろ店【5:薬局】鹿児島県鹿児島市泉町１２－５" }, "geometry": { "type": "Point", "coordinates": [ 130.559178, 31.592637 ] } },
{ "type": "Feature", "properties": { "ID": 46555299, "正式名称": "荒田八幡薬局", "機関区分": 5, "都道府県コード": 46, "市区町村コード": 201, "所在地": "鹿児島県鹿児島市下荒田２丁目９番１６号", "緯度": 31.573471, "経度": 130.554789, "url": "https://www.iryou.teikyouseido.mhlw.go.jp/znk-web/juminkanja/S2430/initialize?prefCd=46&kikanCd=55299&kikanKbn=5", "url2": "https://arata-hachiman-yakkyoku.com/", "内容": "荒田八幡薬局【5:薬局】鹿児島県鹿児島市下荒田２丁目９番１６号" }, "geometry": { "type": "Point", "coordinates": [ 130.554789, 31.573471 ] } },
{ "type": "Feature", "properties": { "ID": 46555300, "正式名称": "タバタ薬局厚生市場店", "機関区分": 5, "都道府県コード": 46, "市区町村コード": 201, "所在地": "鹿児島県鹿児島市西千石町１３－１１", "緯度": 31.589945, "経度": 130.549626, "url": "https://www.iryou.teikyouseido.mhlw.go.jp/znk-web/juminkanja/S2430/initialize?prefCd=46&kikanCd=55300&kikanKbn=5", "url2": "http://tabata-pharmacy.com/", "内容": "タバタ薬局厚生市場店【5:薬局】鹿児島県鹿児島市西千石町１３－１１" }, "geometry": { "type": "Point", "coordinates": [ 130.549626, 31.589945 ] } },
{ "type": "Feature", "properties": { "ID": 46555302, "正式名称": "ひまわり薬局城西店", "機関区分": 5, "都道府県コード": 46, "市区町村コード": 201, "所在地": "鹿児島県鹿児島市原良１丁目７－１４", "緯度": 31.597825, "経度": 130.536338, "url": "https://www.iryou.teikyouseido.mhlw.go.jp/znk-web/juminkanja/S2430/initialize?prefCd=46&kikanCd=55302&kikanKbn=5", "url2": null, "内容": "ひまわり薬局城西店【5:薬局】鹿児島県鹿児島市原良１丁目７－１４" }, "geometry": { "type": "Point", "coordinates": [ 130.536338, 31.597825 ] } },
{ "type": "Feature", "properties": { "ID": 46555303, "正式名称": "清風薬局", "機関区分": 5, "都道府県コード": 46, "市区町村コード": 201, "所在地": "鹿児島県鹿児島市吉野１丁目５番１０号", "緯度": 31.647457, "経度": 130.568123, "url": "https://www.iryou.teikyouseido.mhlw.go.jp/znk-web/juminkanja/S2430/initialize?prefCd=46&kikanCd=55303&kikanKbn=5", "url2": "http://yuohyakuhin.jp/", "内容": "清風薬局【5:薬局】鹿児島県鹿児島市吉野１丁目５番１０号" }, "geometry": { "type": "Point", "coordinates": [ 130.568123, 31.647457 ] } },
{ "type": "Feature", "properties": { "ID": 46555304, "正式名称": "ねむの木薬局", "機関区分": 5, "都道府県コード": 46, "市区町村コード": 201, "所在地": "鹿児島県鹿児島市山下町９番２６号", "緯度": 31.595593, "経度": 130.556991, "url": "https://www.iryou.teikyouseido.mhlw.go.jp/znk-web/juminkanja/S2430/initialize?prefCd=46&kikanCd=55304&kikanKbn=5", "url2": null, "内容": "ねむの木薬局【5:薬局】鹿児島県鹿児島市山下町９番２６号" }, "geometry": { "type": "Point", "coordinates": [ 130.556991, 31.595593 ] } },
{ "type": "Feature", "properties": { "ID": 46555308, "正式名称": "さつき調剤薬局", "機関区分": 5, "都道府県コード": 46, "市区町村コード": 201, "所在地": "鹿児島県鹿児島市鷹師２丁目３－１９", "緯度": 31.59002, "経度": 130.542853, "url": "https://www.iryou.teikyouseido.mhlw.go.jp/znk-web/juminkanja/S2430/initialize?prefCd=46&kikanCd=55308&kikanKbn=5", "url2": null, "内容": "さつき調剤薬局【5:薬局】鹿児島県鹿児島市鷹師２丁目３－１９" }, "geometry": { "type": "Point", "coordinates": [ 130.542853, 31.59002 ] } },
{ "type": "Feature", "properties": { "ID": 46555309, "正式名称": "エンジェル薬局", "機関区分": 5, "都道府県コード": 46, "市区町村コード": 201, "所在地": "鹿児島県鹿児島市吉野町１４８６ー２", "緯度": 31.629278, "経度": 130.571637, "url": "https://www.iryou.teikyouseido.mhlw.go.jp/znk-web/juminkanja/S2430/initialize?prefCd=46&kikanCd=55309&kikanKbn=5", "url2": "angelwingyell.wixsite.com", "内容": "エンジェル薬局【5:薬局】鹿児島県鹿児島市吉野町１４８６ー２" }, "geometry": { "type": "Point", "coordinates": [ 130.571637, 31.629278 ] } },
{ "type": "Feature", "properties": { "ID": 46555310, "正式名称": "辻之堂薬局", "機関区分": 5, "都道府県コード": 46, "市区町村コード": 201, "所在地": "鹿児島県鹿児島市谷山中央７丁目２番２号", "緯度": 31.524523, "経度": 130.514402, "url": "https://www.iryou.teikyouseido.mhlw.go.jp/znk-web/juminkanja/S2430/initialize?prefCd=46&kikanCd=55310&kikanKbn=5", "url2": null, "内容": "辻之堂薬局【5:薬局】鹿児島県鹿児島市谷山中央７丁目２番２号" }, "geometry": { "type": "Point", "coordinates": [ 130.514402, 31.524523 ] } },
{ "type": "Feature", "properties": { "ID": 46555312, "正式名称": "健美堂薬局中山店", "機関区分": 5, "都道府県コード": 46, "市区町村コード": 201, "所在地": "鹿児島県鹿児島市中山町２１４０番地１", "緯度": 31.542807, "経度": 130.505301, "url": "https://www.iryou.teikyouseido.mhlw.go.jp/znk-web/juminkanja/S2430/initialize?prefCd=46&kikanCd=55312&kikanKbn=5", "url2": "https://kenbido-kagoshima.com/", "内容": "健美堂薬局中山店【5:薬局】鹿児島県鹿児島市中山町２１４０番地１" }, "geometry": { "type": "Point", "coordinates": [ 130.505301, 31.542807 ] } },
{ "type": "Feature", "properties": { "ID": 46555313, "正式名称": "かきぞの薬局　易居町店", "機関区分": 5, "都道府県コード": 46, "市区町村コード": 201, "所在地": "鹿児島県鹿児島市易居町６番１０号", "緯度": 31.596781, "経度": 130.559967, "url": "https://www.iryou.teikyouseido.mhlw.go.jp/znk-web/juminkanja/S2430/initialize?prefCd=46&kikanCd=55313&kikanKbn=5", "url2": null, "内容": "かきぞの薬局　易居町店【5:薬局】鹿児島県鹿児島市易居町６番１０号" }, "geometry": { "type": "Point", "coordinates": [ 130.559967, 31.596781 ] } },
{ "type": "Feature", "properties": { "ID": 46555316, "正式名称": "平和市民薬局", "機関区分": 5, "都道府県コード": 46, "市区町村コード": 201, "所在地": "鹿児島県鹿児島市下竜尾町１番１５号", "緯度": 31.602691, "経度": 130.559646, "url": "https://www.iryou.teikyouseido.mhlw.go.jp/znk-web/juminkanja/S2430/initialize?prefCd=46&kikanCd=55316&kikanKbn=5", "url2": null, "内容": "平和市民薬局【5:薬局】鹿児島県鹿児島市下竜尾町１番１５号" }, "geometry": { "type": "Point", "coordinates": [ 130.559646, 31.602691 ] } },
{ "type": "Feature", "properties": { "ID": 46555317, "正式名称": "有限会社　アルカス調剤薬局", "機関区分": 5, "都道府県コード": 46, "市区町村コード": 201, "所在地": "鹿児島県鹿児島市下荒田２－７－７", "緯度": 31.574641, "経度": 130.554015, "url": "https://www.iryou.teikyouseido.mhlw.go.jp/znk-web/juminkanja/S2430/initialize?prefCd=46&kikanCd=55317&kikanKbn=5", "url2": "https://arukasuchozai.com", "内容": "有限会社　アルカス調剤薬局【5:薬局】鹿児島県鹿児島市下荒田２－７－７" }, "geometry": { "type": "Point", "coordinates": [ 130.554015, 31.574641 ] } },
{ "type": "Feature", "properties": { "ID": 46555319, "正式名称": "セイコー薬局宇宿店", "機関区分": 5, "都道府県コード": 46, "市区町村コード": 201, "所在地": "鹿児島県鹿児島市宇宿１－３－１３", "緯度": 31.552211, "経度": 130.544042, "url": "https://www.iryou.teikyouseido.mhlw.go.jp/znk-web/juminkanja/S2430/initialize?prefCd=46&kikanCd=55319&kikanKbn=5", "url2": "http://www.seiko-pharmacy.com/", "内容": "セイコー薬局宇宿店【5:薬局】鹿児島県鹿児島市宇宿１－３－１３" }, "geometry": { "type": "Point", "coordinates": [ 130.544042, 31.552211 ] } },
{ "type": "Feature", "properties": { "ID": 46555323, "正式名称": "こぐま薬局", "機関区分": 5, "都道府県コード": 46, "市区町村コード": 201, "所在地": "鹿児島県鹿児島市和田一丁目１８－２３－１０２号", "緯度": 31.511431, "経度": 130.512745, "url": "https://www.iryou.teikyouseido.mhlw.go.jp/znk-web/juminkanja/S2430/initialize?prefCd=46&kikanCd=55323&kikanKbn=5", "url2": null, "内容": "こぐま薬局【5:薬局】鹿児島県鹿児島市和田一丁目１８－２３－１０２号" }, "geometry": { "type": "Point", "coordinates": [ 130.512745, 31.511431 ] } },
{ "type": "Feature", "properties": { "ID": 46555325, "正式名称": "しあわせ調剤薬局", "機関区分": 5, "都道府県コード": 46, "市区町村コード": 201, "所在地": "鹿児島県鹿児島市西伊敷３－１８－６", "緯度": 31.641702, "経度": 130.530248, "url": "https://www.iryou.teikyouseido.mhlw.go.jp/znk-web/juminkanja/S2430/initialize?prefCd=46&kikanCd=55325&kikanKbn=5", "url2": "www.shiawasepharmacy.com", "内容": "しあわせ調剤薬局【5:薬局】鹿児島県鹿児島市西伊敷３－１８－６" }, "geometry": { "type": "Point", "coordinates": [ 130.530248, 31.641702 ] } },
{ "type": "Feature", "properties": { "ID": 46555326, "正式名称": "リオ薬局", "機関区分": 5, "都道府県コード": 46, "市区町村コード": 201, "所在地": "鹿児島県鹿児島市吉野町１７７４番地", "緯度": 31.632719, "経度": 130.570535, "url": "https://www.iryou.teikyouseido.mhlw.go.jp/znk-web/juminkanja/S2430/initialize?prefCd=46&kikanCd=55326&kikanKbn=5", "url2": null, "内容": "リオ薬局【5:薬局】鹿児島県鹿児島市吉野町１７７４番地" }, "geometry": { "type": "Point", "coordinates": [ 130.570535, 31.632719 ] } },
{ "type": "Feature", "properties": { "ID": 46555327, "正式名称": "ゆうゆう薬局　紫原店", "機関区分": 5, "都道府県コード": 46, "市区町村コード": 201, "所在地": "鹿児島県鹿児島市紫原２丁目１３番８号", "緯度": 31.561785, "経度": 130.53531, "url": "https://www.iryou.teikyouseido.mhlw.go.jp/znk-web/juminkanja/S2430/initialize?prefCd=46&kikanCd=55327&kikanKbn=5", "url2": "http://www.pharmacom.jp", "内容": "ゆうゆう薬局　紫原店【5:薬局】鹿児島県鹿児島市紫原２丁目１３番８号" }, "geometry": { "type": "Point", "coordinates": [ 130.53531, 31.561785 ] } },
{ "type": "Feature", "properties": { "ID": 46555331, "正式名称": "星ヶ峯調剤薬局", "機関区分": 5, "都道府県コード": 46, "市区町村コード": 201, "所在地": "鹿児島県鹿児島市星ケ峯４丁目２番１１", "緯度": 31.576809, "経度": 130.493633, "url": "https://www.iryou.teikyouseido.mhlw.go.jp/znk-web/juminkanja/S2430/initialize?prefCd=46&kikanCd=55331&kikanKbn=5", "url2": null, "内容": "星ヶ峯調剤薬局【5:薬局】鹿児島県鹿児島市星ケ峯４丁目２番１１" }, "geometry": { "type": "Point", "coordinates": [ 130.493633, 31.576809 ] } },
{ "type": "Feature", "properties": { "ID": 46555334, "正式名称": "にしぞの薬局", "機関区分": 5, "都道府県コード": 46, "市区町村コード": 201, "所在地": "鹿児島県鹿児島市紫原７丁目１４－１", "緯度": 31.565876, "経度": 130.525108, "url": "https://www.iryou.teikyouseido.mhlw.go.jp/znk-web/juminkanja/S2430/initialize?prefCd=46&kikanCd=55334&kikanKbn=5", "url2": "http://sakurahos.co.jp/", "内容": "にしぞの薬局【5:薬局】鹿児島県鹿児島市紫原７丁目１４－１" }, "geometry": { "type": "Point", "coordinates": [ 130.525108, 31.565876 ] } },
{ "type": "Feature", "properties": { "ID": 46555336, "正式名称": "とまと薬局　長田店", "機関区分": 5, "都道府県コード": 46, "市区町村コード": 201, "所在地": "鹿児島県鹿児島市長田町１６番７", "緯度": 31.604195, "経度": 130.556372, "url": "https://www.iryou.teikyouseido.mhlw.go.jp/znk-web/juminkanja/S2430/initialize?prefCd=46&kikanCd=55336&kikanKbn=5", "url2": "https://tomato-p.com", "内容": "とまと薬局　長田店【5:薬局】鹿児島県鹿児島市長田町１６番７" }, "geometry": { "type": "Point", "coordinates": [ 130.556372, 31.604195 ] } },
{ "type": "Feature", "properties": { "ID": 46555337, "正式名称": "オレンジ薬局", "機関区分": 5, "都道府県コード": 46, "市区町村コード": 201, "所在地": "鹿児島県鹿児島市武二丁目３４－２", "緯度": 31.584332, "経度": 130.536417, "url": "https://www.iryou.teikyouseido.mhlw.go.jp/znk-web/juminkanja/S2430/initialize?prefCd=46&kikanCd=55337&kikanKbn=5", "url2": "https://www.qol-net.co.jp/", "内容": "オレンジ薬局【5:薬局】鹿児島県鹿児島市武二丁目３４－２" }, "geometry": { "type": "Point", "coordinates": [ 130.536417, 31.584332 ] } },
{ "type": "Feature", "properties": { "ID": 46555341, "正式名称": "ローズ薬局", "機関区分": 5, "都道府県コード": 46, "市区町村コード": 201, "所在地": "鹿児島県鹿児島市真砂町２－１９", "緯度": 31.560349, "経度": 130.550241, "url": "https://www.iryou.teikyouseido.mhlw.go.jp/znk-web/juminkanja/S2430/initialize?prefCd=46&kikanCd=55341&kikanKbn=5", "url2": "http://web-flower.co.jp/rose", "内容": "ローズ薬局【5:薬局】鹿児島県鹿児島市真砂町２－１９" }, "geometry": { "type": "Point", "coordinates": [ 130.550241, 31.560349 ] } },
{ "type": "Feature", "properties": { "ID": 46555342, "正式名称": "友愛調剤薬局", "機関区分": 5, "都道府県コード": 46, "市区町村コード": 201, "所在地": "鹿児島県鹿児島市玉里団地３丁目２６ー１１", "緯度": 31.618708, "経度": 130.551501, "url": "https://www.iryou.teikyouseido.mhlw.go.jp/znk-web/juminkanja/S2430/initialize?prefCd=46&kikanCd=55342&kikanKbn=5", "url2": null, "内容": "友愛調剤薬局【5:薬局】鹿児島県鹿児島市玉里団地３丁目２６ー１１" }, "geometry": { "type": "Point", "coordinates": [ 130.551501, 31.618708 ] } },
{ "type": "Feature", "properties": { "ID": 46555345, "正式名称": "呉服町薬局", "機関区分": 5, "都道府県コード": 46, "市区町村コード": 201, "所在地": "鹿児島県鹿児島市呉服町５番７号　長谷川ビル１階", "緯度": 31.590263, "経度": 130.55751, "url": "https://www.iryou.teikyouseido.mhlw.go.jp/znk-web/juminkanja/S2430/initialize?prefCd=46&kikanCd=55345&kikanKbn=5", "url2": null, "内容": "呉服町薬局【5:薬局】鹿児島県鹿児島市呉服町５番７号　長谷川ビル１階" }, "geometry": { "type": "Point", "coordinates": [ 130.55751, 31.590263 ] } },
{ "type": "Feature", "properties": { "ID": 46555346, "正式名称": "もりやま橋薬局", "機関区分": 5, "都道府県コード": 46, "市区町村コード": 201, "所在地": "鹿児島県鹿児島市宇宿８丁目１７番２号", "緯度": 31.558394, "経度": 130.523156, "url": "https://www.iryou.teikyouseido.mhlw.go.jp/znk-web/juminkanja/S2430/initialize?prefCd=46&kikanCd=55346&kikanKbn=5", "url2": null, "内容": "もりやま橋薬局【5:薬局】鹿児島県鹿児島市宇宿８丁目１７番２号" }, "geometry": { "type": "Point", "coordinates": [ 130.523156, 31.558394 ] } },
{ "type": "Feature", "properties": { "ID": 46555347, "正式名称": "あさひ薬局　田上店", "機関区分": 5, "都道府県コード": 46, "市区町村コード": 201, "所在地": "鹿児島県鹿児島市田上２丁目１６－１７", "緯度": 31.574528, "経度": 130.533159, "url": "https://www.iryou.teikyouseido.mhlw.go.jp/znk-web/juminkanja/S2430/initialize?prefCd=46&kikanCd=55347&kikanKbn=5", "url2": null, "内容": "あさひ薬局　田上店【5:薬局】鹿児島県鹿児島市田上２丁目１６－１７" }, "geometry": { "type": "Point", "coordinates": [ 130.533159, 31.574528 ] } },
{ "type": "Feature", "properties": { "ID": 46555349, "正式名称": "ぴかり薬局", "機関区分": 5, "都道府県コード": 46, "市区町村コード": 201, "所在地": "鹿児島県鹿児島市西田２丁目１５番２３", "緯度": 31.588056, "経度": 130.539933, "url": "https://www.iryou.teikyouseido.mhlw.go.jp/znk-web/juminkanja/S2430/initialize?prefCd=46&kikanCd=55349&kikanKbn=5", "url2": null, "内容": "ぴかり薬局【5:薬局】鹿児島県鹿児島市西田２丁目１５番２３" }, "geometry": { "type": "Point", "coordinates": [ 130.539933, 31.588056 ] } },
{ "type": "Feature", "properties": { "ID": 46555352, "正式名称": "マリンバ調剤薬局", "機関区分": 5, "都道府県コード": 46, "市区町村コード": 201, "所在地": "鹿児島県鹿児島市東千石町２番１４号　プレール東千石１０１号", "緯度": 31.590375, "経度": 130.552623, "url": "https://www.iryou.teikyouseido.mhlw.go.jp/znk-web/juminkanja/S2430/initialize?prefCd=46&kikanCd=55352&kikanKbn=5", "url2": "https://www.satispharma.com", "内容": "マリンバ調剤薬局【5:薬局】鹿児島県鹿児島市東千石町２番１４号　プレール東千石１０１号" }, "geometry": { "type": "Point", "coordinates": [ 130.552623, 31.590375 ] } },
{ "type": "Feature", "properties": { "ID": 46555356, "正式名称": "武岡調剤薬局", "機関区分": 5, "都道府県コード": 46, "市区町村コード": 201, "所在地": "鹿児島県鹿児島市武岡二丁目２８番地２", "緯度": 31.592083, "経度": 130.515317, "url": "https://www.iryou.teikyouseido.mhlw.go.jp/znk-web/juminkanja/S2430/initialize?prefCd=46&kikanCd=55356&kikanKbn=5", "url2": null, "内容": "武岡調剤薬局【5:薬局】鹿児島県鹿児島市武岡二丁目２８番地２" }, "geometry": { "type": "Point", "coordinates": [ 130.515317, 31.592083 ] } },
{ "type": "Feature", "properties": { "ID": 46555357, "正式名称": "八善調剤薬局", "機関区分": 5, "都道府県コード": 46, "市区町村コード": 201, "所在地": "鹿児島県鹿児島市東千石町１３ー８ー２Ｆ", "緯度": 31.592163, "経度": 130.55249, "url": "https://www.iryou.teikyouseido.mhlw.go.jp/znk-web/juminkanja/S2430/initialize?prefCd=46&kikanCd=55357&kikanKbn=5", "url2": null, "内容": "八善調剤薬局【5:薬局】鹿児島県鹿児島市東千石町１３ー８ー２Ｆ" }, "geometry": { "type": "Point", "coordinates": [ 130.55249, 31.592163 ] } },
{ "type": "Feature", "properties": { "ID": 46555359, "正式名称": "みずほ通り・さくら薬局", "機関区分": 5, "都道府県コード": 46, "市区町村コード": 201, "所在地": "鹿児島県鹿児島市上荒田町２５－１２", "緯度": 31.575631, "経度": 130.542742, "url": "https://www.iryou.teikyouseido.mhlw.go.jp/znk-web/juminkanja/S2430/initialize?prefCd=46&kikanCd=55359&kikanKbn=5", "url2": "http://mizuhosakura3971.wix.com/sakura", "内容": "みずほ通り・さくら薬局【5:薬局】鹿児島県鹿児島市上荒田町２５－１２" }, "geometry": { "type": "Point", "coordinates": [ 130.542742, 31.575631 ] } },
{ "type": "Feature", "properties": { "ID": 46555363, "正式名称": "きんせい薬局", "機関区分": 5, "都道府県コード": 46, "市区町村コード": 201, "所在地": "鹿児島県鹿児島市東千石町３番１０号", "緯度": 31.590993, "経度": 130.551725, "url": "https://www.iryou.teikyouseido.mhlw.go.jp/znk-web/juminkanja/S2430/initialize?prefCd=46&kikanCd=55363&kikanKbn=5", "url2": null, "内容": "きんせい薬局【5:薬局】鹿児島県鹿児島市東千石町３番１０号" }, "geometry": { "type": "Point", "coordinates": [ 130.551725, 31.590993 ] } },
{ "type": "Feature", "properties": { "ID": 46555364, "正式名称": "かきぞの薬局　吉野店", "機関区分": 5, "都道府県コード": 46, "市区町村コード": 201, "所在地": "鹿児島県鹿児島市吉野町７１９―１４", "緯度": 31.636903, "経度": 130.55985, "url": "https://www.iryou.teikyouseido.mhlw.go.jp/znk-web/juminkanja/S2430/initialize?prefCd=46&kikanCd=55364&kikanKbn=5", "url2": null, "内容": "かきぞの薬局　吉野店【5:薬局】鹿児島県鹿児島市吉野町７１９―１４" }, "geometry": { "type": "Point", "coordinates": [ 130.55985, 31.636903 ] } },
{ "type": "Feature", "properties": { "ID": 46555365, "正式名称": "よしの薬局", "機関区分": 5, "都道府県コード": 46, "市区町村コード": 201, "所在地": "鹿児島県鹿児島市吉野町５３７４－５", "緯度": 31.646034, "経度": 130.578494, "url": "https://www.iryou.teikyouseido.mhlw.go.jp/znk-web/juminkanja/S2430/initialize?prefCd=46&kikanCd=55365&kikanKbn=5", "url2": null, "内容": "よしの薬局【5:薬局】鹿児島県鹿児島市吉野町５３７４－５" }, "geometry": { "type": "Point", "coordinates": [ 130.578494, 31.646034 ] } },
{ "type": "Feature", "properties": { "ID": 46555367, "正式名称": "たいよう薬局", "機関区分": 5, "都道府県コード": 46, "市区町村コード": 201, "所在地": "鹿児島県鹿児島市坂之上４丁目５番５号", "緯度": 31.501236, "経度": 130.504867, "url": "https://www.iryou.teikyouseido.mhlw.go.jp/znk-web/juminkanja/S2430/initialize?prefCd=46&kikanCd=55367&kikanKbn=5", "url2": "http://fukumotopha.jp", "内容": "たいよう薬局【5:薬局】鹿児島県鹿児島市坂之上４丁目５番５号" }, "geometry": { "type": "Point", "coordinates": [ 130.504867, 31.501236 ] } },
{ "type": "Feature", "properties": { "ID": 46555369, "正式名称": "ドゥ・ラポール薬局", "機関区分": 5, "都道府県コード": 46, "市区町村コード": 201, "所在地": "鹿児島県鹿児島市山之口町１番７号　南海貿易センタービル　１Ｆ", "緯度": 31.588802, "経度": 130.55179, "url": "https://www.iryou.teikyouseido.mhlw.go.jp/znk-web/juminkanja/S2430/initialize?prefCd=46&kikanCd=55369&kikanKbn=5", "url2": "https://www.futaya.co.jp/shop/deuxrapport_ph", "内容": "ドゥ・ラポール薬局【5:薬局】鹿児島県鹿児島市山之口町１番７号　南海貿易センタービル　１Ｆ" }, "geometry": { "type": "Point", "coordinates": [ 130.55179, 31.588802 ] } },
{ "type": "Feature", "properties": { "ID": 46555370, "正式名称": "西陵薬局", "機関区分": 5, "都道府県コード": 46, "市区町村コード": 201, "所在地": "鹿児島県鹿児島市西陵２丁目１－２０", "緯度": 31.579497, "経度": 130.508153, "url": "https://www.iryou.teikyouseido.mhlw.go.jp/znk-web/juminkanja/S2430/initialize?prefCd=46&kikanCd=55370&kikanKbn=5", "url2": null, "内容": "西陵薬局【5:薬局】鹿児島県鹿児島市西陵２丁目１－２０" }, "geometry": { "type": "Point", "coordinates": [ 130.508153, 31.579497 ] } },
{ "type": "Feature", "properties": { "ID": 46555371, "正式名称": "れいめい薬局　中央店", "機関区分": 5, "都道府県コード": 46, "市区町村コード": 201, "所在地": "鹿児島県鹿児島市中央町６ー８メディカルプラザ中央１階", "緯度": 31.585625, "経度": 130.545606, "url": "https://www.iryou.teikyouseido.mhlw.go.jp/znk-web/juminkanja/S2430/initialize?prefCd=46&kikanCd=55371&kikanKbn=5", "url2": "https://www.reimei-medical.com", "内容": "れいめい薬局　中央店【5:薬局】鹿児島県鹿児島市中央町６ー８メディカルプラザ中央１階" }, "geometry": { "type": "Point", "coordinates": [ 130.545606, 31.585625 ] } },
{ "type": "Feature", "properties": { "ID": 46555374, "正式名称": "たいよう薬局上塩屋", "機関区分": 5, "都道府県コード": 46, "市区町村コード": 201, "所在地": "鹿児島県鹿児島市東谷山一丁目５８番１１号", "緯度": 31.534331, "経度": 130.527964, "url": "https://www.iryou.teikyouseido.mhlw.go.jp/znk-web/juminkanja/S2430/initialize?prefCd=46&kikanCd=55374&kikanKbn=5", "url2": "http://www.fukumoto-pha.jp/", "内容": "たいよう薬局上塩屋【5:薬局】鹿児島県鹿児島市東谷山一丁目５８番１１号" }, "geometry": { "type": "Point", "coordinates": [ 130.527964, 31.534331 ] } },
{ "type": "Feature", "properties": { "ID": 46555377, "正式名称": "いるか薬局", "機関区分": 5, "都道府県コード": 46, "市区町村コード": 201, "所在地": "鹿児島県鹿児島市吉野町５１３４－１", "緯度": 31.647073, "経度": 130.581917, "url": "https://www.iryou.teikyouseido.mhlw.go.jp/znk-web/juminkanja/S2430/initialize?prefCd=46&kikanCd=55377&kikanKbn=5", "url2": null, "内容": "いるか薬局【5:薬局】鹿児島県鹿児島市吉野町５１３４－１" }, "geometry": { "type": "Point", "coordinates": [ 130.581917, 31.647073 ] } },
{ "type": "Feature", "properties": { "ID": 46555378, "正式名称": "白男川薬局　中央駅店", "機関区分": 5, "都道府県コード": 46, "市区町村コード": 201, "所在地": "鹿児島県鹿児島市西田２丁目２８番１０号　１階", "緯度": 31.585565, "経度": 130.54165, "url": "https://www.iryou.teikyouseido.mhlw.go.jp/znk-web/juminkanja/S2430/initialize?prefCd=46&kikanCd=55378&kikanKbn=5", "url2": "http://www.shiraogawa.co.jp/", "内容": "白男川薬局　中央駅店【5:薬局】鹿児島県鹿児島市西田２丁目２８番１０号　１階" }, "geometry": { "type": "Point", "coordinates": [ 130.54165, 31.585565 ] } },
{ "type": "Feature", "properties": { "ID": 46555379, "正式名称": "とまと薬局　小川店", "機関区分": 5, "都道府県コード": 46, "市区町村コード": 201, "所在地": "鹿児島県鹿児島市小川町２２番６号", "緯度": 31.599879, "経度": 130.561779, "url": "https://www.iryou.teikyouseido.mhlw.go.jp/znk-web/juminkanja/S2430/initialize?prefCd=46&kikanCd=55379&kikanKbn=5", "url2": "https://tomato-p.com/", "内容": "とまと薬局　小川店【5:薬局】鹿児島県鹿児島市小川町２２番６号" }, "geometry": { "type": "Point", "coordinates": [ 130.561779, 31.599879 ] } },
{ "type": "Feature", "properties": { "ID": 46555380, "正式名称": "カゴシマ薬局　玉江店", "機関区分": 5, "都道府県コード": 46, "市区町村コード": 201, "所在地": "鹿児島県鹿児島市下伊敷１丁目５‐１０　片岡ビル１Ｆ", "緯度": 31.610737, "経度": 130.533805, "url": "https://www.iryou.teikyouseido.mhlw.go.jp/znk-web/juminkanja/S2430/initialize?prefCd=46&kikanCd=55380&kikanKbn=5", "url2": null, "内容": "カゴシマ薬局　玉江店【5:薬局】鹿児島県鹿児島市下伊敷１丁目５‐１０　片岡ビル１Ｆ" }, "geometry": { "type": "Point", "coordinates": [ 130.533805, 31.610737 ] } },
{ "type": "Feature", "properties": { "ID": 46555381, "正式名称": "マリンバ調剤薬局　武店", "機関区分": 5, "都道府県コード": 46, "市区町村コード": 201, "所在地": "鹿児島県鹿児島市武一丁目２７番２号　白川マンション１Ｆ", "緯度": 31.579805, "経度": 130.539119, "url": "https://www.iryou.teikyouseido.mhlw.go.jp/znk-web/juminkanja/S2430/initialize?prefCd=46&kikanCd=55381&kikanKbn=5", "url2": "https://www.satispharma.com", "内容": "マリンバ調剤薬局　武店【5:薬局】鹿児島県鹿児島市武一丁目２７番２号　白川マンション１Ｆ" }, "geometry": { "type": "Point", "coordinates": [ 130.539119, 31.579805 ] } },
{ "type": "Feature", "properties": { "ID": 46555382, "正式名称": "南日本薬剤センター薬局　吉野店", "機関区分": 5, "都道府県コード": 46, "市区町村コード": 201, "所在地": "鹿児島県鹿児島市吉野町２３８１－４", "緯度": 31.643307, "経度": 130.570254, "url": "https://www.iryou.teikyouseido.mhlw.go.jp/znk-web/juminkanja/S2430/initialize?prefCd=46&kikanCd=55382&kikanKbn=5", "url2": "http://www.373pc.co.jp", "内容": "南日本薬剤センター薬局　吉野店【5:薬局】鹿児島県鹿児島市吉野町２３８１－４" }, "geometry": { "type": "Point", "coordinates": [ 130.570254, 31.643307 ] } },
{ "type": "Feature", "properties": { "ID": 46555386, "正式名称": "なでしこ薬局", "機関区分": 5, "都道府県コード": 46, "市区町村コード": 201, "所在地": "鹿児島県鹿児島市宇宿３丁目５４－１２", "緯度": 31.539886, "経度": 130.535623, "url": "https://www.iryou.teikyouseido.mhlw.go.jp/znk-web/juminkanja/S2430/initialize?prefCd=46&kikanCd=55386&kikanKbn=5", "url2": "https://nadeshiko.crayonsite.net/", "内容": "なでしこ薬局【5:薬局】鹿児島県鹿児島市宇宿３丁目５４－１２" }, "geometry": { "type": "Point", "coordinates": [ 130.535623, 31.539886 ] } },
{ "type": "Feature", "properties": { "ID": 46555387, "正式名称": "いきいき薬局", "機関区分": 5, "都道府県コード": 46, "市区町村コード": 201, "所在地": "鹿児島県鹿児島市谷山中央１丁目５９番４０号　マンションインペリアル１０２", "緯度": 31.523239, "経度": 130.516644, "url": "https://www.iryou.teikyouseido.mhlw.go.jp/znk-web/juminkanja/S2430/initialize?prefCd=46&kikanCd=55387&kikanKbn=5", "url2": null, "内容": "いきいき薬局【5:薬局】鹿児島県鹿児島市谷山中央１丁目５９番４０号　マンションインペリアル１０２" }, "geometry": { "type": "Point", "coordinates": [ 130.516644, 31.523239 ] } },
{ "type": "Feature", "properties": { "ID": 46555388, "正式名称": "シルキー薬局", "機関区分": 5, "都道府県コード": 46, "市区町村コード": 201, "所在地": "鹿児島県鹿児島市荒田２丁目４３番８号　ＭＣ　ＤＥＳＩＧＮ　ＢＬＤＧ１００号室", "緯度": 31.570577, "経度": 130.551314, "url": "https://www.iryou.teikyouseido.mhlw.go.jp/znk-web/juminkanja/S2430/initialize?prefCd=46&kikanCd=55388&kikanKbn=5", "url2": "silky-pha.com", "内容": "シルキー薬局【5:薬局】鹿児島県鹿児島市荒田２丁目４３番８号　ＭＣ　ＤＥＳＩＧＮ　ＢＬＤＧ１００号室" }, "geometry": { "type": "Point", "coordinates": [ 130.551314, 31.570577 ] } },
{ "type": "Feature", "properties": { "ID": 46555391, "正式名称": "わかば薬局　喜入店", "機関区分": 5, "都道府県コード": 46, "市区町村コード": 201, "所在地": "鹿児島県鹿児島市喜入町６９７３－１", "緯度": 31.373475, "経度": 130.540628, "url": "https://www.iryou.teikyouseido.mhlw.go.jp/znk-web/juminkanja/S2430/initialize?prefCd=46&kikanCd=55391&kikanKbn=5", "url2": "https://wakaba-kiire.jp/", "内容": "わかば薬局　喜入店【5:薬局】鹿児島県鹿児島市喜入町６９７３－１" }, "geometry": { "type": "Point", "coordinates": [ 130.540628, 31.373475 ] } },
{ "type": "Feature", "properties": { "ID": 46555395, "正式名称": "若葉薬局", "機関区分": 5, "都道府県コード": 46, "市区町村コード": 201, "所在地": "鹿児島県鹿児島市上之園町３４ー２０－１０２", "緯度": 31.578724, "経度": 130.543608, "url": "https://www.iryou.teikyouseido.mhlw.go.jp/znk-web/juminkanja/S2430/initialize?prefCd=46&kikanCd=55395&kikanKbn=5", "url2": "https://wakaba19.wixsite.com/wakaba-pharmacy", "内容": "若葉薬局【5:薬局】鹿児島県鹿児島市上之園町３４ー２０－１０２" }, "geometry": { "type": "Point", "coordinates": [ 130.543608, 31.578724 ] } },
{ "type": "Feature", "properties": { "ID": 46555396, "正式名称": "荒田つばめ薬局", "機関区分": 5, "都道府県コード": 46, "市区町村コード": 201, "所在地": "鹿児島県鹿児島市上荒田町８番１１号", "緯度": 31.577403, "経度": 130.546388, "url": "https://www.iryou.teikyouseido.mhlw.go.jp/znk-web/juminkanja/S2430/initialize?prefCd=46&kikanCd=55396&kikanKbn=5", "url2": "https://nangokutk-ph.jp/", "内容": "荒田つばめ薬局【5:薬局】鹿児島県鹿児島市上荒田町８番１１号" }, "geometry": { "type": "Point", "coordinates": [ 130.546388, 31.577403 ] } },
{ "type": "Feature", "properties": { "ID": 46555398, "正式名称": "なのはな薬局", "機関区分": 5, "都道府県コード": 46, "市区町村コード": 201, "所在地": "鹿児島県鹿児島市鴨池２ー８ー３", "緯度": 31.567018, "経度": 130.552943, "url": "https://www.iryou.teikyouseido.mhlw.go.jp/znk-web/juminkanja/S2430/initialize?prefCd=46&kikanCd=55398&kikanKbn=5", "url2": null, "内容": "なのはな薬局【5:薬局】鹿児島県鹿児島市鴨池２ー８ー３" }, "geometry": { "type": "Point", "coordinates": [ 130.552943, 31.567018 ] } },
{ "type": "Feature", "properties": { "ID": 46555399, "正式名称": "あい薬局", "機関区分": 5, "都道府県コード": 46, "市区町村コード": 201, "所在地": "鹿児島県鹿児島市東谷山", "緯度": 31.531893, "経度": 130.52278, "url": "https://www.iryou.teikyouseido.mhlw.go.jp/znk-web/juminkanja/S2430/initialize?prefCd=46&kikanCd=55399&kikanKbn=5", "url2": null, "内容": "あい薬局【5:薬局】鹿児島県鹿児島市東谷山" }, "geometry": { "type": "Point", "coordinates": [ 130.52278, 31.531893 ] } },
{ "type": "Feature", "properties": { "ID": 46555400, "正式名称": "みやこ調剤薬局", "機関区分": 5, "都道府県コード": 46, "市区町村コード": 201, "所在地": "鹿児島県鹿児島市吉野３丁目２番１号", "緯度": 31.654176, "経度": 130.568648, "url": "https://www.iryou.teikyouseido.mhlw.go.jp/znk-web/juminkanja/S2430/initialize?prefCd=46&kikanCd=55400&kikanKbn=5", "url2": null, "内容": "みやこ調剤薬局【5:薬局】鹿児島県鹿児島市吉野３丁目２番１号" }, "geometry": { "type": "Point", "coordinates": [ 130.568648, 31.654176 ] } },
{ "type": "Feature", "properties": { "ID": 46555401, "正式名称": "ゆうゆう薬局　玉里団地店", "機関区分": 5, "都道府県コード": 46, "市区町村コード": 201, "所在地": "鹿児島県鹿児島市玉里団地二丁目４番９号", "緯度": 31.617955, "経度": 130.546428, "url": "https://www.iryou.teikyouseido.mhlw.go.jp/znk-web/juminkanja/S2430/initialize?prefCd=46&kikanCd=55401&kikanKbn=5", "url2": "http://www.pharmacom.jp", "内容": "ゆうゆう薬局　玉里団地店【5:薬局】鹿児島県鹿児島市玉里団地二丁目４番９号" }, "geometry": { "type": "Point", "coordinates": [ 130.546428, 31.617955 ] } },
{ "type": "Feature", "properties": { "ID": 46555404, "正式名称": "西田調剤薬局", "機関区分": 5, "都道府県コード": 46, "市区町村コード": 201, "所在地": "鹿児島県鹿児島市西田一丁目１７番地２", "緯度": 31.588674, "経度": 130.543138, "url": "https://www.iryou.teikyouseido.mhlw.go.jp/znk-web/juminkanja/S2430/initialize?prefCd=46&kikanCd=55404&kikanKbn=5", "url2": null, "内容": "西田調剤薬局【5:薬局】鹿児島県鹿児島市西田一丁目１７番地２" }, "geometry": { "type": "Point", "coordinates": [ 130.543138, 31.588674 ] } },
{ "type": "Feature", "properties": { "ID": 46555407, "正式名称": "マゼンタ薬局", "機関区分": 5, "都道府県コード": 46, "市区町村コード": 201, "所在地": "鹿児島県鹿児島市山下町９番１号チャイムズビル４Ｆ", "緯度": 31.595087, "経度": 130.556943, "url": "https://www.iryou.teikyouseido.mhlw.go.jp/znk-web/juminkanja/S2430/initialize?prefCd=46&kikanCd=55407&kikanKbn=5", "url2": "https://magenta-kagoshima.com", "内容": "マゼンタ薬局【5:薬局】鹿児島県鹿児島市山下町９番１号チャイムズビル４Ｆ" }, "geometry": { "type": "Point", "coordinates": [ 130.556943, 31.595087 ] } },
{ "type": "Feature", "properties": { "ID": 46555408, "正式名称": "薬局　ジャックのおくすりやさん", "機関区分": 5, "都道府県コード": 46, "市区町村コード": 201, "所在地": "鹿児島県鹿児島市中山町２１７６番地２", "緯度": 31.541972, "経度": 130.506026, "url": "https://www.iryou.teikyouseido.mhlw.go.jp/znk-web/juminkanja/S2430/initialize?prefCd=46&kikanCd=55408&kikanKbn=5", "url2": "https://www.satispharma.com", "内容": "薬局　ジャックのおくすりやさん【5:薬局】鹿児島県鹿児島市中山町２１７６番地２" }, "geometry": { "type": "Point", "coordinates": [ 130.506026, 31.541972 ] } },
{ "type": "Feature", "properties": { "ID": 46555409, "正式名称": "上之園薬局", "機関区分": 5, "都道府県コード": 46, "市区町村コード": 201, "所在地": "鹿児島県鹿児島市上之園町１７番２号", "緯度": 31.580861, "経度": 130.547461, "url": "https://www.iryou.teikyouseido.mhlw.go.jp/znk-web/juminkanja/S2430/initialize?prefCd=46&kikanCd=55409&kikanKbn=5", "url2": "https://www.kenko.company", "内容": "上之園薬局【5:薬局】鹿児島県鹿児島市上之園町１７番２号" }, "geometry": { "type": "Point", "coordinates": [ 130.547461, 31.580861 ] } },
{ "type": "Feature", "properties": { "ID": 46555412, "正式名称": "マハロ薬局", "機関区分": 5, "都道府県コード": 46, "市区町村コード": 201, "所在地": "鹿児島県鹿児島市中央町４－３４－５０１号", "緯度": 31.585812, "経度": 130.54472, "url": "https://www.iryou.teikyouseido.mhlw.go.jp/znk-web/juminkanja/S2430/initialize?prefCd=46&kikanCd=55412&kikanKbn=5", "url2": null, "内容": "マハロ薬局【5:薬局】鹿児島県鹿児島市中央町４－３４－５０１号" }, "geometry": { "type": "Point", "coordinates": [ 130.54472, 31.585812 ] } },
{ "type": "Feature", "properties": { "ID": 46555413, "正式名称": "ナポリ通り薬局", "機関区分": 5, "都道府県コード": 46, "市区町村コード": 201, "所在地": "鹿児島県鹿児島市上之園町１０番地３号　１０１", "緯度": 31.582772, "経度": 130.546508, "url": "https://www.iryou.teikyouseido.mhlw.go.jp/znk-web/juminkanja/S2430/initialize?prefCd=46&kikanCd=55413&kikanKbn=5", "url2": null, "内容": "ナポリ通り薬局【5:薬局】鹿児島県鹿児島市上之園町１０番地３号　１０１" }, "geometry": { "type": "Point", "coordinates": [ 130.546508, 31.582772 ] } },
{ "type": "Feature", "properties": { "ID": 46555415, "正式名称": "一番街薬局", "機関区分": 5, "都道府県コード": 46, "市区町村コード": 201, "所在地": "鹿児島県鹿児島市中央町２３－２１－２０３－２", "緯度": 31.58225, "経度": 130.543047, "url": "https://www.iryou.teikyouseido.mhlw.go.jp/znk-web/juminkanja/S2430/initialize?prefCd=46&kikanCd=55415&kikanKbn=5", "url2": null, "内容": "一番街薬局【5:薬局】鹿児島県鹿児島市中央町２３－２１－２０３－２" }, "geometry": { "type": "Point", "coordinates": [ 130.543047, 31.58225 ] } },
{ "type": "Feature", "properties": { "ID": 46555422, "正式名称": "ワダ薬局", "機関区分": 5, "都道府県コード": 46, "市区町村コード": 201, "所在地": "鹿児島県鹿児島市和田３－３０－１－１０１", "緯度": 31.509995, "経度": 130.512694, "url": "https://www.iryou.teikyouseido.mhlw.go.jp/znk-web/juminkanja/S2430/initialize?prefCd=46&kikanCd=55422&kikanKbn=5", "url2": null, "内容": "ワダ薬局【5:薬局】鹿児島県鹿児島市和田３－３０－１－１０１" }, "geometry": { "type": "Point", "coordinates": [ 130.512694, 31.509995 ] } },
{ "type": "Feature", "properties": { "ID": 46555424, "正式名称": "れいめい薬局　慈眼寺店", "機関区分": 5, "都道府県コード": 46, "市区町村コード": 201, "所在地": "鹿児島県鹿児島市谷山中央六丁目２３－１２", "緯度": 31.514366, "経度": 130.507763, "url": "https://www.iryou.teikyouseido.mhlw.go.jp/znk-web/juminkanja/S2430/initialize?prefCd=46&kikanCd=55424&kikanKbn=5", "url2": "https://reimei-medical.jimdofree.com", "内容": "れいめい薬局　慈眼寺店【5:薬局】鹿児島県鹿児島市谷山中央六丁目２３－１２" }, "geometry": { "type": "Point", "coordinates": [ 130.507763, 31.514366 ] } },
{ "type": "Feature", "properties": { "ID": 46555425, "正式名称": "ゆうゆう薬局　脇田店", "機関区分": 5, "都道府県コード": 46, "市区町村コード": 201, "所在地": "鹿児島県鹿児島市宇宿３－２９－５", "緯度": 31.543336, "経度": 130.537579, "url": "https://www.iryou.teikyouseido.mhlw.go.jp/znk-web/juminkanja/S2430/initialize?prefCd=46&kikanCd=55425&kikanKbn=5", "url2": "http://www.pharmacom.jp", "内容": "ゆうゆう薬局　脇田店【5:薬局】鹿児島県鹿児島市宇宿３－２９－５" }, "geometry": { "type": "Point", "coordinates": [ 130.537579, 31.543336 ] } },
{ "type": "Feature", "properties": { "ID": 46555426, "正式名称": "つむぎ薬局", "機関区分": 5, "都道府県コード": 46, "市区町村コード": 201, "所在地": "鹿児島県鹿児島市東郡元町５－１５", "緯度": 31.554653, "経度": 130.549963, "url": "https://www.iryou.teikyouseido.mhlw.go.jp/znk-web/juminkanja/S2430/initialize?prefCd=46&kikanCd=55426&kikanKbn=5", "url2": "medi-f.com", "内容": "つむぎ薬局【5:薬局】鹿児島県鹿児島市東郡元町５－１５" }, "geometry": { "type": "Point", "coordinates": [ 130.549963, 31.554653 ] } },
{ "type": "Feature", "properties": { "ID": 46555427, "正式名称": "くるる薬局", "機関区分": 5, "都道府県コード": 46, "市区町村コード": 201, "所在地": "鹿児島県鹿児島市真砂本町２７番１", "緯度": 31.555716, "経度": 130.553022, "url": "https://www.iryou.teikyouseido.mhlw.go.jp/znk-web/juminkanja/S2430/initialize?prefCd=46&kikanCd=55427&kikanKbn=5", "url2": null, "内容": "くるる薬局【5:薬局】鹿児島県鹿児島市真砂本町２７番１" }, "geometry": { "type": "Point", "coordinates": [ 130.553022, 31.555716 ] } },
{ "type": "Feature", "properties": { "ID": 46555431, "正式名称": "サザン薬局", "機関区分": 5, "都道府県コード": 46, "市区町村コード": 201, "所在地": "鹿児島県鹿児島市草牟田二丁目７番１６号", "緯度": 31.606188, "経度": 130.537846, "url": "https://www.iryou.teikyouseido.mhlw.go.jp/znk-web/juminkanja/S2430/initialize?prefCd=46&kikanCd=55431&kikanKbn=5", "url2": null, "内容": "サザン薬局【5:薬局】鹿児島県鹿児島市草牟田二丁目７番１６号" }, "geometry": { "type": "Point", "coordinates": [ 130.537846, 31.606188 ] } },
{ "type": "Feature", "properties": { "ID": 46555433, "正式名称": "鹿児島中央福元薬局", "機関区分": 5, "都道府県コード": 46, "市区町村コード": 201, "所在地": "鹿児島県鹿児島市中央町９番９号", "緯度": 31.584501, "経度": 130.545038, "url": "https://www.iryou.teikyouseido.mhlw.go.jp/znk-web/juminkanja/S2430/initialize?prefCd=46&kikanCd=55433&kikanKbn=5", "url2": "http://fukumoto-pha.jp", "内容": "鹿児島中央福元薬局【5:薬局】鹿児島県鹿児島市中央町９番９号" }, "geometry": { "type": "Point", "coordinates": [ 130.545038, 31.584501 ] } },
{ "type": "Feature", "properties": { "ID": 46555435, "正式名称": "ミント調剤薬局", "機関区分": 5, "都道府県コード": 46, "市区町村コード": 201, "所在地": "鹿児島県鹿児島市東千石町１－１　第８川北ビル２Ｆ", "緯度": 31.589619, "経度": 130.552197, "url": "https://www.iryou.teikyouseido.mhlw.go.jp/znk-web/juminkanja/S2430/initialize?prefCd=46&kikanCd=55435&kikanKbn=5", "url2": null, "内容": "ミント調剤薬局【5:薬局】鹿児島県鹿児島市東千石町１－１　第８川北ビル２Ｆ" }, "geometry": { "type": "Point", "coordinates": [ 130.552197, 31.589619 ] } },
{ "type": "Feature", "properties": { "ID": 46555446, "正式名称": "小みかん薬局", "機関区分": 5, "都道府県コード": 46, "市区町村コード": 214, "所在地": "鹿児島県垂水市南松原町１０番地", "緯度": 31.488915, "経度": 130.700123, "url": "https://www.iryou.teikyouseido.mhlw.go.jp/znk-web/juminkanja/S2430/initialize?prefCd=46&kikanCd=55446&kikanKbn=5", "url2": null, "内容": "小みかん薬局【5:薬局】鹿児島県垂水市南松原町１０番地" }, "geometry": { "type": "Point", "coordinates": [ 130.700123, 31.488915 ] } },
{ "type": "Feature", "properties": { "ID": 46555449, "正式名称": "漢方薬局正鵬堂", "機関区分": 5, "都道府県コード": 46, "市区町村コード": 224, "所在地": "鹿児島県伊佐市大口里３０３９－３", "緯度": 32.062606, "経度": 130.609236, "url": "https://www.iryou.teikyouseido.mhlw.go.jp/znk-web/juminkanja/S2430/initialize?prefCd=46&kikanCd=55449&kikanKbn=5", "url2": null, "内容": "漢方薬局正鵬堂【5:薬局】鹿児島県伊佐市大口里３０３９－３" }, "geometry": { "type": "Point", "coordinates": [ 130.609236, 32.062606 ] } },
{ "type": "Feature", "properties": { "ID": 46555452, "正式名称": "さくらの杜薬局", "機関区分": 5, "都道府県コード": 46, "市区町村コード": 218, "所在地": "鹿児島県霧島市牧園町高千穂３６１７番地３５", "緯度": 31.882386, "経度": 130.816169, "url": "https://www.iryou.teikyouseido.mhlw.go.jp/znk-web/juminkanja/S2430/initialize?prefCd=46&kikanCd=55452&kikanKbn=5", "url2": null, "内容": "さくらの杜薬局【5:薬局】鹿児島県霧島市牧園町高千穂３６１７番地３５" }, "geometry": { "type": "Point", "coordinates": [ 130.816169, 31.882386 ] } },
{ "type": "Feature", "properties": { "ID": 46555470, "正式名称": "フタヤ薬局　志布志店", "機関区分": 5, "都道府県コード": 46, "市区町村コード": 221, "所在地": "鹿児島県志布志市志布志町安楽６１７９番３", "緯度": 31.466186, "経度": 131.067653, "url": "https://www.iryou.teikyouseido.mhlw.go.jp/znk-web/juminkanja/S2430/initialize?prefCd=46&kikanCd=55470&kikanKbn=5", "url2": "https://www.futaya.co.jp/shop/shibushi_ph", "内容": "フタヤ薬局　志布志店【5:薬局】鹿児島県志布志市志布志町安楽６１７９番３" }, "geometry": { "type": "Point", "coordinates": [ 131.067653, 31.466186 ] } },
{ "type": "Feature", "properties": { "ID": 46555473, "正式名称": "宇宿たいよう薬局", "機関区分": 5, "都道府県コード": 46, "市区町村コード": 201, "所在地": "鹿児島県鹿児島市宇宿７丁目５－３６", "緯度": 31.550316, "経度": 130.531704, "url": "https://www.iryou.teikyouseido.mhlw.go.jp/znk-web/juminkanja/S2430/initialize?prefCd=46&kikanCd=55473&kikanKbn=5", "url2": "http://fukumotopha.jp", "内容": "宇宿たいよう薬局【5:薬局】鹿児島県鹿児島市宇宿７丁目５－３６" }, "geometry": { "type": "Point", "coordinates": [ 130.531704, 31.550316 ] } },
{ "type": "Feature", "properties": { "ID": 46555475, "正式名称": "マリンバ調剤薬局　宇宿店", "機関区分": 5, "都道府県コード": 46, "市区町村コード": 201, "所在地": "鹿児島県鹿児島市宇宿三丁目２１番６号", "緯度": 31.542413, "経度": 130.538453, "url": "https://www.iryou.teikyouseido.mhlw.go.jp/znk-web/juminkanja/S2430/initialize?prefCd=46&kikanCd=55475&kikanKbn=5", "url2": "https://www.satispharma.com", "内容": "マリンバ調剤薬局　宇宿店【5:薬局】鹿児島県鹿児島市宇宿三丁目２１番６号" }, "geometry": { "type": "Point", "coordinates": [ 130.538453, 31.542413 ] } },
{ "type": "Feature", "properties": { "ID": 46555476, "正式名称": "ケンコ－堂薬局", "機関区分": 5, "都道府県コード": 46, "市区町村コード": 201, "所在地": "鹿児島県鹿児島市宇宿四丁目３９番１号", "緯度": 31.544777, "経度": 130.536258, "url": "https://www.iryou.teikyouseido.mhlw.go.jp/znk-web/juminkanja/S2430/initialize?prefCd=46&kikanCd=55476&kikanKbn=5", "url2": "https://www.satispharma.com", "内容": "ケンコ－堂薬局【5:薬局】鹿児島県鹿児島市宇宿四丁目３９番１号" }, "geometry": { "type": "Point", "coordinates": [ 130.536258, 31.544777 ] } },
{ "type": "Feature", "properties": { "ID": 46555478, "正式名称": "あおい薬局", "機関区分": 5, "都道府県コード": 46, "市区町村コード": 225, "所在地": "鹿児島県姶良市宮島町２０番地７", "緯度": 31.728344, "経度": 130.628557, "url": "https://www.iryou.teikyouseido.mhlw.go.jp/znk-web/juminkanja/S2430/initialize?prefCd=46&kikanCd=55478&kikanKbn=5", "url2": null, "内容": "あおい薬局【5:薬局】鹿児島県姶良市宮島町２０番地７" }, "geometry": { "type": "Point", "coordinates": [ 130.628557, 31.728344 ] } },
{ "type": "Feature", "properties": { "ID": 46555479, "正式名称": "ひかりの薬局", "機関区分": 5, "都道府県コード": 46, "市区町村コード": 218, "所在地": "鹿児島県霧島市隼人町住吉１３５３－７", "緯度": 31.728842, "経度": 130.740039, "url": "https://www.iryou.teikyouseido.mhlw.go.jp/znk-web/juminkanja/S2430/initialize?prefCd=46&kikanCd=55479&kikanKbn=5", "url2": "https://www.kusurinomadoguchi.com/kgoshima/s1000123446/photo", "内容": "ひかりの薬局【5:薬局】鹿児島県霧島市隼人町住吉１３５３－７" }, "geometry": { "type": "Point", "coordinates": [ 130.740039, 31.728842 ] } },
{ "type": "Feature", "properties": { "ID": 46555480, "正式名称": "ｍｙ薬局さつま", "機関区分": 5, "都道府県コード": 46, "市区町村コード": 392, "所在地": "鹿児島県薩摩郡さつま町船木２３２３－１", "緯度": 31.873932, "経度": 130.441148, "url": "https://www.iryou.teikyouseido.mhlw.go.jp/znk-web/juminkanja/S2430/initialize?prefCd=46&kikanCd=55480&kikanKbn=5", "url2": "https://www.mypharmacy-group.com/", "内容": "ｍｙ薬局さつま【5:薬局】鹿児島県薩摩郡さつま町船木２３２３－１" }, "geometry": { "type": "Point", "coordinates": [ 130.441148, 31.873932 ] } },
{ "type": "Feature", "properties": { "ID": 46555482, "正式名称": "あかり薬局　東千石店", "機関区分": 5, "都道府県コード": 46, "市区町村コード": 201, "所在地": "鹿児島県鹿児島市東千石町４－３５　スカイパーキングビル１階", "緯度": 31.591352, "経度": 130.552029, "url": "https://www.iryou.teikyouseido.mhlw.go.jp/znk-web/juminkanja/S2430/initialize?prefCd=46&kikanCd=55482&kikanKbn=5", "url2": null, "内容": "あかり薬局　東千石店【5:薬局】鹿児島県鹿児島市東千石町４－３５　スカイパーキングビル１階" }, "geometry": { "type": "Point", "coordinates": [ 130.552029, 31.591352 ] } },
{ "type": "Feature", "properties": { "ID": 46555483, "正式名称": "とまと薬局　西陵店", "機関区分": 5, "都道府県コード": 46, "市区町村コード": 201, "所在地": "鹿児島県鹿児島市西陵５－１２－５", "緯度": 31.580583, "経度": 130.507875, "url": "https://www.iryou.teikyouseido.mhlw.go.jp/znk-web/juminkanja/S2430/initialize?prefCd=46&kikanCd=55483&kikanKbn=5", "url2": "https://tomato-p.com/", "内容": "とまと薬局　西陵店【5:薬局】鹿児島県鹿児島市西陵５－１２－５" }, "geometry": { "type": "Point", "coordinates": [ 130.507875, 31.580583 ] } },
{ "type": "Feature", "properties": { "ID": 46555487, "正式名称": "イオン薬局　鹿児島店", "機関区分": 5, "都道府県コード": 46, "市区町村コード": 201, "所在地": "鹿児島県鹿児島市東開町７番地", "緯度": 31.527637, "経度": 130.536095, "url": "https://www.iryou.teikyouseido.mhlw.go.jp/znk-web/juminkanja/S2430/initialize?prefCd=46&kikanCd=55487&kikanKbn=5", "url2": null, "内容": "イオン薬局　鹿児島店【5:薬局】鹿児島県鹿児島市東開町７番地" }, "geometry": { "type": "Point", "coordinates": [ 130.536095, 31.527637 ] } },
{ "type": "Feature", "properties": { "ID": 46555488, "正式名称": "今村薬局", "機関区分": 5, "都道府県コード": 46, "市区町村コード": 201, "所在地": "鹿児島県鹿児島市西伊敷四丁目１６－１", "緯度": 31.640779, "経度": 130.532796, "url": "https://www.iryou.teikyouseido.mhlw.go.jp/znk-web/juminkanja/S2430/initialize?prefCd=46&kikanCd=55488&kikanKbn=5", "url2": "http://imamura-yakkyoku.com", "内容": "今村薬局【5:薬局】鹿児島県鹿児島市西伊敷四丁目１６－１" }, "geometry": { "type": "Point", "coordinates": [ 130.532796, 31.640779 ] } },
{ "type": "Feature", "properties": { "ID": 46555496, "正式名称": "ぽかぽか薬局", "機関区分": 5, "都道府県コード": 46, "市区町村コード": 201, "所在地": "鹿児島県鹿児島市松陽台町４３－３", "緯度": 31.595613, "経度": 130.456824, "url": "https://www.iryou.teikyouseido.mhlw.go.jp/znk-web/juminkanja/S2430/initialize?prefCd=46&kikanCd=55496&kikanKbn=5", "url2": "https://www.e-classa.net/peace-of-mind/company.html", "内容": "ぽかぽか薬局【5:薬局】鹿児島県鹿児島市松陽台町４３－３" }, "geometry": { "type": "Point", "coordinates": [ 130.456824, 31.595613 ] } },
{ "type": "Feature", "properties": { "ID": 46555500, "正式名称": "マロン薬局", "機関区分": 5, "都道府県コード": 46, "市区町村コード": 201, "所在地": "鹿児島県鹿児島市西千石町１６ー１６", "緯度": 31.590128, "経度": 130.551265, "url": "https://www.iryou.teikyouseido.mhlw.go.jp/znk-web/juminkanja/S2430/initialize?prefCd=46&kikanCd=55500&kikanKbn=5", "url2": "https://www.kusurinomadoguchi.com/kagoshima/s1000092240", "内容": "マロン薬局【5:薬局】鹿児島県鹿児島市西千石町１６ー１６" }, "geometry": { "type": "Point", "coordinates": [ 130.551265, 31.590128 ] } },
{ "type": "Feature", "properties": { "ID": 46555507, "正式名称": "大王マリンバ薬局", "機関区分": 5, "都道府県コード": 46, "市区町村コード": 215, "所在地": "鹿児島県薩摩川内市大王町１番地６", "緯度": 31.823379, "経度": 130.299365, "url": "https://www.iryou.teikyouseido.mhlw.go.jp/znk-web/juminkanja/S2430/initialize?prefCd=46&kikanCd=55507&kikanKbn=5", "url2": "http://www.satispharma.com", "内容": "大王マリンバ薬局【5:薬局】鹿児島県薩摩川内市大王町１番地６" }, "geometry": { "type": "Point", "coordinates": [ 130.299365, 31.823379 ] } },
{ "type": "Feature", "properties": { "ID": 46555514, "正式名称": "ことぶき薬局", "機関区分": 5, "都道府県コード": 46, "市区町村コード": 502, "所在地": "鹿児島県熊毛郡南種子町中之上３０２６－１", "緯度": 30.417914, "経度": 130.898264, "url": "https://www.iryou.teikyouseido.mhlw.go.jp/znk-web/juminkanja/S2430/initialize?prefCd=46&kikanCd=55514&kikanKbn=5", "url2": "y.goope.jp/kotobuki6661/about", "内容": "ことぶき薬局【5:薬局】鹿児島県熊毛郡南種子町中之上３０２６－１" }, "geometry": { "type": "Point", "coordinates": [ 130.898264, 30.417914 ] } },
{ "type": "Feature", "properties": { "ID": 46555521, "正式名称": "くれよん調剤薬局", "機関区分": 5, "都道府県コード": 46, "市区町村コード": 215, "所在地": "鹿児島県薩摩川内市勝目町４１１０－２１", "緯度": 31.789083, "経度": 130.314533, "url": "https://www.iryou.teikyouseido.mhlw.go.jp/znk-web/juminkanja/S2430/initialize?prefCd=46&kikanCd=55521&kikanKbn=5", "url2": null, "内容": "くれよん調剤薬局【5:薬局】鹿児島県薩摩川内市勝目町４１１０－２１" }, "geometry": { "type": "Point", "coordinates": [ 130.314533, 31.789083 ] } },
{ "type": "Feature", "properties": { "ID": 46555524, "正式名称": "ニック調剤薬局　はやと店", "機関区分": 5, "都道府県コード": 46, "市区町村コード": 218, "所在地": "鹿児島県霧島市隼人町見次１２５４－１", "緯度": 31.738686, "経度": 130.743097, "url": "https://www.iryou.teikyouseido.mhlw.go.jp/znk-web/juminkanja/S2430/initialize?prefCd=46&kikanCd=55524&kikanKbn=5", "url2": null, "内容": "ニック調剤薬局　はやと店【5:薬局】鹿児島県霧島市隼人町見次１２５４－１" }, "geometry": { "type": "Point", "coordinates": [ 130.743097, 31.738686 ] } },
{ "type": "Feature", "properties": { "ID": 46555527, "正式名称": "なでしこ玉里薬局", "機関区分": 5, "都道府県コード": 46, "市区町村コード": 201, "所在地": "鹿児島県鹿児島市下伊敷一丁目８番１９号", "緯度": 31.609806, "経度": 130.535344, "url": "https://www.iryou.teikyouseido.mhlw.go.jp/znk-web/juminkanja/S2430/initialize?prefCd=46&kikanCd=55527&kikanKbn=5", "url2": "https://nadeshiko-tz.com/wp-admin", "内容": "なでしこ玉里薬局【5:薬局】鹿児島県鹿児島市下伊敷一丁目８番１９号" }, "geometry": { "type": "Point", "coordinates": [ 130.535344, 31.609806 ] } },
{ "type": "Feature", "properties": { "ID": 46555528, "正式名称": "すみれ薬局", "機関区分": 5, "都道府県コード": 46, "市区町村コード": 201, "所在地": "鹿児島県鹿児島市西千石町３－２１", "緯度": 31.588248, "経度": 130.546872, "url": "https://www.iryou.teikyouseido.mhlw.go.jp/znk-web/juminkanja/S2430/initialize?prefCd=46&kikanCd=55528&kikanKbn=5", "url2": null, "内容": "すみれ薬局【5:薬局】鹿児島県鹿児島市西千石町３－２１" }, "geometry": { "type": "Point", "coordinates": [ 130.546872, 31.588248 ] } },
{ "type": "Feature", "properties": { "ID": 46555529, "正式名称": "アイリス薬局", "機関区分": 5, "都道府県コード": 46, "市区町村コード": 201, "所在地": "鹿児島県鹿児島市草牟田町３番地１３", "緯度": 31.608461, "経度": 130.535827, "url": "https://www.iryou.teikyouseido.mhlw.go.jp/znk-web/juminkanja/S2430/initialize?prefCd=46&kikanCd=55529&kikanKbn=5", "url2": null, "内容": "アイリス薬局【5:薬局】鹿児島県鹿児島市草牟田町３番地１３" }, "geometry": { "type": "Point", "coordinates": [ 130.535827, 31.608461 ] } },
{ "type": "Feature", "properties": { "ID": 46555532, "正式名称": "シロン薬局", "機関区分": 5, "都道府県コード": 46, "市区町村コード": 201, "所在地": "鹿児島県鹿児島市小川町１番１４号　小川ハイツ１階", "緯度": 31.59939, "経度": 130.559629, "url": "https://www.iryou.teikyouseido.mhlw.go.jp/znk-web/juminkanja/S2430/initialize?prefCd=46&kikanCd=55532&kikanKbn=5", "url2": null, "内容": "シロン薬局【5:薬局】鹿児島県鹿児島市小川町１番１４号　小川ハイツ１階" }, "geometry": { "type": "Point", "coordinates": [ 130.559629, 31.59939 ] } },
{ "type": "Feature", "properties": { "ID": 46555533, "正式名称": "とまと薬局　蒲生店", "機関区分": 5, "都道府県コード": 46, "市区町村コード": 225, "所在地": "鹿児島県姶良市蒲生町上久徳", "緯度": 31.760001, "経度": 130.573185, "url": "https://www.iryou.teikyouseido.mhlw.go.jp/znk-web/juminkanja/S2430/initialize?prefCd=46&kikanCd=55533&kikanKbn=5", "url2": "https://tomato-p.com", "内容": "とまと薬局　蒲生店【5:薬局】鹿児島県姶良市蒲生町上久徳" }, "geometry": { "type": "Point", "coordinates": [ 130.573185, 31.760001 ] } },
{ "type": "Feature", "properties": { "ID": 46555534, "正式名称": "タイガー薬局", "機関区分": 5, "都道府県コード": 46, "市区町村コード": 218, "所在地": "鹿児島県霧島市横川町上ノ３４１４ー１０９", "緯度": 31.891149, "経度": 130.690572, "url": "https://www.iryou.teikyouseido.mhlw.go.jp/znk-web/juminkanja/S2430/initialize?prefCd=46&kikanCd=55534&kikanKbn=5", "url2": null, "内容": "タイガー薬局【5:薬局】鹿児島県霧島市横川町上ノ３４１４ー１０９" }, "geometry": { "type": "Point", "coordinates": [ 130.690572, 31.891149 ] } },
{ "type": "Feature", "properties": { "ID": 46555536, "正式名称": "みらい薬局　本店", "機関区分": 5, "都道府県コード": 46, "市区町村コード": 218, "所在地": "鹿児島県霧島市国分中央１丁目２５－１７", "緯度": 31.742114, "経度": 130.769964, "url": "https://www.iryou.teikyouseido.mhlw.go.jp/znk-web/juminkanja/S2430/initialize?prefCd=46&kikanCd=55536&kikanKbn=5", "url2": "https://www.marinegroup.jp", "内容": "みらい薬局　本店【5:薬局】鹿児島県霧島市国分中央１丁目２５－１７" }, "geometry": { "type": "Point", "coordinates": [ 130.769964, 31.742114 ] } },
{ "type": "Feature", "properties": { "ID": 46555540, "正式名称": "たいよう薬局　中山", "機関区分": 5, "都道府県コード": 46, "市区町村コード": 201, "所在地": "鹿児島県鹿児島市山田町２２６－１", "緯度": 31.552511, "経度": 130.503827, "url": "https://www.iryou.teikyouseido.mhlw.go.jp/znk-web/juminkanja/S2430/initialize?prefCd=46&kikanCd=55540&kikanKbn=5", "url2": "fukumoto-pha.jp/", "内容": "たいよう薬局　中山【5:薬局】鹿児島県鹿児島市山田町２２６－１" }, "geometry": { "type": "Point", "coordinates": [ 130.503827, 31.552511 ] } },
{ "type": "Feature", "properties": { "ID": 46555541, "正式名称": "パール薬局", "機関区分": 5, "都道府県コード": 46, "市区町村コード": 201, "所在地": "鹿児島県鹿児島市易居町１－１７", "緯度": 31.5974, "経度": 130.559049, "url": "https://www.iryou.teikyouseido.mhlw.go.jp/znk-web/juminkanja/S2430/initialize?prefCd=46&kikanCd=55541&kikanKbn=5", "url2": "http://yuohyakuhin.jp/", "内容": "パール薬局【5:薬局】鹿児島県鹿児島市易居町１－１７" }, "geometry": { "type": "Point", "coordinates": [ 130.559049, 31.5974 ] } },
{ "type": "Feature", "properties": { "ID": 46555542, "正式名称": "しあわせ調剤薬局　緑ヶ丘店", "機関区分": 5, "都道府県コード": 46, "市区町村コード": 201, "所在地": "鹿児島県鹿児島市緑ヶ丘町７番９号", "緯度": 31.657039, "経度": 130.546764, "url": "https://www.iryou.teikyouseido.mhlw.go.jp/znk-web/juminkanja/S2430/initialize?prefCd=46&kikanCd=55542&kikanKbn=5", "url2": "www.shiawasepharmacy.com", "内容": "しあわせ調剤薬局　緑ヶ丘店【5:薬局】鹿児島県鹿児島市緑ヶ丘町７番９号" }, "geometry": { "type": "Point", "coordinates": [ 130.546764, 31.657039 ] } },
{ "type": "Feature", "properties": { "ID": 46555547, "正式名称": "ふなき薬局", "機関区分": 5, "都道府県コード": 46, "市区町村コード": 392, "所在地": "鹿児島県薩摩郡さつま町船木５０－３", "緯度": 31.893741, "経度": 130.452766, "url": "https://www.iryou.teikyouseido.mhlw.go.jp/znk-web/juminkanja/S2430/initialize?prefCd=46&kikanCd=55547&kikanKbn=5", "url2": null, "内容": "ふなき薬局【5:薬局】鹿児島県薩摩郡さつま町船木５０－３" }, "geometry": { "type": "Point", "coordinates": [ 130.452766, 31.893741 ] } },
{ "type": "Feature", "properties": { "ID": 46555551, "正式名称": "タバタ薬局　高見馬場店", "機関区分": 5, "都道府県コード": 46, "市区町村コード": 201, "所在地": "鹿児島県鹿児島市西千石町１２番１０号", "緯度": 31.589296, "経度": 130.549543, "url": "https://www.iryou.teikyouseido.mhlw.go.jp/znk-web/juminkanja/S2430/initialize?prefCd=46&kikanCd=55551&kikanKbn=5", "url2": "http://tabata-pharmacy.com/", "内容": "タバタ薬局　高見馬場店【5:薬局】鹿児島県鹿児島市西千石町１２番１０号" }, "geometry": { "type": "Point", "coordinates": [ 130.549543, 31.589296 ] } },
{ "type": "Feature", "properties": { "ID": 46555553, "正式名称": "さくらつばめ薬局", "機関区分": 5, "都道府県コード": 46, "市区町村コード": 201, "所在地": "鹿児島県鹿児島市上荒田町２－５エクシード中洲１階", "緯度": 31.578596, "経度": 130.542296, "url": "https://www.iryou.teikyouseido.mhlw.go.jp/znk-web/juminkanja/S2430/initialize?prefCd=46&kikanCd=55553&kikanKbn=5", "url2": "https://nangokutk-ph.jp/", "内容": "さくらつばめ薬局【5:薬局】鹿児島県鹿児島市上荒田町２－５エクシード中洲１階" }, "geometry": { "type": "Point", "coordinates": [ 130.542296, 31.578596 ] } },
{ "type": "Feature", "properties": { "ID": 46555554, "正式名称": "しんかんばし薬局", "機関区分": 5, "都道府県コード": 46, "市区町村コード": 201, "所在地": "鹿児島県鹿児島市新照院町１９番１０号", "緯度": 31.593935, "経度": 130.54324, "url": "https://www.iryou.teikyouseido.mhlw.go.jp/znk-web/juminkanja/S2430/initialize?prefCd=46&kikanCd=55554&kikanKbn=5", "url2": null, "内容": "しんかんばし薬局【5:薬局】鹿児島県鹿児島市新照院町１９番１０号" }, "geometry": { "type": "Point", "coordinates": [ 130.54324, 31.593935 ] } },
{ "type": "Feature", "properties": { "ID": 46555566, "正式名称": "ユーカリ薬局", "機関区分": 5, "都道府県コード": 46, "市区町村コード": 201, "所在地": "鹿児島県鹿児島市加治屋町１３ー９", "緯度": 31.588594, "経度": 130.55092, "url": "https://www.iryou.teikyouseido.mhlw.go.jp/znk-web/juminkanja/S2430/initialize?prefCd=46&kikanCd=55566&kikanKbn=5", "url2": "http://www.kenko.company/", "内容": "ユーカリ薬局【5:薬局】鹿児島県鹿児島市加治屋町１３ー９" }, "geometry": { "type": "Point", "coordinates": [ 130.55092, 31.588594 ] } },
{ "type": "Feature", "properties": { "ID": 46555567, "正式名称": "セオ薬局　かもいけ調剤", "機関区分": 5, "都道府県コード": 46, "市区町村コード": 201, "所在地": "鹿児島県鹿児島市鴨池一丁目５５番１０号", "緯度": 31.563557, "経度": 130.549249, "url": "https://www.iryou.teikyouseido.mhlw.go.jp/znk-web/juminkanja/S2430/initialize?prefCd=46&kikanCd=55567&kikanKbn=5", "url2": "http://www.kanpouyaku.co.jp", "内容": "セオ薬局　かもいけ調剤【5:薬局】鹿児島県鹿児島市鴨池一丁目５５番１０号" }, "geometry": { "type": "Point", "coordinates": [ 130.549249, 31.563557 ] } },
{ "type": "Feature", "properties": { "ID": 46555573, "正式名称": "スマイル薬局姶良店", "機関区分": 5, "都道府県コード": 46, "市区町村コード": 225, "所在地": "鹿児島県姶良市松原町２丁目２０－５", "緯度": 31.722121, "経度": 130.634598, "url": "https://www.iryou.teikyouseido.mhlw.go.jp/znk-web/juminkanja/S2430/initialize?prefCd=46&kikanCd=55573&kikanKbn=5", "url2": "https://three-pc.co.jp/", "内容": "スマイル薬局姶良店【5:薬局】鹿児島県姶良市松原町２丁目２０－５" }, "geometry": { "type": "Point", "coordinates": [ 130.634598, 31.722121 ] } },
{ "type": "Feature", "properties": { "ID": 46555576, "正式名称": "霧島マリンバ薬局", "機関区分": 5, "都道府県コード": 46, "市区町村コード": 218, "所在地": "鹿児島県霧島市国分野口東９番３７号", "緯度": 31.737732, "経度": 130.753296, "url": "https://www.iryou.teikyouseido.mhlw.go.jp/znk-web/juminkanja/S2430/initialize?prefCd=46&kikanCd=55576&kikanKbn=5", "url2": "https://www.satispharma.com", "内容": "霧島マリンバ薬局【5:薬局】鹿児島県霧島市国分野口東９番３７号" }, "geometry": { "type": "Point", "coordinates": [ 130.753296, 31.737732 ] } },
{ "type": "Feature", "properties": { "ID": 46555580, "正式名称": "株式会社ＮＫＣ　ピュアタウン薬局", "機関区分": 5, "都道府県コード": 46, "市区町村コード": 201, "所在地": "鹿児島県鹿児島市武岡１丁目１２１番地１５号", "緯度": 31.585929, "経度": 130.526087, "url": "https://www.iryou.teikyouseido.mhlw.go.jp/znk-web/juminkanja/S2430/initialize?prefCd=46&kikanCd=55580&kikanKbn=5", "url2": "http://puretown.co.jp/", "内容": "株式会社ＮＫＣ　ピュアタウン薬局【5:薬局】鹿児島県鹿児島市武岡１丁目１２１番地１５号" }, "geometry": { "type": "Point", "coordinates": [ 130.526087, 31.585929 ] } },
{ "type": "Feature", "properties": { "ID": 46555582, "正式名称": "たけまち薬局", "機関区分": 5, "都道府県コード": 46, "市区町村コード": 201, "所在地": "鹿児島県鹿児島市武３丁目２２－２", "緯度": 31.577212, "経度": 130.5357, "url": "https://www.iryou.teikyouseido.mhlw.go.jp/znk-web/juminkanja/S2430/initialize?prefCd=46&kikanCd=55582&kikanKbn=5", "url2": "http://medical.cabrain.net/CN118317/", "内容": "たけまち薬局【5:薬局】鹿児島県鹿児島市武３丁目２２－２" }, "geometry": { "type": "Point", "coordinates": [ 130.5357, 31.577212 ] } },
{ "type": "Feature", "properties": { "ID": 46555599, "正式名称": "上荒田薬局", "機関区分": 5, "都道府県コード": 46, "市区町村コード": 201, "所在地": "鹿児島県鹿児島市鴨池一丁目４４番１０号", "緯度": 31.565169, "経度": 130.547064, "url": "https://www.iryou.teikyouseido.mhlw.go.jp/znk-web/juminkanja/S2430/initialize?prefCd=46&kikanCd=55599&kikanKbn=5", "url2": "https://www.e-classa.net/uearata", "内容": "上荒田薬局【5:薬局】鹿児島県鹿児島市鴨池一丁目４４番１０号" }, "geometry": { "type": "Point", "coordinates": [ 130.547064, 31.565169 ] } },
{ "type": "Feature", "properties": { "ID": 46555600, "正式名称": "マルノ薬局　南林寺店", "機関区分": 5, "都道府県コード": 46, "市区町村コード": 201, "所在地": "鹿児島県鹿児島市南林寺町２－１", "緯度": 31.585097, "経度": 130.558208, "url": "https://www.iryou.teikyouseido.mhlw.go.jp/znk-web/juminkanja/S2430/initialize?prefCd=46&kikanCd=55600&kikanKbn=5", "url2": "http://www.maruno-ph.com", "内容": "マルノ薬局　南林寺店【5:薬局】鹿児島県鹿児島市南林寺町２－１" }, "geometry": { "type": "Point", "coordinates": [ 130.558208, 31.585097 ] } },
{ "type": "Feature", "properties": { "ID": 46555604, "正式名称": "寿八丁目薬局笠之原店", "機関区分": 5, "都道府県コード": 46, "市区町村コード": 203, "所在地": "鹿児島県鹿屋市笠之原町２７－２３", "緯度": 31.387614, "経度": 130.882214, "url": "https://www.iryou.teikyouseido.mhlw.go.jp/znk-web/juminkanja/S2430/initialize?prefCd=46&kikanCd=55604&kikanKbn=5", "url2": "http://kotobuki8.jp/", "内容": "寿八丁目薬局笠之原店【5:薬局】鹿児島県鹿屋市笠之原町２７－２３" }, "geometry": { "type": "Point", "coordinates": [ 130.882214, 31.387614 ] } },
{ "type": "Feature", "properties": { "ID": 46555606, "正式名称": "あさみ調剤薬局　加世田店", "機関区分": 5, "都道府県コード": 46, "市区町村コード": 220, "所在地": "鹿児島県南さつま市加世田白亀１２８５－１", "緯度": 31.418758, "経度": 130.313811, "url": "https://www.iryou.teikyouseido.mhlw.go.jp/znk-web/juminkanja/S2430/initialize?prefCd=46&kikanCd=55606&kikanKbn=5", "url2": null, "内容": "あさみ調剤薬局　加世田店【5:薬局】鹿児島県南さつま市加世田白亀１２８５－１" }, "geometry": { "type": "Point", "coordinates": [ 130.313811, 31.418758 ] } },
{ "type": "Feature", "properties": { "ID": 46555619, "正式名称": "ふれあいの里薬局", "機関区分": 5, "都道府県コード": 46, "市区町村コード": 224, "所在地": "鹿児島県伊佐市大口里３０４０－１", "緯度": 32.062252, "経度": 130.609624, "url": "https://www.iryou.teikyouseido.mhlw.go.jp/znk-web/juminkanja/S2430/initialize?prefCd=46&kikanCd=55619&kikanKbn=5", "url2": "qol-net.co.jp", "内容": "ふれあいの里薬局【5:薬局】鹿児島県伊佐市大口里３０４０－１" }, "geometry": { "type": "Point", "coordinates": [ 130.609624, 32.062252 ] } },
{ "type": "Feature", "properties": { "ID": 46555620, "正式名称": "ハッピー薬局", "機関区分": 5, "都道府県コード": 46, "市区町村コード": 210, "所在地": "鹿児島県指宿市十町字椨之元３９８番地１", "緯度": 31.254276, "経度": 130.6344, "url": "https://www.iryou.teikyouseido.mhlw.go.jp/znk-web/juminkanja/S2430/initialize?prefCd=46&kikanCd=55620&kikanKbn=5", "url2": null, "内容": "ハッピー薬局【5:薬局】鹿児島県指宿市十町字椨之元３９８番地１" }, "geometry": { "type": "Point", "coordinates": [ 130.6344, 31.254276 ] } },
{ "type": "Feature", "properties": { "ID": 46555623, "正式名称": "三文字薬局", "機関区分": 5, "都道府県コード": 46, "市区町村コード": 206, "所在地": "鹿児島県阿久根市脇本７９９５－１", "緯度": 32.080597, "経度": 130.197828, "url": "https://www.iryou.teikyouseido.mhlw.go.jp/znk-web/juminkanja/S2430/initialize?prefCd=46&kikanCd=55623&kikanKbn=5", "url2": null, "内容": "三文字薬局【5:薬局】鹿児島県阿久根市脇本７９９５－１" }, "geometry": { "type": "Point", "coordinates": [ 130.197828, 32.080597 ] } },
{ "type": "Feature", "properties": { "ID": 46555624, "正式名称": "七福さくら薬局", "機関区分": 5, "都道府県コード": 46, "市区町村コード": 201, "所在地": "鹿児島県鹿児島市鴨池新町１４番２号七福神ビル１階", "緯度": 31.555841, "経度": 130.55871, "url": "https://www.iryou.teikyouseido.mhlw.go.jp/znk-web/juminkanja/S2430/initialize?prefCd=46&kikanCd=55624&kikanKbn=5", "url2": "https://sakurahos.co.jp/", "内容": "七福さくら薬局【5:薬局】鹿児島県鹿児島市鴨池新町１４番２号七福神ビル１階" }, "geometry": { "type": "Point", "coordinates": [ 130.55871, 31.555841 ] } },
{ "type": "Feature", "properties": { "ID": 46555630, "正式名称": "株式会社大賀薬局　　市立病院前店", "機関区分": 5, "都道府県コード": 46, "市区町村コード": 201, "所在地": "鹿児島県鹿児島市上荒田町２６－１７", "緯度": 31.575211, "経度": 130.544075, "url": "https://www.iryou.teikyouseido.mhlw.go.jp/znk-web/juminkanja/S2430/initialize?prefCd=46&kikanCd=55630&kikanKbn=5", "url2": "http://www.ohga-ph.com/", "内容": "株式会社大賀薬局　　市立病院前店【5:薬局】鹿児島県鹿児島市上荒田町２６－１７" }, "geometry": { "type": "Point", "coordinates": [ 130.544075, 31.575211 ] } },
{ "type": "Feature", "properties": { "ID": 46555631, "正式名称": "みつば薬局", "機関区分": 5, "都道府県コード": 46, "市区町村コード": 201, "所在地": "鹿児島県鹿児島市山下町１２－８－１Ｆ", "緯度": 31.597423, "経度": 130.55721, "url": "https://www.iryou.teikyouseido.mhlw.go.jp/znk-web/juminkanja/S2430/initialize?prefCd=46&kikanCd=55631&kikanKbn=5", "url2": null, "内容": "みつば薬局【5:薬局】鹿児島県鹿児島市山下町１２－８－１Ｆ" }, "geometry": { "type": "Point", "coordinates": [ 130.55721, 31.597423 ] } },
{ "type": "Feature", "properties": { "ID": 46555641, "正式名称": "マリン薬局", "機関区分": 5, "都道府県コード": 46, "市区町村コード": 530, "所在地": "鹿児島県大島郡徳之島町亀津５２２２番１", "緯度": 27.718267, "経度": 129.019508, "url": "https://www.iryou.teikyouseido.mhlw.go.jp/znk-web/juminkanja/S2430/initialize?prefCd=46&kikanCd=55641&kikanKbn=5", "url2": "http://marin-tokunoshima.com/", "内容": "マリン薬局【5:薬局】鹿児島県大島郡徳之島町亀津５２２２番１" }, "geometry": { "type": "Point", "coordinates": [ 129.019508, 27.718267 ] } },
{ "type": "Feature", "properties": { "ID": 46555643, "正式名称": "市立病院前　　ミドリ薬局", "機関区分": 5, "都道府県コード": 46, "市区町村コード": 201, "所在地": "鹿児島県鹿児島市上荒田町２９番３２号", "緯度": 31.575122, "経度": 130.544384, "url": "https://www.iryou.teikyouseido.mhlw.go.jp/znk-web/juminkanja/S2430/initialize?prefCd=46&kikanCd=55643&kikanKbn=5", "url2": "https://fm-midori.co.jp/", "内容": "市立病院前　　ミドリ薬局【5:薬局】鹿児島県鹿児島市上荒田町２９番３２号" }, "geometry": { "type": "Point", "coordinates": [ 130.544384, 31.575122 ] } },
{ "type": "Feature", "properties": { "ID": 46555644, "正式名称": "ミモザ調剤薬局", "機関区分": 5, "都道府県コード": 46, "市区町村コード": 201, "所在地": "鹿児島県鹿児島市吉野町５２０８－３８", "緯度": 31.645651, "経度": 130.58443, "url": "https://www.iryou.teikyouseido.mhlw.go.jp/znk-web/juminkanja/S2430/initialize?prefCd=46&kikanCd=55644&kikanKbn=5", "url2": null, "内容": "ミモザ調剤薬局【5:薬局】鹿児島県鹿児島市吉野町５２０８－３８" }, "geometry": { "type": "Point", "coordinates": [ 130.58443, 31.645651 ] } },
{ "type": "Feature", "properties": { "ID": 46555646, "正式名称": "スター調剤薬局　星ヶ峯店", "機関区分": 5, "都道府県コード": 46, "市区町村コード": 201, "所在地": "鹿児島県鹿児島市星ケ峯一丁目２９－５", "緯度": 31.572053, "経度": 130.503083, "url": "https://www.iryou.teikyouseido.mhlw.go.jp/znk-web/juminkanja/S2430/initialize?prefCd=46&kikanCd=55646&kikanKbn=5", "url2": "http://www.shiraogawa.co.jp", "内容": "スター調剤薬局　星ヶ峯店【5:薬局】鹿児島県鹿児島市星ケ峯一丁目２９－５" }, "geometry": { "type": "Point", "coordinates": [ 130.503083, 31.572053 ] } },
{ "type": "Feature", "properties": { "ID": 46555647, "正式名称": "アクア薬局　川内", "機関区分": 5, "都道府県コード": 46, "市区町村コード": 215, "所在地": "鹿児島県薩摩川内市中郷４丁目６番", "緯度": 31.836386, "経度": 130.312745, "url": "https://www.iryou.teikyouseido.mhlw.go.jp/znk-web/juminkanja/S2430/initialize?prefCd=46&kikanCd=55647&kikanKbn=5", "url2": null, "内容": "アクア薬局　川内【5:薬局】鹿児島県薩摩川内市中郷４丁目６番" }, "geometry": { "type": "Point", "coordinates": [ 130.312745, 31.836386 ] } },
{ "type": "Feature", "properties": { "ID": 46555652, "正式名称": "花ことば薬局", "機関区分": 5, "都道府県コード": 46, "市区町村コード": 201, "所在地": "鹿児島県鹿児島市上荒田町２５番地１９－１０２号", "緯度": 31.575833, "経度": 130.542291, "url": "https://www.iryou.teikyouseido.mhlw.go.jp/znk-web/juminkanja/S2430/initialize?prefCd=46&kikanCd=55652&kikanKbn=5", "url2": "www.e-classa.net/peace-of-mind/information.html", "内容": "花ことば薬局【5:薬局】鹿児島県鹿児島市上荒田町２５番地１９－１０２号" }, "geometry": { "type": "Point", "coordinates": [ 130.542291, 31.575833 ] } },
{ "type": "Feature", "properties": { "ID": 46555653, "正式名称": "南日本薬剤センター薬局　上荒田店", "機関区分": 5, "都道府県コード": 46, "市区町村コード": 201, "所在地": "鹿児島県鹿児島市上荒田町２６番１９号　きくぞうビル１階", "緯度": 31.575389, "経度": 130.543895, "url": "https://www.iryou.teikyouseido.mhlw.go.jp/znk-web/juminkanja/S2430/initialize?prefCd=46&kikanCd=55653&kikanKbn=5", "url2": "http://www.373pc.co.jp", "内容": "南日本薬剤センター薬局　上荒田店【5:薬局】鹿児島県鹿児島市上荒田町２６番１９号　きくぞうビル１階" }, "geometry": { "type": "Point", "coordinates": [ 130.543895, 31.575389 ] } },
{ "type": "Feature", "properties": { "ID": 46555654, "正式名称": "タバタ薬局　吉野店", "機関区分": 5, "都道府県コード": 46, "市区町村コード": 201, "所在地": "鹿児島県鹿児島市吉野一丁目４４番１７号", "緯度": 31.652405, "経度": 130.567831, "url": "https://www.iryou.teikyouseido.mhlw.go.jp/znk-web/juminkanja/S2430/initialize?prefCd=46&kikanCd=55654&kikanKbn=5", "url2": "https://yk-pharmacy.com", "内容": "タバタ薬局　吉野店【5:薬局】鹿児島県鹿児島市吉野一丁目４４番１７号" }, "geometry": { "type": "Point", "coordinates": [ 130.567831, 31.652405 ] } },
{ "type": "Feature", "properties": { "ID": 46555661, "正式名称": "にじいろ薬局", "機関区分": 5, "都道府県コード": 46, "市区町村コード": 201, "所在地": "鹿児島県鹿児島市和田一丁目２１番２ー２号", "緯度": 31.513221, "経度": 130.513606, "url": "https://www.iryou.teikyouseido.mhlw.go.jp/znk-web/juminkanja/S2430/initialize?prefCd=46&kikanCd=55661&kikanKbn=5", "url2": null, "内容": "にじいろ薬局【5:薬局】鹿児島県鹿児島市和田一丁目２１番２ー２号" }, "geometry": { "type": "Point", "coordinates": [ 130.513606, 31.513221 ] } },
{ "type": "Feature", "properties": { "ID": 46555663, "正式名称": "かもいけ調剤薬局", "機関区分": 5, "都道府県コード": 46, "市区町村コード": 201, "所在地": "鹿児島県鹿児島市鴨池２丁目３ー６", "緯度": 31.567824, "経度": 130.552654, "url": "https://www.iryou.teikyouseido.mhlw.go.jp/znk-web/juminkanja/S2430/initialize?prefCd=46&kikanCd=55663&kikanKbn=5", "url2": "medi-f.com", "内容": "かもいけ調剤薬局【5:薬局】鹿児島県鹿児島市鴨池２丁目３ー６" }, "geometry": { "type": "Point", "coordinates": [ 130.552654, 31.567824 ] } },
{ "type": "Feature", "properties": { "ID": 46555665, "正式名称": "こくぶ薬局", "機関区分": 5, "都道府県コード": 46, "市区町村コード": 218, "所在地": "鹿児島県霧島市国分向花１３１－３", "緯度": 31.75995, "経度": 130.77589, "url": "https://www.iryou.teikyouseido.mhlw.go.jp/znk-web/juminkanja/S2430/initialize?prefCd=46&kikanCd=55665&kikanKbn=5", "url2": null, "内容": "こくぶ薬局【5:薬局】鹿児島県霧島市国分向花１３１－３" }, "geometry": { "type": "Point", "coordinates": [ 130.77589, 31.75995 ] } },
{ "type": "Feature", "properties": { "ID": 46555666, "正式名称": "南日本薬剤センター薬局　紫原店", "機関区分": 5, "都道府県コード": 46, "市区町村コード": 201, "所在地": "鹿児島県鹿児島市紫原３丁目３３－８", "緯度": 31.552732, "経度": 130.53627, "url": "https://www.iryou.teikyouseido.mhlw.go.jp/znk-web/juminkanja/S2430/initialize?prefCd=46&kikanCd=55666&kikanKbn=5", "url2": "http://www.373pc.co.jp", "内容": "南日本薬剤センター薬局　紫原店【5:薬局】鹿児島県鹿児島市紫原３丁目３３－８" }, "geometry": { "type": "Point", "coordinates": [ 130.53627, 31.552732 ] } },
{ "type": "Feature", "properties": { "ID": 46555669, "正式名称": "喜入ニコニコ薬局", "機関区分": 5, "都道府県コード": 46, "市区町村コード": 201, "所在地": "鹿児島県　鹿児島市　喜入町６０７７番地１１", "緯度": 31.38008, "経度": 130.54328, "url": "https://www.iryou.teikyouseido.mhlw.go.jp/znk-web/juminkanja/S2430/initialize?prefCd=46&kikanCd=55669&kikanKbn=5", "url2": null, "内容": "喜入ニコニコ薬局【5:薬局】鹿児島県　鹿児島市　喜入町６０７７番地１１" }, "geometry": { "type": "Point", "coordinates": [ 130.54328, 31.38008 ] } },
{ "type": "Feature", "properties": { "ID": 46555670, "正式名称": "マリンバ調剤薬局　郡山店", "機関区分": 5, "都道府県コード": 46, "市区町村コード": 201, "所在地": "鹿児島県鹿児島市郡山町５０８－１", "緯度": 31.67151, "経度": 130.475758, "url": "https://www.iryou.teikyouseido.mhlw.go.jp/znk-web/juminkanja/S2430/initialize?prefCd=46&kikanCd=55670&kikanKbn=5", "url2": "https://www.satispharma.com", "内容": "マリンバ調剤薬局　郡山店【5:薬局】鹿児島県鹿児島市郡山町５０８－１" }, "geometry": { "type": "Point", "coordinates": [ 130.475758, 31.67151 ] } },
{ "type": "Feature", "properties": { "ID": 46555671, "正式名称": "べっぷ薬局　アリーナ前", "機関区分": 5, "都道府県コード": 46, "市区町村コード": 201, "所在地": "鹿児島県鹿児島市永吉一丁目１１番１０号", "緯度": 31.600028, "経度": 130.534892, "url": "https://www.iryou.teikyouseido.mhlw.go.jp/znk-web/juminkanja/S2430/initialize?prefCd=46&kikanCd=55671&kikanKbn=5", "url2": null, "内容": "べっぷ薬局　アリーナ前【5:薬局】鹿児島県鹿児島市永吉一丁目１１番１０号" }, "geometry": { "type": "Point", "coordinates": [ 130.534892, 31.600028 ] } },
{ "type": "Feature", "properties": { "ID": 46555673, "正式名称": "与論調剤薬局", "機関区分": 5, "都道府県コード": 46, "市区町村コード": 535, "所在地": "鹿児島県大島郡与論町茶花", "緯度": 27.045774, "経度": 128.416312, "url": "https://www.iryou.teikyouseido.mhlw.go.jp/znk-web/juminkanja/S2430/initialize?prefCd=46&kikanCd=55673&kikanKbn=5", "url2": null, "内容": "与論調剤薬局【5:薬局】鹿児島県大島郡与論町茶花" }, "geometry": { "type": "Point", "coordinates": [ 128.416312, 27.045774 ] } },
{ "type": "Feature", "properties": { "ID": 46555678, "正式名称": "スター調剤薬局　皇徳寺店", "機関区分": 5, "都道府県コード": 46, "市区町村コード": 201, "所在地": "鹿児島県鹿児島市皇徳寺台３丁目２４－７", "緯度": 31.564164, "経度": 130.489414, "url": "https://www.iryou.teikyouseido.mhlw.go.jp/znk-web/juminkanja/S2430/initialize?prefCd=46&kikanCd=55678&kikanKbn=5", "url2": "http://www.shiraogawa.co.jp", "内容": "スター調剤薬局　皇徳寺店【5:薬局】鹿児島県鹿児島市皇徳寺台３丁目２４－７" }, "geometry": { "type": "Point", "coordinates": [ 130.489414, 31.564164 ] } },
{ "type": "Feature", "properties": { "ID": 46555679, "正式名称": "フロント薬局", "機関区分": 5, "都道府県コード": 46, "市区町村コード": 201, "所在地": "鹿児島県鹿児島市田上２－３２－２０", "緯度": 31.575464, "経度": 130.535675, "url": "https://www.iryou.teikyouseido.mhlw.go.jp/znk-web/juminkanja/S2430/initialize?prefCd=46&kikanCd=55679&kikanKbn=5", "url2": null, "内容": "フロント薬局【5:薬局】鹿児島県鹿児島市田上２－３２－２０" }, "geometry": { "type": "Point", "coordinates": [ 130.535675, 31.575464 ] } },
{ "type": "Feature", "properties": { "ID": 46555680, "正式名称": "フルール薬局", "機関区分": 5, "都道府県コード": 46, "市区町村コード": 225, "所在地": "鹿児島県姶良市松原町２丁目２７－７", "緯度": 31.719883, "経度": 130.63283, "url": "https://www.iryou.teikyouseido.mhlw.go.jp/znk-web/juminkanja/S2430/initialize?prefCd=46&kikanCd=55680&kikanKbn=5", "url2": null, "内容": "フルール薬局【5:薬局】鹿児島県姶良市松原町２丁目２７－７" }, "geometry": { "type": "Point", "coordinates": [ 130.63283, 31.719883 ] } },
{ "type": "Feature", "properties": { "ID": 46555681, "正式名称": "かもめ薬局", "機関区分": 5, "都道府県コード": 46, "市区町村コード": 213, "所在地": "鹿児島県西之表市鴨女町９５", "緯度": 30.72441, "経度": 130.994852, "url": "https://www.iryou.teikyouseido.mhlw.go.jp/znk-web/juminkanja/S2430/initialize?prefCd=46&kikanCd=55681&kikanKbn=5", "url2": null, "内容": "かもめ薬局【5:薬局】鹿児島県西之表市鴨女町９５" }, "geometry": { "type": "Point", "coordinates": [ 130.994852, 30.72441 ] } },
{ "type": "Feature", "properties": { "ID": 46555683, "正式名称": "有限会社カンナ薬局", "機関区分": 5, "都道府県コード": 46, "市区町村コード": 201, "所在地": "鹿児島県鹿児島市小松原１－４０－１", "緯度": 31.534115, "経度": 130.531348, "url": "https://www.iryou.teikyouseido.mhlw.go.jp/znk-web/juminkanja/S2430/initialize?prefCd=46&kikanCd=55683&kikanKbn=5", "url2": "https://kanna-ph.com", "内容": "有限会社カンナ薬局【5:薬局】鹿児島県鹿児島市小松原１－４０－１" }, "geometry": { "type": "Point", "coordinates": [ 130.531348, 31.534115 ] } },
{ "type": "Feature", "properties": { "ID": 46555684, "正式名称": "あさひ薬局　じげんじ店", "機関区分": 5, "都道府県コード": 46, "市区町村コード": 201, "所在地": "鹿児島県鹿児島市谷山中央６丁目１７－３１", "緯度": 31.516317, "経度": 130.506964, "url": "https://www.iryou.teikyouseido.mhlw.go.jp/znk-web/juminkanja/S2430/initialize?prefCd=46&kikanCd=55684&kikanKbn=5", "url2": null, "内容": "あさひ薬局　じげんじ店【5:薬局】鹿児島県鹿児島市谷山中央６丁目１７－３１" }, "geometry": { "type": "Point", "coordinates": [ 130.506964, 31.516317 ] } },
{ "type": "Feature", "properties": { "ID": 46555700, "正式名称": "薬局　くろうさぎ", "機関区分": 5, "都道府県コード": 46, "市区町村コード": 201, "所在地": "鹿児島県鹿児島市西千石町３－１５", "緯度": 31.58859, "経度": 130.546735, "url": "https://www.iryou.teikyouseido.mhlw.go.jp/znk-web/juminkanja/S2430/initialize?prefCd=46&kikanCd=55700&kikanKbn=5", "url2": "http://www.kenko.company/", "内容": "薬局　くろうさぎ【5:薬局】鹿児島県鹿児島市西千石町３－１５" }, "geometry": { "type": "Point", "coordinates": [ 130.546735, 31.58859 ] } },
{ "type": "Feature", "properties": { "ID": 46555710, "正式名称": "イオン薬局　姶良店", "機関区分": 5, "都道府県コード": 46, "市区町村コード": 225, "所在地": "鹿児島県姶良市西餠田２６４－１", "緯度": 31.732014, "経度": 130.62804, "url": "https://www.iryou.teikyouseido.mhlw.go.jp/znk-web/juminkanja/S2430/initialize?prefCd=46&kikanCd=55710&kikanKbn=5", "url2": null, "内容": "イオン薬局　姶良店【5:薬局】鹿児島県姶良市西餠田２６４－１" }, "geometry": { "type": "Point", "coordinates": [ 130.62804, 31.732014 ] } },
{ "type": "Feature", "properties": { "ID": 46555715, "正式名称": "ミネサキ調剤薬局　寿店", "機関区分": 5, "都道府県コード": 46, "市区町村コード": 203, "所在地": "鹿児島県鹿屋市寿２６番１号", "緯度": 31.386414, "経度": 130.865117, "url": "https://www.iryou.teikyouseido.mhlw.go.jp/znk-web/juminkanja/S2430/initialize?prefCd=46&kikanCd=55715&kikanKbn=5", "url2": "http://www.minesaki.com", "内容": "ミネサキ調剤薬局　寿店【5:薬局】鹿児島県鹿屋市寿２６番１号" }, "geometry": { "type": "Point", "coordinates": [ 130.865117, 31.386414 ] } },
{ "type": "Feature", "properties": { "ID": 46555721, "正式名称": "きぼう薬局", "機関区分": 5, "都道府県コード": 46, "市区町村コード": 218, "所在地": "鹿児島県霧島市国分湊３９３番地１", "緯度": 31.72143, "経度": 130.777299, "url": "https://www.iryou.teikyouseido.mhlw.go.jp/znk-web/juminkanja/S2430/initialize?prefCd=46&kikanCd=55721&kikanKbn=5", "url2": "https://kibou-pha.net/", "内容": "きぼう薬局【5:薬局】鹿児島県霧島市国分湊３９３番地１" }, "geometry": { "type": "Point", "coordinates": [ 130.777299, 31.72143 ] } },
{ "type": "Feature", "properties": { "ID": 46555722, "正式名称": "とまと薬局　国分店", "機関区分": 5, "都道府県コード": 46, "市区町村コード": 218, "所在地": "鹿児島県霧島市国分中央３－１９－１５", "緯度": 31.736815, "経度": 130.769407, "url": "https://www.iryou.teikyouseido.mhlw.go.jp/znk-web/juminkanja/S2430/initialize?prefCd=46&kikanCd=55722&kikanKbn=5", "url2": null, "内容": "とまと薬局　国分店【5:薬局】鹿児島県霧島市国分中央３－１９－１５" }, "geometry": { "type": "Point", "coordinates": [ 130.769407, 31.736815 ] } },
{ "type": "Feature", "properties": { "ID": 46555724, "正式名称": "スマイル薬局　宇宿店", "機関区分": 5, "都道府県コード": 46, "市区町村コード": 201, "所在地": "鹿児島県鹿児島市宇宿９丁目６番５号", "緯度": 31.555253, "経度": 130.524333, "url": "https://www.iryou.teikyouseido.mhlw.go.jp/znk-web/juminkanja/S2430/initialize?prefCd=46&kikanCd=55724&kikanKbn=5", "url2": "https://three-pc.co.jp/", "内容": "スマイル薬局　宇宿店【5:薬局】鹿児島県鹿児島市宇宿９丁目６番５号" }, "geometry": { "type": "Point", "coordinates": [ 130.524333, 31.555253 ] } },
{ "type": "Feature", "properties": { "ID": 46555725, "正式名称": "千年薬局", "機関区分": 5, "都道府県コード": 46, "市区町村コード": 201, "所在地": "鹿児島県鹿児島市千年２－１１－１３", "緯度": 31.639411, "経度": 130.523824, "url": "https://www.iryou.teikyouseido.mhlw.go.jp/znk-web/juminkanja/S2430/initialize?prefCd=46&kikanCd=55725&kikanKbn=5", "url2": null, "内容": "千年薬局【5:薬局】鹿児島県鹿児島市千年２－１１－１３" }, "geometry": { "type": "Point", "coordinates": [ 130.523824, 31.639411 ] } },
{ "type": "Feature", "properties": { "ID": 46555726, "正式名称": "キリマンジャロ薬局", "機関区分": 5, "都道府県コード": 46, "市区町村コード": 201, "所在地": "鹿児島県鹿児島市武岡１丁目１１６番１号", "緯度": 31.586765, "経度": 130.525308, "url": "https://www.iryou.teikyouseido.mhlw.go.jp/znk-web/juminkanja/S2430/initialize?prefCd=46&kikanCd=55726&kikanKbn=5", "url2": "https://www.mt-pharmacy.jp", "内容": "キリマンジャロ薬局【5:薬局】鹿児島県鹿児島市武岡１丁目１１６番１号" }, "geometry": { "type": "Point", "coordinates": [ 130.525308, 31.586765 ] } },
{ "type": "Feature", "properties": { "ID": 46555727, "正式名称": "真砂薬局", "機関区分": 5, "都道府県コード": 46, "市区町村コード": 201, "所在地": "鹿児島県鹿児島市真砂町", "緯度": 31.560253, "経度": 130.55167, "url": "https://www.iryou.teikyouseido.mhlw.go.jp/znk-web/juminkanja/S2430/initialize?prefCd=46&kikanCd=55727&kikanKbn=5", "url2": null, "内容": "真砂薬局【5:薬局】鹿児島県鹿児島市真砂町" }, "geometry": { "type": "Point", "coordinates": [ 130.55167, 31.560253 ] } },
{ "type": "Feature", "properties": { "ID": 46555736, "正式名称": "漢方のさつま薬局", "機関区分": 5, "都道府県コード": 46, "市区町村コード": 201, "所在地": "鹿児島県鹿児島市和田１ー８ー１サンシティ２１－１", "緯度": 31.513419, "経度": 130.513966, "url": "https://www.iryou.teikyouseido.mhlw.go.jp/znk-web/juminkanja/S2430/initialize?prefCd=46&kikanCd=55736&kikanKbn=5", "url2": "http://satumayakkyoku.com/", "内容": "漢方のさつま薬局【5:薬局】鹿児島県鹿児島市和田１ー８ー１サンシティ２１－１" }, "geometry": { "type": "Point", "coordinates": [ 130.513966, 31.513419 ] } },
{ "type": "Feature", "properties": { "ID": 46555744, "正式名称": "うさぎ薬局", "機関区分": 5, "都道府県コード": 46, "市区町村コード": 225, "所在地": "鹿児島県姶良市東餠田２３６５－３", "緯度": 31.724949, "経度": 130.63416, "url": "https://www.iryou.teikyouseido.mhlw.go.jp/znk-web/juminkanja/S2430/initialize?prefCd=46&kikanCd=55744&kikanKbn=5", "url2": null, "内容": "うさぎ薬局【5:薬局】鹿児島県姶良市東餠田２３６５－３" }, "geometry": { "type": "Point", "coordinates": [ 130.63416, 31.724949 ] } },
{ "type": "Feature", "properties": { "ID": 46555749, "正式名称": "まほろば薬局", "機関区分": 5, "都道府県コード": 46, "市区町村コード": 523, "所在地": "鹿児島県大島郡大和村大棚４１５番地", "緯度": 28.356377, "経度": 129.359505, "url": "https://www.iryou.teikyouseido.mhlw.go.jp/znk-web/juminkanja/S2430/initialize?prefCd=46&kikanCd=55749&kikanKbn=5", "url2": "https://www.np-g.jp", "内容": "まほろば薬局【5:薬局】鹿児島県大島郡大和村大棚４１５番地" }, "geometry": { "type": "Point", "coordinates": [ 129.359505, 28.356377 ] } },
{ "type": "Feature", "properties": { "ID": 46555750, "正式名称": "オアシス薬局", "機関区分": 5, "都道府県コード": 46, "市区町村コード": 201, "所在地": "鹿児島県鹿児島市伊敷台２丁目１７番２０号", "緯度": 31.625767, "経度": 130.535498, "url": "https://www.iryou.teikyouseido.mhlw.go.jp/znk-web/juminkanja/S2430/initialize?prefCd=46&kikanCd=55750&kikanKbn=5", "url2": "https://www.qol-net.co.jp/pharmacy/map/detail.php?id=1178", "内容": "オアシス薬局【5:薬局】鹿児島県鹿児島市伊敷台２丁目１７番２０号" }, "geometry": { "type": "Point", "coordinates": [ 130.535498, 31.625767 ] } },
{ "type": "Feature", "properties": { "ID": 46555756, "正式名称": "南九州調剤薬局　　郡元店", "機関区分": 5, "都道府県コード": 46, "市区町村コード": 201, "所在地": "鹿児島県鹿児島市郡元１－１３－３ー１０１", "緯度": 31.565577, "経度": 130.543508, "url": "https://www.iryou.teikyouseido.mhlw.go.jp/znk-web/juminkanja/S2430/initialize?prefCd=46&kikanCd=55756&kikanKbn=5", "url2": "http://nankyu-chozai.jp", "内容": "南九州調剤薬局　　郡元店【5:薬局】鹿児島県鹿児島市郡元１－１３－３ー１０１" }, "geometry": { "type": "Point", "coordinates": [ 130.543508, 31.565577 ] } },
{ "type": "Feature", "properties": { "ID": 46555763, "正式名称": "ふじ薬局　山田店", "機関区分": 5, "都道府県コード": 46, "市区町村コード": 201, "所在地": "鹿児島県鹿児島市山田町３４０８－９", "緯度": 31.568464, "経度": 130.498939, "url": "https://www.iryou.teikyouseido.mhlw.go.jp/znk-web/juminkanja/S2430/initialize?prefCd=46&kikanCd=55763&kikanKbn=5", "url2": "https://www.qol-net.co.jp/search/", "内容": "ふじ薬局　山田店【5:薬局】鹿児島県鹿児島市山田町３４０８－９" }, "geometry": { "type": "Point", "coordinates": [ 130.498939, 31.568464 ] } },
{ "type": "Feature", "properties": { "ID": 46555764, "正式名称": "けだなの薬局", "機関区分": 5, "都道府県コード": 46, "市区町村コード": 201, "所在地": "鹿児島県鹿児島市吉野３０－１２", "緯度": 31.640655, "経度": 130.575802, "url": "https://www.iryou.teikyouseido.mhlw.go.jp/znk-web/juminkanja/S2430/initialize?prefCd=46&kikanCd=55764&kikanKbn=5", "url2": "https://shiraogawa.co.jp/", "内容": "けだなの薬局【5:薬局】鹿児島県鹿児島市吉野３０－１２" }, "geometry": { "type": "Point", "coordinates": [ 130.575802, 31.640655 ] } },
{ "type": "Feature", "properties": { "ID": 46555770, "正式名称": "おとわ調剤薬局", "機関区分": 5, "都道府県コード": 46, "市区町村コード": 201, "所在地": "鹿児島県鹿児島市小松原１−３７−７", "緯度": 31.535274, "経度": 130.530489, "url": "https://www.iryou.teikyouseido.mhlw.go.jp/znk-web/juminkanja/S2430/initialize?prefCd=46&kikanCd=55770&kikanKbn=5", "url2": "https://sites.google.com/view/otowapharma2009inc", "内容": "おとわ調剤薬局【5:薬局】鹿児島県鹿児島市小松原１−３７−７" }, "geometry": { "type": "Point", "coordinates": [ 130.530489, 31.535274 ] } },
{ "type": "Feature", "properties": { "ID": 46555774, "正式名称": "スマイル薬局川内駅前店", "機関区分": 5, "都道府県コード": 46, "市区町村コード": 215, "所在地": "鹿児島県薩摩川内市東向田町１０１番地", "緯度": 31.814114, "経度": 130.309319, "url": "https://www.iryou.teikyouseido.mhlw.go.jp/znk-web/juminkanja/S2430/initialize?prefCd=46&kikanCd=55774&kikanKbn=5", "url2": "https://www.three-pc.co.jp", "内容": "スマイル薬局川内駅前店【5:薬局】鹿児島県薩摩川内市東向田町１０１番地" }, "geometry": { "type": "Point", "coordinates": [ 130.309319, 31.814114 ] } },
{ "type": "Feature", "properties": { "ID": 46555779, "正式名称": "任天堂薬局", "機関区分": 5, "都道府県コード": 46, "市区町村コード": 201, "所在地": "鹿児島県鹿児島市池之上町９番１１号", "緯度": 31.608853, "経度": 130.564052, "url": "https://www.iryou.teikyouseido.mhlw.go.jp/znk-web/juminkanja/S2430/initialize?prefCd=46&kikanCd=55779&kikanKbn=5", "url2": "https://www.satispharma.com", "内容": "任天堂薬局【5:薬局】鹿児島県鹿児島市池之上町９番１１号" }, "geometry": { "type": "Point", "coordinates": [ 130.564052, 31.608853 ] } },
{ "type": "Feature", "properties": { "ID": 46555788, "正式名称": "ハートフル薬局", "機関区分": 5, "都道府県コード": 46, "市区町村コード": 201, "所在地": "鹿児島県鹿児島市荒田２－４１－１２", "緯度": 31.571167, "経度": 130.551956, "url": "https://www.iryou.teikyouseido.mhlw.go.jp/znk-web/juminkanja/S2430/initialize?prefCd=46&kikanCd=55788&kikanKbn=5", "url2": null, "内容": "ハートフル薬局【5:薬局】鹿児島県鹿児島市荒田２－４１－１２" }, "geometry": { "type": "Point", "coordinates": [ 130.551956, 31.571167 ] } },
{ "type": "Feature", "properties": { "ID": 46555789, "正式名称": "ひかり薬局", "機関区分": 5, "都道府県コード": 46, "市区町村コード": 201, "所在地": "鹿児島県鹿児島市谷山中央１丁目２番８号", "緯度": 31.527479, "経度": 130.520664, "url": "https://www.iryou.teikyouseido.mhlw.go.jp/znk-web/juminkanja/S2430/initialize?prefCd=46&kikanCd=55789&kikanKbn=5", "url2": "http://www.medicalnet-g.com/", "内容": "ひかり薬局【5:薬局】鹿児島県鹿児島市谷山中央１丁目２番８号" }, "geometry": { "type": "Point", "coordinates": [ 130.520664, 31.527479 ] } },
{ "type": "Feature", "properties": { "ID": 46555790, "正式名称": "あなたの薬局", "機関区分": 5, "都道府県コード": 46, "市区町村コード": 221, "所在地": "鹿児島県志布志市志布志町安楽３０１２番地８", "緯度": 31.504163, "経度": 131.088276, "url": "https://www.iryou.teikyouseido.mhlw.go.jp/znk-web/juminkanja/S2430/initialize?prefCd=46&kikanCd=55790&kikanKbn=5", "url2": null, "内容": "あなたの薬局【5:薬局】鹿児島県志布志市志布志町安楽３０１２番地８" }, "geometry": { "type": "Point", "coordinates": [ 131.088276, 31.504163 ] } },
{ "type": "Feature", "properties": { "ID": 46555793, "正式名称": "瀬々串薬局", "機関区分": 5, "都道府県コード": 46, "市区町村コード": 201, "所在地": "鹿児島県鹿児島市喜入瀬々串町　３４０９－２", "緯度": 31.420461, "経度": 130.521745, "url": "https://www.iryou.teikyouseido.mhlw.go.jp/znk-web/juminkanja/S2430/initialize?prefCd=46&kikanCd=55793&kikanKbn=5", "url2": null, "内容": "瀬々串薬局【5:薬局】鹿児島県鹿児島市喜入瀬々串町　３４０９－２" }, "geometry": { "type": "Point", "coordinates": [ 130.521745, 31.420461 ] } },
{ "type": "Feature", "properties": { "ID": 46555795, "正式名称": "はるかぜ薬局", "機関区分": 5, "都道府県コード": 46, "市区町村コード": 201, "所在地": "鹿児島県鹿児島市本名町１０７１番地６", "緯度": 31.682619, "経度": 130.555564, "url": "https://www.iryou.teikyouseido.mhlw.go.jp/znk-web/juminkanja/S2430/initialize?prefCd=46&kikanCd=55795&kikanKbn=5", "url2": "https://www.e-classa.net/peace-of-mind/group.html", "内容": "はるかぜ薬局【5:薬局】鹿児島県鹿児島市本名町１０７１番地６" }, "geometry": { "type": "Point", "coordinates": [ 130.555564, 31.682619 ] } },
{ "type": "Feature", "properties": { "ID": 46555796, "正式名称": "やよい調剤薬局", "機関区分": 5, "都道府県コード": 46, "市区町村コード": 201, "所在地": "鹿児島県鹿児島市草牟田二丁目９番２号１階", "緯度": 31.604805, "経度": 130.538096, "url": "https://www.iryou.teikyouseido.mhlw.go.jp/znk-web/juminkanja/S2430/initialize?prefCd=46&kikanCd=55796&kikanKbn=5", "url2": null, "内容": "やよい調剤薬局【5:薬局】鹿児島県鹿児島市草牟田二丁目９番２号１階" }, "geometry": { "type": "Point", "coordinates": [ 130.538096, 31.604805 ] } },
{ "type": "Feature", "properties": { "ID": 46555801, "正式名称": "かもだ通り薬局", "機関区分": 5, "都道府県コード": 46, "市区町村コード": 225, "所在地": "鹿児島県姶良市加治木町本町３４４", "緯度": 31.738006, "経度": 130.665325, "url": "https://www.iryou.teikyouseido.mhlw.go.jp/znk-web/juminkanja/S2430/initialize?prefCd=46&kikanCd=55801&kikanKbn=5", "url2": null, "内容": "かもだ通り薬局【5:薬局】鹿児島県姶良市加治木町本町３４４" }, "geometry": { "type": "Point", "coordinates": [ 130.665325, 31.738006 ] } },
{ "type": "Feature", "properties": { "ID": 46555805, "正式名称": "クオール薬局　霧島店", "機関区分": 5, "都道府県コード": 46, "市区町村コード": 218, "所在地": "鹿児島県霧島市霧島田口２１１５－１６", "緯度": 31.848125, "経度": 130.855006, "url": "https://www.iryou.teikyouseido.mhlw.go.jp/znk-web/juminkanja/S2430/initialize?prefCd=46&kikanCd=55805&kikanKbn=5", "url2": "https://store.qol-net.co.jp/detail/843/", "内容": "クオール薬局　霧島店【5:薬局】鹿児島県霧島市霧島田口２１１５－１６" }, "geometry": { "type": "Point", "coordinates": [ 130.855006, 31.848125 ] } },
{ "type": "Feature", "properties": { "ID": 46555808, "正式名称": "めばえ薬局", "機関区分": 5, "都道府県コード": 46, "市区町村コード": 225, "所在地": "鹿児島県姶良市東餠田５１０－７", "緯度": 31.724949, "経度": 130.63416, "url": "https://www.iryou.teikyouseido.mhlw.go.jp/znk-web/juminkanja/S2430/initialize?prefCd=46&kikanCd=55808&kikanKbn=5", "url2": null, "内容": "めばえ薬局【5:薬局】鹿児島県姶良市東餠田５１０－７" }, "geometry": { "type": "Point", "coordinates": [ 130.63416, 31.724949 ] } },
{ "type": "Feature", "properties": { "ID": 46555809, "正式名称": "小牧薬局　中央店", "機関区分": 5, "都道府県コード": 46, "市区町村コード": 201, "所在地": "鹿児島県鹿児島市中央町２９番地１１", "緯度": 31.581106, "経度": 130.543409, "url": "https://www.iryou.teikyouseido.mhlw.go.jp/znk-web/juminkanja/S2430/initialize?prefCd=46&kikanCd=55809&kikanKbn=5", "url2": null, "内容": "小牧薬局　中央店【5:薬局】鹿児島県鹿児島市中央町２９番地１１" }, "geometry": { "type": "Point", "coordinates": [ 130.543409, 31.581106 ] } },
{ "type": "Feature", "properties": { "ID": 46555810, "正式名称": "かぐや姫薬局", "機関区分": 5, "都道府県コード": 46, "市区町村コード": 392, "所在地": "鹿児島県薩摩郡さつま町轟町３９番１０", "緯度": 31.914887, "経度": 130.459398, "url": "https://www.iryou.teikyouseido.mhlw.go.jp/znk-web/juminkanja/S2430/initialize?prefCd=46&kikanCd=55810&kikanKbn=5", "url2": "https://e3110076.wixsite.com/-site", "内容": "かぐや姫薬局【5:薬局】鹿児島県薩摩郡さつま町轟町３９番１０" }, "geometry": { "type": "Point", "coordinates": [ 130.459398, 31.914887 ] } },
{ "type": "Feature", "properties": { "ID": 46555816, "正式名称": "鶴丸調剤薬局　玉竜店", "機関区分": 5, "都道府県コード": 46, "市区町村コード": 201, "所在地": "鹿児島県鹿児島市上竜尾町５番１８号", "緯度": 31.607416, "経度": 130.560687, "url": "https://www.iryou.teikyouseido.mhlw.go.jp/znk-web/juminkanja/S2430/initialize?prefCd=46&kikanCd=55816&kikanKbn=5", "url2": "https://www.nanohana-ph.jp/shop/tsurumaru-gyokuryu.php", "内容": "鶴丸調剤薬局　玉竜店【5:薬局】鹿児島県鹿児島市上竜尾町５番１８号" }, "geometry": { "type": "Point", "coordinates": [ 130.560687, 31.607416 ] } },
{ "type": "Feature", "properties": { "ID": 46555817, "正式名称": "郡山中央薬局", "機関区分": 5, "都道府県コード": 46, "市区町村コード": 201, "所在地": "鹿児島県鹿児島市郡山町６４７８番１", "緯度": 31.680556, "経度": 130.472397, "url": "https://www.iryou.teikyouseido.mhlw.go.jp/znk-web/juminkanja/S2430/initialize?prefCd=46&kikanCd=55817&kikanKbn=5", "url2": null, "内容": "郡山中央薬局【5:薬局】鹿児島県鹿児島市郡山町６４７８番１" }, "geometry": { "type": "Point", "coordinates": [ 130.472397, 31.680556 ] } },
{ "type": "Feature", "properties": { "ID": 46555818, "正式名称": "吉野中央薬局", "機関区分": 5, "都道府県コード": 46, "市区町村コード": 201, "所在地": "鹿児島県鹿児島市吉野町２２８６ー３", "緯度": 31.639656, "経度": 130.567557, "url": "https://www.iryou.teikyouseido.mhlw.go.jp/znk-web/juminkanja/S2430/initialize?prefCd=46&kikanCd=55818&kikanKbn=5", "url2": null, "内容": "吉野中央薬局【5:薬局】鹿児島県鹿児島市吉野町２２８６ー３" }, "geometry": { "type": "Point", "coordinates": [ 130.567557, 31.639656 ] } },
{ "type": "Feature", "properties": { "ID": 46555820, "正式名称": "薬局みらい", "機関区分": 5, "都道府県コード": 46, "市区町村コード": 201, "所在地": "鹿児島県鹿児島市宇宿４丁目３５番１８号", "緯度": 31.546235, "経度": 130.534997, "url": "https://www.iryou.teikyouseido.mhlw.go.jp/znk-web/juminkanja/S2430/initialize?prefCd=46&kikanCd=55820&kikanKbn=5", "url2": null, "内容": "薬局みらい【5:薬局】鹿児島県鹿児島市宇宿４丁目３５番１８号" }, "geometry": { "type": "Point", "coordinates": [ 130.534997, 31.546235 ] } },
{ "type": "Feature", "properties": { "ID": 46555821, "正式名称": "マロニエ薬局", "機関区分": 5, "都道府県コード": 46, "市区町村コード": 201, "所在地": "鹿児島県鹿児島市宇宿二丁目２５番３０－１０１号", "緯度": 31.539297, "経度": 130.53655, "url": "https://www.iryou.teikyouseido.mhlw.go.jp/znk-web/juminkanja/S2430/initialize?prefCd=46&kikanCd=55821&kikanKbn=5", "url2": null, "内容": "マロニエ薬局【5:薬局】鹿児島県鹿児島市宇宿二丁目２５番３０－１０１号" }, "geometry": { "type": "Point", "coordinates": [ 130.53655, 31.539297 ] } },
{ "type": "Feature", "properties": { "ID": 46555822, "正式名称": "まさき薬局", "機関区分": 5, "都道府県コード": 46, "市区町村コード": 201, "所在地": "鹿児島県鹿児島市下荒田一丁目２番２１号", "緯度": 31.5778, "経度": 130.554213, "url": "https://www.iryou.teikyouseido.mhlw.go.jp/znk-web/juminkanja/S2430/initialize?prefCd=46&kikanCd=55822&kikanKbn=5", "url2": "http://www.mastco.jp/masaki.html", "内容": "まさき薬局【5:薬局】鹿児島県鹿児島市下荒田一丁目２番２１号" }, "geometry": { "type": "Point", "coordinates": [ 130.554213, 31.5778 ] } },
{ "type": "Feature", "properties": { "ID": 46555823, "正式名称": "薬局ニューロン", "機関区分": 5, "都道府県コード": 46, "市区町村コード": 201, "所在地": "鹿児島県鹿児島市東開町３番地１６３", "緯度": 31.529117, "経度": 130.532197, "url": "https://www.iryou.teikyouseido.mhlw.go.jp/znk-web/juminkanja/S2430/initialize?prefCd=46&kikanCd=55823&kikanKbn=5", "url2": null, "内容": "薬局ニューロン【5:薬局】鹿児島県鹿児島市東開町３番地１６３" }, "geometry": { "type": "Point", "coordinates": [ 130.532197, 31.529117 ] } },
{ "type": "Feature", "properties": { "ID": 46555824, "正式名称": "パンジー薬局", "機関区分": 5, "都道府県コード": 46, "市区町村コード": 201, "所在地": "鹿児島県鹿児島市東谷山６丁目３７－２５", "緯度": 31.537149, "経度": 130.519738, "url": "https://www.iryou.teikyouseido.mhlw.go.jp/znk-web/juminkanja/S2430/initialize?prefCd=46&kikanCd=55824&kikanKbn=5", "url2": null, "内容": "パンジー薬局【5:薬局】鹿児島県鹿児島市東谷山６丁目３７－２５" }, "geometry": { "type": "Point", "coordinates": [ 130.519738, 31.537149 ] } },
{ "type": "Feature", "properties": { "ID": 46555835, "正式名称": "わかば薬局　中央町店", "機関区分": 5, "都道府県コード": 46, "市区町村コード": 201, "所在地": "鹿児島県鹿児島市中央町３２番３４号", "緯度": 31.579935, "経度": 130.5419, "url": "https://www.iryou.teikyouseido.mhlw.go.jp/znk-web/juminkanja/S2430/initialize?prefCd=46&kikanCd=55835&kikanKbn=5", "url2": "http://wakaba-chuo.jp", "内容": "わかば薬局　中央町店【5:薬局】鹿児島県鹿児島市中央町３２番３４号" }, "geometry": { "type": "Point", "coordinates": [ 130.5419, 31.579935 ] } },
{ "type": "Feature", "properties": { "ID": 46555837, "正式名称": "日本調剤鹿屋薬局", "機関区分": 5, "都道府県コード": 46, "市区町村コード": 203, "所在地": "鹿児島県鹿屋市新川町６０８１－１", "緯度": 31.376462, "経度": 130.860952, "url": "https://www.iryou.teikyouseido.mhlw.go.jp/znk-web/juminkanja/S2430/initialize?prefCd=46&kikanCd=55837&kikanKbn=5", "url2": "https://www.nicho.co.jp/tenpo/kanoya/", "内容": "日本調剤鹿屋薬局【5:薬局】鹿児島県鹿屋市新川町６０８１－１" }, "geometry": { "type": "Point", "coordinates": [ 130.860952, 31.376462 ] } },
{ "type": "Feature", "properties": { "ID": 46555839, "正式名称": "おおすみ薬局", "機関区分": 5, "都道府県コード": 46, "市区町村コード": 203, "所在地": "鹿児島県鹿屋市新川町９０８番地", "緯度": 31.376055, "経度": 130.860418, "url": "https://www.iryou.teikyouseido.mhlw.go.jp/znk-web/juminkanja/S2430/initialize?prefCd=46&kikanCd=55839&kikanKbn=5", "url2": "https://osumi-pharmacy.kmtk.jp/", "内容": "おおすみ薬局【5:薬局】鹿児島県鹿屋市新川町９０８番地" }, "geometry": { "type": "Point", "coordinates": [ 130.860418, 31.376055 ] } },
{ "type": "Feature", "properties": { "ID": 46555848, "正式名称": "吉野さくら薬局", "機関区分": 5, "都道府県コード": 46, "市区町村コード": 201, "所在地": "鹿児島県鹿児島市吉野町５９３８―６", "緯度": 31.640655, "経度": 130.575802, "url": "https://www.iryou.teikyouseido.mhlw.go.jp/znk-web/juminkanja/S2430/initialize?prefCd=46&kikanCd=55848&kikanKbn=5", "url2": "http://www.kouei-group.com/", "内容": "吉野さくら薬局【5:薬局】鹿児島県鹿児島市吉野町５９３８―６" }, "geometry": { "type": "Point", "coordinates": [ 130.575802, 31.640655 ] } },
{ "type": "Feature", "properties": { "ID": 46555849, "正式名称": "イルカ調剤薬局　石谷店", "機関区分": 5, "都道府県コード": 46, "市区町村コード": 201, "所在地": "鹿児島県鹿児島市石谷町２１００－１８", "緯度": 31.595871, "経度": 130.463896, "url": "https://www.iryou.teikyouseido.mhlw.go.jp/znk-web/juminkanja/S2430/initialize?prefCd=46&kikanCd=55849&kikanKbn=5", "url2": "http://www.iruka-pharmacy.com/", "内容": "イルカ調剤薬局　石谷店【5:薬局】鹿児島県鹿児島市石谷町２１００－１８" }, "geometry": { "type": "Point", "coordinates": [ 130.463896, 31.595871 ] } },
{ "type": "Feature", "properties": { "ID": 46555851, "正式名称": "すみれ薬局", "機関区分": 5, "都道府県コード": 46, "市区町村コード": 216, "所在地": "鹿児島県日置市伊集院町郡２－６６", "緯度": 31.634126, "経度": 130.400058, "url": "https://www.iryou.teikyouseido.mhlw.go.jp/znk-web/juminkanja/S2430/initialize?prefCd=46&kikanCd=55851&kikanKbn=5", "url2": null, "内容": "すみれ薬局【5:薬局】鹿児島県日置市伊集院町郡２－６６" }, "geometry": { "type": "Point", "coordinates": [ 130.400058, 31.634126 ] } },
{ "type": "Feature", "properties": { "ID": 46555852, "正式名称": "きずな薬局", "機関区分": 5, "都道府県コード": 46, "市区町村コード": 201, "所在地": "鹿児島県鹿児島市中央町２１－８", "緯度": 31.58282, "経度": 130.54251, "url": "https://www.iryou.teikyouseido.mhlw.go.jp/znk-web/juminkanja/S2430/initialize?prefCd=46&kikanCd=55852&kikanKbn=5", "url2": null, "内容": "きずな薬局【5:薬局】鹿児島県鹿児島市中央町２１－８" }, "geometry": { "type": "Point", "coordinates": [ 130.54251, 31.58282 ] } },
{ "type": "Feature", "properties": { "ID": 46555854, "正式名称": "漢方薬局どんぐりとネコ", "機関区分": 5, "都道府県コード": 46, "市区町村コード": 218, "所在地": "鹿児島県霧島市国分中央４丁目１７－２４", "緯度": 31.733027, "経度": 130.77287, "url": "https://www.iryou.teikyouseido.mhlw.go.jp/znk-web/juminkanja/S2430/initialize?prefCd=46&kikanCd=55854&kikanKbn=5", "url2": "https://www.donnguritoneko.com", "内容": "漢方薬局どんぐりとネコ【5:薬局】鹿児島県霧島市国分中央４丁目１７－２４" }, "geometry": { "type": "Point", "coordinates": [ 130.77287, 31.733027 ] } },
{ "type": "Feature", "properties": { "ID": 46555865, "正式名称": "ライム調剤薬局", "機関区分": 5, "都道府県コード": 46, "市区町村コード": 201, "所在地": "鹿児島県鹿児島市中山町", "緯度": 31.537357, "経度": 130.500184, "url": "https://www.iryou.teikyouseido.mhlw.go.jp/znk-web/juminkanja/S2430/initialize?prefCd=46&kikanCd=55865&kikanKbn=5", "url2": "d-ml.co.jp", "内容": "ライム調剤薬局【5:薬局】鹿児島県鹿児島市中山町" }, "geometry": { "type": "Point", "coordinates": [ 130.500184, 31.537357 ] } },
{ "type": "Feature", "properties": { "ID": 46555868, "正式名称": "スター調剤薬局　坂之上店", "機関区分": 5, "都道府県コード": 46, "市区町村コード": 201, "所在地": "鹿児島県鹿児島市光山２丁目１０－２５", "緯度": 31.492392, "経度": 130.509303, "url": "https://www.iryou.teikyouseido.mhlw.go.jp/znk-web/juminkanja/S2430/initialize?prefCd=46&kikanCd=55868&kikanKbn=5", "url2": "http://shiraogawa.co.jp/", "内容": "スター調剤薬局　坂之上店【5:薬局】鹿児島県鹿児島市光山２丁目１０－２５" }, "geometry": { "type": "Point", "coordinates": [ 130.509303, 31.492392 ] } },
{ "type": "Feature", "properties": { "ID": 46555870, "正式名称": "沖永良部薬局", "機関区分": 5, "都道府県コード": 46, "市区町村コード": 534, "所在地": "鹿児島県大島郡知名町知名５９５", "緯度": 27.332835, "経度": 128.572421, "url": "https://www.iryou.teikyouseido.mhlw.go.jp/znk-web/juminkanja/S2430/initialize?prefCd=46&kikanCd=55870&kikanKbn=5", "url2": null, "内容": "沖永良部薬局【5:薬局】鹿児島県大島郡知名町知名５９５" }, "geometry": { "type": "Point", "coordinates": [ 128.572421, 27.332835 ] } },
{ "type": "Feature", "properties": { "ID": 46555876, "正式名称": "クローバー薬局", "機関区分": 5, "都道府県コード": 46, "市区町村コード": 201, "所在地": "鹿児島県鹿児島市下伊敷一丁目２４番６号", "緯度": 31.613805, "経度": 130.53744, "url": "https://www.iryou.teikyouseido.mhlw.go.jp/znk-web/juminkanja/S2430/initialize?prefCd=46&kikanCd=55876&kikanKbn=5", "url2": "https://www.satispharma.com", "内容": "クローバー薬局【5:薬局】鹿児島県鹿児島市下伊敷一丁目２４番６号" }, "geometry": { "type": "Point", "coordinates": [ 130.53744, 31.613805 ] } },
{ "type": "Feature", "properties": { "ID": 46555879, "正式名称": "南日本薬剤センター薬局　　鴨池新町店", "機関区分": 5, "都道府県コード": 46, "市区町村コード": 201, "所在地": "鹿児島県鹿児島市鴨池新町５番８号", "緯度": 31.554885, "経度": 130.557238, "url": "https://www.iryou.teikyouseido.mhlw.go.jp/znk-web/juminkanja/S2430/initialize?prefCd=46&kikanCd=55879&kikanKbn=5", "url2": "http://www.373pc.co.jp", "内容": "南日本薬剤センター薬局　　鴨池新町店【5:薬局】鹿児島県鹿児島市鴨池新町５番８号" }, "geometry": { "type": "Point", "coordinates": [ 130.557238, 31.554885 ] } },
{ "type": "Feature", "properties": { "ID": 46555880, "正式名称": "にしせんごく薬局", "機関区分": 5, "都道府県コード": 46, "市区町村コード": 201, "所在地": "鹿児島県鹿児島市西千石町１２－１１－１０１", "緯度": 31.589354, "経度": 130.549615, "url": "https://www.iryou.teikyouseido.mhlw.go.jp/znk-web/juminkanja/S2430/initialize?prefCd=46&kikanCd=55880&kikanKbn=5", "url2": null, "内容": "にしせんごく薬局【5:薬局】鹿児島県鹿児島市西千石町１２－１１－１０１" }, "geometry": { "type": "Point", "coordinates": [ 130.549615, 31.589354 ] } },
{ "type": "Feature", "properties": { "ID": 46555881, "正式名称": "スター調剤薬局　うすき店", "機関区分": 5, "都道府県コード": 46, "市区町村コード": 201, "所在地": "鹿児島県鹿児島市宇宿四丁目３０番１１号", "緯度": 31.547747, "経度": 130.533297, "url": "https://www.iryou.teikyouseido.mhlw.go.jp/znk-web/juminkanja/S2430/initialize?prefCd=46&kikanCd=55881&kikanKbn=5", "url2": "http://www.shiraogawa.co.jp", "内容": "スター調剤薬局　うすき店【5:薬局】鹿児島県鹿児島市宇宿四丁目３０番１１号" }, "geometry": { "type": "Point", "coordinates": [ 130.533297, 31.547747 ] } },
{ "type": "Feature", "properties": { "ID": 46555904, "正式名称": "ホワイト薬局", "機関区分": 5, "都道府県コード": 46, "市区町村コード": 201, "所在地": "鹿児島県鹿児島市薬師", "緯度": 31.591151, "経度": 130.541807, "url": "https://www.iryou.teikyouseido.mhlw.go.jp/znk-web/juminkanja/S2430/initialize?prefCd=46&kikanCd=55904&kikanKbn=5", "url2": null, "内容": "ホワイト薬局【5:薬局】鹿児島県鹿児島市薬師" }, "geometry": { "type": "Point", "coordinates": [ 130.541807, 31.591151 ] } },
{ "type": "Feature", "properties": { "ID": 46555905, "正式名称": "ピエール薬局", "機関区分": 5, "都道府県コード": 46, "市区町村コード": 201, "所在地": "鹿児島県鹿児島市郡元一丁目４番３号―１０２号", "緯度": 31.570089, "経度": 130.540881, "url": "https://www.iryou.teikyouseido.mhlw.go.jp/znk-web/juminkanja/S2430/initialize?prefCd=46&kikanCd=55905&kikanKbn=5", "url2": null, "内容": "ピエール薬局【5:薬局】鹿児島県鹿児島市郡元一丁目４番３号―１０２号" }, "geometry": { "type": "Point", "coordinates": [ 130.540881, 31.570089 ] } },
{ "type": "Feature", "properties": { "ID": 46555908, "正式名称": "はなのゆ薬局　加治木店", "機関区分": 5, "都道府県コード": 46, "市区町村コード": 225, "所在地": "鹿児島県姶良市加治木町仮屋町２番地１", "緯度": 31.738997, "経度": 130.662765, "url": "https://www.iryou.teikyouseido.mhlw.go.jp/znk-web/juminkanja/S2430/initialize?prefCd=46&kikanCd=55908&kikanKbn=5", "url2": "hhttps://hananoyu-pharmacy.com", "内容": "はなのゆ薬局　加治木店【5:薬局】鹿児島県姶良市加治木町仮屋町２番地１" }, "geometry": { "type": "Point", "coordinates": [ 130.662765, 31.738997 ] } },
{ "type": "Feature", "properties": { "ID": 46555909, "正式名称": "にしあいら薬局", "機関区分": 5, "都道府県コード": 46, "市区町村コード": 225, "所在地": "鹿児島県姶良市西姶良１丁目２２番８－１号", "緯度": 31.73105, "経度": 130.603769, "url": "https://www.iryou.teikyouseido.mhlw.go.jp/znk-web/juminkanja/S2430/initialize?prefCd=46&kikanCd=55909&kikanKbn=5", "url2": null, "内容": "にしあいら薬局【5:薬局】鹿児島県姶良市西姶良１丁目２２番８－１号" }, "geometry": { "type": "Point", "coordinates": [ 130.603769, 31.73105 ] } },
{ "type": "Feature", "properties": { "ID": 46555916, "正式名称": "みなみの薬局", "機関区分": 5, "都道府県コード": 46, "市区町村コード": 201, "所在地": "鹿児島県鹿児島市長田町１５－８", "緯度": 31.604231, "経度": 130.556492, "url": "https://www.iryou.teikyouseido.mhlw.go.jp/znk-web/juminkanja/S2430/initialize?prefCd=46&kikanCd=55916&kikanKbn=5", "url2": null, "内容": "みなみの薬局【5:薬局】鹿児島県鹿児島市長田町１５－８" }, "geometry": { "type": "Point", "coordinates": [ 130.556492, 31.604231 ] } },
{ "type": "Feature", "properties": { "ID": 46555917, "正式名称": "高見馬場薬局", "機関区分": 5, "都道府県コード": 46, "市区町村コード": 201, "所在地": "鹿児島県鹿児島市山之口町１番１５号ＥＰ鹿児島ビル１階", "緯度": 31.5889225, "経度": 130.5522081, "url": "https://www.iryou.teikyouseido.mhlw.go.jp/znk-web/juminkanja/S2430/initialize?prefCd=46&kikanCd=55917&kikanKbn=5", "url2": "minamino-pharmacy.jp", "内容": "高見馬場薬局【5:薬局】鹿児島県鹿児島市山之口町１番１５号ＥＰ鹿児島ビル１階" }, "geometry": { "type": "Point", "coordinates": [ 130.5522081, 31.5889225 ] } },
{ "type": "Feature", "properties": { "ID": 46555918, "正式名称": "メルシー薬局", "機関区分": 5, "都道府県コード": 46, "市区町村コード": 201, "所在地": "鹿児島県鹿児島市坂元町１２９１－１", "緯度": 31.625926, "経度": 130.558282, "url": "https://www.iryou.teikyouseido.mhlw.go.jp/znk-web/juminkanja/S2430/initialize?prefCd=46&kikanCd=55918&kikanKbn=5", "url2": null, "内容": "メルシー薬局【5:薬局】鹿児島県鹿児島市坂元町１２９１－１" }, "geometry": { "type": "Point", "coordinates": [ 130.558282, 31.625926 ] } },
{ "type": "Feature", "properties": { "ID": 46555920, "正式名称": "かもいけ電停前さくら薬局", "機関区分": 5, "都道府県コード": 46, "市区町村コード": 201, "所在地": "鹿児島県鹿児島市鴨池１－３１－１１", "緯度": 31.565759, "経度": 130.550253, "url": "https://www.iryou.teikyouseido.mhlw.go.jp/znk-web/juminkanja/S2430/initialize?prefCd=46&kikanCd=55920&kikanKbn=5", "url2": "http://3971sakura.wixsite.com/3971", "内容": "かもいけ電停前さくら薬局【5:薬局】鹿児島県鹿児島市鴨池１－３１－１１" }, "geometry": { "type": "Point", "coordinates": [ 130.550253, 31.565759 ] } },
{ "type": "Feature", "properties": { "ID": 46555921, "正式名称": "南日本薬剤センター薬局　　坂之上店", "機関区分": 5, "都道府県コード": 46, "市区町村コード": 201, "所在地": "鹿児島県鹿児島市坂之上２丁目１４番１２号", "緯度": 31.501835, "経度": 130.506087, "url": "https://www.iryou.teikyouseido.mhlw.go.jp/znk-web/juminkanja/S2430/initialize?prefCd=46&kikanCd=55921&kikanKbn=5", "url2": "http://www.373pc.co.jp", "内容": "南日本薬剤センター薬局　　坂之上店【5:薬局】鹿児島県鹿児島市坂之上２丁目１４番１２号" }, "geometry": { "type": "Point", "coordinates": [ 130.506087, 31.501835 ] } },
{ "type": "Feature", "properties": { "ID": 46555922, "正式名称": "株式会社大賀薬局　宇宿店", "機関区分": 5, "都道府県コード": 46, "市区町村コード": 201, "所在地": "鹿児島県鹿児島市宇宿八丁目８番２３号", "緯度": 31.555475, "経度": 130.524647, "url": "https://www.iryou.teikyouseido.mhlw.go.jp/znk-web/juminkanja/S2430/initialize?prefCd=46&kikanCd=55922&kikanKbn=5", "url2": "http://www.ohga-ph.com/", "内容": "株式会社大賀薬局　宇宿店【5:薬局】鹿児島県鹿児島市宇宿八丁目８番２３号" }, "geometry": { "type": "Point", "coordinates": [ 130.524647, 31.555475 ] } },
{ "type": "Feature", "properties": { "ID": 46555927, "正式名称": "おおすみ薬局　田代店", "機関区分": 5, "都道府県コード": 46, "市区町村コード": 490, "所在地": "鹿児島県肝属郡錦江町田代川原４３３番地４", "緯度": 31.190267, "経度": 130.8353, "url": "https://www.iryou.teikyouseido.mhlw.go.jp/znk-web/juminkanja/S2430/initialize?prefCd=46&kikanCd=55927&kikanKbn=5", "url2": "https://osumi-pharmacy.kmtk.jp/", "内容": "おおすみ薬局　田代店【5:薬局】鹿児島県肝属郡錦江町田代川原４３３番地４" }, "geometry": { "type": "Point", "coordinates": [ 130.8353, 31.190267 ] } },
{ "type": "Feature", "properties": { "ID": 46555929, "正式名称": "たいよう薬局　西姶良", "機関区分": 5, "都道府県コード": 46, "市区町村コード": 225, "所在地": "鹿児島県姶良市西姶良４丁目９番１号", "緯度": 31.734374, "経度": 130.602058, "url": "https://www.iryou.teikyouseido.mhlw.go.jp/znk-web/juminkanja/S2430/initialize?prefCd=46&kikanCd=55929&kikanKbn=5", "url2": "http://fukumoto-pha.jp/", "内容": "たいよう薬局　西姶良【5:薬局】鹿児島県姶良市西姶良４丁目９番１号" }, "geometry": { "type": "Point", "coordinates": [ 130.602058, 31.734374 ] } },
{ "type": "Feature", "properties": { "ID": 46555930, "正式名称": "ミネサキ調剤薬局　志布志店", "機関区分": 5, "都道府県コード": 46, "市区町村コード": 221, "所在地": "鹿児島県志布志市志布志町志布志２丁目９番８号", "緯度": 31.475692, "経度": 131.097566, "url": "https://www.iryou.teikyouseido.mhlw.go.jp/znk-web/juminkanja/S2430/initialize?prefCd=46&kikanCd=55930&kikanKbn=5", "url2": "https://www.kusurinomadoguchi.com/kagoshima/s818070", "内容": "ミネサキ調剤薬局　志布志店【5:薬局】鹿児島県志布志市志布志町志布志２丁目９番８号" }, "geometry": { "type": "Point", "coordinates": [ 131.097566, 31.475692 ] } },
{ "type": "Feature", "properties": { "ID": 46555933, "正式名称": "薬局やまだファーマシー　谷山北中前店", "機関区分": 5, "都道府県コード": 46, "市区町村コード": 201, "所在地": "鹿児島県鹿児島市山田町６４６番１０", "緯度": 31.561256, "経度": 130.503747, "url": "https://www.iryou.teikyouseido.mhlw.go.jp/znk-web/juminkanja/S2430/initialize?prefCd=46&kikanCd=55933&kikanKbn=5", "url2": "https://www.ekiten.jp/shop_53130822/", "内容": "薬局やまだファーマシー　谷山北中前店【5:薬局】鹿児島県鹿児島市山田町６４６番１０" }, "geometry": { "type": "Point", "coordinates": [ 130.503747, 31.561256 ] } },
{ "type": "Feature", "properties": { "ID": 46555943, "正式名称": "オレンジ玉里薬局", "機関区分": 5, "都道府県コード": 46, "市区町村コード": 201, "所在地": "鹿児島県鹿児島市下伊敷１丁目２４番１３号", "緯度": 31.613888, "経度": 130.536944, "url": "https://www.iryou.teikyouseido.mhlw.go.jp/znk-web/juminkanja/S2430/initialize?prefCd=46&kikanCd=55943&kikanKbn=5", "url2": null, "内容": "オレンジ玉里薬局【5:薬局】鹿児島県鹿児島市下伊敷１丁目２４番１３号" }, "geometry": { "type": "Point", "coordinates": [ 130.536944, 31.613888 ] } },
{ "type": "Feature", "properties": { "ID": 46555944, "正式名称": "グリーンハート薬局", "機関区分": 5, "都道府県コード": 46, "市区町村コード": 201, "所在地": "鹿児島県鹿児島市上荒田町３３－５", "緯度": 31.573959, "経度": 130.546906, "url": "https://www.iryou.teikyouseido.mhlw.go.jp/znk-web/juminkanja/S2430/initialize?prefCd=46&kikanCd=55944&kikanKbn=5", "url2": null, "内容": "グリーンハート薬局【5:薬局】鹿児島県鹿児島市上荒田町３３－５" }, "geometry": { "type": "Point", "coordinates": [ 130.546906, 31.573959 ] } },
{ "type": "Feature", "properties": { "ID": 46555948, "正式名称": "アイリス薬局", "機関区分": 5, "都道府県コード": 46, "市区町村コード": 210, "所在地": "鹿児島県指宿市十町１１４４", "緯度": 31.249689, "経度": 130.63994, "url": "https://www.iryou.teikyouseido.mhlw.go.jp/znk-web/juminkanja/S2430/initialize?prefCd=46&kikanCd=55948&kikanKbn=5", "url2": null, "内容": "アイリス薬局【5:薬局】鹿児島県指宿市十町１１４４" }, "geometry": { "type": "Point", "coordinates": [ 130.63994, 31.249689 ] } },
{ "type": "Feature", "properties": { "ID": 46555954, "正式名称": "はなのゆ薬局", "機関区分": 5, "都道府県コード": 46, "市区町村コード": 201, "所在地": "鹿児島県鹿児島市吉野１丁目４１番６号", "緯度": 31.650792, "経度": 130.566503, "url": "https://www.iryou.teikyouseido.mhlw.go.jp/znk-web/juminkanja/S2430/initialize?prefCd=46&kikanCd=55954&kikanKbn=5", "url2": "https://hananoyu-pharmacy.com/", "内容": "はなのゆ薬局【5:薬局】鹿児島県鹿児島市吉野１丁目４１番６号" }, "geometry": { "type": "Point", "coordinates": [ 130.566503, 31.650792 ] } },
{ "type": "Feature", "properties": { "ID": 46555956, "正式名称": "すみよし薬局", "機関区分": 5, "都道府県コード": 46, "市区町村コード": 218, "所在地": "鹿児島県霧島市隼人町住吉６２３番地２", "緯度": 31.723073, "経度": 130.74454, "url": "https://www.iryou.teikyouseido.mhlw.go.jp/znk-web/juminkanja/S2430/initialize?prefCd=46&kikanCd=55956&kikanKbn=5", "url2": "https://sumiyoshi-ph.jp", "内容": "すみよし薬局【5:薬局】鹿児島県霧島市隼人町住吉６２３番地２" }, "geometry": { "type": "Point", "coordinates": [ 130.74454, 31.723073 ] } },
{ "type": "Feature", "properties": { "ID": 46555963, "正式名称": "パパイヤ薬局", "機関区分": 5, "都道府県コード": 46, "市区町村コード": 201, "所在地": "鹿児島県鹿児島市中央町３６番地１２－１Ｆ", "緯度": 31.578823, "経度": 130.54325, "url": "https://www.iryou.teikyouseido.mhlw.go.jp/znk-web/juminkanja/S2430/initialize?prefCd=46&kikanCd=55963&kikanKbn=5", "url2": "https://gusui.co.jp/ﾊﾟﾊﾟｲﾔ/", "内容": "パパイヤ薬局【5:薬局】鹿児島県鹿児島市中央町３６番地１２－１Ｆ" }, "geometry": { "type": "Point", "coordinates": [ 130.54325, 31.578823 ] } },
{ "type": "Feature", "properties": { "ID": 46555964, "正式名称": "千石馬場さくら薬局", "機関区分": 5, "都道府県コード": 46, "市区町村コード": 201, "所在地": "鹿児島県鹿児島市平之町１番２２号リードインアイエスヒラノ１－Ｂ", "緯度": 31.589368, "経度": 130.546337, "url": "https://www.iryou.teikyouseido.mhlw.go.jp/znk-web/juminkanja/S2430/initialize?prefCd=46&kikanCd=55964&kikanKbn=5", "url2": null, "内容": "千石馬場さくら薬局【5:薬局】鹿児島県鹿児島市平之町１番２２号リードインアイエスヒラノ１－Ｂ" }, "geometry": { "type": "Point", "coordinates": [ 130.546337, 31.589368 ] } },
{ "type": "Feature", "properties": { "ID": 46555969, "正式名称": "ふらっと薬局", "機関区分": 5, "都道府県コード": 46, "市区町村コード": 218, "所在地": "鹿児島県霧島市隼人町内９３３番地３", "緯度": 31.756565, "経度": 130.746984, "url": "https://www.iryou.teikyouseido.mhlw.go.jp/znk-web/juminkanja/S2430/initialize?prefCd=46&kikanCd=55969&kikanKbn=5", "url2": "https://flatpharma.wixsite.com/website", "内容": "ふらっと薬局【5:薬局】鹿児島県霧島市隼人町内９３３番地３" }, "geometry": { "type": "Point", "coordinates": [ 130.746984, 31.756565 ] } },
{ "type": "Feature", "properties": { "ID": 46555974, "正式名称": "くじゃく薬局", "機関区分": 5, "都道府県コード": 46, "市区町村コード": 215, "所在地": "鹿児島県薩摩川内市御陵下町２０－２０", "緯度": 31.831541, "経度": 130.294648, "url": "https://www.iryou.teikyouseido.mhlw.go.jp/znk-web/juminkanja/S2430/initialize?prefCd=46&kikanCd=55974&kikanKbn=5", "url2": "peacock.co.jp", "内容": "くじゃく薬局【5:薬局】鹿児島県薩摩川内市御陵下町２０－２０" }, "geometry": { "type": "Point", "coordinates": [ 130.294648, 31.831541 ] } },
{ "type": "Feature", "properties": { "ID": 46555976, "正式名称": "まりも薬局", "機関区分": 5, "都道府県コード": 46, "市区町村コード": 201, "所在地": "鹿児島県鹿児島市加治屋町１６番１９号", "緯度": 31.58643, "経度": 130.551266, "url": "https://www.iryou.teikyouseido.mhlw.go.jp/znk-web/juminkanja/S2430/initialize?prefCd=46&kikanCd=55976&kikanKbn=5", "url2": "https://www.marimo-pharmacy.com/", "内容": "まりも薬局【5:薬局】鹿児島県鹿児島市加治屋町１６番１９号" }, "geometry": { "type": "Point", "coordinates": [ 130.551266, 31.58643 ] } },
{ "type": "Feature", "properties": { "ID": 46555978, "正式名称": "南国タケシタ薬局　市立病院前店", "機関区分": 5, "都道府県コード": 46, "市区町村コード": 201, "所在地": "鹿児島県鹿児島市上荒田町２５番１６号　オアシスケア上荒田１０２", "緯度": 31.575678, "経度": 130.542568, "url": "https://www.iryou.teikyouseido.mhlw.go.jp/znk-web/juminkanja/S2430/initialize?prefCd=46&kikanCd=55978&kikanKbn=5", "url2": "https://nangokutk-ph/jp/", "内容": "南国タケシタ薬局　市立病院前店【5:薬局】鹿児島県鹿児島市上荒田町２５番１６号　オアシスケア上荒田１０２" }, "geometry": { "type": "Point", "coordinates": [ 130.542568, 31.575678 ] } },
{ "type": "Feature", "properties": { "ID": 46555984, "正式名称": "わか鮎薬局", "機関区分": 5, "都道府県コード": 46, "市区町村コード": 215, "所在地": "鹿児島県薩摩川内市東郷町斧渕３８５番地３", "緯度": 31.864187, "経度": 130.336834, "url": "https://www.iryou.teikyouseido.mhlw.go.jp/znk-web/juminkanja/S2430/initialize?prefCd=46&kikanCd=55984&kikanKbn=5", "url2": "https://www.kusurinomadoguchi.com/kagoshima/s1000115733", "内容": "わか鮎薬局【5:薬局】鹿児島県薩摩川内市東郷町斧渕３８５番地３" }, "geometry": { "type": "Point", "coordinates": [ 130.336834, 31.864187 ] } },
{ "type": "Feature", "properties": { "ID": 46555987, "正式名称": "オリーブ薬局", "機関区分": 5, "都道府県コード": 46, "市区町村コード": 217, "所在地": "鹿児島県曽於市末吉町上町", "緯度": 31.65339, "経度": 131.02281, "url": "https://www.iryou.teikyouseido.mhlw.go.jp/znk-web/juminkanja/S2430/initialize?prefCd=46&kikanCd=55987&kikanKbn=5", "url2": null, "内容": "オリーブ薬局【5:薬局】鹿児島県曽於市末吉町上町" }, "geometry": { "type": "Point", "coordinates": [ 131.02281, 31.65339 ] } },
{ "type": "Feature", "properties": { "ID": 46555989, "正式名称": "スター調剤薬局　小松原店", "機関区分": 5, "都道府県コード": 46, "市区町村コード": 201, "所在地": "鹿児島県鹿児島市小松原２－１－３", "緯度": 31.53, "経度": 130.527494, "url": "https://www.iryou.teikyouseido.mhlw.go.jp/znk-web/juminkanja/S2430/initialize?prefCd=46&kikanCd=55989&kikanKbn=5", "url2": null, "内容": "スター調剤薬局　小松原店【5:薬局】鹿児島県鹿児島市小松原２－１－３" }, "geometry": { "type": "Point", "coordinates": [ 130.527494, 31.53 ] } },
{ "type": "Feature", "properties": { "ID": 46555991, "正式名称": "三井調剤薬局　札元店", "機関区分": 5, "都道府県コード": 46, "市区町村コード": 203, "所在地": "鹿児島県鹿屋市札元１丁目６－３７", "緯度": 31.39441, "経度": 130.868201, "url": "https://www.iryou.teikyouseido.mhlw.go.jp/znk-web/juminkanja/S2430/initialize?prefCd=46&kikanCd=55991&kikanKbn=5", "url2": "https://mitsui-ph.com", "内容": "三井調剤薬局　札元店【5:薬局】鹿児島県鹿屋市札元１丁目６－３７" }, "geometry": { "type": "Point", "coordinates": [ 130.868201, 31.39441 ] } },
{ "type": "Feature", "properties": { "ID": 46555994, "正式名称": "ゆお薬局", "機関区分": 5, "都道府県コード": 46, "市区町村コード": 201, "所在地": "鹿児島県鹿児島市東谷山３丁目１４番１号", "緯度": 31.529282, "経度": 130.51938, "url": "https://www.iryou.teikyouseido.mhlw.go.jp/znk-web/juminkanja/S2430/initialize?prefCd=46&kikanCd=55994&kikanKbn=5", "url2": "http://yuo-pharmacy.jimdofree.com/", "内容": "ゆお薬局【5:薬局】鹿児島県鹿児島市東谷山３丁目１４番１号" }, "geometry": { "type": "Point", "coordinates": [ 130.51938, 31.529282 ] } },
{ "type": "Feature", "properties": { "ID": 46555995, "正式名称": "スター調剤薬局　田上店", "機関区分": 5, "都道府県コード": 46, "市区町村コード": 201, "所在地": "鹿児島県鹿児島市田上二丁目２８番３号", "緯度": 31.574388, "経度": 130.532136, "url": "https://www.iryou.teikyouseido.mhlw.go.jp/znk-web/juminkanja/S2430/initialize?prefCd=46&kikanCd=55995&kikanKbn=5", "url2": "http://shiraogawa.co.jp/", "内容": "スター調剤薬局　田上店【5:薬局】鹿児島県鹿児島市田上二丁目２８番３号" }, "geometry": { "type": "Point", "coordinates": [ 130.532136, 31.574388 ] } },
{ "type": "Feature", "properties": { "ID": 46556000, "正式名称": "シナモン薬局", "機関区分": 5, "都道府県コード": 46, "市区町村コード": 201, "所在地": "鹿児島県鹿児島市吉野町３９０９－１", "緯度": 31.651613, "経度": 130.574258, "url": "https://www.iryou.teikyouseido.mhlw.go.jp/znk-web/juminkanja/S2430/initialize?prefCd=46&kikanCd=56000&kikanKbn=5", "url2": "https://www.e-classa.net/peace-of-mind/group.html", "内容": "シナモン薬局【5:薬局】鹿児島県鹿児島市吉野町３９０９－１" }, "geometry": { "type": "Point", "coordinates": [ 130.574258, 31.651613 ] } },
{ "type": "Feature", "properties": { "ID": 46556001, "正式名称": "白男川薬局　かもいけ店", "機関区分": 5, "都道府県コード": 46, "市区町村コード": 201, "所在地": "鹿児島県鹿児島市真砂町３４番３号", "緯度": 31.560236, "経度": 130.554719, "url": "https://www.iryou.teikyouseido.mhlw.go.jp/znk-web/juminkanja/S2430/initialize?prefCd=46&kikanCd=56001&kikanKbn=5", "url2": "http://www.shiraogawa.co.jp", "内容": "白男川薬局　かもいけ店【5:薬局】鹿児島県鹿児島市真砂町３４番３号" }, "geometry": { "type": "Point", "coordinates": [ 130.554719, 31.560236 ] } },
{ "type": "Feature", "properties": { "ID": 46556006, "正式名称": "ルアナ薬局", "機関区分": 5, "都道府県コード": 46, "市区町村コード": 201, "所在地": "鹿児島県鹿児島市鴨池新町６番４号　　かごしまオハナビル１階", "緯度": 31.556672, "経度": 130.556922, "url": "https://www.iryou.teikyouseido.mhlw.go.jp/znk-web/juminkanja/S2430/initialize?prefCd=46&kikanCd=56006&kikanKbn=5", "url2": "https://www.seren-ph.com/home", "内容": "ルアナ薬局【5:薬局】鹿児島県鹿児島市鴨池新町６番４号　　かごしまオハナビル１階" }, "geometry": { "type": "Point", "coordinates": [ 130.556922, 31.556672 ] } },
{ "type": "Feature", "properties": { "ID": 46556008, "正式名称": "ひろ調剤薬局", "機関区分": 5, "都道府県コード": 46, "市区町村コード": 219, "所在地": "鹿児島県いちき串木野市曙町１１６", "緯度": 31.720128, "経度": 130.273311, "url": "https://www.iryou.teikyouseido.mhlw.go.jp/znk-web/juminkanja/S2430/initialize?prefCd=46&kikanCd=56008&kikanKbn=5", "url2": null, "内容": "ひろ調剤薬局【5:薬局】鹿児島県いちき串木野市曙町１１６" }, "geometry": { "type": "Point", "coordinates": [ 130.273311, 31.720128 ] } },
{ "type": "Feature", "properties": { "ID": 46556022, "正式名称": "とまと薬局　西千石店", "機関区分": 5, "都道府県コード": 46, "市区町村コード": 201, "所在地": "鹿児島県鹿児島市西千石町１４番１２号", "緯度": 31.590394, "経度": 130.549229, "url": "https://www.iryou.teikyouseido.mhlw.go.jp/znk-web/juminkanja/S2430/initialize?prefCd=46&kikanCd=56022&kikanKbn=5", "url2": "https://tomato-p.com", "内容": "とまと薬局　西千石店【5:薬局】鹿児島県鹿児島市西千石町１４番１２号" }, "geometry": { "type": "Point", "coordinates": [ 130.549229, 31.590394 ] } },
{ "type": "Feature", "properties": { "ID": 46556024, "正式名称": "セレン薬局　鴨池店", "機関区分": 5, "都道府県コード": 46, "市区町村コード": 201, "所在地": "鹿児島県鹿児島市鴨池新町１１ー２３", "緯度": 31.560677, "経度": 130.55692, "url": "https://www.iryou.teikyouseido.mhlw.go.jp/znk-web/juminkanja/S2430/initialize?prefCd=46&kikanCd=56024&kikanKbn=5", "url2": null, "内容": "セレン薬局　鴨池店【5:薬局】鹿児島県鹿児島市鴨池新町１１ー２３" }, "geometry": { "type": "Point", "coordinates": [ 130.55692, 31.560677 ] } },
{ "type": "Feature", "properties": { "ID": 46556026, "正式名称": "にじ薬局", "機関区分": 5, "都道府県コード": 46, "市区町村コード": 210, "所在地": "鹿児島県指宿市十二町２１８６－３", "緯度": 31.235505, "経度": 130.639787, "url": "https://www.iryou.teikyouseido.mhlw.go.jp/znk-web/juminkanja/S2430/initialize?prefCd=46&kikanCd=56026&kikanKbn=5", "url2": null, "内容": "にじ薬局【5:薬局】鹿児島県指宿市十二町２１８６－３" }, "geometry": { "type": "Point", "coordinates": [ 130.639787, 31.235505 ] } },
{ "type": "Feature", "properties": { "ID": 46556028, "正式名称": "阪神調剤薬局　ゆのもと駅前店", "機関区分": 5, "都道府県コード": 46, "市区町村コード": 216, "所在地": "鹿児島県日置市東市来町湯田３６１０番地６", "緯度": 31.673556, "経度": 130.336867, "url": "https://www.iryou.teikyouseido.mhlw.go.jp/znk-web/juminkanja/S2430/initialize?prefCd=46&kikanCd=56028&kikanKbn=5", "url2": null, "内容": "阪神調剤薬局　ゆのもと駅前店【5:薬局】鹿児島県日置市東市来町湯田３６１０番地６" }, "geometry": { "type": "Point", "coordinates": [ 130.336867, 31.673556 ] } },
{ "type": "Feature", "properties": { "ID": 46556029, "正式名称": "エナジー薬局", "機関区分": 5, "都道府県コード": 46, "市区町村コード": 218, "所在地": "鹿児島県霧島市国分府中町３３－１８", "緯度": 31.744773, "経度": 130.762349, "url": "https://www.iryou.teikyouseido.mhlw.go.jp/znk-web/juminkanja/S2430/initialize?prefCd=46&kikanCd=56029&kikanKbn=5", "url2": null, "内容": "エナジー薬局【5:薬局】鹿児島県霧島市国分府中町３３－１８" }, "geometry": { "type": "Point", "coordinates": [ 130.762349, 31.744773 ] } },
{ "type": "Feature", "properties": { "ID": 46556030, "正式名称": "スター調剤薬局　上福元店", "機関区分": 5, "都道府県コード": 46, "市区町村コード": 201, "所在地": "鹿児島県鹿児島市上福元町３６０５番地", "緯度": 31.531992, "経度": 130.505603, "url": "https://www.iryou.teikyouseido.mhlw.go.jp/znk-web/juminkanja/S2430/initialize?prefCd=46&kikanCd=56030&kikanKbn=5", "url2": "https://shiraogawa.co.jp/", "内容": "スター調剤薬局　上福元店【5:薬局】鹿児島県鹿児島市上福元町３６０５番地" }, "geometry": { "type": "Point", "coordinates": [ 130.505603, 31.531992 ] } },
{ "type": "Feature", "properties": { "ID": 46556031, "正式名称": "アコンカグア薬局", "機関区分": 5, "都道府県コード": 46, "市区町村コード": 201, "所在地": "鹿児島県鹿児島市宇宿八丁目８番７号", "緯度": 31.555386, "経度": 130.524861, "url": "https://www.iryou.teikyouseido.mhlw.go.jp/znk-web/juminkanja/S2430/initialize?prefCd=46&kikanCd=56031&kikanKbn=5", "url2": "http://www.mt-pharmacy.jp", "内容": "アコンカグア薬局【5:薬局】鹿児島県鹿児島市宇宿八丁目８番７号" }, "geometry": { "type": "Point", "coordinates": [ 130.524861, 31.555386 ] } },
{ "type": "Feature", "properties": { "ID": 46556037, "正式名称": "南日本薬剤センター薬局　　やくし店", "機関区分": 5, "都道府県コード": 46, "市区町村コード": 201, "所在地": "鹿児島県鹿児島市東谷山", "緯度": 31.532398, "経度": 130.519099, "url": "https://www.iryou.teikyouseido.mhlw.go.jp/znk-web/juminkanja/S2430/initialize?prefCd=46&kikanCd=56037&kikanKbn=5", "url2": "http://www.373pc.co.jp", "内容": "南日本薬剤センター薬局　　やくし店【5:薬局】鹿児島県鹿児島市東谷山" }, "geometry": { "type": "Point", "coordinates": [ 130.519099, 31.532398 ] } },
{ "type": "Feature", "properties": { "ID": 46556038, "正式名称": "永吉さくら薬局", "機関区分": 5, "都道府県コード": 46, "市区町村コード": 201, "所在地": "鹿児島県鹿児島市永吉２丁目１１番１号", "緯度": 31.602717, "経度": 130.53604, "url": "https://www.iryou.teikyouseido.mhlw.go.jp/znk-web/juminkanja/S2430/initialize?prefCd=46&kikanCd=56038&kikanKbn=5", "url2": "https://sakurahos.co.jp/", "内容": "永吉さくら薬局【5:薬局】鹿児島県鹿児島市永吉２丁目１１番１号" }, "geometry": { "type": "Point", "coordinates": [ 130.53604, 31.602717 ] } },
{ "type": "Feature", "properties": { "ID": 46556039, "正式名称": "さと薬局", "機関区分": 5, "都道府県コード": 46, "市区町村コード": 201, "所在地": "鹿児島県鹿児島市皷川町３番２１号", "緯度": 31.610842, "経度": 130.563987, "url": "https://www.iryou.teikyouseido.mhlw.go.jp/znk-web/juminkanja/S2430/initialize?prefCd=46&kikanCd=56039&kikanKbn=5", "url2": null, "内容": "さと薬局【5:薬局】鹿児島県鹿児島市皷川町３番２１号" }, "geometry": { "type": "Point", "coordinates": [ 130.563987, 31.610842 ] } },
{ "type": "Feature", "properties": { "ID": 46556040, "正式名称": "あおは薬局", "機関区分": 5, "都道府県コード": 46, "市区町村コード": 215, "所在地": "鹿児島県薩摩川内市御陵下町２３番地６号", "緯度": 31.833092, "経度": 130.29445, "url": "https://www.iryou.teikyouseido.mhlw.go.jp/znk-web/juminkanja/S2430/initialize?prefCd=46&kikanCd=56040&kikanKbn=5", "url2": null, "内容": "あおは薬局【5:薬局】鹿児島県薩摩川内市御陵下町２３番地６号" }, "geometry": { "type": "Point", "coordinates": [ 130.29445, 31.833092 ] } },
{ "type": "Feature", "properties": { "ID": 46556041, "正式名称": "ナカムラ調剤薬局", "機関区分": 5, "都道府県コード": 46, "市区町村コード": 223, "所在地": "鹿児島県南九州市知覧町郡５２３６－８", "緯度": 31.374619, "経度": 130.435644, "url": "https://www.iryou.teikyouseido.mhlw.go.jp/znk-web/juminkanja/S2430/initialize?prefCd=46&kikanCd=56041&kikanKbn=5", "url2": "https://nakamura-ph.jp/", "内容": "ナカムラ調剤薬局【5:薬局】鹿児島県南九州市知覧町郡５２３６－８" }, "geometry": { "type": "Point", "coordinates": [ 130.435644, 31.374619 ] } },
{ "type": "Feature", "properties": { "ID": 46556043, "正式名称": "ミヤガハマ薬局", "機関区分": 5, "都道府県コード": 46, "市区町村コード": 210, "所在地": "鹿児島県指宿市西方６７３５", "緯度": 31.278932, "経度": 130.616467, "url": "https://www.iryou.teikyouseido.mhlw.go.jp/znk-web/juminkanja/S2430/initialize?prefCd=46&kikanCd=56043&kikanKbn=5", "url2": null, "内容": "ミヤガハマ薬局【5:薬局】鹿児島県指宿市西方６７３５" }, "geometry": { "type": "Point", "coordinates": [ 130.616467, 31.278932 ] } },
{ "type": "Feature", "properties": { "ID": 46556047, "正式名称": "シダマ薬局　久里店", "機関区分": 5, "都道府県コード": 46, "市区町村コード": 222, "所在地": "鹿児島県奄美市名瀬久里町２－１９　竹山ビルＢ棟１０２号", "緯度": 28.375323, "経度": 129.497331, "url": "https://www.iryou.teikyouseido.mhlw.go.jp/znk-web/juminkanja/S2430/initialize?prefCd=46&kikanCd=56047&kikanKbn=5", "url2": null, "内容": "シダマ薬局　久里店【5:薬局】鹿児島県奄美市名瀬久里町２－１９　竹山ビルＢ棟１０２号" }, "geometry": { "type": "Point", "coordinates": [ 129.497331, 28.375323 ] } },
{ "type": "Feature", "properties": { "ID": 46556049, "正式名称": "かごしま北マリンバ薬局", "機関区分": 5, "都道府県コード": 46, "市区町村コード": 201, "所在地": "鹿児島県鹿児島市下伊敷三丁目１番６号", "緯度": 31.616321, "経度": 130.529215, "url": "https://www.iryou.teikyouseido.mhlw.go.jp/znk-web/juminkanja/S2430/initialize?prefCd=46&kikanCd=56049&kikanKbn=5", "url2": "https://www.satispharma.com", "内容": "かごしま北マリンバ薬局【5:薬局】鹿児島県鹿児島市下伊敷三丁目１番６号" }, "geometry": { "type": "Point", "coordinates": [ 130.529215, 31.616321 ] } },
{ "type": "Feature", "properties": { "ID": 46556050, "正式名称": "サニー薬局", "機関区分": 5, "都道府県コード": 46, "市区町村コード": 201, "所在地": "鹿児島県鹿児島市吉野町３０７３番地２１　ブロッサム吉野１０１号", "緯度": 31.645566, "経度": 130.571056, "url": "https://www.iryou.teikyouseido.mhlw.go.jp/znk-web/juminkanja/S2430/initialize?prefCd=46&kikanCd=56050&kikanKbn=5", "url2": "https://www.kenko.company", "内容": "サニー薬局【5:薬局】鹿児島県鹿児島市吉野町３０７３番地２１　ブロッサム吉野１０１号" }, "geometry": { "type": "Point", "coordinates": [ 130.571056, 31.645566 ] } },
{ "type": "Feature", "properties": { "ID": 46556051, "正式名称": "あさがお薬局　　　真砂店", "機関区分": 5, "都道府県コード": 46, "市区町村コード": 201, "所在地": "鹿児島県鹿児島市真砂本町３－７１", "緯度": 31.557729, "経度": 130.548878, "url": "https://www.iryou.teikyouseido.mhlw.go.jp/znk-web/juminkanja/S2430/initialize?prefCd=46&kikanCd=56051&kikanKbn=5", "url2": null, "内容": "あさがお薬局　　　真砂店【5:薬局】鹿児島県鹿児島市真砂本町３－７１" }, "geometry": { "type": "Point", "coordinates": [ 130.548878, 31.557729 ] } },
{ "type": "Feature", "properties": { "ID": 46556052, "正式名称": "白男川薬局　加治木店", "機関区分": 5, "都道府県コード": 46, "市区町村コード": 225, "所在地": "鹿児島県姶良市加治木町反土１４０２番地２", "緯度": 31.743849, "経度": 130.669438, "url": "https://www.iryou.teikyouseido.mhlw.go.jp/znk-web/juminkanja/S2430/initialize?prefCd=46&kikanCd=56052&kikanKbn=5", "url2": "https://shiraogawa.co.jp/", "内容": "白男川薬局　加治木店【5:薬局】鹿児島県姶良市加治木町反土１４０２番地２" }, "geometry": { "type": "Point", "coordinates": [ 130.669438, 31.743849 ] } },
{ "type": "Feature", "properties": { "ID": 46556053, "正式名称": "すずな調剤薬局", "機関区分": 5, "都道府県コード": 46, "市区町村コード": 201, "所在地": "鹿児島県鹿児島市薬師２丁目２７番８号", "緯度": 31.591056, "経度": 130.536203, "url": "https://www.iryou.teikyouseido.mhlw.go.jp/znk-web/juminkanja/S2430/initialize?prefCd=46&kikanCd=56053&kikanKbn=5", "url2": "https://suzuna-ph.com", "内容": "すずな調剤薬局【5:薬局】鹿児島県鹿児島市薬師２丁目２７番８号" }, "geometry": { "type": "Point", "coordinates": [ 130.536203, 31.591056 ] } },
{ "type": "Feature", "properties": { "ID": 46556054, "正式名称": "市役所前マリンバ薬局", "機関区分": 5, "都道府県コード": 46, "市区町村コード": 201, "所在地": "鹿児島県鹿児島市山下町９番２５号", "緯度": 31.595668, "経度": 130.556802, "url": "https://www.iryou.teikyouseido.mhlw.go.jp/znk-web/juminkanja/S2430/initialize?prefCd=46&kikanCd=56054&kikanKbn=5", "url2": "https://www.satispharma.com", "内容": "市役所前マリンバ薬局【5:薬局】鹿児島県鹿児島市山下町９番２５号" }, "geometry": { "type": "Point", "coordinates": [ 130.556802, 31.595668 ] } },
{ "type": "Feature", "properties": { "ID": 46556062, "正式名称": "調剤薬局　漢方堂ゆう", "機関区分": 5, "都道府県コード": 46, "市区町村コード": 218, "所在地": "鹿児島県霧島市国分野口西１９－３５", "緯度": 31.736708, "経度": 130.742526, "url": "https://www.iryou.teikyouseido.mhlw.go.jp/znk-web/juminkanja/S2430/initialize?prefCd=46&kikanCd=56062&kikanKbn=5", "url2": "https://sites.google.com/view/kampodoyuu", "内容": "調剤薬局　漢方堂ゆう【5:薬局】鹿児島県霧島市国分野口西１９－３５" }, "geometry": { "type": "Point", "coordinates": [ 130.742526, 31.736708 ] } },
{ "type": "Feature", "properties": { "ID": 46556065, "正式名称": "このはな薬局", "機関区分": 5, "都道府県コード": 46, "市区町村コード": 201, "所在地": "鹿児島県鹿児島市原良２丁目１１－３", "緯度": 31.596898, "経度": 130.533919, "url": "https://www.iryou.teikyouseido.mhlw.go.jp/znk-web/juminkanja/S2430/initialize?prefCd=46&kikanCd=56065&kikanKbn=5", "url2": null, "内容": "このはな薬局【5:薬局】鹿児島県鹿児島市原良２丁目１１－３" }, "geometry": { "type": "Point", "coordinates": [ 130.533919, 31.596898 ] } },
{ "type": "Feature", "properties": { "ID": 46556066, "正式名称": "大明丘薬局", "機関区分": 5, "都道府県コード": 46, "市区町村コード": 201, "所在地": "鹿児島県鹿児島市大明丘２丁目２２番２７号", "緯度": 31.630861, "経度": 130.569506, "url": "https://www.iryou.teikyouseido.mhlw.go.jp/znk-web/juminkanja/S2430/initialize?prefCd=46&kikanCd=56066&kikanKbn=5", "url2": null, "内容": "大明丘薬局【5:薬局】鹿児島県鹿児島市大明丘２丁目２２番２７号" }, "geometry": { "type": "Point", "coordinates": [ 130.569506, 31.630861 ] } },
{ "type": "Feature", "properties": { "ID": 46556070, "正式名称": "ゆい薬局", "機関区分": 5, "都道府県コード": 46, "市区町村コード": 203, "所在地": "鹿児島県鹿屋市輝北町市成字喜入塚２１４４－３", "緯度": 31.582237, "経度": 130.86269, "url": "https://www.iryou.teikyouseido.mhlw.go.jp/znk-web/juminkanja/S2430/initialize?prefCd=46&kikanCd=56070&kikanKbn=5", "url2": null, "内容": "ゆい薬局【5:薬局】鹿児島県鹿屋市輝北町市成字喜入塚２１４４－３" }, "geometry": { "type": "Point", "coordinates": [ 130.86269, 31.582237 ] } },
{ "type": "Feature", "properties": { "ID": 46556071, "正式名称": "阪神調剤薬局　日置店", "機関区分": 5, "都道府県コード": 46, "市区町村コード": 216, "所在地": "鹿児島県日置市伊集院町妙円寺１－１－６", "緯度": 31.643789, "経度": 130.400278, "url": "https://www.iryou.teikyouseido.mhlw.go.jp/znk-web/juminkanja/S2430/initialize?prefCd=46&kikanCd=56071&kikanKbn=5", "url2": "https://i-h-inc.co.jp/", "内容": "阪神調剤薬局　日置店【5:薬局】鹿児島県日置市伊集院町妙円寺１－１－６" }, "geometry": { "type": "Point", "coordinates": [ 130.400278, 31.643789 ] } },
{ "type": "Feature", "properties": { "ID": 46556073, "正式名称": "マルノ薬局　紫原店", "機関区分": 5, "都道府県コード": 46, "市区町村コード": 201, "所在地": "鹿児島県鹿児島市５丁目６番１６号", "緯度": 31.542219, "経度": 130.534075, "url": "https://www.iryou.teikyouseido.mhlw.go.jp/znk-web/juminkanja/S2430/initialize?prefCd=46&kikanCd=56073&kikanKbn=5", "url2": "http://www.maruno-ph.com", "内容": "マルノ薬局　紫原店【5:薬局】鹿児島県鹿児島市５丁目６番１６号" }, "geometry": { "type": "Point", "coordinates": [ 130.534075, 31.542219 ] } },
{ "type": "Feature", "properties": { "ID": 46556081, "正式名称": "下荒田調剤薬局", "機関区分": 5, "都道府県コード": 46, "市区町村コード": 201, "所在地": "鹿児島県鹿児島市下荒田一丁目２０番８号１０２", "緯度": 31.579106, "経度": 130.556439, "url": "https://www.iryou.teikyouseido.mhlw.go.jp/znk-web/juminkanja/S2430/initialize?prefCd=46&kikanCd=56081&kikanKbn=5", "url2": null, "内容": "下荒田調剤薬局【5:薬局】鹿児島県鹿児島市下荒田一丁目２０番８号１０２" }, "geometry": { "type": "Point", "coordinates": [ 130.556439, 31.579106 ] } },
{ "type": "Feature", "properties": { "ID": 46556084, "正式名称": "ゆうゆう薬局　荒田店", "機関区分": 5, "都道府県コード": 46, "市区町村コード": 201, "所在地": "鹿児島県鹿児島市荒田一丁目１２番１号", "緯度": 31.577426, "経度": 130.552466, "url": "https://www.iryou.teikyouseido.mhlw.go.jp/znk-web/juminkanja/S2430/initialize?prefCd=46&kikanCd=56084&kikanKbn=5", "url2": "http://www.pharmacom.jp", "内容": "ゆうゆう薬局　荒田店【5:薬局】鹿児島県鹿児島市荒田一丁目１２番１号" }, "geometry": { "type": "Point", "coordinates": [ 130.552466, 31.577426 ] } },
{ "type": "Feature", "properties": { "ID": 46556089, "正式名称": "日本調剤　下竜尾薬局", "機関区分": 5, "都道府県コード": 46, "市区町村コード": 201, "所在地": "鹿児島県鹿児島市下竜尾町１番１号", "緯度": 31.602503, "経度": 130.558995, "url": "https://www.iryou.teikyouseido.mhlw.go.jp/znk-web/juminkanja/S2430/initialize?prefCd=46&kikanCd=56089&kikanKbn=5", "url2": "http://www.nicho.co.jp/", "内容": "日本調剤　下竜尾薬局【5:薬局】鹿児島県鹿児島市下竜尾町１番１号" }, "geometry": { "type": "Point", "coordinates": [ 130.558995, 31.602503 ] } },
{ "type": "Feature", "properties": { "ID": 46556090, "正式名称": "株式会社大賀薬局　　いまきいれ総合病院前店", "機関区分": 5, "都道府県コード": 46, "市区町村コード": 201, "所在地": "鹿児島県鹿児島市荒田１丁目１５番２号１Ｆ", "緯度": 31.577393, "経度": 130.552942, "url": "https://www.iryou.teikyouseido.mhlw.go.jp/znk-web/juminkanja/S2430/initialize?prefCd=46&kikanCd=56090&kikanKbn=5", "url2": "https://www.ohga-ph.com/", "内容": "株式会社大賀薬局　　いまきいれ総合病院前店【5:薬局】鹿児島県鹿児島市荒田１丁目１５番２号１Ｆ" }, "geometry": { "type": "Point", "coordinates": [ 130.552942, 31.577393 ] } },
{ "type": "Feature", "properties": { "ID": 46556096, "正式名称": "三井調剤薬局　田崎店", "機関区分": 5, "都道府県コード": 46, "市区町村コード": 203, "所在地": "鹿児島県鹿屋市田崎町２１８４－１", "緯度": 31.36501, "経度": 130.852635, "url": "https://www.iryou.teikyouseido.mhlw.go.jp/znk-web/juminkanja/S2430/initialize?prefCd=46&kikanCd=56096&kikanKbn=5", "url2": "http://mitsui-ph.com", "内容": "三井調剤薬局　田崎店【5:薬局】鹿児島県鹿屋市田崎町２１８４－１" }, "geometry": { "type": "Point", "coordinates": [ 130.852635, 31.36501 ] } },
{ "type": "Feature", "properties": { "ID": 46556100, "正式名称": "有限会社ケーアイ調剤薬局吉野店", "機関区分": 5, "都道府県コード": 46, "市区町村コード": 201, "所在地": "鹿児島県鹿児島市吉野三丁目１８番２号", "緯度": 31.655347, "経度": 130.566364, "url": "https://www.iryou.teikyouseido.mhlw.go.jp/znk-web/juminkanja/S2430/initialize?prefCd=46&kikanCd=56100&kikanKbn=5", "url2": "http://ki-pharm.com", "内容": "有限会社ケーアイ調剤薬局吉野店【5:薬局】鹿児島県鹿児島市吉野三丁目１８番２号" }, "geometry": { "type": "Point", "coordinates": [ 130.566364, 31.655347 ] } },
{ "type": "Feature", "properties": { "ID": 46556101, "正式名称": "大賀薬局　西田店", "機関区分": 5, "都道府県コード": 46, "市区町村コード": 201, "所在地": "鹿児島県鹿児島市西田３丁目９番２号", "緯度": 31.587252, "経度": 130.538783, "url": "https://www.iryou.teikyouseido.mhlw.go.jp/znk-web/juminkanja/S2430/initialize?prefCd=46&kikanCd=56101&kikanKbn=5", "url2": "https://www.ohga-ph.com/", "内容": "大賀薬局　西田店【5:薬局】鹿児島県鹿児島市西田３丁目９番２号" }, "geometry": { "type": "Point", "coordinates": [ 130.538783, 31.587252 ] } },
{ "type": "Feature", "properties": { "ID": 46556102, "正式名称": "あさみ調剤薬局姫城店", "機関区分": 5, "都道府県コード": 46, "市区町村コード": 218, "所在地": "鹿児島県霧島市国分姫城２８９４－１", "緯度": 31.757262, "経度": 130.77035, "url": "https://www.iryou.teikyouseido.mhlw.go.jp/znk-web/juminkanja/S2430/initialize?prefCd=46&kikanCd=56102&kikanKbn=5", "url2": null, "内容": "あさみ調剤薬局姫城店【5:薬局】鹿児島県霧島市国分姫城２８９４－１" }, "geometry": { "type": "Point", "coordinates": [ 130.77035, 31.757262 ] } },
{ "type": "Feature", "properties": { "ID": 46556105, "正式名称": "徳永薬局　あいら中央店", "機関区分": 5, "都道府県コード": 46, "市区町村コード": 225, "所在地": "鹿児島県姶良市西餠田　８５番９", "緯度": 31.734388, "経度": 130.624835, "url": "https://www.iryou.teikyouseido.mhlw.go.jp/znk-web/juminkanja/S2430/initialize?prefCd=46&kikanCd=56105&kikanKbn=5", "url2": "http://www.tokunaga-p.jp/", "内容": "徳永薬局　あいら中央店【5:薬局】鹿児島県姶良市西餠田　８５番９" }, "geometry": { "type": "Point", "coordinates": [ 130.624835, 31.734388 ] } },
{ "type": "Feature", "properties": { "ID": 46556114, "正式名称": "ひいらぎ薬局", "機関区分": 5, "都道府県コード": 46, "市区町村コード": 201, "所在地": "鹿児島県鹿児島市高麗町２６番２２号Ｏｎ　Ｙｏｕｒ　Ｍａｒｋ高麗１Ｆ", "緯度": 31.5813817, "経度": 130.5490701, "url": "https://www.iryou.teikyouseido.mhlw.go.jp/znk-web/juminkanja/S2430/initialize?prefCd=46&kikanCd=56114&kikanKbn=5", "url2": "https://www.e-classa.net/peace-of-mind/index.htwl", "内容": "ひいらぎ薬局【5:薬局】鹿児島県鹿児島市高麗町２６番２２号Ｏｎ　Ｙｏｕｒ　Ｍａｒｋ高麗１Ｆ" }, "geometry": { "type": "Point", "coordinates": [ 130.5490701, 31.5813817 ] } },
{ "type": "Feature", "properties": { "ID": 46556116, "正式名称": "協立調剤薬局", "機関区分": 5, "都道府県コード": 46, "市区町村コード": 201, "所在地": "鹿児島県鹿児島市中央町３０－６　エムディア中央１０１", "緯度": 31.580116, "経度": 130.5434, "url": "https://www.iryou.teikyouseido.mhlw.go.jp/znk-web/juminkanja/S2430/initialize?prefCd=46&kikanCd=56116&kikanKbn=5", "url2": null, "内容": "協立調剤薬局【5:薬局】鹿児島県鹿児島市中央町３０－６　エムディア中央１０１" }, "geometry": { "type": "Point", "coordinates": [ 130.5434, 31.580116 ] } },
{ "type": "Feature", "properties": { "ID": 46556135, "正式名称": "アカラ薬局", "機関区分": 5, "都道府県コード": 46, "市区町村コード": 201, "所在地": "鹿児島県鹿児島市山下町８番１号", "緯度": 31.595473, "経度": 130.556145, "url": "https://www.iryou.teikyouseido.mhlw.go.jp/znk-web/juminkanja/S2430/initialize?prefCd=46&kikanCd=56135&kikanKbn=5", "url2": null, "内容": "アカラ薬局【5:薬局】鹿児島県鹿児島市山下町８番１号" }, "geometry": { "type": "Point", "coordinates": [ 130.556145, 31.595473 ] } },
{ "type": "Feature", "properties": { "ID": 46556136, "正式名称": "ゆうゆう薬局　上町店", "機関区分": 5, "都道府県コード": 46, "市区町村コード": 201, "所在地": "鹿児島県鹿児島市下竜尾町１ー１", "緯度": 31.602461, "経度": 130.558994, "url": "https://www.iryou.teikyouseido.mhlw.go.jp/znk-web/juminkanja/S2430/initialize?prefCd=46&kikanCd=56136&kikanKbn=5", "url2": "http://www.pharmacom.jp", "内容": "ゆうゆう薬局　上町店【5:薬局】鹿児島県鹿児島市下竜尾町１ー１" }, "geometry": { "type": "Point", "coordinates": [ 130.558994, 31.602461 ] } },
{ "type": "Feature", "properties": { "ID": 46556137, "正式名称": "ユウキ薬局", "機関区分": 5, "都道府県コード": 46, "市区町村コード": 201, "所在地": "鹿児島県鹿児島市泉町２ー５　杉田ビル１Ｆ", "緯度": 31.592854, "経度": 130.558948, "url": "https://www.iryou.teikyouseido.mhlw.go.jp/znk-web/juminkanja/S2430/initialize?prefCd=46&kikanCd=56137&kikanKbn=5", "url2": "https://yuukiyakkyoku.com", "内容": "ユウキ薬局【5:薬局】鹿児島県鹿児島市泉町２ー５　杉田ビル１Ｆ" }, "geometry": { "type": "Point", "coordinates": [ 130.558948, 31.592854 ] } },
{ "type": "Feature", "properties": { "ID": 46556138, "正式名称": "ドラッグセイムス上荒田薬局", "機関区分": 5, "都道府県コード": 46, "市区町村コード": 201, "所在地": "鹿児島県鹿児島市上荒田町３２－１０", "緯度": 31.574732, "経度": 130.547004, "url": "https://www.iryou.teikyouseido.mhlw.go.jp/znk-web/juminkanja/S2430/initialize?prefCd=46&kikanCd=56138&kikanKbn=5", "url2": "www.fujiyakuhin.co.jp", "内容": "ドラッグセイムス上荒田薬局【5:薬局】鹿児島県鹿児島市上荒田町３２－１０" }, "geometry": { "type": "Point", "coordinates": [ 130.547004, 31.574732 ] } },
{ "type": "Feature", "properties": { "ID": 46556139, "正式名称": "ゆうゆう薬局　南郡元店", "機関区分": 5, "都道府県コード": 46, "市区町村コード": 201, "所在地": "鹿児島県鹿児島市南郡元町１０番１２号かまつきビル１Ｆ", "緯度": 31.556693, "経度": 130.545763, "url": "https://www.iryou.teikyouseido.mhlw.go.jp/znk-web/juminkanja/S2430/initialize?prefCd=46&kikanCd=56139&kikanKbn=5", "url2": "http://www.pharmacom.jp/", "内容": "ゆうゆう薬局　南郡元店【5:薬局】鹿児島県鹿児島市南郡元町１０番１２号かまつきビル１Ｆ" }, "geometry": { "type": "Point", "coordinates": [ 130.545763, 31.556693 ] } },
{ "type": "Feature", "properties": { "ID": 46556140, "正式名称": "地域の薬局　荒田八幡　さくらホス", "機関区分": 5, "都道府県コード": 46, "市区町村コード": 201, "所在地": "鹿児島県鹿児島市下荒田３丁目１６－３", "緯度": 31.572833, "経度": 130.553156, "url": "https://www.iryou.teikyouseido.mhlw.go.jp/znk-web/juminkanja/S2430/initialize?prefCd=46&kikanCd=56140&kikanKbn=5", "url2": "https://sakurahos.co.jp", "内容": "地域の薬局　荒田八幡　さくらホス【5:薬局】鹿児島県鹿児島市下荒田３丁目１６－３" }, "geometry": { "type": "Point", "coordinates": [ 130.553156, 31.572833 ] } },
{ "type": "Feature", "properties": { "ID": 46556141, "正式名称": "とまと薬局　荒田店", "機関区分": 5, "都道府県コード": 46, "市区町村コード": 201, "所在地": "鹿児島県鹿児島市荒田１丁目１６番３号", "緯度": 31.577272, "経度": 130.553447, "url": "https://www.iryou.teikyouseido.mhlw.go.jp/znk-web/juminkanja/S2430/initialize?prefCd=46&kikanCd=56141&kikanKbn=5", "url2": null, "内容": "とまと薬局　荒田店【5:薬局】鹿児島県鹿児島市荒田１丁目１６番３号" }, "geometry": { "type": "Point", "coordinates": [ 130.553447, 31.577272 ] } },
{ "type": "Feature", "properties": { "ID": 46556144, "正式名称": "ヘルシー薬局　鹿児島中央西口店", "機関区分": 5, "都道府県コード": 46, "市区町村コード": 201, "所在地": "鹿児島県鹿児島市西田３丁目１０番１号", "緯度": 31.58621, "経度": 130.538731, "url": "https://www.iryou.teikyouseido.mhlw.go.jp/znk-web/juminkanja/S2430/initialize?prefCd=46&kikanCd=56144&kikanKbn=5", "url2": "https://healthy-pharmcy.jp", "内容": "ヘルシー薬局　鹿児島中央西口店【5:薬局】鹿児島県鹿児島市西田３丁目１０番１号" }, "geometry": { "type": "Point", "coordinates": [ 130.538731, 31.58621 ] } },
{ "type": "Feature", "properties": { "ID": 46556145, "正式名称": "康心鴨池薬局", "機関区分": 5, "都道府県コード": 46, "市区町村コード": 201, "所在地": "鹿児島県鹿児島市真砂本町５１番１号　　ニシムタ　スカイマーケット鴨池１Ｆ", "緯度": 31.555357, "経度": 130.5545424, "url": "https://www.iryou.teikyouseido.mhlw.go.jp/znk-web/juminkanja/S2430/initialize?prefCd=46&kikanCd=56145&kikanKbn=5", "url2": "https://sakurahos.co.jp", "内容": "康心鴨池薬局【5:薬局】鹿児島県鹿児島市真砂本町５１番１号　　ニシムタ　スカイマーケット鴨池１Ｆ" }, "geometry": { "type": "Point", "coordinates": [ 130.5545424, 31.555357 ] } },
{ "type": "Feature", "properties": { "ID": 46556146, "正式名称": "清心薬局", "機関区分": 5, "都道府県コード": 46, "市区町村コード": 201, "所在地": "鹿児島県鹿児島市東谷山３丁目２５―１５", "緯度": 31.5293, "経度": 130.517211, "url": "https://www.iryou.teikyouseido.mhlw.go.jp/znk-web/juminkanja/S2430/initialize?prefCd=46&kikanCd=56146&kikanKbn=5", "url2": "https://sakurahos.co.jp/", "内容": "清心薬局【5:薬局】鹿児島県鹿児島市東谷山３丁目２５―１５" }, "geometry": { "type": "Point", "coordinates": [ 130.517211, 31.5293 ] } },
{ "type": "Feature", "properties": { "ID": 46556148, "正式名称": "屋久島マリンバ薬局", "機関区分": 5, "都道府県コード": 46, "市区町村コード": 505, "所在地": "鹿児島県熊毛郡屋久島町安房２３８７－８３", "緯度": 30.310779, "経度": 130.646993, "url": "https://www.iryou.teikyouseido.mhlw.go.jp/znk-web/juminkanja/S2430/initialize?prefCd=46&kikanCd=56148&kikanKbn=5", "url2": "https://www.satispharma.com", "内容": "屋久島マリンバ薬局【5:薬局】鹿児島県熊毛郡屋久島町安房２３８７－８３" }, "geometry": { "type": "Point", "coordinates": [ 130.646993, 30.310779 ] } },
{ "type": "Feature", "properties": { "ID": 46556152, "正式名称": "アレッタ薬局", "機関区分": 5, "都道府県コード": 46, "市区町村コード": 225, "所在地": "鹿児島県姶良市池島町３０ー２９", "緯度": 31.718285, "経度": 130.612321, "url": "https://www.iryou.teikyouseido.mhlw.go.jp/znk-web/juminkanja/S2430/initialize?prefCd=46&kikanCd=56152&kikanKbn=5", "url2": "aletta-pharmacy.wixsite.com/mysite", "内容": "アレッタ薬局【5:薬局】鹿児島県姶良市池島町３０ー２９" }, "geometry": { "type": "Point", "coordinates": [ 130.612321, 31.718285 ] } },
{ "type": "Feature", "properties": { "ID": 46556154, "正式名称": "仁愛薬局", "機関区分": 5, "都道府県コード": 46, "市区町村コード": 201, "所在地": "鹿児島県鹿児島市山下町", "緯度": 31.596996, "経度": 130.556576, "url": "https://www.iryou.teikyouseido.mhlw.go.jp/znk-web/juminkanja/S2430/initialize?prefCd=46&kikanCd=56154&kikanKbn=5", "url2": null, "内容": "仁愛薬局【5:薬局】鹿児島県鹿児島市山下町" }, "geometry": { "type": "Point", "coordinates": [ 130.556576, 31.596996 ] } },
{ "type": "Feature", "properties": { "ID": 46556155, "正式名称": "ちろる薬局", "機関区分": 5, "都道府県コード": 46, "市区町村コード": 201, "所在地": "鹿児島県鹿児島市田上台二丁目３５番８－１０２号", "緯度": 31.570644, "経度": 130.523007, "url": "https://www.iryou.teikyouseido.mhlw.go.jp/znk-web/juminkanja/S2430/initialize?prefCd=46&kikanCd=56155&kikanKbn=5", "url2": null, "内容": "ちろる薬局【5:薬局】鹿児島県鹿児島市田上台二丁目３５番８－１０２号" }, "geometry": { "type": "Point", "coordinates": [ 130.523007, 31.570644 ] } },
{ "type": "Feature", "properties": { "ID": 46556156, "正式名称": "南日本薬剤センター薬局　慈眼寺店", "機関区分": 5, "都道府県コード": 46, "市区町村コード": 201, "所在地": "鹿児島県鹿児島市谷山中央五丁目１７－５", "緯度": 31.518052, "経度": 130.513161, "url": "https://www.iryou.teikyouseido.mhlw.go.jp/znk-web/juminkanja/S2430/initialize?prefCd=46&kikanCd=56156&kikanKbn=5", "url2": "www.373pc.co.jp", "内容": "南日本薬剤センター薬局　慈眼寺店【5:薬局】鹿児島県鹿児島市谷山中央五丁目１７－５" }, "geometry": { "type": "Point", "coordinates": [ 130.513161, 31.518052 ] } },
{ "type": "Feature", "properties": { "ID": 46556157, "正式名称": "竜星薬局", "機関区分": 5, "都道府県コード": 46, "市区町村コード": 201, "所在地": "鹿児島県鹿児島市東千石町", "緯度": 31.592163, "経度": 130.55249, "url": "https://www.iryou.teikyouseido.mhlw.go.jp/znk-web/juminkanja/S2430/initialize?prefCd=46&kikanCd=56157&kikanKbn=5", "url2": null, "内容": "竜星薬局【5:薬局】鹿児島県鹿児島市東千石町" }, "geometry": { "type": "Point", "coordinates": [ 130.55249, 31.592163 ] } },
{ "type": "Feature", "properties": { "ID": 46556158, "正式名称": "花水木薬局", "機関区分": 5, "都道府県コード": 46, "市区町村コード": 201, "所在地": "鹿児島県鹿児島市上之園町６－９", "緯度": 31.581978, "経度": 130.548666, "url": "https://www.iryou.teikyouseido.mhlw.go.jp/znk-web/juminkanja/S2430/initialize?prefCd=46&kikanCd=56158&kikanKbn=5", "url2": null, "内容": "花水木薬局【5:薬局】鹿児島県鹿児島市上之園町６－９" }, "geometry": { "type": "Point", "coordinates": [ 130.548666, 31.581978 ] } },
{ "type": "Feature", "properties": { "ID": 46556159, "正式名称": "よつば薬局", "機関区分": 5, "都道府県コード": 46, "市区町村コード": 201, "所在地": "鹿児島県鹿児島市与次郎１－７－１", "緯度": 31.570805, "経度": 130.562454, "url": "https://www.iryou.teikyouseido.mhlw.go.jp/znk-web/juminkanja/S2430/initialize?prefCd=46&kikanCd=56159&kikanKbn=5", "url2": null, "内容": "よつば薬局【5:薬局】鹿児島県鹿児島市与次郎１－７－１" }, "geometry": { "type": "Point", "coordinates": [ 130.562454, 31.570805 ] } },
{ "type": "Feature", "properties": { "ID": 46556161, "正式名称": "薬局　くすりや　げんろく　伊集院店", "機関区分": 5, "都道府県コード": 46, "市区町村コード": 216, "所在地": "鹿児島県日置市伊集院町大田７９９", "緯度": 31.627579, "経度": 130.393216, "url": "https://www.iryou.teikyouseido.mhlw.go.jp/znk-web/juminkanja/S2430/initialize?prefCd=46&kikanCd=56161&kikanKbn=5", "url2": "https://ijuin-pharmacy.com", "内容": "薬局　くすりや　げんろく　伊集院店【5:薬局】鹿児島県日置市伊集院町大田７９９" }, "geometry": { "type": "Point", "coordinates": [ 130.393216, 31.627579 ] } },
{ "type": "Feature", "properties": { "ID": 46556162, "正式名称": "地域のそよかぜ薬局Ｃ", "機関区分": 5, "都道府県コード": 46, "市区町村コード": 218, "所在地": "鹿児島県霧島市隼人町真孝３６７７", "緯度": 31.728051, "経度": 130.718449, "url": "https://www.iryou.teikyouseido.mhlw.go.jp/znk-web/juminkanja/S2430/initialize?prefCd=46&kikanCd=56162&kikanKbn=5", "url2": "https://sakurahos.co.jp/", "内容": "地域のそよかぜ薬局Ｃ【5:薬局】鹿児島県霧島市隼人町真孝３６７７" }, "geometry": { "type": "Point", "coordinates": [ 130.718449, 31.728051 ] } },
{ "type": "Feature", "properties": { "ID": 46556172, "正式名称": "ゆうゆう薬局　田上店", "機関区分": 5, "都道府県コード": 46, "市区町村コード": 201, "所在地": "鹿児島県鹿児島市田上１－２３－８", "緯度": 31.577663, "経度": 130.529281, "url": "https://www.iryou.teikyouseido.mhlw.go.jp/znk-web/juminkanja/S2430/initialize?prefCd=46&kikanCd=56172&kikanKbn=5", "url2": "http://www.pharmacom.jp/", "内容": "ゆうゆう薬局　田上店【5:薬局】鹿児島県鹿児島市田上１－２３－８" }, "geometry": { "type": "Point", "coordinates": [ 130.529281, 31.577663 ] } },
{ "type": "Feature", "properties": { "ID": 46556173, "正式名称": "紫原あじさい薬局", "機関区分": 5, "都道府県コード": 46, "市区町村コード": 201, "所在地": "鹿児島県鹿児島市紫原１－４７－３", "緯度": 31.559927, "経度": 130.539866, "url": "https://www.iryou.teikyouseido.mhlw.go.jp/znk-web/juminkanja/S2430/initialize?prefCd=46&kikanCd=56173&kikanKbn=5", "url2": "https://www.ajisai-ph.com", "内容": "紫原あじさい薬局【5:薬局】鹿児島県鹿児島市紫原１－４７－３" }, "geometry": { "type": "Point", "coordinates": [ 130.539866, 31.559927 ] } },
{ "type": "Feature", "properties": { "ID": 46556174, "正式名称": "そうごう薬局　センテラス天文館店", "機関区分": 5, "都道府県コード": 46, "市区町村コード": 201, "所在地": "鹿児島県鹿児島市千日町１－１", "緯度": 31.590449, "経度": 130.555168, "url": "https://www.iryou.teikyouseido.mhlw.go.jp/znk-web/juminkanja/S2430/initialize?prefCd=46&kikanCd=56174&kikanKbn=5", "url2": "http://www.sogo-medical.co.jp", "内容": "そうごう薬局　センテラス天文館店【5:薬局】鹿児島県鹿児島市千日町１－１" }, "geometry": { "type": "Point", "coordinates": [ 130.555168, 31.590449 ] } },
{ "type": "Feature", "properties": { "ID": 46556183, "正式名称": "南日本薬剤センター薬局きよみ橋店", "機関区分": 5, "都道府県コード": 46, "市区町村コード": 201, "所在地": "鹿児島県鹿児島市小松原２－３５－８", "緯度": 31.528637, "経度": 130.522669, "url": "https://www.iryou.teikyouseido.mhlw.go.jp/znk-web/juminkanja/S2430/initialize?prefCd=46&kikanCd=56183&kikanKbn=5", "url2": "http//www.373pc.co.jp", "内容": "南日本薬剤センター薬局きよみ橋店【5:薬局】鹿児島県鹿児島市小松原２－３５－８" }, "geometry": { "type": "Point", "coordinates": [ 130.522669, 31.528637 ] } },
{ "type": "Feature", "properties": { "ID": 46556184, "正式名称": "谷山中央薬局", "機関区分": 5, "都道府県コード": 46, "市区町村コード": 201, "所在地": "鹿児島県鹿児島市谷山中央三丁目４６４２番地", "緯度": 31.518628, "経度": 130.518318, "url": "https://www.iryou.teikyouseido.mhlw.go.jp/znk-web/juminkanja/S2430/initialize?prefCd=46&kikanCd=56184&kikanKbn=5", "url2": null, "内容": "谷山中央薬局【5:薬局】鹿児島県鹿児島市谷山中央三丁目４６４２番地" }, "geometry": { "type": "Point", "coordinates": [ 130.518318, 31.518628 ] } },
{ "type": "Feature", "properties": { "ID": 46556185, "正式名称": "ねんりん薬局", "機関区分": 5, "都道府県コード": 46, "市区町村コード": 201, "所在地": "鹿児島県鹿児島市草牟田２丁目２７－１０", "緯度": 31.606165, "経度": 130.538503, "url": "https://www.iryou.teikyouseido.mhlw.go.jp/znk-web/juminkanja/S2430/initialize?prefCd=46&kikanCd=56185&kikanKbn=5", "url2": "https://www.instagram.com/nenrin_pharmacy?igsh=OGQ5ZDc2ODk2ZA%3D%3D&utm_source=qr", "内容": "ねんりん薬局【5:薬局】鹿児島県鹿児島市草牟田２丁目２７－１０" }, "geometry": { "type": "Point", "coordinates": [ 130.538503, 31.606165 ] } },
{ "type": "Feature", "properties": { "ID": 46556188, "正式名称": "市比野マリンバ薬局", "機関区分": 5, "都道府県コード": 46, "市区町村コード": 215, "所在地": "鹿児島県薩摩川内市樋脇町市比野３０８０－１", "緯度": 31.785742, "経度": 130.401246, "url": "https://www.iryou.teikyouseido.mhlw.go.jp/znk-web/juminkanja/S2430/initialize?prefCd=46&kikanCd=56188&kikanKbn=5", "url2": "https://www.satispharma.com", "内容": "市比野マリンバ薬局【5:薬局】鹿児島県薩摩川内市樋脇町市比野３０８０－１" }, "geometry": { "type": "Point", "coordinates": [ 130.401246, 31.785742 ] } },
{ "type": "Feature", "properties": { "ID": 46556189, "正式名称": "天辰マリンバ薬局", "機関区分": 5, "都道府県コード": 46, "市区町村コード": 215, "所在地": "鹿児島県薩摩川内市田崎町４３９番地１", "緯度": 31.821249, "経度": 130.327115, "url": "https://www.iryou.teikyouseido.mhlw.go.jp/znk-web/juminkanja/S2430/initialize?prefCd=46&kikanCd=56189&kikanKbn=5", "url2": "https://www.satispharma.com/", "内容": "天辰マリンバ薬局【5:薬局】鹿児島県薩摩川内市田崎町４３９番地１" }, "geometry": { "type": "Point", "coordinates": [ 130.327115, 31.821249 ] } },
{ "type": "Feature", "properties": { "ID": 46556195, "正式名称": "コスモス薬局　西谷山店", "機関区分": 5, "都道府県コード": 46, "市区町村コード": 201, "所在地": "鹿児島県鹿児島市西谷山１丁目１－４", "緯度": 31.525656, "経度": 130.508947, "url": "https://www.iryou.teikyouseido.mhlw.go.jp/znk-web/juminkanja/S2430/initialize?prefCd=46&kikanCd=56195&kikanKbn=5", "url2": "https://www.cosmospc.co.jp/shop/kyushu/kagoshima/10245.html", "内容": "コスモス薬局　西谷山店【5:薬局】鹿児島県鹿児島市西谷山１丁目１－４" }, "geometry": { "type": "Point", "coordinates": [ 130.508947, 31.525656 ] } },
{ "type": "Feature", "properties": { "ID": 46556197, "正式名称": "ドライブスルー薬局　ファ・メリア・ファーマシー", "機関区分": 5, "都道府県コード": 46, "市区町村コード": 221, "所在地": "鹿児島県志布志市志布志町安楽２４７４－２", "緯度": 31.484414, "経度": 131.083784, "url": "https://www.iryou.teikyouseido.mhlw.go.jp/znk-web/juminkanja/S2430/initialize?prefCd=46&kikanCd=56197&kikanKbn=5", "url2": "https://shita-labo.com", "内容": "ドライブスルー薬局　ファ・メリア・ファーマシー【5:薬局】鹿児島県志布志市志布志町安楽２４７４－２" }, "geometry": { "type": "Point", "coordinates": [ 131.083784, 31.484414 ] } },
{ "type": "Feature", "properties": { "ID": 46556198, "正式名称": "屋久島みんなの薬局", "機関区分": 5, "都道府県コード": 46, "市区町村コード": 505, "所在地": "鹿児島県熊毛郡屋久島町小瀬田８４９ー１８ー１０２", "緯度": 30.38976, "経度": 130.65216, "url": "https://www.iryou.teikyouseido.mhlw.go.jp/znk-web/juminkanja/S2430/initialize?prefCd=46&kikanCd=56198&kikanKbn=5", "url2": null, "内容": "屋久島みんなの薬局【5:薬局】鹿児島県熊毛郡屋久島町小瀬田８４９ー１８ー１０２" }, "geometry": { "type": "Point", "coordinates": [ 130.65216, 30.38976 ] } },
{ "type": "Feature", "properties": { "ID": 46556199, "正式名称": "ドラッグイレブン薬局姫城店", "機関区分": 5, "都道府県コード": 46, "市区町村コード": 218, "所在地": "鹿児島県霧島市隼人町姫城３－２０８", "緯度": 31.772699, "経度": 130.759328, "url": "https://www.iryou.teikyouseido.mhlw.go.jp/znk-web/juminkanja/S2430/initialize?prefCd=46&kikanCd=56199&kikanKbn=5", "url2": "https://www.drugeleven.com/shops/?cm=v&id=11332", "内容": "ドラッグイレブン薬局姫城店【5:薬局】鹿児島県霧島市隼人町姫城３－２０８" }, "geometry": { "type": "Point", "coordinates": [ 130.759328, 31.772699 ] } },
{ "type": "Feature", "properties": { "ID": 46556204, "正式名称": "きらり薬局", "機関区分": 5, "都道府県コード": 46, "市区町村コード": 201, "所在地": "鹿児島県鹿児島市吉野三丁目３３番３号", "緯度": 31.657069, "経度": 130.569972, "url": "https://www.iryou.teikyouseido.mhlw.go.jp/znk-web/juminkanja/S2430/initialize?prefCd=46&kikanCd=56204&kikanKbn=5", "url2": null, "内容": "きらり薬局【5:薬局】鹿児島県鹿児島市吉野三丁目３３番３号" }, "geometry": { "type": "Point", "coordinates": [ 130.569972, 31.657069 ] } },
{ "type": "Feature", "properties": { "ID": 46556205, "正式名称": "プラス薬局", "機関区分": 5, "都道府県コード": 46, "市区町村コード": 201, "所在地": "鹿児島県鹿児島市下伊敷一丁目３１番１号", "緯度": 31.61369, "経度": 130.536577, "url": "https://www.iryou.teikyouseido.mhlw.go.jp/znk-web/juminkanja/S2430/initialize?prefCd=46&kikanCd=56205&kikanKbn=5", "url2": null, "内容": "プラス薬局【5:薬局】鹿児島県鹿児島市下伊敷一丁目３１番１号" }, "geometry": { "type": "Point", "coordinates": [ 130.536577, 31.61369 ] } },
{ "type": "Feature", "properties": { "ID": 46556208, "正式名称": "がんじー薬局", "機関区分": 5, "都道府県コード": 46, "市区町村コード": 201, "所在地": "鹿児島県鹿児島市和田１丁目４９ー９", "緯度": 31.514469, "経度": 130.515616, "url": "https://www.iryou.teikyouseido.mhlw.go.jp/znk-web/juminkanja/S2430/initialize?prefCd=46&kikanCd=56208&kikanKbn=5", "url2": null, "内容": "がんじー薬局【5:薬局】鹿児島県鹿児島市和田１丁目４９ー９" }, "geometry": { "type": "Point", "coordinates": [ 130.515616, 31.514469 ] } },
{ "type": "Feature", "properties": { "ID": 46556209, "正式名称": "南さつまマリンバ薬局", "機関区分": 5, "都道府県コード": 46, "市区町村コード": 220, "所在地": "鹿児島県南さつま市加世田村原４丁目１４－１", "緯度": 31.418824, "経度": 130.332639, "url": "https://www.iryou.teikyouseido.mhlw.go.jp/znk-web/juminkanja/S2430/initialize?prefCd=46&kikanCd=56209&kikanKbn=5", "url2": "https://www.satispharma.com", "内容": "南さつまマリンバ薬局【5:薬局】鹿児島県南さつま市加世田村原４丁目１４－１" }, "geometry": { "type": "Point", "coordinates": [ 130.332639, 31.418824 ] } },
{ "type": "Feature", "properties": { "ID": 46556211, "正式名称": "有限会社　寛調剤薬局", "機関区分": 5, "都道府県コード": 46, "市区町村コード": 203, "所在地": "鹿児島県鹿屋市吾平町麓１８６番地３", "緯度": 31.337584, "経度": 130.897109, "url": "https://www.iryou.teikyouseido.mhlw.go.jp/znk-web/juminkanja/S2430/initialize?prefCd=46&kikanCd=56211&kikanKbn=5", "url2": "http://aicare.ehoh.net/", "内容": "有限会社　寛調剤薬局【5:薬局】鹿児島県鹿屋市吾平町麓１８６番地３" }, "geometry": { "type": "Point", "coordinates": [ 130.897109, 31.337584 ] } },
{ "type": "Feature", "properties": { "ID": 46556222, "正式名称": "ヘルシー薬局　住吉店", "機関区分": 5, "都道府県コード": 46, "市区町村コード": 201, "所在地": "鹿児島県鹿児島市住吉町１２番２３号", "緯度": 31.591397, "経度": 130.56169, "url": "https://www.iryou.teikyouseido.mhlw.go.jp/znk-web/juminkanja/S2430/initialize?prefCd=46&kikanCd=56222&kikanKbn=5", "url2": "https://healthy-pharmacy.jp/", "内容": "ヘルシー薬局　住吉店【5:薬局】鹿児島県鹿児島市住吉町１２番２３号" }, "geometry": { "type": "Point", "coordinates": [ 130.56169, 31.591397 ] } },
{ "type": "Feature", "properties": { "ID": 46556226, "正式名称": "出水マリンバ薬局", "機関区分": 5, "都道府県コード": 46, "市区町村コード": 208, "所在地": "鹿児島県出水市本町４番４５－１号", "緯度": 32.080954, "経度": 130.358485, "url": "https://www.iryou.teikyouseido.mhlw.go.jp/znk-web/juminkanja/S2430/initialize?prefCd=46&kikanCd=56226&kikanKbn=5", "url2": "https:/www.satispharma.com", "内容": "出水マリンバ薬局【5:薬局】鹿児島県出水市本町４番４５－１号" }, "geometry": { "type": "Point", "coordinates": [ 130.358485, 32.080954 ] } },
{ "type": "Feature", "properties": { "ID": 46556227, "正式名称": "海浜薬局", "機関区分": 5, "都道府県コード": 46, "市区町村コード": 220, "所在地": "鹿児島県南さつま市加世田村原４丁目６番地２", "緯度": 31.418465, "経度": 130.330912, "url": "https://www.iryou.teikyouseido.mhlw.go.jp/znk-web/juminkanja/S2430/initialize?prefCd=46&kikanCd=56227&kikanKbn=5", "url2": "https://kaihin.synapse.kagoshima.jp/", "内容": "海浜薬局【5:薬局】鹿児島県南さつま市加世田村原４丁目６番地２" }, "geometry": { "type": "Point", "coordinates": [ 130.330912, 31.418465 ] } },
{ "type": "Feature", "properties": { "ID": 46556230, "正式名称": "Ｉ＆Ｈ上こしき薬局", "機関区分": 5, "都道府県コード": 46, "市区町村コード": 215, "所在地": "鹿児島県薩摩川内市上甑町中甑字前田４７９", "緯度": 31.835234, "経度": 129.86551, "url": "https://www.iryou.teikyouseido.mhlw.go.jp/znk-web/juminkanja/S2430/initialize?prefCd=46&kikanCd=56230&kikanKbn=5", "url2": "https://map.i-h-inc.co.jp/b/iandh/info/10046005/", "内容": "Ｉ＆Ｈ上こしき薬局【5:薬局】鹿児島県薩摩川内市上甑町中甑字前田４７９" }, "geometry": { "type": "Point", "coordinates": [ 129.86551, 31.835234 ] } },
{ "type": "Feature", "properties": { "ID": 46556231, "正式名称": "きりん薬局", "機関区分": 5, "都道府県コード": 46, "市区町村コード": 201, "所在地": "鹿児島県鹿児島市宇宿３丁目３２番５号１０１号室", "緯度": 31.544126, "経度": 130.53743, "url": "https://www.iryou.teikyouseido.mhlw.go.jp/znk-web/juminkanja/S2430/initialize?prefCd=46&kikanCd=56231&kikanKbn=5", "url2": "https://www.e-classa.net/kirin-p-minamiko/index.html", "内容": "きりん薬局【5:薬局】鹿児島県鹿児島市宇宿３丁目３２番５号１０１号室" }, "geometry": { "type": "Point", "coordinates": [ 130.53743, 31.544126 ] } },
{ "type": "Feature", "properties": { "ID": 46556232, "正式名称": "ネスレ薬局", "機関区分": 5, "都道府県コード": 46, "市区町村コード": 201, "所在地": "鹿児島県鹿児島市西千石町３番２６イースト朝日ビル２０１号", "緯度": 31.588283, "経度": 130.546764, "url": "https://www.iryou.teikyouseido.mhlw.go.jp/znk-web/juminkanja/S2430/initialize?prefCd=46&kikanCd=56232&kikanKbn=5", "url2": null, "内容": "ネスレ薬局【5:薬局】鹿児島県鹿児島市西千石町３番２６イースト朝日ビル２０１号" }, "geometry": { "type": "Point", "coordinates": [ 130.546764, 31.588283 ] } },
{ "type": "Feature", "properties": { "ID": 46556233, "正式名称": "コジオスコ薬局", "機関区分": 5, "都道府県コード": 46, "市区町村コード": 201, "所在地": "鹿児島県鹿児島市西千石町１６番１２号ボナンザ西千石１Ｆ", "緯度": 31.5899329, "経度": 130.5510034, "url": "https://www.iryou.teikyouseido.mhlw.go.jp/znk-web/juminkanja/S2430/initialize?prefCd=46&kikanCd=56233&kikanKbn=5", "url2": "https://www.mt-pharmacy.jp", "内容": "コジオスコ薬局【5:薬局】鹿児島県鹿児島市西千石町１６番１２号ボナンザ西千石１Ｆ" }, "geometry": { "type": "Point", "coordinates": [ 130.551003400000013, 31.5899329 ] } },
{ "type": "Feature", "properties": { "ID": 46556234, "正式名称": "はぁとふる薬局", "機関区分": 5, "都道府県コード": 46, "市区町村コード": 505, "所在地": "鹿児島県熊毛郡屋久島町尾之間１３６番地６－１０２", "緯度": 30.234006, "経度": 130.5563, "url": "https://www.iryou.teikyouseido.mhlw.go.jp/znk-web/juminkanja/S2430/initialize?prefCd=46&kikanCd=56234&kikanKbn=5", "url2": null, "内容": "はぁとふる薬局【5:薬局】鹿児島県熊毛郡屋久島町尾之間１３６番地６－１０２" }, "geometry": { "type": "Point", "coordinates": [ 130.5563, 30.234006 ] } },
{ "type": "Feature", "properties": { "ID": 46556235, "正式名称": "いちご薬局", "機関区分": 5, "都道府県コード": 46, "市区町村コード": 218, "所在地": "鹿児島県霧島市国分下井６０１番地２", "緯度": 31.713486, "経度": 130.780856, "url": "https://www.iryou.teikyouseido.mhlw.go.jp/znk-web/juminkanja/S2430/initialize?prefCd=46&kikanCd=56235&kikanKbn=5", "url2": null, "内容": "いちご薬局【5:薬局】鹿児島県霧島市国分下井６０１番地２" }, "geometry": { "type": "Point", "coordinates": [ 130.780856, 31.713486 ] } },
{ "type": "Feature", "properties": { "ID": 46556237, "正式名称": "ドラッグイレブン薬局　　下荒田店", "機関区分": 5, "都道府県コード": 46, "市区町村コード": 201, "所在地": "鹿児島県鹿児島市下荒田１‐２－３１", "緯度": 31.576581, "経度": 130.559236, "url": "https://www.iryou.teikyouseido.mhlw.go.jp/znk-web/juminkanja/S2430/initialize?prefCd=46&kikanCd=56237&kikanKbn=5", "url2": "https://www.drugeleven.com/", "内容": "ドラッグイレブン薬局　　下荒田店【5:薬局】鹿児島県鹿児島市下荒田１‐２－３１" }, "geometry": { "type": "Point", "coordinates": [ 130.559236, 31.576581 ] } },
{ "type": "Feature", "properties": { "ID": 46556238, "正式名称": "南国タケシタ薬局　キラメキテラス店", "機関区分": 5, "都道府県コード": 46, "市区町村コード": 201, "所在地": "鹿児島県鹿児島市高麗町４３番２０号", "緯度": 31.578628, "経度": 130.553359, "url": "https://www.iryou.teikyouseido.mhlw.go.jp/znk-web/juminkanja/S2430/initialize?prefCd=46&kikanCd=56238&kikanKbn=5", "url2": "https://nangokutk-ph.ip/", "内容": "南国タケシタ薬局　キラメキテラス店【5:薬局】鹿児島県鹿児島市高麗町４３番２０号" }, "geometry": { "type": "Point", "coordinates": [ 130.553359, 31.578628 ] } },
{ "type": "Feature", "properties": { "ID": 46556239, "正式名称": "郡元マリンバ薬局", "機関区分": 5, "都道府県コード": 46, "市区町村コード": 201, "所在地": "鹿児島県鹿児島市郡元三丁目３番１５号", "緯度": 31.559878, "経度": 130.549526, "url": "https://www.iryou.teikyouseido.mhlw.go.jp/znk-web/juminkanja/S2430/initialize?prefCd=46&kikanCd=56239&kikanKbn=5", "url2": "https://www.satispharma.com", "内容": "郡元マリンバ薬局【5:薬局】鹿児島県鹿児島市郡元三丁目３番１５号" }, "geometry": { "type": "Point", "coordinates": [ 130.549526, 31.559878 ] } },
{ "type": "Feature", "properties": { "ID": 46556242, "正式名称": "かすう薬局脇元店", "機関区分": 5, "都道府県コード": 46, "市区町村コード": 225, "所在地": "鹿児島県姶良市脇元５４３番地１", "緯度": 31.70824, "経度": 130.614472, "url": "https://www.iryou.teikyouseido.mhlw.go.jp/znk-web/juminkanja/S2430/initialize?prefCd=46&kikanCd=56242&kikanKbn=5", "url2": "http://kasu-pharmacy.com/", "内容": "かすう薬局脇元店【5:薬局】鹿児島県姶良市脇元５４３番地１" }, "geometry": { "type": "Point", "coordinates": [ 130.614472, 31.70824 ] } },
{ "type": "Feature", "properties": { "ID": 46556243, "正式名称": "そお調剤薬局", "機関区分": 5, "都道府県コード": 46, "市区町村コード": 217, "所在地": "鹿児島県曽於市末吉町二之方字竹谷ノ上", "緯度": 31.635769, "経度": 131.03003, "url": "https://www.iryou.teikyouseido.mhlw.go.jp/znk-web/juminkanja/S2430/initialize?prefCd=46&kikanCd=56243&kikanKbn=5", "url2": null, "内容": "そお調剤薬局【5:薬局】鹿児島県曽於市末吉町二之方字竹谷ノ上" }, "geometry": { "type": "Point", "coordinates": [ 131.03003, 31.635769 ] } },
{ "type": "Feature", "properties": { "ID": 46556245, "正式名称": "Ｉ＆Ｈ下こしき薬局", "機関区分": 5, "都道府県コード": 46, "市区町村コード": 215, "所在地": "鹿児島県薩摩川内市下甑町手打字浜口１０１８番", "緯度": 31.706328, "経度": 129.729183, "url": "https://www.iryou.teikyouseido.mhlw.go.jp/znk-web/juminkanja/S2430/initialize?prefCd=46&kikanCd=56245&kikanKbn=5", "url2": null, "内容": "Ｉ＆Ｈ下こしき薬局【5:薬局】鹿児島県薩摩川内市下甑町手打字浜口１０１８番" }, "geometry": { "type": "Point", "coordinates": [ 129.729183, 31.706328 ] } },
{ "type": "Feature", "properties": { "ID": 46556246, "正式名称": "そうごう薬局　鹿児島中央駅西口店", "機関区分": 5, "都道府県コード": 46, "市区町村コード": 201, "所在地": "鹿児島県鹿児島市武一丁目２－１０ＪＲ鹿児島中央ビル２階", "緯度": 31.5830585, "経度": 130.5409156, "url": "https://www.iryou.teikyouseido.mhlw.go.jp/znk-web/juminkanja/S2430/initialize?prefCd=46&kikanCd=56246&kikanKbn=5", "url2": null, "内容": "そうごう薬局　鹿児島中央駅西口店【5:薬局】鹿児島県鹿児島市武一丁目２－１０ＪＲ鹿児島中央ビル２階" }, "geometry": { "type": "Point", "coordinates": [ 130.5409156, 31.5830585 ] } },
{ "type": "Feature", "properties": { "ID": 46556249, "正式名称": "蒲生おおくす薬局", "機関区分": 5, "都道府県コード": 46, "市区町村コード": 225, "所在地": "鹿児島県姶良市蒲生町下久徳４５６－１", "緯度": 31.756646, "経度": 130.586942, "url": "https://www.iryou.teikyouseido.mhlw.go.jp/znk-web/juminkanja/S2430/initialize?prefCd=46&kikanCd=56249&kikanKbn=5", "url2": null, "内容": "蒲生おおくす薬局【5:薬局】鹿児島県姶良市蒲生町下久徳４５６－１" }, "geometry": { "type": "Point", "coordinates": [ 130.586942, 31.756646 ] } },
{ "type": "Feature", "properties": { "ID": 46556251, "正式名称": "ハルジオン薬局", "機関区分": 5, "都道府県コード": 46, "市区町村コード": 201, "所在地": "鹿児島県鹿児島市上荒田町２９－２３Ｍ．ＳＱＵＡＲＥ１階", "緯度": 31.575147, "経度": 130.544608, "url": "https://www.iryou.teikyouseido.mhlw.go.jp/znk-web/juminkanja/S2430/initialize?prefCd=46&kikanCd=56251&kikanKbn=5", "url2": null, "内容": "ハルジオン薬局【5:薬局】鹿児島県鹿児島市上荒田町２９－２３Ｍ．ＳＱＵＡＲＥ１階" }, "geometry": { "type": "Point", "coordinates": [ 130.544608, 31.575147 ] } },
{ "type": "Feature", "properties": { "ID": 46556252, "正式名称": "白男川薬局　上荒田店", "機関区分": 5, "都道府県コード": 46, "市区町村コード": 201, "所在地": "鹿児島県鹿児島市上荒田町９－１１", "緯度": 31.577031, "経度": 130.546222, "url": "https://www.iryou.teikyouseido.mhlw.go.jp/znk-web/juminkanja/S2430/initialize?prefCd=46&kikanCd=56252&kikanKbn=5", "url2": "https://www.shiraogawa-p.com/", "内容": "白男川薬局　上荒田店【5:薬局】鹿児島県鹿児島市上荒田町９－１１" }, "geometry": { "type": "Point", "coordinates": [ 130.546222, 31.577031 ] } },
{ "type": "Feature", "properties": { "ID": 46556253, "正式名称": "ゆうゆう薬局甲突店", "機関区分": 5, "都道府県コード": 46, "市区町村コード": 201, "所在地": "鹿児島県鹿児島市甲突町１７―２", "緯度": 31.582485, "経度": 130.559644, "url": "https://www.iryou.teikyouseido.mhlw.go.jp/znk-web/juminkanja/S2430/initialize?prefCd=46&kikanCd=56253&kikanKbn=5", "url2": "http://www.pharmacom.jp/yuyu/", "内容": "ゆうゆう薬局甲突店【5:薬局】鹿児島県鹿児島市甲突町１７―２" }, "geometry": { "type": "Point", "coordinates": [ 130.559644, 31.582485 ] } },
{ "type": "Feature", "properties": { "ID": 46556270, "正式名称": "ふじ薬局加治木店", "機関区分": 5, "都道府県コード": 46, "市区町村コード": 225, "所在地": "鹿児島県姶良市加治木町木田４１０－１", "緯度": 31.734977, "経度": 130.658183, "url": "https://www.iryou.teikyouseido.mhlw.go.jp/znk-web/juminkanja/S2430/initialize?prefCd=46&kikanCd=56270&kikanKbn=5", "url2": null, "内容": "ふじ薬局加治木店【5:薬局】鹿児島県姶良市加治木町木田４１０－１" }, "geometry": { "type": "Point", "coordinates": [ 130.658183, 31.734977 ] } },
{ "type": "Feature", "properties": { "ID": 46556271, "正式名称": "ベル薬局", "機関区分": 5, "都道府県コード": 46, "市区町村コード": 201, "所在地": "鹿児島県鹿児島市鴨池新町１４－１７－１０１", "緯度": 31.555781, "経度": 130.559011, "url": "https://www.iryou.teikyouseido.mhlw.go.jp/znk-web/juminkanja/S2430/initialize?prefCd=46&kikanCd=56271&kikanKbn=5", "url2": null, "内容": "ベル薬局【5:薬局】鹿児島県鹿児島市鴨池新町１４－１７－１０１" }, "geometry": { "type": "Point", "coordinates": [ 130.559011, 31.555781 ] } },
{ "type": "Feature", "properties": { "ID": 46556277, "正式名称": "ラポール薬局　新屋敷店", "機関区分": 5, "都道府県コード": 46, "市区町村コード": 201, "所在地": "鹿児島県鹿児島市新屋敷町２０番２５－２号　しんやしきＢＬＤ　１Ｆ", "緯度": 31.582573, "経度": 130.557178, "url": "https://www.iryou.teikyouseido.mhlw.go.jp/znk-web/juminkanja/S2430/initialize?prefCd=46&kikanCd=56277&kikanKbn=5", "url2": "https://maps.app.goo.gl/BcvrPFwgLjS6TTH76", "内容": "ラポール薬局　新屋敷店【5:薬局】鹿児島県鹿児島市新屋敷町２０番２５－２号　しんやしきＢＬＤ　１Ｆ" }, "geometry": { "type": "Point", "coordinates": [ 130.557178, 31.582573 ] } },
{ "type": "Feature", "properties": { "ID": 46556283, "正式名称": "ドラッグイレブン薬局上荒田店", "機関区分": 5, "都道府県コード": 46, "市区町村コード": 201, "所在地": "鹿児島県鹿児島市上荒田町３９番３０号", "緯度": 31.574997, "経度": 130.539973, "url": "https://www.iryou.teikyouseido.mhlw.go.jp/znk-web/juminkanja/S2430/initialize?prefCd=46&kikanCd=56283&kikanKbn=5", "url2": "https://shop.tsuruha-g.com/4766", "内容": "ドラッグイレブン薬局上荒田店【5:薬局】鹿児島県鹿児島市上荒田町３９番３０号" }, "geometry": { "type": "Point", "coordinates": [ 130.539973, 31.574997 ] } },
{ "type": "Feature", "properties": { "ID": 46556284, "正式名称": "みなと薬局", "機関区分": 5, "都道府県コード": 46, "市区町村コード": 215, "所在地": "鹿児島県薩摩川内市中郷４丁目２４８", "緯度": 31.840083, "経度": 130.314466, "url": "https://www.iryou.teikyouseido.mhlw.go.jp/znk-web/juminkanja/S2430/initialize?prefCd=46&kikanCd=56284&kikanKbn=5", "url2": null, "内容": "みなと薬局【5:薬局】鹿児島県薩摩川内市中郷４丁目２４８" }, "geometry": { "type": "Point", "coordinates": [ 130.314466, 31.840083 ] } },
{ "type": "Feature", "properties": { "ID": 46556291, "正式名称": "こぐま薬局", "機関区分": 5, "都道府県コード": 46, "市区町村コード": 225, "所在地": "鹿児島県姶良市西餠田３２９３－５", "緯度": 31.719955, "経度": 130.621213, "url": "https://www.iryou.teikyouseido.mhlw.go.jp/znk-web/juminkanja/S2430/initialize?prefCd=46&kikanCd=56291&kikanKbn=5", "url2": null, "内容": "こぐま薬局【5:薬局】鹿児島県姶良市西餠田３２９３－５" }, "geometry": { "type": "Point", "coordinates": [ 130.621213, 31.719955 ] } },
{ "type": "Feature", "properties": { "ID": 46556292, "正式名称": "ファインヒル調剤薬局", "機関区分": 5, "都道府県コード": 46, "市区町村コード": 218, "所在地": "鹿児島県霧島市隼人町松永１丁目１７－１０２号", "緯度": 31.775161, "経度": 130.759941, "url": "https://www.iryou.teikyouseido.mhlw.go.jp/znk-web/juminkanja/S2430/initialize?prefCd=46&kikanCd=56292&kikanKbn=5", "url2": null, "内容": "ファインヒル調剤薬局【5:薬局】鹿児島県霧島市隼人町松永１丁目１７－１０２号" }, "geometry": { "type": "Point", "coordinates": [ 130.759941, 31.775161 ] } },
{ "type": "Feature", "properties": { "ID": 46556293, "正式名称": "クローバー薬局　志布志店", "機関区分": 5, "都道府県コード": 46, "市区町村コード": 221, "所在地": "鹿児島県志布志市志布志町安楽２１９３－４１２１９３－４１", "緯度": 31.478402, "経度": 131.083655, "url": "https://www.iryou.teikyouseido.mhlw.go.jp/znk-web/juminkanja/S2430/initialize?prefCd=46&kikanCd=56293&kikanKbn=5", "url2": null, "内容": "クローバー薬局　志布志店【5:薬局】鹿児島県志布志市志布志町安楽２１９３－４１２１９３－４１" }, "geometry": { "type": "Point", "coordinates": [ 131.083655, 31.478402 ] } },
{ "type": "Feature", "properties": { "ID": 46556296, "正式名称": "日本調剤鹿大薬局", "機関区分": 5, "都道府県コード": 46, "市区町村コード": 201, "所在地": "鹿児島県鹿児島市桜ケ丘８－３５－１", "緯度": 31.552083, "経度": 130.543984, "url": "https://www.iryou.teikyouseido.mhlw.go.jp/znk-web/juminkanja/S2430/initialize?prefCd=46&kikanCd=56296&kikanKbn=5", "url2": "https://www.nicho.co.jp/", "内容": "日本調剤鹿大薬局【5:薬局】鹿児島県鹿児島市桜ケ丘８－３５－１" }, "geometry": { "type": "Point", "coordinates": [ 130.543984, 31.552083 ] } },
{ "type": "Feature", "properties": { "ID": 46556297, "正式名称": "るぴなす薬局", "機関区分": 5, "都道府県コード": 46, "市区町村コード": 201, "所在地": "鹿児島県鹿児島市山下町", "緯度": 31.597315, "経度": 130.557861, "url": "https://www.iryou.teikyouseido.mhlw.go.jp/znk-web/juminkanja/S2430/initialize?prefCd=46&kikanCd=56297&kikanKbn=5", "url2": null, "内容": "るぴなす薬局【5:薬局】鹿児島県鹿児島市山下町" }, "geometry": { "type": "Point", "coordinates": [ 130.557861, 31.597315 ] } },
{ "type": "Feature", "properties": { "ID": 46556302, "正式名称": "まこと薬局", "機関区分": 5, "都道府県コード": 46, "市区町村コード": 216, "所在地": "鹿児島県日置市伊集院町郡２丁目７４番地", "緯度": 31.634256, "経度": 130.399548, "url": "https://www.iryou.teikyouseido.mhlw.go.jp/znk-web/juminkanja/S2430/initialize?prefCd=46&kikanCd=56302&kikanKbn=5", "url2": null, "内容": "まこと薬局【5:薬局】鹿児島県日置市伊集院町郡２丁目７４番地" }, "geometry": { "type": "Point", "coordinates": [ 130.399548, 31.634256 ] } },
{ "type": "Feature", "properties": { "ID": 46556304, "正式名称": "平和調剤薬局　鴨池店", "機関区分": 5, "都道府県コード": 46, "市区町村コード": 201, "所在地": "鹿児島県鹿児島市鴨池２丁目１０－３エントピア鴨池第７　１Ｆ", "緯度": 31.561914, "経度": 130.554197, "url": "https://www.iryou.teikyouseido.mhlw.go.jp/znk-web/juminkanja/S2430/initialize?prefCd=46&kikanCd=56304&kikanKbn=5", "url2": null, "内容": "平和調剤薬局　鴨池店【5:薬局】鹿児島県鹿児島市鴨池２丁目１０－３エントピア鴨池第７　１Ｆ" }, "geometry": { "type": "Point", "coordinates": [ 130.554197, 31.561914 ] } },
{ "type": "Feature", "properties": { "ID": 46556310, "正式名称": "三井調剤薬局　寿２丁目店", "機関区分": 5, "都道府県コード": 46, "市区町村コード": 203, "所在地": "鹿児島県鹿屋市寿２丁目１６番１８号", "緯度": 31.390207, "経度": 130.865712, "url": "https://www.iryou.teikyouseido.mhlw.go.jp/znk-web/juminkanja/S2430/initialize?prefCd=46&kikanCd=56310&kikanKbn=5", "url2": "https://mitsui-ph.com/", "内容": "三井調剤薬局　寿２丁目店【5:薬局】鹿児島県鹿屋市寿２丁目１６番１８号" }, "geometry": { "type": "Point", "coordinates": [ 130.865712, 31.390207 ] } },
{ "type": "Feature", "properties": { "ID": 46556315, "正式名称": "下竜尾薬局", "機関区分": 5, "都道府県コード": 46, "市区町村コード": 201, "所在地": "鹿児島県鹿児島市下竜尾町２番２５号福永ビル１階", "緯度": 31.602911, "経度": 130.560175, "url": "https://www.iryou.teikyouseido.mhlw.go.jp/znk-web/juminkanja/S2430/initialize?prefCd=46&kikanCd=56315&kikanKbn=5", "url2": null, "内容": "下竜尾薬局【5:薬局】鹿児島県鹿児島市下竜尾町２番２５号福永ビル１階" }, "geometry": { "type": "Point", "coordinates": [ 130.560175, 31.602911 ] } },
{ "type": "Feature", "properties": { "ID": 46556327, "正式名称": "きらり薬局　松元店", "機関区分": 5, "都道府県コード": 46, "市区町村コード": 201, "所在地": "鹿児島県鹿児島市上谷口町２８６２番地", "緯度": 31.605306, "経度": 130.436783, "url": "https://www.iryou.teikyouseido.mhlw.go.jp/znk-web/juminkanja/S2430/initialize?prefCd=46&kikanCd=56327&kikanKbn=5", "url2": "https://kirari3.com", "内容": "きらり薬局　松元店【5:薬局】鹿児島県鹿児島市上谷口町２８６２番地" }, "geometry": { "type": "Point", "coordinates": [ 130.436783, 31.605306 ] } },
{ "type": "Feature", "properties": { "ID": 46556329, "正式名称": "白男川薬局姶良店", "機関区分": 5, "都道府県コード": 46, "市区町村コード": 225, "所在地": "鹿児島県姶良市平松５４６２番地９", "緯度": 31.707949, "経度": 130.605968, "url": "https://www.iryou.teikyouseido.mhlw.go.jp/znk-web/juminkanja/S2430/initialize?prefCd=46&kikanCd=56329&kikanKbn=5", "url2": "shiraogawa.co.jp", "内容": "白男川薬局姶良店【5:薬局】鹿児島県姶良市平松５４６２番地９" }, "geometry": { "type": "Point", "coordinates": [ 130.605968, 31.707949 ] } },
{ "type": "Feature", "properties": { "ID": 46556330, "正式名称": "大信薬局屋久島店", "機関区分": 5, "都道府県コード": 46, "市区町村コード": 505, "所在地": "鹿児島県熊毛郡屋久島町宮之浦２４６４－２２", "緯度": 30.419269, "経度": 130.586619, "url": "https://www.iryou.teikyouseido.mhlw.go.jp/znk-web/juminkanja/S2430/initialize?prefCd=46&kikanCd=56330&kikanKbn=5", "url2": null, "内容": "大信薬局屋久島店【5:薬局】鹿児島県熊毛郡屋久島町宮之浦２４６４－２２" }, "geometry": { "type": "Point", "coordinates": [ 130.586619, 30.419269 ] } },
{ "type": "Feature", "properties": { "ID": 46556333, "正式名称": "在宅調剤センターさくらホス", "機関区分": 5, "都道府県コード": 46, "市区町村コード": 201, "所在地": "鹿児島県鹿児島市東千石町４－１７ー１Ｆ", "緯度": 31.592167, "経度": 130.554194, "url": "https://www.iryou.teikyouseido.mhlw.go.jp/znk-web/juminkanja/S2430/initialize?prefCd=46&kikanCd=56333&kikanKbn=5", "url2": "https://sakurahos.co.jp/", "内容": "在宅調剤センターさくらホス【5:薬局】鹿児島県鹿児島市東千石町４－１７ー１Ｆ" }, "geometry": { "type": "Point", "coordinates": [ 130.554194, 31.592167 ] } },
{ "type": "Feature", "properties": { "ID": 46556342, "正式名称": "大賀薬局鹿屋札元店", "機関区分": 5, "都道府県コード": 46, "市区町村コード": 203, "所在地": "鹿児島県鹿屋市札元", "緯度": 31.400656, "経度": 130.87392, "url": "https://www.iryou.teikyouseido.mhlw.go.jp/znk-web/juminkanja/S2430/initialize?prefCd=46&kikanCd=56342&kikanKbn=5", "url2": null, "内容": "大賀薬局鹿屋札元店【5:薬局】鹿児島県鹿屋市札元" }, "geometry": { "type": "Point", "coordinates": [ 130.87392, 31.400656 ] } },
{ "type": "Feature", "properties": { "ID": 46556343, "正式名称": "花ことば薬局　甲南通り店", "機関区分": 5, "都道府県コード": 46, "市区町村コード": 201, "所在地": "鹿児島県鹿児島市上之園町　２５番４－１０２号", "緯度": 31.581233, "経度": 130.545428, "url": "https://www.iryou.teikyouseido.mhlw.go.jp/znk-web/juminkanja/S2430/initialize?prefCd=46&kikanCd=56343&kikanKbn=5", "url2": "https://www.e-classa.net/peace-of-mind/group.html", "内容": "花ことば薬局　甲南通り店【5:薬局】鹿児島県鹿児島市上之園町　２５番４－１０２号" }, "geometry": { "type": "Point", "coordinates": [ 130.545428, 31.581233 ] } },
{ "type": "Feature", "properties": { "ID": 46556363, "正式名称": "かみふくもと薬局", "機関区分": 5, "都道府県コード": 46, "市区町村コード": 201, "所在地": "鹿児島県鹿児島市上福元町５７２３番地７", "緯度": 31.530189, "経度": 130.506558, "url": "https://www.iryou.teikyouseido.mhlw.go.jp/znk-web/juminkanja/S2430/initialize?prefCd=46&kikanCd=56363&kikanKbn=5", "url2": null, "内容": "かみふくもと薬局【5:薬局】鹿児島県鹿児島市上福元町５７２３番地７" }, "geometry": { "type": "Point", "coordinates": [ 130.506558, 31.530189 ] } },
{ "type": "Feature", "properties": { "ID": 46556368, "正式名称": "かすう薬局中山店", "機関区分": 5, "都道府県コード": 46, "市区町村コード": 201, "所在地": "鹿児島県鹿児島市中山町２１１３－３", "緯度": 31.542868, "経度": 130.50444, "url": "https://www.iryou.teikyouseido.mhlw.go.jp/znk-web/juminkanja/S2430/initialize?prefCd=46&kikanCd=56368&kikanKbn=5", "url2": "https://kasu-pharmacy.com/", "内容": "かすう薬局中山店【5:薬局】鹿児島県鹿児島市中山町２１１３－３" }, "geometry": { "type": "Point", "coordinates": [ 130.50444, 31.542868 ] } },
{ "type": "Feature", "properties": { "ID": 46556374, "正式名称": "出水中央調剤薬局", "機関区分": 5, "都道府県コード": 46, "市区町村コード": 208, "所在地": "鹿児島県出水市中央町１４２７", "緯度": 32.082564, "経度": 130.346519, "url": "https://www.iryou.teikyouseido.mhlw.go.jp/znk-web/juminkanja/S2430/initialize?prefCd=46&kikanCd=56374&kikanKbn=5", "url2": null, "内容": "出水中央調剤薬局【5:薬局】鹿児島県出水市中央町１４２７" }, "geometry": { "type": "Point", "coordinates": [ 130.346519, 32.082564 ] } },
{ "type": "Feature", "properties": { "ID": 46556382, "正式名称": "フロンティア薬局", "機関区分": 5, "都道府県コード": 46, "市区町村コード": 201, "所在地": "鹿児島県鹿児島市中町３－１１ー１Ｆ", "緯度": 31.59203, "経度": 130.555534, "url": "https://www.iryou.teikyouseido.mhlw.go.jp/znk-web/juminkanja/S2430/initialize?prefCd=46&kikanCd=56382&kikanKbn=5", "url2": null, "内容": "フロンティア薬局【5:薬局】鹿児島県鹿児島市中町３－１１ー１Ｆ" }, "geometry": { "type": "Point", "coordinates": [ 130.555534, 31.59203 ] } },
{ "type": "Feature", "properties": { "ID": 46556392, "正式名称": "ゆうゆう薬局　与次郎店", "機関区分": 5, "都道府県コード": 46, "市区町村コード": 201, "所在地": "鹿児島県鹿児島市下荒田四丁目５４番３号　スペースイン下荒田１Ｆ", "緯度": 31.570117, "経度": 130.559406, "url": "https://www.iryou.teikyouseido.mhlw.go.jp/znk-web/juminkanja/S2430/initialize?prefCd=46&kikanCd=56392&kikanKbn=5", "url2": "http://www.pharmacom.jp/", "内容": "ゆうゆう薬局　与次郎店【5:薬局】鹿児島県鹿児島市下荒田四丁目５４番３号　スペースイン下荒田１Ｆ" }, "geometry": { "type": "Point", "coordinates": [ 130.559406, 31.570117 ] } },
{ "type": "Feature", "properties": { "ID": 46556393, "正式名称": "クラウン薬局", "機関区分": 5, "都道府県コード": 46, "市区町村コード": 201, "所在地": "鹿児島県鹿児島市西田２丁目２１番４号１Ｆ", "緯度": 31.585089, "経度": 130.540989, "url": "https://www.iryou.teikyouseido.mhlw.go.jp/znk-web/juminkanja/S2430/initialize?prefCd=46&kikanCd=56393&kikanKbn=5", "url2": null, "内容": "クラウン薬局【5:薬局】鹿児島県鹿児島市西田２丁目２１番４号１Ｆ" }, "geometry": { "type": "Point", "coordinates": [ 130.540989, 31.585089 ] } },
{ "type": "Feature", "properties": { "ID": 46556396, "正式名称": "デルマ薬局", "機関区分": 5, "都道府県コード": 46, "市区町村コード": 201, "所在地": "鹿児島県鹿児島市谷山中央５丁目３９ー３７", "緯度": 31.515495, "経度": 130.511823, "url": "https://www.iryou.teikyouseido.mhlw.go.jp/znk-web/juminkanja/S2430/initialize?prefCd=46&kikanCd=56396&kikanKbn=5", "url2": null, "内容": "デルマ薬局【5:薬局】鹿児島県鹿児島市谷山中央５丁目３９ー３７" }, "geometry": { "type": "Point", "coordinates": [ 130.511823, 31.515495 ] } },
{ "type": "Feature", "properties": { "ID": 46556413, "正式名称": "はる薬局", "機関区分": 5, "都道府県コード": 46, "市区町村コード": 201, "所在地": "鹿児島県鹿児島市東谷山２丁目５番１８号", "緯度": 31.531006, "経度": 130.524202, "url": "https://www.iryou.teikyouseido.mhlw.go.jp/znk-web/juminkanja/S2430/initialize?prefCd=46&kikanCd=56413&kikanKbn=5", "url2": null, "内容": "はる薬局【5:薬局】鹿児島県鹿児島市東谷山２丁目５番１８号" }, "geometry": { "type": "Point", "coordinates": [ 130.524202, 31.531006 ] } },
{ "type": "Feature", "properties": { "ID": 4655786, "正式名称": "ゆうゆう薬局みなみ店", "機関区分": 5, "都道府県コード": 46, "市区町村コード": 201, "所在地": "鹿児島県鹿児島市長田町１８番２３号", "緯度": 31.604003, "経度": 130.556264, "url": "https://www.iryou.teikyouseido.mhlw.go.jp/znk-web/juminkanja/S2430/initialize?prefCd=46&kikanCd=5786&kikanKbn=5", "url2": null, "内容": "ゆうゆう薬局みなみ店【5:薬局】鹿児島県鹿児島市長田町１８番２３号" }, "geometry": { "type": "Point", "coordinates": [ 130.556264, 31.604003 ] } }
]
}
