{
"type": "FeatureCollection",
"name": "geo_46_1",
"crs": { "type": "name", "properties": { "name": "urn:ogc:def:crs:OGC:1.3:CRS84" } },
"features": [
{ "type": "Feature", "properties": { "ID": 46110001, "正式名称": "厚地脳神経外科病院", "機関区分": 1, "都道府県コード": 46, "市区町村コード": 201, "所在地": "鹿児島県鹿児島市東千石町４－１３", "緯度": 31.591379, "経度": 130.551808, "url": "https://www.iryou.teikyouseido.mhlw.go.jp/znk-web/juminkanja/S2430/initialize?prefCd=46&kikanCd=10001&kikanKbn=1", "url2": "https://atsuchi.jifukai.jp/", "内容": "厚地脳神経外科病院【1:病院】【診療科目:脳神経内科_脳神経外科_リハビリテーション科_放射線科】【一般病床数:60療養病床数:0精神病床数:0感染症病床数:0合計病床数:60】鹿児島県鹿児島市東千石町４－１３" }, "geometry": { "type": "Point", "coordinates": [ 130.551808, 31.591379 ] } },
{ "type": "Feature", "properties": { "ID": 46110002, "正式名称": "医療法人慈風会　厚地リハビリテーション病院", "機関区分": 1, "都道府県コード": 46, "市区町村コード": 201, "所在地": "鹿児島県鹿児島市照国町１３ー３７", "緯度": 31.59185, "経度": 130.551453, "url": "https://www.iryou.teikyouseido.mhlw.go.jp/znk-web/juminkanja/S2430/initialize?prefCd=46&kikanCd=10002&kikanKbn=1", "url2": "https://reha.jifukai.jp/", "内容": "医療法人慈風会　厚地リハビリテーション病院【1:病院】【診療科目:内科_脳神経内科_リハビリテーション科_放射線科】【一般病床数:54療養病床数:0精神病床数:0感染症病床数:0合計病床数:54】鹿児島県鹿児島市照国町１３ー３７" }, "geometry": { "type": "Point", "coordinates": [ 130.551453, 31.59185 ] } },
{ "type": "Feature", "properties": { "ID": 46110003, "正式名称": "天辰病院", "機関区分": 1, "都道府県コード": 46, "市区町村コード": 201, "所在地": "鹿児島県鹿児島市桜ケ丘四丁目一番八号", "緯度": 31.550611, "経度": 130.517434, "url": "https://www.iryou.teikyouseido.mhlw.go.jp/znk-web/juminkanja/S2430/initialize?prefCd=46&kikanCd=10003&kikanKbn=1", "url2": "http://www.amatatsu-hosp.info/", "内容": "天辰病院【1:病院】【診療科目:胃腸内科_外科_消化器外科_眼科_耳鼻いんこう科】【一般病床数:38療養病床数:0精神病床数:0感染症病床数:0合計病床数:38】鹿児島県鹿児島市桜ケ丘四丁目一番八号" }, "geometry": { "type": "Point", "coordinates": [ 130.517434, 31.550611 ] } },
{ "type": "Feature", "properties": { "ID": 46110005, "正式名称": "西田橋小田原病院", "機関区分": 1, "都道府県コード": 46, "市区町村コード": 201, "所在地": "鹿児島県鹿児島市平之町１－２７", "緯度": 31.589093, "経度": 130.545876, "url": "https://www.iryou.teikyouseido.mhlw.go.jp/znk-web/juminkanja/S2430/initialize?prefCd=46&kikanCd=10005&kikanKbn=1", "url2": "https://shouaikai.com/", "内容": "西田橋小田原病院【1:病院】【診療科目:内科_糖尿病内科_脳神経内科_循環器内科_消化器内科_胃腸内科_リウマチ科_リハビリテーション科】【一般病床数:51療養病床数:0精神病床数:0感染症病床数:0合計病床数:51】鹿児島県鹿児島市平之町１－２７" }, "geometry": { "type": "Point", "coordinates": [ 130.545876, 31.589093 ] } },
{ "type": "Feature", "properties": { "ID": 46110006, "正式名称": "医療法人健生会あんびる病院", "機関区分": 1, "都道府県コード": 46, "市区町村コード": 201, "所在地": "鹿児島県鹿児島市稲荷町１２番６号", "緯度": 31.610394, "経度": 130.568073, "url": "https://www.iryou.teikyouseido.mhlw.go.jp/znk-web/juminkanja/S2430/initialize?prefCd=46&kikanCd=10006&kikanKbn=1", "url2": "http://www.anbiru.com/", "内容": "医療法人健生会あんびる病院【1:病院】【診療科目:内科_呼吸器内科_循環器内科_消化器内科_リハビリテーション科】【一般病床数:0療養病床数:54精神病床数:0感染症病床数:0合計病床数:54】鹿児島県鹿児島市稲荷町１２番６号" }, "geometry": { "type": "Point", "coordinates": [ 130.568073, 31.610394 ] } },
{ "type": "Feature", "properties": { "ID": 46110008, "正式名称": "伊敷病院", "機関区分": 1, "都道府県コード": 46, "市区町村コード": 201, "所在地": "鹿児島県鹿児島市下伊敷２丁目４番１５号", "緯度": 31.614071, "経度": 130.537061, "url": "https://www.iryou.teikyouseido.mhlw.go.jp/znk-web/juminkanja/S2430/initialize?prefCd=46&kikanCd=10008&kikanKbn=1", "url2": "http://ishiki-hp.or.jp", "内容": "伊敷病院【1:病院】【診療科目:内科_神経内科_精神科】【一般病床数:19療養病床数:0精神病床数:210感染症病床数:0合計病床数:229】鹿児島県鹿児島市下伊敷２丁目４番１５号" }, "geometry": { "type": "Point", "coordinates": [ 130.537061, 31.614071 ] } },
{ "type": "Feature", "properties": { "ID": 46110010, "正式名称": "公益社団法人昭和会　いまきいれ総合病院", "機関区分": 1, "都道府県コード": 46, "市区町村コード": 201, "所在地": "鹿児島県鹿児島市高麗町４３番２５号", "緯度": 31.578024, "経度": 130.553335, "url": "https://www.iryou.teikyouseido.mhlw.go.jp/znk-web/juminkanja/S2430/initialize?prefCd=46&kikanCd=10010&kikanKbn=1", "url2": "https://imakiire.jp/", "内容": "公益社団法人昭和会　いまきいれ総合病院【1:病院】【診療科目:内科_血液内科_糖尿病内科_脳神経内科_呼吸器内科_循環器内科_消化器内科_緩和ケア内科_外科_脳神経外科_呼吸器外科_消化器外科_乳腺外科_整形外科_形成外科_小児科_新生児内科_産科_婦人科_頭頸部・耳鼻いんこう科_皮膚科_泌尿器科_歯科_歯科口腔外科_リハビリテーション科_放射線診断科_放射線治療科_病理診断科_救急科_麻酔科】【一般病床数:349療養病床数:0精神病床数:0感染症病床数:0合計病床数:349】鹿児島県鹿児島市高麗町４３番２５号" }, "geometry": { "type": "Point", "coordinates": [ 130.553335, 31.578024 ] } },
{ "type": "Feature", "properties": { "ID": 46110012, "正式名称": "いづろ今村病院", "機関区分": 1, "都道府県コード": 46, "市区町村コード": 201, "所在地": "鹿児島県鹿児島市堀江町１７番地１号", "緯度": 31.591107, "経度": 130.560057, "url": "https://www.iryou.teikyouseido.mhlw.go.jp/znk-web/juminkanja/S2430/initialize?prefCd=46&kikanCd=10012&kikanKbn=1", "url2": "https://www.jiaikai.or.jp/idzuro-imamura/", "内容": "いづろ今村病院【1:病院】【診療科目:内科_血液内科_糖尿病内科_代謝・内分泌内科_循環器内科_消化器内科_緩和ケア内科_外科_消化器外科_婦人科_眼科_皮膚科_放射線科】【一般病床数:115療養病床数:0精神病床数:0感染症病床数:0合計病床数:115】鹿児島県鹿児島市堀江町１７番地１号" }, "geometry": { "type": "Point", "coordinates": [ 130.560057, 31.591107 ] } },
{ "type": "Feature", "properties": { "ID": 46110013, "正式名称": "公益財団法人慈愛会　今村総合病院", "機関区分": 1, "都道府県コード": 46, "市区町村コード": 201, "所在地": "鹿児島県鹿児島市鴨池新町１１番２３号", "緯度": 31.556753, "経度": 130.557727, "url": "https://www.iryou.teikyouseido.mhlw.go.jp/znk-web/juminkanja/S2430/initialize?prefCd=46&kikanCd=10013&kikanKbn=1", "url2": "http://www.jiaikai.or.jp/imamura-general/", "内容": "公益財団法人慈愛会　今村総合病院【1:病院】【診療科目:内科_感染症内科_血液内科_糖尿病内科_脳神経内科_呼吸器内科_循環器内科_消化器内科_腎臓内科_人工透析内科_肝臓内科_腫瘍内科_ペインクリニック内科_外科_脳神経外科_消化器外科_整形外科_小児科_産科_婦人科_眼科_耳鼻いんこう科_気管食道・耳鼻いんこう科_皮膚科_泌尿器科_精神科_歯科口腔外科_リハビリテーション科_放射線科_病理診断科_救急科_麻酔科_膠原病・リウマチ内科】【一般病床数:378療養病床数:0精神病床数:50感染症病床数:0合計病床数:428】鹿児島県鹿児島市鴨池新町１１番２３号" }, "geometry": { "type": "Point", "coordinates": [ 130.557727, 31.556753 ] } },
{ "type": "Feature", "properties": { "ID": 46110014, "正式名称": "岩尾病院", "機関区分": 1, "都道府県コード": 46, "市区町村コード": 201, "所在地": "鹿児島県鹿児島市甲突町", "緯度": 31.582272, "経度": 130.559566, "url": "https://www.iryou.teikyouseido.mhlw.go.jp/znk-web/juminkanja/S2430/initialize?prefCd=46&kikanCd=10014&kikanKbn=1", "url2": "iwao", "内容": "岩尾病院【1:病院】【診療科目:内科_神経内科_整形外科_リハビリテーション科_麻酔科】【一般病床数:35療養病床数:74精神病床数:0感染症病床数:0合計病床数:109】鹿児島県鹿児島市甲突町" }, "geometry": { "type": "Point", "coordinates": [ 130.559566, 31.582272 ] } },
{ "type": "Feature", "properties": { "ID": 46110015, "正式名称": "医療法人康成会植村病院", "機関区分": 1, "都道府県コード": 46, "市区町村コード": 201, "所在地": "鹿児島県鹿児島市草牟田１丁目４番７号", "緯度": 31.602097, "経度": 130.538961, "url": "https://www.iryou.teikyouseido.mhlw.go.jp/znk-web/juminkanja/S2430/initialize?prefCd=46&kikanCd=10015&kikanKbn=1", "url2": "http://www.koseikai-uemura.jp", "内容": "医療法人康成会植村病院【1:病院】【診療科目:内科_循環器内科_胃腸内科_神経内科_リハビリテーション科】【一般病床数:36療養病床数:23精神病床数:0感染症病床数:0合計病床数:59】鹿児島県鹿児島市草牟田１丁目４番７号" }, "geometry": { "type": "Point", "coordinates": [ 130.538961, 31.602097 ] } },
{ "type": "Feature", "properties": { "ID": 46110016, "正式名称": "社会医療法人愛仁会植村病院", "機関区分": 1, "都道府県コード": 46, "市区町村コード": 201, "所在地": "鹿児島県鹿児島市伊敷２丁目１番２号", "緯度": 31.616895, "経度": 130.528734, "url": "https://www.iryou.teikyouseido.mhlw.go.jp/znk-web/juminkanja/S2430/initialize?prefCd=46&kikanCd=10016&kikanKbn=1", "url2": "https://uemura-hospi.site.kagoshima.jp/", "内容": "社会医療法人愛仁会植村病院【1:病院】【診療科目:内科_糖尿病内科_呼吸器内科_循環器内科_消化器内科_神経内科_外科_心臓血管外科_整形外科_リハビリテーション科_救急科】【一般病床数:78療養病床数:0精神病床数:0感染症病床数:0合計病床数:78】鹿児島県鹿児島市伊敷２丁目１番２号" }, "geometry": { "type": "Point", "coordinates": [ 130.528734, 31.616895 ] } },
{ "type": "Feature", "properties": { "ID": 46110017, "正式名称": "上山病院", "機関区分": 1, "都道府県コード": 46, "市区町村コード": 201, "所在地": "鹿児島県鹿児島市宇宿３丁目１７番６号", "緯度": 31.541929, "経度": 130.538582, "url": "https://www.iryou.teikyouseido.mhlw.go.jp/znk-web/juminkanja/S2430/initialize?prefCd=46&kikanCd=10017&kikanKbn=1", "url2": "http://www.jin-ai-kai.or.jp/", "内容": "上山病院【1:病院】【診療科目:内科_循環器内科_腎臓内科_人工透析内科_血管外科】【一般病床数:0療養病床数:40精神病床数:0感染症病床数:0合計病床数:40】鹿児島県鹿児島市宇宿３丁目１７番６号" }, "geometry": { "type": "Point", "coordinates": [ 130.538582, 31.541929 ] } },
{ "type": "Feature", "properties": { "ID": 46110018, "正式名称": "大勝病院", "機関区分": 1, "都道府県コード": 46, "市区町村コード": 201, "所在地": "鹿児島県鹿児島市真砂本町３番９５号", "緯度": 31.557291, "経度": 130.548493, "url": "https://www.iryou.teikyouseido.mhlw.go.jp/znk-web/juminkanja/S2430/initialize?prefCd=46&kikanCd=10018&kikanKbn=1", "url2": "http://ookatsu.jp/", "内容": "大勝病院【1:病院】【診療科目:神経内科_リハビリテーション科】【一般病床数:102療養病床数:219精神病床数:0感染症病床数:0合計病床数:321】鹿児島県鹿児島市真砂本町３番９５号" }, "geometry": { "type": "Point", "coordinates": [ 130.548493, 31.557291 ] } },
{ "type": "Feature", "properties": { "ID": 46110019, "正式名称": "沖野循環器科病院", "機関区分": 1, "都道府県コード": 46, "市区町村コード": 201, "所在地": "鹿児島県鹿児島市西千石町１３－３０", "緯度": 31.589521, "経度": 130.549236, "url": "https://www.iryou.teikyouseido.mhlw.go.jp/znk-web/juminkanja/S2430/initialize?prefCd=46&kikanCd=10019&kikanKbn=1", "url2": "https://okino-hp.or.jp/", "内容": "沖野循環器科病院【1:病院】【診療科目:内科_呼吸器内科_循環器内科_胃腸内科_リハビリテーション科】【一般病床数:0療養病床数:29精神病床数:0感染症病床数:0合計病床数:29】鹿児島県鹿児島市西千石町１３－３０" }, "geometry": { "type": "Point", "coordinates": [ 130.549236, 31.589521 ] } },
{ "type": "Feature", "properties": { "ID": 46110020, "正式名称": "医療法人隆仁会　納病院", "機関区分": 1, "都道府県コード": 46, "市区町村コード": 201, "所在地": "鹿児島県鹿児島市高麗町", "緯度": 31.582963, "経度": 130.550169, "url": "https://www.iryou.teikyouseido.mhlw.go.jp/znk-web/juminkanja/S2430/initialize?prefCd=46&kikanCd=10020&kikanKbn=1", "url2": null, "内容": "医療法人隆仁会　納病院【1:病院】【診療科目:内科_呼吸器内科_消化器内科_整形外科_リハビリテーション科_放射線科】【一般病床数:36療養病床数:0精神病床数:0感染症病床数:0合計病床数:36】鹿児島県鹿児島市高麗町" }, "geometry": { "type": "Point", "coordinates": [ 130.550169, 31.582963 ] } },
{ "type": "Feature", "properties": { "ID": 46110021, "正式名称": "小田代病院", "機関区分": 1, "都道府県コード": 46, "市区町村コード": 201, "所在地": "鹿児島県鹿児島市荒田", "緯度": 31.576567, "経度": 130.550111, "url": "https://www.iryou.teikyouseido.mhlw.go.jp/znk-web/juminkanja/S2430/initialize?prefCd=46&kikanCd=10021&kikanKbn=1", "url2": "https://odashiro.jp/", "内容": "小田代病院【1:病院】【診療科目:内科_糖尿病・内分泌内科_循環器内科_消化器内科_外科_消化器外科_整形外科_泌尿器科_リウマチ科_リハビリテーション科_麻酔科】【一般病床数:53療養病床数:0精神病床数:0感染症病床数:0合計病床数:53】鹿児島県鹿児島市荒田" }, "geometry": { "type": "Point", "coordinates": [ 130.550111, 31.576567 ] } },
{ "type": "Feature", "properties": { "ID": 46110022, "正式名称": "医療法人尚愛会小田原病院", "機関区分": 1, "都道府県コード": 46, "市区町村コード": 201, "所在地": "鹿児島県鹿児島市山之口町", "緯度": 31.587957, "経度": 130.553605, "url": "https://www.iryou.teikyouseido.mhlw.go.jp/znk-web/juminkanja/S2430/initialize?prefCd=46&kikanCd=10022&kikanKbn=1", "url2": "http://www.shouaikai.jp/odawara/", "内容": "医療法人尚愛会小田原病院【1:病院】【診療科目:内科_胃腸内科_外科_肛門外科_整形外科_リハビリテーション科_放射線科_麻酔科】【一般病床数:44療養病床数:0精神病床数:0感染症病床数:0合計病床数:44】鹿児島県鹿児島市山之口町" }, "geometry": { "type": "Point", "coordinates": [ 130.553605, 31.587957 ] } },
{ "type": "Feature", "properties": { "ID": 46110023, "正式名称": "尾辻病院", "機関区分": 1, "都道府県コード": 46, "市区町村コード": 201, "所在地": "鹿児島県鹿児島市南新町１－２９", "緯度": 31.556772, "経度": 130.541793, "url": "https://www.iryou.teikyouseido.mhlw.go.jp/znk-web/juminkanja/S2430/initialize?prefCd=46&kikanCd=10023&kikanKbn=1", "url2": null, "内容": "尾辻病院【1:病院】【診療科目:精神科】【一般病床数:0療養病床数:0精神病床数:155感染症病床数:0合計病床数:155】鹿児島県鹿児島市南新町１－２９" }, "geometry": { "type": "Point", "coordinates": [ 130.541793, 31.556772 ] } },
{ "type": "Feature", "properties": { "ID": 46110025, "正式名称": "鹿児島市医師会病院", "機関区分": 1, "都道府県コード": 46, "市区町村コード": 201, "所在地": "鹿児島県鹿児島市鴨池新町７番１号", "緯度": 31.559966, "経度": 130.556361, "url": "https://www.iryou.teikyouseido.mhlw.go.jp/znk-web/juminkanja/S2430/initialize?prefCd=46&kikanCd=10025&kikanKbn=1", "url2": "https://kmah.jp/", "内容": "鹿児島市医師会病院【1:病院】【診療科目:内科_脳神経内科_循環器内科_消化器内科_神経内科_ペインクリニック内科_緩和ケア内科_外科_呼吸器外科_消化器外科_乳腺外科_婦人科_リハビリテーション科_放射線科_病理診断科_救急科_麻酔科】【一般病床数:199療養病床数:0精神病床数:0感染症病床数:0合計病床数:199】鹿児島県鹿児島市鴨池新町７番１号" }, "geometry": { "type": "Point", "coordinates": [ 130.556361, 31.559966 ] } },
{ "type": "Feature", "properties": { "ID": 46110026, "正式名称": "鹿児島市立病院", "機関区分": 1, "都道府県コード": 46, "市区町村コード": 201, "所在地": "鹿児島県鹿児島市上荒田町３７番１号", "緯度": 31.574006, "経度": 130.542053, "url": "https://www.iryou.teikyouseido.mhlw.go.jp/znk-web/juminkanja/S2430/initialize?prefCd=46&kikanCd=10026&kikanKbn=1", "url2": "http://www.kch.kagoshima.jp/", "内容": "鹿児島市立病院【1:病院】【診療科目:内科_糖尿病・内分泌内科_脳神経内科_呼吸器内科_循環器内科_消化器内科_腎臓内科_腫瘍内科_脳神経外科_呼吸器外科_心臓血管外科_消化器外科_乳腺外科_整形外科_形成外科_小児科_小児外科_産婦人科_眼科_耳鼻いんこう科_皮膚科_泌尿器科_精神科_歯科_歯科口腔外科_リウマチ科_リハビリテーション科_放射線科_病理診断科_救急科_麻酔科】【一般病床数:568療養病床数:0精神病床数:0感染症病床数:6合計病床数:574】鹿児島県鹿児島市上荒田町３７番１号" }, "geometry": { "type": "Point", "coordinates": [ 130.542053, 31.574006 ] } },
{ "type": "Feature", "properties": { "ID": 46110028, "正式名称": "鹿児島赤十字病院", "機関区分": 1, "都道府県コード": 46, "市区町村コード": 201, "所在地": "鹿児島県鹿児島市平川町２５４５番地", "緯度": 31.46063, "経度": 130.513173, "url": "https://www.iryou.teikyouseido.mhlw.go.jp/znk-web/juminkanja/S2430/initialize?prefCd=46&kikanCd=10028&kikanKbn=1", "url2": "http://www.kagoshima-med.jrc.or.jp", "内容": "鹿児島赤十字病院【1:病院】【診療科目:内科_呼吸器内科_循環器内科_脳神経外科_整形外科_リウマチ科_リハビリテーション科_放射線科_麻酔科】【一般病床数:120療養病床数:0精神病床数:0感染症病床数:0合計病床数:120】鹿児島県鹿児島市平川町２５４５番地" }, "geometry": { "type": "Point", "coordinates": [ 130.513173, 31.46063 ] } },
{ "type": "Feature", "properties": { "ID": 46110029, "正式名称": "鹿児島大学病院", "機関区分": 1, "都道府県コード": 46, "市区町村コード": 201, "所在地": "鹿児島県鹿児島市桜ケ丘８丁目３５－１", "緯度": 31.547137, "経度": 130.527934, "url": "https://www.iryou.teikyouseido.mhlw.go.jp/znk-web/juminkanja/S2430/initialize?prefCd=46&kikanCd=10029&kikanKbn=1", "url2": "https://www.hosp.kagoshima-u.ac.jp/", "内容": "鹿児島大学病院【1:病院】【診療科目:内科_脳神経内科_呼吸器内科_循環器内科_消化器内科_外科_脳神経外科_呼吸器外科_心臓血管外科_消化器外科_整形外科_形成外科_小児科_小児外科_産科_婦人科_眼科_耳鼻いんこう科_皮膚科_泌尿器科_精神科_心療内科_歯科_矯正歯科_歯科口腔外科_小児歯科_リウマチ科_リハビリテーション科_放射線科_病理診断科_臨床検査科_救急科_麻酔科】【一般病床数:612療養病床数:0精神病床数:40感染症病床数:1合計病床数:653】鹿児島県鹿児島市桜ケ丘８丁目３５－１" }, "geometry": { "type": "Point", "coordinates": [ 130.527934, 31.547137 ] } },
{ "type": "Feature", "properties": { "ID": 46110032, "正式名称": "川島病院", "機関区分": 1, "都道府県コード": 46, "市区町村コード": 201, "所在地": "鹿児島県鹿児島市谷山中央１丁目１５番１号", "緯度": 31.525793, "経度": 130.519126, "url": "https://www.iryou.teikyouseido.mhlw.go.jp/znk-web/juminkanja/S2430/initialize?prefCd=46&kikanCd=10032&kikanKbn=1", "url2": "https://www.kawashima-hp.com", "内容": "川島病院【1:病院】【診療科目:内科_胃腸内科_外科_リハビリテーション科_麻酔科】【一般病床数:0療養病床数:40精神病床数:0感染症病床数:0合計病床数:40】鹿児島県鹿児島市谷山中央１丁目１５番１号" }, "geometry": { "type": "Point", "coordinates": [ 130.519126, 31.525793 ] } },
{ "type": "Feature", "properties": { "ID": 46110034, "正式名称": "独立行政法人国立病院機構鹿児島医療センター", "機関区分": 1, "都道府県コード": 46, "市区町村コード": 201, "所在地": "鹿児島県鹿児島市城山町８番１号", "緯度": 31.600081, "経度": 130.556127, "url": "https://www.iryou.teikyouseido.mhlw.go.jp/znk-web/juminkanja/S2430/initialize?prefCd=46&kikanCd=10034&kikanKbn=1", "url2": "https://kagomc.hosp.go.jp/", "内容": "独立行政法人国立病院機構鹿児島医療センター【1:病院】【診療科目:内科_血液内科_糖尿病・内分泌内科_循環器内科_消化器内科_腎臓内科_神経内科_外科_脳神経外科_心臓血管外科_消化器外科_小児科_婦人科_眼科_耳鼻いんこう科_皮膚科_泌尿器科_精神科_歯科口腔外科_リハビリテーション科_放射線科_病理診断科_救急科_麻酔科】【一般病床数:410療養病床数:0精神病床数:0感染症病床数:0合計病床数:410】鹿児島県鹿児島市城山町８番１号" }, "geometry": { "type": "Point", "coordinates": [ 130.556127, 31.600081 ] } },
{ "type": "Feature", "properties": { "ID": 46110035, "正式名称": "社会医療法人童仁会池田病院", "機関区分": 1, "都道府県コード": 46, "市区町村コード": 201, "所在地": "鹿児島県鹿児島市西田３丁目１０－２０", "緯度": 31.58753, "経度": 130.538757, "url": "https://www.iryou.teikyouseido.mhlw.go.jp/znk-web/juminkanja/S2430/initialize?prefCd=46&kikanCd=10035&kikanKbn=1", "url2": "http://ikekidho.jp", "内容": "社会医療法人童仁会池田病院【1:病院】【診療科目:内科_小児科_アレルギー科】【一般病床数:27療養病床数:0精神病床数:0感染症病床数:0合計病床数:30】鹿児島県鹿児島市西田３丁目１０－２０" }, "geometry": { "type": "Point", "coordinates": [ 130.538757, 31.58753 ] } },
{ "type": "Feature", "properties": { "ID": 46110036, "正式名称": "愛育病院", "機関区分": 1, "都道府県コード": 46, "市区町村コード": 201, "所在地": "鹿児島県鹿児島市小松原１丁目４３番１５号", "緯度": 31.533871, "経度": 130.531756, "url": "https://www.iryou.teikyouseido.mhlw.go.jp/znk-web/juminkanja/S2430/initialize?prefCd=46&kikanCd=10036&kikanKbn=1", "url2": "https://aiiku-kago.com", "内容": "愛育病院【1:病院】【診療科目:産科_婦人科】【一般病床数:60療養病床数:0精神病床数:0感染症病床数:0合計病床数:60】鹿児島県鹿児島市小松原１丁目４３番１５号" }, "geometry": { "type": "Point", "coordinates": [ 130.531756, 31.533871 ] } },
{ "type": "Feature", "properties": { "ID": 46110037, "正式名称": "共立病院", "機関区分": 1, "都道府県コード": 46, "市区町村コード": 201, "所在地": "鹿児島県鹿児島市南郡元町１１ー１１", "緯度": 31.556418, "経度": 130.545473, "url": "https://www.iryou.teikyouseido.mhlw.go.jp/znk-web/juminkanja/S2430/initialize?prefCd=46&kikanCd=10037&kikanKbn=1", "url2": null, "内容": "共立病院【1:病院】【診療科目:内科_循環器内科_消化器内科_外科_消化器外科_肛門外科_整形外科_リハビリテーション科】【一般病床数:40療養病床数:49精神病床数:0感染症病床数:0合計病床数:89】鹿児島県鹿児島市南郡元町１１ー１１" }, "geometry": { "type": "Point", "coordinates": [ 130.545473, 31.556418 ] } },
{ "type": "Feature", "properties": { "ID": 46110038, "正式名称": "玉水会病院", "機関区分": 1, "都道府県コード": 46, "市区町村コード": 201, "所在地": "鹿児島県鹿児島市下伊敷１丁目１番５号", "緯度": 31.608957, "経度": 130.534795, "url": "https://www.iryou.teikyouseido.mhlw.go.jp/znk-web/juminkanja/S2430/initialize?prefCd=46&kikanCd=10038&kikanKbn=1", "url2": "https://gyokusuikai.jp", "内容": "玉水会病院【1:病院】【診療科目:内科_糖尿病内科_循環器内科_消化器内科_神経内科_心療内科_リハビリテーション科】【一般病床数:71療養病床数:0精神病床数:0感染症病床数:0合計病床数:71】鹿児島県鹿児島市下伊敷１丁目１番５号" }, "geometry": { "type": "Point", "coordinates": [ 130.534795, 31.608957 ] } },
{ "type": "Feature", "properties": { "ID": 46110040, "正式名称": "医療法人仁愛会　花倉病院", "機関区分": 1, "都道府県コード": 46, "市区町村コード": 201, "所在地": "鹿児島県鹿児島市吉野町５１４７", "緯度": 31.647602, "経度": 130.581672, "url": "https://www.iryou.teikyouseido.mhlw.go.jp/znk-web/juminkanja/S2430/initialize?prefCd=46&kikanCd=10040&kikanKbn=1", "url2": "http://www.jinaikai.com/kekura/", "内容": "医療法人仁愛会　花倉病院【1:病院】【診療科目:内科_精神科_老年精神科】【一般病床数:0療養病床数:0精神病床数:154感染症病床数:0合計病床数:154】鹿児島県鹿児島市吉野町５１４７" }, "geometry": { "type": "Point", "coordinates": [ 130.581672, 31.647602 ] } },
{ "type": "Feature", "properties": { "ID": 46110041, "正式名称": "鹿児島厚生連病院", "機関区分": 1, "都道府県コード": 46, "市区町村コード": 201, "所在地": "鹿児島県鹿児島市与次郎１丁目１３番１号", "緯度": 31.572052, "経度": 130.567123, "url": "https://www.iryou.teikyouseido.mhlw.go.jp/znk-web/juminkanja/S2430/initialize?prefCd=46&kikanCd=10041&kikanKbn=1", "url2": "http://kago-ksr.or.jp", "内容": "鹿児島厚生連病院【1:病院】【診療科目:内科_糖尿病内科_呼吸器内科_循環器内科_消化器内科_腎臓内科_肝臓内科_外科_呼吸器外科_消化器外科_眼科_耳鼻いんこう科_精神科_リハビリテーション科_放射線科_病理診断科_麻酔科】【一般病床数:184療養病床数:0精神病床数:0感染症病床数:0合計病床数:184】鹿児島県鹿児島市与次郎１丁目１３番１号" }, "geometry": { "type": "Point", "coordinates": [ 130.567123, 31.572052 ] } },
{ "type": "Feature", "properties": { "ID": 46110043, "正式名称": "坂之上病院", "機関区分": 1, "都道府県コード": 46, "市区町村コード": 201, "所在地": "鹿児島県鹿児島市光山２丁目３１－７６", "緯度": 31.492249, "経度": 130.510411, "url": "https://www.iryou.teikyouseido.mhlw.go.jp/znk-web/juminkanja/S2430/initialize?prefCd=46&kikanCd=10043&kikanKbn=1", "url2": "http://www.youzenkai.or.jp", "内容": "坂之上病院【1:病院】【診療科目:内科_脳神経内科_精神科】【一般病床数:0療養病床数:18精神病床数:122感染症病床数:0合計病床数:140】鹿児島県鹿児島市光山２丁目３１－７６" }, "geometry": { "type": "Point", "coordinates": [ 130.510411, 31.492249 ] } },
{ "type": "Feature", "properties": { "ID": 46110044, "正式名称": "相良病院", "機関区分": 1, "都道府県コード": 46, "市区町村コード": 201, "所在地": "鹿児島県鹿児島市松原町３ー３１", "緯度": 31.586177, "経度": 130.557813, "url": "https://www.iryou.teikyouseido.mhlw.go.jp/znk-web/juminkanja/S2430/initialize?prefCd=46&kikanCd=10044&kikanKbn=1", "url2": "http://www.sagara.or.jp", "内容": "相良病院【1:病院】【診療科目:内分泌内科_糖尿病・内分泌内科_循環器内科_腫瘍内科_緩和ケア内科_乳腺外科_乳腺・内分泌外科_形成外科_婦人科_歯科口腔外科_放射線診断科_病理診断科_麻酔科】【一般病床数:80療養病床数:0精神病床数:0感染症病床数:0合計病床数:80】鹿児島県鹿児島市松原町３ー３１" }, "geometry": { "type": "Point", "coordinates": [ 130.557813, 31.586177 ] } },
{ "type": "Feature", "properties": { "ID": 46110045, "正式名称": "﨑元病院", "機関区分": 1, "都道府県コード": 46, "市区町村コード": 201, "所在地": "鹿児島県鹿児島市東千石町４番１３号", "緯度": 31.591788, "経度": 130.551932, "url": "https://www.iryou.teikyouseido.mhlw.go.jp/znk-web/juminkanja/S2430/initialize?prefCd=46&kikanCd=10045&kikanKbn=1", "url2": "https://jinaikai.com/sakimoto/", "内容": "﨑元病院【1:病院】【診療科目:内科_循環器内科_老年精神科_リハビリテーション科】【一般病床数:40療養病床数:0精神病床数:0感染症病床数:0合計病床数:40】鹿児島県鹿児島市東千石町４番１３号" }, "geometry": { "type": "Point", "coordinates": [ 130.551932, 31.591788 ] } },
{ "type": "Feature", "properties": { "ID": 46110046, "正式名称": "桜島病院", "機関区分": 1, "都道府県コード": 46, "市区町村コード": 201, "所在地": "鹿児島県鹿児島市野尻町５９", "緯度": 31.568568, "経度": 130.616309, "url": "https://www.iryou.teikyouseido.mhlw.go.jp/znk-web/juminkanja/S2430/initialize?prefCd=46&kikanCd=10046&kikanKbn=1", "url2": "http://www.tenyoukai.org/sakurazima/index.Htm", "内容": "桜島病院【1:病院】【診療科目:内科_外科_眼科_耳鼻いんこう科_リハビリテーション科_放射線科】【一般病床数:0療養病床数:36精神病床数:0感染症病床数:0合計病床数:36】鹿児島県鹿児島市野尻町５９" }, "geometry": { "type": "Point", "coordinates": [ 130.616309, 31.568568 ] } },
{ "type": "Feature", "properties": { "ID": 46110047, "正式名称": "鮫島病院", "機関区分": 1, "都道府県コード": 46, "市区町村コード": 201, "所在地": "鹿児島県鹿児島市加治屋町９－８", "緯度": 31.585532, "経度": 130.550461, "url": "https://www.iryou.teikyouseido.mhlw.go.jp/znk-web/juminkanja/S2430/initialize?prefCd=46&kikanCd=10047&kikanKbn=1", "url2": "http://www.sameshima.jp", "内容": "鮫島病院【1:病院】【診療科目:内科_消化器内科_胃腸内科_外科_消化器外科_肛門外科_麻酔科】【一般病床数:60療養病床数:0精神病床数:0感染症病床数:0合計病床数:60】鹿児島県鹿児島市加治屋町９－８" }, "geometry": { "type": "Point", "coordinates": [ 130.550461, 31.585532 ] } },
{ "type": "Feature", "properties": { "ID": 46110048, "正式名称": "三愛病院", "機関区分": 1, "都道府県コード": 46, "市区町村コード": 201, "所在地": "鹿児島県鹿児島市郡元３丁目１４番７号", "緯度": 31.559357, "経度": 130.549228, "url": "https://www.iryou.teikyouseido.mhlw.go.jp/znk-web/juminkanja/S2430/initialize?prefCd=46&kikanCd=10048&kikanKbn=1", "url2": "https://www.sanaikai.or.jp/", "内容": "三愛病院【1:病院】【診療科目:内科_循環器内科_ペインクリニック内科_整形外科_リウマチ科_リハビリテーション科】【一般病床数:52療養病床数:60精神病床数:0感染症病床数:0合計病床数:112】鹿児島県鹿児島市郡元３丁目１４番７号" }, "geometry": { "type": "Point", "coordinates": [ 130.549228, 31.559357 ] } },
{ "type": "Feature", "properties": { "ID": 46110049, "正式名称": "三州病院", "機関区分": 1, "都道府県コード": 46, "市区町村コード": 201, "所在地": "鹿児島県鹿児島市犬迫町７７８３－１", "緯度": 31.625755, "経度": 130.482768, "url": "https://www.iryou.teikyouseido.mhlw.go.jp/znk-web/juminkanja/S2430/initialize?prefCd=46&kikanCd=10049&kikanKbn=1", "url2": "http://sansyu-hp.jp", "内容": "三州病院【1:病院】【診療科目:内科_精神科_心療内科】【一般病床数:0療養病床数:0精神病床数:198感染症病床数:0合計病床数:198】鹿児島県鹿児島市犬迫町７７８３－１" }, "geometry": { "type": "Point", "coordinates": [ 130.482768, 31.625755 ] } },
{ "type": "Feature", "properties": { "ID": 46110051, "正式名称": "医療法人　柴心会　内科　柴田病院", "機関区分": 1, "都道府県コード": 46, "市区町村コード": 201, "所在地": "鹿児島県鹿児島市中町１２－１４", "緯度": 31.594229, "経度": 130.555938, "url": "https://www.iryou.teikyouseido.mhlw.go.jp/znk-web/juminkanja/S2430/initialize?prefCd=46&kikanCd=10051&kikanKbn=1", "url2": "https://www.shibata-hp.jp", "内容": "医療法人　柴心会　内科　柴田病院【1:病院】【診療科目:内科_循環器内科_消化器内科】【一般病床数:0療養病床数:42精神病床数:0感染症病床数:0合計病床数:42】鹿児島県鹿児島市中町１２－１４" }, "geometry": { "type": "Point", "coordinates": [ 130.555938, 31.594229 ] } },
{ "type": "Feature", "properties": { "ID": 46110053, "正式名称": "白石病院", "機関区分": 1, "都道府県コード": 46, "市区町村コード": 201, "所在地": "鹿児島県鹿児島市薬師１－１２ー２２", "緯度": 31.590929, "経度": 130.541697, "url": "https://www.iryou.teikyouseido.mhlw.go.jp/znk-web/juminkanja/S2430/initialize?prefCd=46&kikanCd=10053&kikanKbn=1", "url2": "https://byakkokai.jp/", "内容": "白石病院【1:病院】【診療科目:内科_糖尿病内科_循環器内科_腎臓内科_人工透析内科_血管外科_リハビリテーション科_放射線科】【一般病床数:37療養病床数:86精神病床数:0感染症病床数:0合計病床数:123】鹿児島県鹿児島市薬師１－１２ー２２" }, "geometry": { "type": "Point", "coordinates": [ 130.541697, 31.590929 ] } },
{ "type": "Feature", "properties": { "ID": 46110055, "正式名称": "医療法人恵和会白浜病院", "機関区分": 1, "都道府県コード": 46, "市区町村コード": 201, "所在地": "鹿児島県鹿児島市常盤１－１７－１", "緯度": 31.587097, "経度": 130.532942, "url": "https://www.iryou.teikyouseido.mhlw.go.jp/znk-web/juminkanja/S2430/initialize?prefCd=46&kikanCd=10055&kikanKbn=1", "url2": "http://www.minc.ne.jp/~sirahama/", "内容": "医療法人恵和会白浜病院【1:病院】【診療科目:精神科】【一般病床数:0療養病床数:0精神病床数:168感染症病床数:0合計病床数:168】鹿児島県鹿児島市常盤１－１７－１" }, "geometry": { "type": "Point", "coordinates": [ 130.532942, 31.587097 ] } },
{ "type": "Feature", "properties": { "ID": 46110056, "正式名称": "医療法人仁愛会仁愛会病院", "機関区分": 1, "都道府県コード": 46, "市区町村コード": 201, "所在地": "鹿児島県鹿児島市南栄５丁目１０－１９", "緯度": 31.506942, "経度": 130.518053, "url": "https://www.iryou.teikyouseido.mhlw.go.jp/znk-web/juminkanja/S2430/initialize?prefCd=46&kikanCd=10056&kikanKbn=1", "url2": "http://www.jinaikai.com/", "内容": "医療法人仁愛会仁愛会病院【1:病院】【診療科目:内科_神経内科_リハビリテーション科_放射線科】【一般病床数:40療養病床数:32精神病床数:0感染症病床数:0合計病床数:72】鹿児島県鹿児島市南栄５丁目１０－１９" }, "geometry": { "type": "Point", "coordinates": [ 130.518053, 31.506942 ] } },
{ "type": "Feature", "properties": { "ID": 46110058, "正式名称": "健翔会病院", "機関区分": 1, "都道府県コード": 46, "市区町村コード": 201, "所在地": "鹿児島県鹿児島市東郡元町５番１０号", "緯度": 31.554992, "経度": 130.549963, "url": "https://www.iryou.teikyouseido.mhlw.go.jp/znk-web/juminkanja/S2430/initialize?prefCd=46&kikanCd=10058&kikanKbn=1", "url2": "http://www.kensho-kai.or.jp", "内容": "健翔会病院【1:病院】【診療科目:内科_胃腸内科_外科_肛門外科_腫瘍外科_内視鏡外科_リハビリテーション科】【一般病床数:0療養病床数:54精神病床数:0感染症病床数:0合計病床数:54】鹿児島県鹿児島市東郡元町５番１０号" }, "geometry": { "type": "Point", "coordinates": [ 130.549963, 31.554992 ] } },
{ "type": "Feature", "properties": { "ID": 46110059, "正式名称": "総合病院　鹿児島生協病院", "機関区分": 1, "都道府県コード": 46, "市区町村コード": 201, "所在地": "鹿児島県鹿児島市谷山中央", "緯度": 31.517798, "経度": 130.513587, "url": "https://www.iryou.teikyouseido.mhlw.go.jp/znk-web/juminkanja/S2430/initialize?prefCd=46&kikanCd=10059&kikanKbn=1", "url2": "http://www.kaseikyohp.jp", "内容": "総合病院　鹿児島生協病院【1:病院】【診療科目:内科_内分泌内科_糖尿病・内分泌内科_呼吸器内科_循環器内科_消化器内科_腎臓内科_人工透析内科_神経内科_外科_肛門外科_整形外科_小児科_婦人科_眼科_泌尿器科_アレルギー科_リウマチ科_リハビリテーション科_放射線科_病理診断科_救急科_麻酔科】【一般病床数:259療養病床数:40精神病床数:0感染症病床数:0合計病床数:299】鹿児島県鹿児島市谷山中央" }, "geometry": { "type": "Point", "coordinates": [ 130.513587, 31.517798 ] } },
{ "type": "Feature", "properties": { "ID": 46110060, "正式名称": "新成病院", "機関区分": 1, "都道府県コード": 46, "市区町村コード": 201, "所在地": "鹿児島県鹿児島市与次郎１丁目２－１１", "緯度": 31.569224, "経度": 130.560299, "url": "https://www.iryou.teikyouseido.mhlw.go.jp/znk-web/juminkanja/S2430/initialize?prefCd=46&kikanCd=10060&kikanKbn=1", "url2": "https://sinsei-hp.or.jp", "内容": "新成病院【1:病院】【診療科目:内科_糖尿病・内分泌内科_糖尿病・代謝内科_循環器内科_消化器内科_内視鏡内科_外科_心臓血管外科_消化器外科_肛門外科_内視鏡外科_形成外科_リハビリテーション科_麻酔科】【一般病床数:35療養病床数:30精神病床数:0感染症病床数:0合計病床数:65】鹿児島県鹿児島市与次郎１丁目２－１１" }, "geometry": { "type": "Point", "coordinates": [ 130.560299, 31.569224 ] } },
{ "type": "Feature", "properties": { "ID": 46110062, "正式名称": "かごしま高岡病院", "機関区分": 1, "都道府県コード": 46, "市区町村コード": 201, "所在地": "鹿児島県鹿児島市西千石町１４－１２", "緯度": 31.59036, "経度": 130.54918, "url": "https://www.iryou.teikyouseido.mhlw.go.jp/znk-web/juminkanja/S2430/initialize?prefCd=46&kikanCd=10062&kikanKbn=1", "url2": "http://www.takaoka-hp.or.jp/", "内容": "かごしま高岡病院【1:病院】【診療科目:内科_糖尿病・内分泌内科_呼吸器内科_循環器内科_消化器内科_心療内科_リハビリテーション科_放射線科】【一般病床数:34療養病床数:0精神病床数:0感染症病床数:0合計病床数:64】鹿児島県鹿児島市西千石町１４－１２" }, "geometry": { "type": "Point", "coordinates": [ 130.54918, 31.59036 ] } },
{ "type": "Feature", "properties": { "ID": 46110063, "正式名称": "キラメキテラスヘルスケアホスピタル", "機関区分": 1, "都道府県コード": 46, "市区町村コード": 201, "所在地": "鹿児島県鹿児島市高麗町", "緯度": 31.577877, "経度": 130.552757, "url": "https://www.iryou.teikyouseido.mhlw.go.jp/znk-web/juminkanja/S2430/initialize?prefCd=46&kikanCd=10063&kikanKbn=1", "url2": "https://www.kthc-hp.com/", "内容": "キラメキテラスヘルスケアホスピタル【1:病院】【診療科目:内科_糖尿病・内分泌内科_脳神経内科_呼吸器内科_循環器内科_消化器内科_腎臓内科_肝臓内科_整形外科_皮膚科_泌尿器科_心療内科_リハビリテーション科】【一般病床数:146療養病床数:52精神病床数:0感染症病床数:0合計病床数:198】鹿児島県鹿児島市高麗町" }, "geometry": { "type": "Point", "coordinates": [ 130.552757, 31.577877 ] } },
{ "type": "Feature", "properties": { "ID": 46110064, "正式名称": "みらいリハビリテーション病院", "機関区分": 1, "都道府県コード": 46, "市区町村コード": 201, "所在地": "鹿児島県鹿児島市下荒田２丁目１番２５号", "緯度": 31.575082, "経度": 130.553827, "url": "https://www.iryou.teikyouseido.mhlw.go.jp/znk-web/juminkanja/S2430/initialize?prefCd=46&kikanCd=10064&kikanKbn=1", "url2": "https://e-mirai.or.jp/mirai-reha/", "内容": "みらいリハビリテーション病院【1:病院】【診療科目:内科_脳神経内科_呼吸器内科_循環器内科_消化器内科_腫瘍内科_緩和ケア内科_泌尿器科_心療内科_歯科_リハビリテーション科】【一般病床数:0療養病床数:199精神病床数:0感染症病床数:0合計病床数:199】鹿児島県鹿児島市下荒田２丁目１番２５号" }, "geometry": { "type": "Point", "coordinates": [ 130.553827, 31.575082 ] } },
{ "type": "Feature", "properties": { "ID": 46110065, "正式名称": "谷山病院", "機関区分": 1, "都道府県コード": 46, "市区町村コード": 201, "所在地": "鹿児島県鹿児島市小原町８番１号", "緯度": 31.540954, "経度": 130.532034, "url": "https://www.iryou.teikyouseido.mhlw.go.jp/znk-web/juminkanja/S2430/initialize?prefCd=46&kikanCd=10065&kikanKbn=1", "url2": "http://www.jiaikai.or.jp/taniyama/", "内容": "谷山病院【1:病院】【診療科目:内科_精神科_神経科】【一般病床数:0療養病床数:0精神病床数:392感染症病床数:0合計病床数:392】鹿児島県鹿児島市小原町８番１号" }, "geometry": { "type": "Point", "coordinates": [ 130.532034, 31.540954 ] } },
{ "type": "Feature", "properties": { "ID": 46110069, "正式名称": "中央病院", "機関区分": 1, "都道府県コード": 46, "市区町村コード": 201, "所在地": "鹿児島県鹿児島市泉町６－７", "緯度": 31.594047, "経度": 130.559249, "url": "https://www.iryou.teikyouseido.mhlw.go.jp/znk-web/juminkanja/S2430/initialize?prefCd=46&kikanCd=10069&kikanKbn=1", "url2": "https://www.tenyoukai.jp/", "内容": "中央病院【1:病院】【診療科目:内科_呼吸器内科_循環器内科_消化器内科_外科_心臓血管外科_肛門外科_整形外科_眼科_リハビリテーション科_放射線科_救急科_麻酔科】【一般病床数:219療養病床数:0精神病床数:0感染症病床数:0合計病床数:219】鹿児島県鹿児島市泉町６－７" }, "geometry": { "type": "Point", "coordinates": [ 130.559249, 31.594047 ] } },
{ "type": "Feature", "properties": { "ID": 46110070, "正式名称": "Ｔｓｕｋａｓａ　Ｈｅａｌｔｈ　Ｃａｒｅ　Ｈｏｓｐｉｔａｌ", "機関区分": 1, "都道府県コード": 46, "市区町村コード": 201, "所在地": "鹿児島県鹿児島市山田町４４１番地", "緯度": 31.554731, "経度": 130.507384, "url": "https://www.iryou.teikyouseido.mhlw.go.jp/znk-web/juminkanja/S2430/initialize?prefCd=46&kikanCd=10070&kikanKbn=1", "url2": "http://thch.jp", "内容": "Ｔｓｕｋａｓａ　Ｈｅａｌｔｈ　Ｃａｒｅ　Ｈｏｓｐｉｔａｌ【1:病院】【診療科目:神経内科_精神科_心療内科】【一般病床数:0療養病床数:0精神病床数:192感染症病床数:0合計病床数:192】鹿児島県鹿児島市山田町４４１番地" }, "geometry": { "type": "Point", "coordinates": [ 130.507384, 31.554731 ] } },
{ "type": "Feature", "properties": { "ID": 46110071, "正式名称": "医療法人慈恵会土橋病院", "機関区分": 1, "都道府県コード": 46, "市区町村コード": 201, "所在地": "鹿児島県鹿児島市西田１丁目１６番地１", "緯度": 31.588683, "経度": 130.543542, "url": "https://www.iryou.teikyouseido.mhlw.go.jp/znk-web/juminkanja/S2430/initialize?prefCd=46&kikanCd=10071&kikanKbn=1", "url2": "http://www.tsuchihashi-hp.com", "内容": "医療法人慈恵会土橋病院【1:病院】【診療科目:内科_呼吸器内科_神経内科_精神科_心療内科_アレルギー科_リハビリテーション科_放射線科】【一般病床数:20療養病床数:0精神病床数:0感染症病床数:0合計病床数:20】鹿児島県鹿児島市西田１丁目１６番地１" }, "geometry": { "type": "Point", "coordinates": [ 130.543542, 31.588683 ] } },
{ "type": "Feature", "properties": { "ID": 46110073, "正式名称": "うすき整形・外科・内科病院", "機関区分": 1, "都道府県コード": 46, "市区町村コード": 201, "所在地": "鹿児島県鹿児島市宇宿一丁目３２番１号", "緯度": 31.547136, "経度": 130.541946, "url": "https://www.iryou.teikyouseido.mhlw.go.jp/znk-web/juminkanja/S2430/initialize?prefCd=46&kikanCd=10073&kikanKbn=1", "url2": "https://usukiseikei.jp", "内容": "うすき整形・外科・内科病院【1:病院】【診療科目:内科_循環器内科_消化器内科_外科_消化器外科_整形外科_リハビリテーション科】【一般病床数:0療養病床数:43精神病床数:0感染症病床数:0合計病床数:43】鹿児島県鹿児島市宇宿一丁目３２番１号" }, "geometry": { "type": "Point", "coordinates": [ 130.541946, 31.547136 ] } },
{ "type": "Feature", "properties": { "ID": 46110074, "正式名称": "豊島病院", "機関区分": 1, "都道府県コード": 46, "市区町村コード": 201, "所在地": "鹿児島県鹿児島市下荒田３－２７－１", "緯度": 31.571004, "経度": 130.552589, "url": "https://www.iryou.teikyouseido.mhlw.go.jp/znk-web/juminkanja/S2430/initialize?prefCd=46&kikanCd=10074&kikanKbn=1", "url2": "http://keishinkai-med.jp/", "内容": "豊島病院【1:病院】【診療科目:内科_消化器内科_神経内科_外科_脳神経外科_リハビリテーション科_放射線科】【一般病床数:60療養病床数:0精神病床数:0感染症病床数:0合計病床数:60】鹿児島県鹿児島市下荒田３－２７－１" }, "geometry": { "type": "Point", "coordinates": [ 130.552589, 31.571004 ] } },
{ "type": "Feature", "properties": { "ID": 46110075, "正式名称": "医療法人敬愛会中江病院", "機関区分": 1, "都道府県コード": 46, "市区町村コード": 201, "所在地": "鹿児島県鹿児島市西千石町４－１３", "緯度": 31.588733, "経度": 130.546597, "url": "https://www.iryou.teikyouseido.mhlw.go.jp/znk-web/juminkanja/S2430/initialize?prefCd=46&kikanCd=10075&kikanKbn=1", "url2": null, "内容": "医療法人敬愛会中江病院【1:病院】【診療科目:内科_呼吸器内科_循環器内科_消化器内科_リハビリテーション科】【一般病床数:0療養病床数:89精神病床数:0感染症病床数:0合計病床数:89】鹿児島県鹿児島市西千石町４－１３" }, "geometry": { "type": "Point", "coordinates": [ 130.546597, 31.588733 ] } },
{ "type": "Feature", "properties": { "ID": 46110077, "正式名称": "公益社団法人鹿児島共済会南風病院", "機関区分": 1, "都道府県コード": 46, "市区町村コード": 201, "所在地": "鹿児島県鹿児島市長田町１４－３", "緯度": 31.604286, "経度": 130.55711, "url": "https://www.iryou.teikyouseido.mhlw.go.jp/znk-web/juminkanja/S2430/initialize?prefCd=46&kikanCd=10077&kikanKbn=1", "url2": "http://www.nanpuh.or.jp/", "内容": "公益社団法人鹿児島共済会南風病院【1:病院】【診療科目:内科_糖尿病・内分泌内科_脳神経内科_呼吸器内科_循環器内科_消化器内科_腎臓内科_人工透析内科_肝臓内科_老年内科_ペインクリニック内科_緩和ケア内科_外科_脳神経外科_呼吸器外科_消化器外科_整形外科_リウマチ科_リハビリテーション科_放射線科_病理診断科_麻酔科】【一般病床数:338療養病床数:0精神病床数:0感染症病床数:0合計病床数:338】鹿児島県鹿児島市長田町１４－３" }, "geometry": { "type": "Point", "coordinates": [ 130.55711, 31.604286 ] } },
{ "type": "Feature", "properties": { "ID": 46110079, "正式名称": "野上病院", "機関区分": 1, "都道府県コード": 46, "市区町村コード": 201, "所在地": "鹿児島県鹿児島市小松原", "緯度": 31.539626, "経度": 130.535436, "url": "https://www.iryou.teikyouseido.mhlw.go.jp/znk-web/juminkanja/S2430/initialize?prefCd=46&kikanCd=10079&kikanKbn=1", "url2": null, "内容": "野上病院【1:病院】【診療科目:内科_消化器内科_精神科_心療内科】【一般病床数:0療養病床数:31精神病床数:0感染症病床数:0合計病床数:31】鹿児島県鹿児島市小松原" }, "geometry": { "type": "Point", "coordinates": [ 130.535436, 31.539626 ] } },
{ "type": "Feature", "properties": { "ID": 46110080, "正式名称": "産科婦人科のぼり病院", "機関区分": 1, "都道府県コード": 46, "市区町村コード": 201, "所在地": "鹿児島県鹿児島市荒田一丁目１３番１３号", "緯度": 31.576514, "経度": 130.552042, "url": "https://www.iryou.teikyouseido.mhlw.go.jp/znk-web/juminkanja/S2430/initialize?prefCd=46&kikanCd=10080&kikanKbn=1", "url2": "http://www.nobori.or.jp", "内容": "産科婦人科のぼり病院【1:病院】【診療科目:産科_婦人科_麻酔科】【一般病床数:40療養病床数:0精神病床数:0感染症病床数:0合計病床数:40】鹿児島県鹿児島市荒田一丁目１３番１３号" }, "geometry": { "type": "Point", "coordinates": [ 130.552042, 31.576514 ] } },
{ "type": "Feature", "properties": { "ID": 46110081, "正式名称": "パールランド病院", "機関区分": 1, "都道府県コード": 46, "市区町村コード": 201, "所在地": "鹿児島県鹿児島市犬迫町", "緯度": 31.623604, "経度": 130.504855, "url": "https://www.iryou.teikyouseido.mhlw.go.jp/znk-web/juminkanja/S2430/initialize?prefCd=46&kikanCd=10081&kikanKbn=1", "url2": "https://www.pearlland.or.jp", "内容": "パールランド病院【1:病院】【診療科目:内科_脳神経内科_精神科_歯科_リハビリテーション科】【一般病床数:0療養病床数:100精神病床数:300感染症病床数:0合計病床数:400】鹿児島県鹿児島市犬迫町" }, "geometry": { "type": "Point", "coordinates": [ 130.504855, 31.623604 ] } },
{ "type": "Feature", "properties": { "ID": 46110083, "正式名称": "林内科胃腸科病院", "機関区分": 1, "都道府県コード": 46, "市区町村コード": 201, "所在地": "鹿児島県鹿児島市武", "緯度": 31.584932, "経度": 130.536434, "url": "https://www.iryou.teikyouseido.mhlw.go.jp/znk-web/juminkanja/S2430/initialize?prefCd=46&kikanCd=10083&kikanKbn=1", "url2": "http://hayashi-hp.or.jp/", "内容": "林内科胃腸科病院【1:病院】【診療科目:内科_呼吸器内科_循環器内科_消化器内科_胃腸内科_リハビリテーション科_放射線科】【一般病床数:41療養病床数:36精神病床数:0感染症病床数:0合計病床数:77】鹿児島県鹿児島市武" }, "geometry": { "type": "Point", "coordinates": [ 130.536434, 31.584932 ] } },
{ "type": "Feature", "properties": { "ID": 46110084, "正式名称": "医療法人仁風会日高病院", "機関区分": 1, "都道府県コード": 46, "市区町村コード": 201, "所在地": "鹿児島県鹿児島市西千石町８番１３号", "緯度": 31.588354, "経度": 130.548147, "url": "https://www.iryou.teikyouseido.mhlw.go.jp/znk-web/juminkanja/S2430/initialize?prefCd=46&kikanCd=10084&kikanKbn=1", "url2": "http://www.jinpuh.or.jp", "内容": "医療法人仁風会日高病院【1:病院】【診療科目:内科_整形外科_形成外科_リウマチ科_リハビリテーション科】【一般病床数:60療養病床数:39精神病床数:0感染症病床数:0合計病床数:99】鹿児島県鹿児島市西千石町８番１３号" }, "geometry": { "type": "Point", "coordinates": [ 130.548147, 31.588354 ] } },
{ "type": "Feature", "properties": { "ID": 46110086, "正式名称": "前田病院", "機関区分": 1, "都道府県コード": 46, "市区町村コード": 201, "所在地": "鹿児島県鹿児島市中央町３０番１１号", "緯度": 31.580019, "経度": 130.543131, "url": "https://www.iryou.teikyouseido.mhlw.go.jp/znk-web/juminkanja/S2430/initialize?prefCd=46&kikanCd=10086&kikanKbn=1", "url2": "http://www.hp-maeda.or.jp/", "内容": "前田病院【1:病院】【診療科目:内科_糖尿病・内分泌内科_消化器内科_胃腸内科_内視鏡内科_整形外科_リハビリテーション科】【一般病床数:49療養病床数:36精神病床数:0感染症病床数:0合計病床数:85】鹿児島県鹿児島市中央町３０番１１号" }, "geometry": { "type": "Point", "coordinates": [ 130.543131, 31.580019 ] } },
{ "type": "Feature", "properties": { "ID": 46110087, "正式名称": "増田整形外科病院", "機関区分": 1, "都道府県コード": 46, "市区町村コード": 201, "所在地": "鹿児島県鹿児島市郡元１丁目１", "緯度": 31.57142, "経度": 130.540441, "url": "https://www.iryou.teikyouseido.mhlw.go.jp/znk-web/juminkanja/S2430/initialize?prefCd=46&kikanCd=10087&kikanKbn=1", "url2": null, "内容": "増田整形外科病院【1:病院】【診療科目:整形外科_リウマチ科_リハビリテーション科】【一般病床数:36療養病床数:0精神病床数:0感染症病床数:0合計病床数:36】鹿児島県鹿児島市郡元１丁目１" }, "geometry": { "type": "Point", "coordinates": [ 130.540441, 31.57142 ] } },
{ "type": "Feature", "properties": { "ID": 46110088, "正式名称": "南鹿児島さくら病院", "機関区分": 1, "都道府県コード": 46, "市区町村コード": 201, "所在地": "鹿児島県鹿児島市南郡元町２４－１５", "緯度": 31.55205, "経度": 130.543993, "url": "https://www.iryou.teikyouseido.mhlw.go.jp/znk-web/juminkanja/S2430/initialize?prefCd=46&kikanCd=10088&kikanKbn=1", "url2": "http://www.nissyoukai.or.jp", "内容": "南鹿児島さくら病院【1:病院】【診療科目:内科_消化器外科_整形外科_リハビリテーション科】【一般病床数:0療養病床数:80精神病床数:0感染症病床数:0合計病床数:0】鹿児島県鹿児島市南郡元町２４－１５" }, "geometry": { "type": "Point", "coordinates": [ 130.543993, 31.55205 ] } },
{ "type": "Feature", "properties": { "ID": 46110089, "正式名称": "公益財団法人東風会三船病院", "機関区分": 1, "都道府県コード": 46, "市区町村コード": 201, "所在地": "鹿児島県鹿児島市吉野町１０００４番地１", "緯度": 31.633378, "経度": 130.600851, "url": "https://www.iryou.teikyouseido.mhlw.go.jp/znk-web/juminkanja/S2430/initialize?prefCd=46&kikanCd=10089&kikanKbn=1", "url2": null, "内容": "公益財団法人東風会三船病院【1:病院】【診療科目:内科_呼吸器内科_消化器内科_外科_形成外科_リハビリテーション科】【一般病床数:30療養病床数:116精神病床数:0感染症病床数:0合計病床数:156】鹿児島県鹿児島市吉野町１０００４番地１" }, "geometry": { "type": "Point", "coordinates": [ 130.600851, 31.633378 ] } },
{ "type": "Feature", "properties": { "ID": 46110090, "正式名称": "三宅病院", "機関区分": 1, "都道府県コード": 46, "市区町村コード": 201, "所在地": "鹿児島県鹿児島市谷山中央七丁目３番１号", "緯度": 31.524017, "経度": 130.514258, "url": "https://www.iryou.teikyouseido.mhlw.go.jp/znk-web/juminkanja/S2430/initialize?prefCd=46&kikanCd=10090&kikanKbn=1", "url2": "http://www.miyake-hp.or.jp", "内容": "三宅病院【1:病院】【診療科目:内科_呼吸器内科_消化器内科_リハビリテーション科_放射線科】【一般病床数:92療養病床数:38精神病床数:0感染症病床数:0合計病床数:130】鹿児島県鹿児島市谷山中央七丁目３番１号" }, "geometry": { "type": "Point", "coordinates": [ 130.514258, 31.524017 ] } },
{ "type": "Feature", "properties": { "ID": 46110091, "正式名称": "森口病院", "機関区分": 1, "都道府県コード": 46, "市区町村コード": 201, "所在地": "鹿児島県鹿児島市下田町１７６３番地", "緯度": 31.645796, "経度": 130.545762, "url": "https://www.iryou.teikyouseido.mhlw.go.jp/znk-web/juminkanja/S2430/initialize?prefCd=46&kikanCd=10091&kikanKbn=1", "url2": "http://www.kanyoukai.or.jp/moriguchi/index.html", "内容": "森口病院【1:病院】【診療科目:消化器内科_精神科_心療内科】【一般病床数:0療養病床数:0精神病床数:199感染症病床数:0合計病床数:199】鹿児島県鹿児島市下田町１７６３番地" }, "geometry": { "type": "Point", "coordinates": [ 130.545762, 31.645796 ] } },
{ "type": "Feature", "properties": { "ID": 46110095, "正式名称": "横山記念病院", "機関区分": 1, "都道府県コード": 46, "市区町村コード": 201, "所在地": "鹿児島県鹿児島市吉野町４８２６－１", "緯度": 31.660111, "経度": 130.585424, "url": "https://www.iryou.teikyouseido.mhlw.go.jp/znk-web/juminkanja/S2430/initialize?prefCd=46&kikanCd=10095&kikanKbn=1", "url2": "http://yokoyama-kinen.com/", "内容": "横山記念病院【1:病院】【診療科目:精神科_老年精神科】【一般病床数:0療養病床数:0精神病床数:96感染症病床数:0合計病床数:96】鹿児島県鹿児島市吉野町４８２６－１" }, "geometry": { "type": "Point", "coordinates": [ 130.585424, 31.660111 ] } },
{ "type": "Feature", "properties": { "ID": 46110096, "正式名称": "吉田記念病院", "機関区分": 1, "都道府県コード": 46, "市区町村コード": 201, "所在地": "鹿児島県鹿児島市本名町４７０番地", "緯度": 31.691897, "経度": 130.546468, "url": "https://www.iryou.teikyouseido.mhlw.go.jp/znk-web/juminkanja/S2430/initialize?prefCd=46&kikanCd=10096&kikanKbn=1", "url2": "sekisaikai.jp", "内容": "吉田記念病院【1:病院】【診療科目:内科_呼吸器内科_リハビリテーション科】【一般病床数:0療養病床数:47精神病床数:0感染症病床数:0合計病床数:47】鹿児島県鹿児島市本名町４７０番地" }, "geometry": { "type": "Point", "coordinates": [ 130.546468, 31.691897 ] } },
{ "type": "Feature", "properties": { "ID": 46110099, "正式名称": "米沢病院", "機関区分": 1, "都道府県コード": 46, "市区町村コード": 201, "所在地": "鹿児島県鹿児島市新照院町１９番８号", "緯度": 31.593725, "経度": 130.543263, "url": "https://www.iryou.teikyouseido.mhlw.go.jp/znk-web/juminkanja/S2430/initialize?prefCd=46&kikanCd=10099&kikanKbn=1", "url2": "https://www.yonezawa.or.jp", "内容": "米沢病院【1:病院】【診療科目:内科_糖尿病・内分泌内科_呼吸器内科_循環器内科_消化器内科_皮膚科_リハビリテーション科】【一般病床数:0療養病床数:36精神病床数:0感染症病床数:0合計病床数:0】鹿児島県鹿児島市新照院町１９番８号" }, "geometry": { "type": "Point", "coordinates": [ 130.543263, 31.593725 ] } },
{ "type": "Feature", "properties": { "ID": 46110100, "正式名称": "米盛病院", "機関区分": 1, "都道府県コード": 46, "市区町村コード": 201, "所在地": "鹿児島県鹿児島市与次郎一丁目７番１号", "緯度": 31.570858, "経度": 130.562483, "url": "https://www.iryou.teikyouseido.mhlw.go.jp/znk-web/juminkanja/S2430/initialize?prefCd=46&kikanCd=10100&kikanKbn=1", "url2": "https://www.yonemorihp.jp", "内容": "米盛病院【1:病院】【診療科目:内科_糖尿病内科_呼吸器内科_循環器内科_消化器内科_外科_脳神経外科_血管外科_心臓血管外科_消化器外科_整形外科_形成外科_小児科_産婦人科_心療内科_リウマチ科_リハビリテーション科_放射線科_救急科_麻酔科】【一般病床数:506療養病床数:0精神病床数:0感染症病床数:0合計病床数:506】鹿児島県鹿児島市与次郎一丁目７番１号" }, "geometry": { "type": "Point", "coordinates": [ 130.562483, 31.570858 ] } },
{ "type": "Feature", "properties": { "ID": 46110101, "正式名称": "医療法人隆成会隆成会病院", "機関区分": 1, "都道府県コード": 46, "市区町村コード": 201, "所在地": "鹿児島県鹿児島市郡元２丁目１１ー２０", "緯度": 31.562532, "経度": 130.548137, "url": "https://www.iryou.teikyouseido.mhlw.go.jp/znk-web/juminkanja/S2430/initialize?prefCd=46&kikanCd=10101&kikanKbn=1", "url2": "http://www.ryuseikai.or.jp", "内容": "医療法人隆成会隆成会病院【1:病院】【診療科目:内科_循環器内科_消化器内科_リハビリテーション科】【一般病床数:0療養病床数:55精神病床数:0感染症病床数:0合計病床数:55】鹿児島県鹿児島市郡元２丁目１１ー２０" }, "geometry": { "type": "Point", "coordinates": [ 130.548137, 31.562532 ] } },
{ "type": "Feature", "properties": { "ID": 46110201, "正式名称": "医療法人赤崎会赤崎病院", "機関区分": 1, "都道府県コード": 46, "市区町村コード": 210, "所在地": "鹿児島県指宿市開聞仙田２３０７", "緯度": 31.210901, "経度": 130.549136, "url": "https://www.iryou.teikyouseido.mhlw.go.jp/znk-web/juminkanja/S2430/initialize?prefCd=46&kikanCd=10201&kikanKbn=1", "url2": "http://www5.synapse.ne.jp/akasaki/", "内容": "医療法人赤崎会赤崎病院【1:病院】【診療科目:内科_精神科_心療内科】【一般病床数:0療養病床数:0精神病床数:150感染症病床数:0合計病床数:150】鹿児島県指宿市開聞仙田２３０７" }, "geometry": { "type": "Point", "coordinates": [ 130.549136, 31.210901 ] } },
{ "type": "Feature", "properties": { "ID": 46110202, "正式名称": "伊藤記念病院", "機関区分": 1, "都道府県コード": 46, "市区町村コード": 210, "所在地": "鹿児島県指宿市東方３６７", "緯度": 31.24581, "経度": 130.625596, "url": "https://www.iryou.teikyouseido.mhlw.go.jp/znk-web/juminkanja/S2430/initialize?prefCd=46&kikanCd=10202&kikanKbn=1", "url2": null, "内容": "伊藤記念病院【1:病院】【診療科目:内科_循環器内科_神経内科_皮膚泌尿器科_泌尿器科_リハビリテーション科】【一般病床数:0療養病床数:43精神病床数:0感染症病床数:0合計病床数:43】鹿児島県指宿市東方３６７" }, "geometry": { "type": "Point", "coordinates": [ 130.625596, 31.24581 ] } },
{ "type": "Feature", "properties": { "ID": 46110203, "正式名称": "独立行政法人国立病院機構指宿医療センター", "機関区分": 1, "都道府県コード": 46, "市区町村コード": 210, "所在地": "鹿児島県指宿市十二町４１４５", "緯度": 31.220646, "経度": 130.646051, "url": "https://www.iryou.teikyouseido.mhlw.go.jp/znk-web/juminkanja/S2430/initialize?prefCd=46&kikanCd=10203&kikanKbn=1", "url2": "https://ibusuki.hosp.go.jp/", "内容": "独立行政法人国立病院機構指宿医療センター【1:病院】【診療科目:内科_呼吸器内科_循環器内科_消化器内科_腎臓内科_神経内科_外科_脳神経外科_呼吸器外科_整形外科_小児科_小児外科_産婦人科_眼科_泌尿器科_リハビリテーション科_放射線科_麻酔科】【一般病床数:154療養病床数:0精神病床数:0感染症病床数:4合計病床数:158】鹿児島県指宿市十二町４１４５" }, "geometry": { "type": "Point", "coordinates": [ 130.646051, 31.220646 ] } },
{ "type": "Feature", "properties": { "ID": 46110206, "正式名称": "指宿さがら病院", "機関区分": 1, "都道府県コード": 46, "市区町村コード": 210, "所在地": "鹿児島県指宿市湯の浜一丁目１１－２９", "緯度": 31.236206, "経度": 130.643959, "url": "https://www.iryou.teikyouseido.mhlw.go.jp/znk-web/juminkanja/S2430/initialize?prefCd=46&kikanCd=10206&kikanKbn=1", "url2": "http://ibusuki-sagara.jp/", "内容": "指宿さがら病院【1:病院】【診療科目:内科_糖尿病内科_呼吸器内科_神経内科_外科_消化器外科_肛門外科_リハビリテーション科_放射線科】【一般病床数:0療養病床数:100精神病床数:0感染症病床数:0合計病床数:100】鹿児島県指宿市湯の浜一丁目１１－２９" }, "geometry": { "type": "Point", "coordinates": [ 130.643959, 31.236206 ] } },
{ "type": "Feature", "properties": { "ID": 46110207, "正式名称": "指宿竹元病院", "機関区分": 1, "都道府県コード": 46, "市区町村コード": 210, "所在地": "鹿児島県指宿市東方７５３１", "緯度": 31.256175, "経度": 130.621948, "url": "https://www.iryou.teikyouseido.mhlw.go.jp/znk-web/juminkanja/S2430/initialize?prefCd=46&kikanCd=10207&kikanKbn=1", "url2": "https://www.ibutake.com/", "内容": "指宿竹元病院【1:病院】【診療科目:内科_精神科_心療内科_リハビリテーション科】【一般病床数:0療養病床数:0精神病床数:185感染症病床数:0合計病床数:185】鹿児島県指宿市東方７５３１" }, "geometry": { "type": "Point", "coordinates": [ 130.621948, 31.256175 ] } },
{ "type": "Feature", "properties": { "ID": 46110208, "正式名称": "今林整形外科病院", "機関区分": 1, "都道府県コード": 46, "市区町村コード": 210, "所在地": "鹿児島県指宿市十町３５２－２", "緯度": 31.254281, "経度": 130.63346, "url": "https://www.iryou.teikyouseido.mhlw.go.jp/znk-web/juminkanja/S2430/initialize?prefCd=46&kikanCd=10208&kikanKbn=1", "url2": "http://www.meiseikai.or.jp", "内容": "今林整形外科病院【1:病院】【診療科目:整形外科_美容皮膚科_リウマチ科_リハビリテーション科】【一般病床数:50療養病床数:60精神病床数:0感染症病床数:0合計病床数:110】鹿児島県指宿市十町３５２－２" }, "geometry": { "type": "Point", "coordinates": [ 130.63346, 31.254281 ] } },
{ "type": "Feature", "properties": { "ID": 46110209, "正式名称": "中村温泉病院", "機関区分": 1, "都道府県コード": 46, "市区町村コード": 223, "所在地": "鹿児島県南九州市頴娃町別府１番地", "緯度": 31.253361, "経度": 130.455773, "url": "https://www.iryou.teikyouseido.mhlw.go.jp/znk-web/juminkanja/S2430/initialize?prefCd=46&kikanCd=10209&kikanKbn=1", "url2": "https://www.shiseikai-naon.com/", "内容": "中村温泉病院【1:病院】【診療科目:内科_消化器内科_神経内科_外科_整形外科_小児科_耳鼻いんこう科_リハビリテーション科_放射線科】【一般病床数:0療養病床数:116精神病床数:0感染症病床数:0合計病床数:116】鹿児島県南九州市頴娃町別府１番地" }, "geometry": { "type": "Point", "coordinates": [ 130.455773, 31.253361 ] } },
{ "type": "Feature", "properties": { "ID": 46110210, "正式名称": "西田病院", "機関区分": 1, "都道府県コード": 46, "市区町村コード": 210, "所在地": "鹿児島県指宿市十二町２１０５－１", "緯度": 31.238411, "経度": 130.63879, "url": "https://www.iryou.teikyouseido.mhlw.go.jp/znk-web/juminkanja/S2430/initialize?prefCd=46&kikanCd=10210&kikanKbn=1", "url2": "https://www.sanshinkai-nsd.com/", "内容": "西田病院【1:病院】【診療科目:内科_脳神経内科_精神科_心療内科】【一般病床数:0療養病床数:0精神病床数:156感染症病床数:0合計病床数:156】鹿児島県指宿市十二町２１０５－１" }, "geometry": { "type": "Point", "coordinates": [ 130.63879, 31.238411 ] } },
{ "type": "Feature", "properties": { "ID": 46110213, "正式名称": "医療法人徳洲会山川病院", "機関区分": 1, "都道府県コード": 46, "市区町村コード": 210, "所在地": "鹿児島県指宿市山川小川１５７１", "緯度": 31.199858, "経度": 130.603991, "url": "https://www.iryou.teikyouseido.mhlw.go.jp/znk-web/juminkanja/S2430/initialize?prefCd=46&kikanCd=10213&kikanKbn=1", "url2": "www.yamagawahp.com", "内容": "医療法人徳洲会山川病院【1:病院】【診療科目:内科_循環器内科_人工透析内科_外科_整形外科_リハビリテーション科_放射線科】【一般病床数:89療養病床数:0精神病床数:0感染症病床数:0合計病床数:89】鹿児島県指宿市山川小川１５７１" }, "geometry": { "type": "Point", "coordinates": [ 130.603991, 31.199858 ] } },
{ "type": "Feature", "properties": { "ID": 46110215, "正式名称": "ウエルフェア九州病院", "機関区分": 1, "都道府県コード": 46, "市区町村コード": 204, "所在地": "鹿児島県枕崎市白沢北町１９１番地", "緯度": 31.25942, "経度": 130.351791, "url": "https://www.iryou.teikyouseido.mhlw.go.jp/znk-web/juminkanja/S2430/initialize?prefCd=46&kikanCd=10215&kikanKbn=1", "url2": "http://www.wkh.or.jp/", "内容": "ウエルフェア九州病院【1:病院】【診療科目:内科_精神科_心療内科】【一般病床数:0療養病床数:0精神病床数:153感染症病床数:0合計病床数:153】鹿児島県枕崎市白沢北町１９１番地" }, "geometry": { "type": "Point", "coordinates": [ 130.351791, 31.25942 ] } },
{ "type": "Feature", "properties": { "ID": 46110216, "正式名称": "尾辻病院", "機関区分": 1, "都道府県コード": 46, "市区町村コード": 204, "所在地": "鹿児島県枕崎市住吉町６０", "緯度": 31.271831, "経度": 130.296852, "url": "https://www.iryou.teikyouseido.mhlw.go.jp/znk-web/juminkanja/S2430/initialize?prefCd=46&kikanCd=10216&kikanKbn=1", "url2": "https://fumiwakai.com/", "内容": "尾辻病院【1:病院】【診療科目:胃腸内科_外科_整形外科_リハビリテーション科_麻酔科】【一般病床数:0療養病床数:36精神病床数:0感染症病床数:0合計病床数:36】鹿児島県枕崎市住吉町６０" }, "geometry": { "type": "Point", "coordinates": [ 130.296852, 31.271831 ] } },
{ "type": "Feature", "properties": { "ID": 46110217, "正式名称": "小原病院", "機関区分": 1, "都道府県コード": 46, "市区町村コード": 204, "所在地": "鹿児島県枕崎市折口町１０９番地", "緯度": 31.269484, "経度": 130.29593, "url": "https://www.iryou.teikyouseido.mhlw.go.jp/znk-web/juminkanja/S2430/initialize?prefCd=46&kikanCd=10217&kikanKbn=1", "url2": "https://ko-seikai.jp/", "内容": "小原病院【1:病院】【診療科目:内科_糖尿病・内分泌内科_循環器内科_消化器内科_腎臓内科_人工透析内科_神経内科_外科_脳神経外科_呼吸器外科_心臓血管外科_消化器外科_肛門外科_整形外科_婦人科_泌尿器科_リハビリテーション科_放射線科_麻酔科】【一般病床数:118療養病床数:0精神病床数:0感染症病床数:0合計病床数:118】鹿児島県枕崎市折口町１０９番地" }, "geometry": { "type": "Point", "coordinates": [ 130.29593, 31.269484 ] } },
{ "type": "Feature", "properties": { "ID": 46110218, "正式名称": "加世田病院", "機関区分": 1, "都道府県コード": 46, "市区町村コード": 220, "所在地": "鹿児島県南さつま市加世田唐仁原１１８１", "緯度": 31.420434, "経度": 130.311065, "url": "https://www.iryou.teikyouseido.mhlw.go.jp/znk-web/juminkanja/S2430/initialize?prefCd=46&kikanCd=10218&kikanKbn=1", "url2": "http://www.kaseda-hp.jp/", "内容": "加世田病院【1:病院】【診療科目:内科_脳神経内科_老年内科_外科_脳神経外科_皮膚科_精神科_心療内科_リハビリテーション科】【一般病床数:58療養病床数:0精神病床数:235感染症病床数:0合計病床数:293】鹿児島県南さつま市加世田唐仁原１１８１" }, "geometry": { "type": "Point", "coordinates": [ 130.311065, 31.420434 ] } },
{ "type": "Feature", "properties": { "ID": 46110219, "正式名称": "川辺生協病院", "機関区分": 1, "都道府県コード": 46, "市区町村コード": 223, "所在地": "鹿児島県南九州市川辺町両添１１１８番地", "緯度": 31.391642, "経度": 130.403257, "url": "https://www.iryou.teikyouseido.mhlw.go.jp/znk-web/juminkanja/S2430/initialize?prefCd=46&kikanCd=10219&kikanKbn=1", "url2": "http://kawanabe-seikyo.jp", "内容": "川辺生協病院【1:病院】【診療科目:内科_呼吸器内科_循環器内科_消化器内科_小児科】【一般病床数:0療養病床数:48精神病床数:0感染症病床数:0合計病床数:48】鹿児島県南九州市川辺町両添１１１８番地" }, "geometry": { "type": "Point", "coordinates": [ 130.403257, 31.391642 ] } },
{ "type": "Feature", "properties": { "ID": 46110220, "正式名称": "医療法人菊野会菊野病院", "機関区分": 1, "都道府県コード": 46, "市区町村コード": 223, "所在地": "鹿児島県南九州市川辺町平山３８１５", "緯度": 31.385876, "経度": 130.390084, "url": "https://www.iryou.teikyouseido.mhlw.go.jp/znk-web/juminkanja/S2430/initialize?prefCd=46&kikanCd=10220&kikanKbn=1", "url2": "http://kikunokai.jp", "内容": "医療法人菊野会菊野病院【1:病院】【診療科目:内科_糖尿病内科_脳神経内科_呼吸器内科_循環器内科_消化器内科_ペインクリニック内科_外科_整形外科_リウマチ科_リハビリテーション科_麻酔科】【一般病床数:92療養病床数:58精神病床数:0感染症病床数:0合計病床数:150】鹿児島県南九州市川辺町平山３８１５" }, "geometry": { "type": "Point", "coordinates": [ 130.390084, 31.385876 ] } },
{ "type": "Feature", "properties": { "ID": 46110221, "正式名称": "久木田整形外科病院", "機関区分": 1, "都道府県コード": 46, "市区町村コード": 204, "所在地": "鹿児島県枕崎市港町１１３", "緯度": 31.268331, "経度": 130.298232, "url": "https://www.iryou.teikyouseido.mhlw.go.jp/znk-web/juminkanja/S2430/initialize?prefCd=46&kikanCd=10221&kikanKbn=1", "url2": "https://kukita.jp/", "内容": "久木田整形外科病院【1:病院】【診療科目:整形外科_リウマチ科_リハビリテーション科】【一般病床数:50療養病床数:0精神病床数:0感染症病床数:0合計病床数:50】鹿児島県枕崎市港町１１３" }, "geometry": { "type": "Point", "coordinates": [ 130.298232, 31.268331 ] } },
{ "type": "Feature", "properties": { "ID": 46110222, "正式名称": "こだま病院", "機関区分": 1, "都道府県コード": 46, "市区町村コード": 223, "所在地": "鹿児島県南九州市川辺町田部田３５２５番地", "緯度": 31.394445, "経度": 130.382813, "url": "https://www.iryou.teikyouseido.mhlw.go.jp/znk-web/juminkanja/S2430/initialize?prefCd=46&kikanCd=10222&kikanKbn=1", "url2": "https://www.kodama-hospital.com/", "内容": "こだま病院【1:病院】【診療科目:内科_精神科_心療内科】【一般病床数:0療養病床数:0精神病床数:140感染症病床数:0合計病床数:140】鹿児島県南九州市川辺町田部田３５２５番地" }, "geometry": { "type": "Point", "coordinates": [ 130.382813, 31.394445 ] } },
{ "type": "Feature", "properties": { "ID": 46110223, "正式名称": "社会医療法人聖医会サザン・リージョン病院", "機関区分": 1, "都道府県コード": 46, "市区町村コード": 204, "所在地": "鹿児島県枕崎市緑町２２０番地", "緯度": 31.276464, "経度": 130.293616, "url": "https://www.iryou.teikyouseido.mhlw.go.jp/znk-web/juminkanja/S2430/initialize?prefCd=46&kikanCd=10223&kikanKbn=1", "url2": "https://southernregion.jp/", "内容": "社会医療法人聖医会サザン・リージョン病院【1:病院】【診療科目:内科_糖尿病・内分泌内科_呼吸器内科_循環器内科_消化器内科_胃腸内科_神経内科_外科_脳神経外科_肛門外科_整形外科_婦人科_眼科_耳鼻いんこう科_泌尿器科_歯科_矯正歯科_歯科口腔外科_小児歯科_リハビリテーション科_放射線科_麻酔科】【一般病床数:81療養病床数:50精神病床数:0感染症病床数:0合計病床数:131】鹿児島県枕崎市緑町２２０番地" }, "geometry": { "type": "Point", "coordinates": [ 130.293616, 31.276464 ] } },
{ "type": "Feature", "properties": { "ID": 46110224, "正式名称": "県立薩南病院", "機関区分": 1, "都道府県コード": 46, "市区町村コード": 220, "所在地": "鹿児島県南さつま市加世田村原", "緯度": 31.418187, "経度": 130.331804, "url": "https://www.iryou.teikyouseido.mhlw.go.jp/znk-web/juminkanja/S2430/initialize?prefCd=46&kikanCd=10224&kikanKbn=1", "url2": "http://hospital.pref.kagoshima.jp/satsunan/", "内容": "県立薩南病院【1:病院】【診療科目:内科_循環器内科_消化器内科_人工透析内科_外科_消化器外科_小児科_産婦人科_放射線科】【一般病床数:146療養病床数:0精神病床数:0感染症病床数:4合計病床数:160】鹿児島県南さつま市加世田村原" }, "geometry": { "type": "Point", "coordinates": [ 130.331804, 31.418187 ] } },
{ "type": "Feature", "properties": { "ID": 46110225, "正式名称": "真愛病院", "機関区分": 1, "都道府県コード": 46, "市区町村コード": 220, "所在地": "鹿児島県南さつま市加世田東本町", "緯度": 31.419981, "経度": 130.325165, "url": "https://www.iryou.teikyouseido.mhlw.go.jp/znk-web/juminkanja/S2430/initialize?prefCd=46&kikanCd=10225&kikanKbn=1", "url2": null, "内容": "真愛病院【1:病院】【診療科目:内科_整形外科_リハビリテーション科_麻酔科】【一般病床数:76療養病床数:0精神病床数:0感染症病床数:0合計病床数:76】鹿児島県南さつま市加世田東本町" }, "geometry": { "type": "Point", "coordinates": [ 130.325165, 31.419981 ] } },
{ "type": "Feature", "properties": { "ID": 46110227, "正式名称": "立神リハビリテーション温泉病院", "機関区分": 1, "都道府県コード": 46, "市区町村コード": 204, "所在地": "鹿児島県枕崎市火之神町６２０番地", "緯度": 31.25366, "経度": 130.276965, "url": "https://www.iryou.teikyouseido.mhlw.go.jp/znk-web/juminkanja/S2430/initialize?prefCd=46&kikanCd=10227&kikanKbn=1", "url2": "https://tategami.ko-seikai.jp/", "内容": "立神リハビリテーション温泉病院【1:病院】【診療科目:内科_リハビリテーション科】【一般病床数:0療養病床数:60精神病床数:0感染症病床数:0合計病床数:60】鹿児島県枕崎市火之神町６２０番地" }, "geometry": { "type": "Point", "coordinates": [ 130.276965, 31.25366 ] } },
{ "type": "Feature", "properties": { "ID": 46110228, "正式名称": "南九州さくら病院", "機関区分": 1, "都道府県コード": 46, "市区町村コード": 223, "所在地": "鹿児島県南九州市知覧町永里", "緯度": 31.346193, "経度": 130.440508, "url": "https://www.iryou.teikyouseido.mhlw.go.jp/znk-web/juminkanja/S2430/initialize?prefCd=46&kikanCd=10228&kikanKbn=1", "url2": "http://mk-sakura.jp", "内容": "南九州さくら病院【1:病院】【診療科目:内科_精神科_心療内科_老年精神科】【一般病床数:0療養病床数:0精神病床数:136感染症病床数:0合計病床数:136】鹿児島県南九州市知覧町永里" }, "geometry": { "type": "Point", "coordinates": [ 130.440508, 31.346193 ] } },
{ "type": "Feature", "properties": { "ID": 46110229, "正式名称": "南薩ケアほすぴたる", "機関区分": 1, "都道府県コード": 46, "市区町村コード": 223, "所在地": "鹿児島県南九州市川辺町平山５８６０", "緯度": 31.389073, "経度": 130.395055, "url": "https://www.iryou.teikyouseido.mhlw.go.jp/znk-web/juminkanja/S2430/initialize?prefCd=46&kikanCd=10229&kikanKbn=1", "url2": "http://k-nch.jp//", "内容": "南薩ケアほすぴたる【1:病院】【診療科目:内科_糖尿病内科_呼吸器内科_循環器内科_消化器内科_人工透析内科_神経内科_リハビリテーション科】【一般病床数:24療養病床数:78精神病床数:0感染症病床数:0合計病床数:102】鹿児島県南九州市川辺町平山５８６０" }, "geometry": { "type": "Point", "coordinates": [ 130.395055, 31.389073 ] } },
{ "type": "Feature", "properties": { "ID": 46110230, "正式名称": "南さつま市立坊津病院", "機関区分": 1, "都道府県コード": 46, "市区町村コード": 220, "所在地": "鹿児島県南さつま市坊津町泊１９番地", "緯度": 31.275171, "経度": 130.224564, "url": "https://www.iryou.teikyouseido.mhlw.go.jp/znk-web/juminkanja/S2430/initialize?prefCd=46&kikanCd=10230&kikanKbn=1", "url2": "http://www.city.minamisatsuma.lg.jp/post-45.html", "内容": "南さつま市立坊津病院【1:病院】【診療科目:内科_整形外科】【一般病床数:26療養病床数:0精神病床数:0感染症病床数:0合計病床数:26】鹿児島県南さつま市坊津町泊１９番地" }, "geometry": { "type": "Point", "coordinates": [ 130.224564, 31.275171 ] } },
{ "type": "Feature", "properties": { "ID": 46110231, "正式名称": "枕崎市立病院", "機関区分": 1, "都道府県コード": 46, "市区町村コード": 204, "所在地": "鹿児島県枕崎市日之出町", "緯度": 31.270851, "経度": 130.305802, "url": "https://www.iryou.teikyouseido.mhlw.go.jp/znk-web/juminkanja/S2430/initialize?prefCd=46&kikanCd=10231&kikanKbn=1", "url2": "https://www.city.makurazaki.lg.jp/site/hospital/", "内容": "枕崎市立病院【1:病院】【診療科目:内科】【一般病床数:26療養病床数:29精神病床数:0感染症病床数:0合計病床数:55】鹿児島県枕崎市日之出町" }, "geometry": { "type": "Point", "coordinates": [ 130.305802, 31.270851 ] } },
{ "type": "Feature", "properties": { "ID": 46110232, "正式名称": "南さつま中央病院", "機関区分": 1, "都道府県コード": 46, "市区町村コード": 220, "所在地": "鹿児島県南さつま市加世田本町３７番地４", "緯度": 31.416431, "経度": 130.321307, "url": "https://www.iryou.teikyouseido.mhlw.go.jp/znk-web/juminkanja/S2430/initialize?prefCd=46&kikanCd=10232&kikanKbn=1", "url2": null, "内容": "南さつま中央病院【1:病院】【診療科目:内科_血液内科_糖尿病内科_人工透析内科_腫瘍内科_疼痛緩和内科_外科_リウマチ科_麻酔科】【一般病床数:30療養病床数:0精神病床数:0感染症病床数:0合計病床数:30】鹿児島県南さつま市加世田本町３７番地４" }, "geometry": { "type": "Point", "coordinates": [ 130.321307, 31.416431 ] } },
{ "type": "Feature", "properties": { "ID": 46110234, "正式名称": "阿多病院", "機関区分": 1, "都道府県コード": 46, "市区町村コード": 220, "所在地": "鹿児島県南さつま市金峰町花瀬１９２９", "緯度": 31.431471, "経度": 130.337637, "url": "https://www.iryou.teikyouseido.mhlw.go.jp/znk-web/juminkanja/S2430/initialize?prefCd=46&kikanCd=10234&kikanKbn=1", "url2": "http://atahp.com/", "内容": "阿多病院【1:病院】【診療科目:内科_消化器内科_精神科_心療内科_放射線科】【一般病床数:0療養病床数:0精神病床数:213感染症病床数:0合計病床数:213】鹿児島県南さつま市金峰町花瀬１９２９" }, "geometry": { "type": "Point", "coordinates": [ 130.337637, 31.431471 ] } },
{ "type": "Feature", "properties": { "ID": 46110302, "正式名称": "みなと病院", "機関区分": 1, "都道府県コード": 46, "市区町村コード": 219, "所在地": "鹿児島県いちき串木野市湊町", "緯度": 31.692366, "経度": 130.291058, "url": "https://www.iryou.teikyouseido.mhlw.go.jp/znk-web/juminkanja/S2430/initialize?prefCd=46&kikanCd=10302&kikanKbn=1", "url2": "http://www.seiwakai-minato-jp", "内容": "みなと病院【1:病院】【診療科目:精神科_神経科_心療内科】【一般病床数:0療養病床数:0精神病床数:150感染症病床数:0合計病床数:150】鹿児島県いちき串木野市湊町" }, "geometry": { "type": "Point", "coordinates": [ 130.291058, 31.692366 ] } },
{ "type": "Feature", "properties": { "ID": 46110303, "正式名称": "鹿児島こども病院", "機関区分": 1, "都道府県コード": 46, "市区町村コード": 216, "所在地": "鹿児島県日置市伊集院町妙円寺２－２０００－６６９", "緯度": 31.642316, "経度": 130.386792, "url": "https://www.iryou.teikyouseido.mhlw.go.jp/znk-web/juminkanja/S2430/initialize?prefCd=46&kikanCd=10303&kikanKbn=1", "url2": "http://www.k-kodomohp.com", "内容": "鹿児島こども病院【1:病院】【診療科目:小児科】【一般病床数:30療養病床数:0精神病床数:0感染症病床数:0合計病床数:30】鹿児島県日置市伊集院町妙円寺２－２０００－６６９" }, "geometry": { "type": "Point", "coordinates": [ 130.386792, 31.642316 ] } },
{ "type": "Feature", "properties": { "ID": 46110304, "正式名称": "金子病院", "機関区分": 1, "都道府県コード": 46, "市区町村コード": 219, "所在地": "鹿児島県いちき串木野市照島", "緯度": 31.707254, "経度": 130.278025, "url": "https://www.iryou.teikyouseido.mhlw.go.jp/znk-web/juminkanja/S2430/initialize?prefCd=46&kikanCd=10304&kikanKbn=1", "url2": "https://www.kaneko-hospital.jp/", "内容": "金子病院【1:病院】【診療科目:内科_循環器内科_消化器内科_外科_呼吸器外科_消化器外科_乳腺外科_小児外科_リハビリテーション科_放射線科】【一般病床数:44療養病床数:0精神病床数:0感染症病床数:0合計病床数:44】鹿児島県いちき串木野市照島" }, "geometry": { "type": "Point", "coordinates": [ 130.278025, 31.707254 ] } },
{ "type": "Feature", "properties": { "ID": 46110305, "正式名称": "いちき串木野市医師会立脳神経外科センター", "機関区分": 1, "都道府県コード": 46, "市区町村コード": 219, "所在地": "鹿児島県いちき串木野市生福５３９１番地３", "緯度": 31.720611, "経度": 130.301718, "url": "https://www.iryou.teikyouseido.mhlw.go.jp/znk-web/juminkanja/S2430/initialize?prefCd=46&kikanCd=10305&kikanKbn=1", "url2": "http://www.kunc99.jp/", "内容": "いちき串木野市医師会立脳神経外科センター【1:病院】【診療科目:循環器内科_脳神経外科_リハビリテーション科】【一般病床数:39療養病床数:25精神病床数:0感染症病床数:0合計病床数:64】鹿児島県いちき串木野市生福５３９１番地３" }, "geometry": { "type": "Point", "coordinates": [ 130.301718, 31.720611 ] } },
{ "type": "Feature", "properties": { "ID": 46110306, "正式名称": "医療法人昭泉会　馬場病院", "機関区分": 1, "都道府県コード": 46, "市区町村コード": 216, "所在地": "鹿児島県日置市吹上町湯之浦２３７８", "緯度": 31.503593, "経度": 130.358984, "url": "https://www.iryou.teikyouseido.mhlw.go.jp/znk-web/juminkanja/S2430/initialize?prefCd=46&kikanCd=10306&kikanKbn=1", "url2": "https://babahp.jp/", "内容": "医療法人昭泉会　馬場病院【1:病院】【診療科目:内科_循環器内科_消化器内科_神経内科_外科_脳神経外科_整形外科_リウマチ科_リハビリテーション科_放射線科_麻酔科】【一般病床数:60療養病床数:52精神病床数:0感染症病床数:0合計病床数:112】鹿児島県日置市吹上町湯之浦２３７８" }, "geometry": { "type": "Point", "coordinates": [ 130.358984, 31.503593 ] } },
{ "type": "Feature", "properties": { "ID": 46110307, "正式名称": "医療法人南洲会南洲整形外科病院", "機関区分": 1, "都道府県コード": 46, "市区町村コード": 219, "所在地": "鹿児島県いちき串木野市別府", "緯度": 31.702776, "経度": 130.283289, "url": "https://www.iryou.teikyouseido.mhlw.go.jp/znk-web/juminkanja/S2430/initialize?prefCd=46&kikanCd=10307&kikanKbn=1", "url2": "http://www.nanshu-seikei.com/", "内容": "医療法人南洲会南洲整形外科病院【1:病院】【診療科目:整形外科_リウマチ科_リハビリテーション科_麻酔科】【一般病床数:36療養病床数:34精神病床数:0感染症病床数:0合計病床数:70】鹿児島県いちき串木野市別府" }, "geometry": { "type": "Point", "coordinates": [ 130.283289, 31.702776 ] } },
{ "type": "Feature", "properties": { "ID": 46110308, "正式名称": "博悠会温泉病院", "機関区分": 1, "都道府県コード": 46, "市区町村コード": 216, "所在地": "鹿児島県日置市東市来町湯田４６４８番地", "緯度": 31.675547, "経度": 130.348524, "url": "https://www.iryou.teikyouseido.mhlw.go.jp/znk-web/juminkanja/S2430/initialize?prefCd=46&kikanCd=10308&kikanKbn=1", "url2": "www.hakuyukai-group.jp/", "内容": "博悠会温泉病院【1:病院】【診療科目:内科_呼吸器内科_外科_婦人科_リハビリテーション科_麻酔科】【一般病床数:0療養病床数:30精神病床数:0感染症病床数:0合計病床数:30】鹿児島県日置市東市来町湯田４６４８番地" }, "geometry": { "type": "Point", "coordinates": [ 130.348524, 31.675547 ] } },
{ "type": "Feature", "properties": { "ID": 46110309, "正式名称": "花牟禮病院", "機関区分": 1, "都道府県コード": 46, "市区町村コード": 219, "所在地": "鹿児島県いちき串木野市元町１９０", "緯度": 31.719769, "経度": 130.266468, "url": "https://www.iryou.teikyouseido.mhlw.go.jp/znk-web/juminkanja/S2430/initialize?prefCd=46&kikanCd=10309&kikanKbn=1", "url2": "http://www.hanamure.or.jp", "内容": "花牟禮病院【1:病院】【診療科目:内科_消化器内科_放射線科】【一般病床数:40療養病床数:0精神病床数:0感染症病床数:0合計病床数:40】鹿児島県いちき串木野市元町１９０" }, "geometry": { "type": "Point", "coordinates": [ 130.266468, 31.719769 ] } },
{ "type": "Feature", "properties": { "ID": 46110313, "正式名称": "医療法人健生会本庄病院", "機関区分": 1, "都道府県コード": 46, "市区町村コード": 216, "所在地": "鹿児島県日置市伊集院町下谷口１９４２", "緯度": 31.627309, "経度": 130.397578, "url": "https://www.iryou.teikyouseido.mhlw.go.jp/znk-web/juminkanja/S2430/initialize?prefCd=46&kikanCd=10313&kikanKbn=1", "url2": null, "内容": "医療法人健生会本庄病院【1:病院】【診療科目:内科_胃腸内科_外科_放射線科】【一般病床数:26療養病床数:41精神病床数:0感染症病床数:0合計病床数:67】鹿児島県日置市伊集院町下谷口１９４２" }, "geometry": { "type": "Point", "coordinates": [ 130.397578, 31.627309 ] } },
{ "type": "Feature", "properties": { "ID": 46110314, "正式名称": "丸田病院", "機関区分": 1, "都道府県コード": 46, "市区町村コード": 219, "所在地": "鹿児島県いちき串木野市旭町", "緯度": 31.719202, "経度": 130.267601, "url": "https://www.iryou.teikyouseido.mhlw.go.jp/znk-web/juminkanja/S2430/initialize?prefCd=46&kikanCd=10314&kikanKbn=1", "url2": "http://www.maruta.or.jp", "内容": "丸田病院【1:病院】【診療科目:内科_循環器内科_胃腸内科_リハビリテーション科】【一般病床数:25療養病床数:28精神病床数:0感染症病床数:0合計病床数:53】鹿児島県いちき串木野市旭町" }, "geometry": { "type": "Point", "coordinates": [ 130.267601, 31.719202 ] } },
{ "type": "Feature", "properties": { "ID": 46110316, "正式名称": "湯田内科病院", "機関区分": 1, "都道府県コード": 46, "市区町村コード": 216, "所在地": "鹿児島県日置市東市来町湯田２９９４", "緯度": 31.672458, "経度": 130.331025, "url": "https://www.iryou.teikyouseido.mhlw.go.jp/znk-web/juminkanja/S2430/initialize?prefCd=46&kikanCd=10316&kikanKbn=1", "url2": "https://kenseikai.biz/", "内容": "湯田内科病院【1:病院】【診療科目:内科_呼吸器内科_消化器内科_神経内科_リハビリテーション科】【一般病床数:50療養病床数:53精神病床数:0感染症病床数:0合計病床数:103】鹿児島県日置市東市来町湯田２９９４" }, "geometry": { "type": "Point", "coordinates": [ 130.331025, 31.672458 ] } },
{ "type": "Feature", "properties": { "ID": 46110401, "正式名称": "卓翔会記念病院", "機関区分": 1, "都道府県コード": 46, "市区町村コード": 215, "所在地": "鹿児島県薩摩川内市天辰町１５１２番地１", "緯度": 31.822015, "経度": 130.326734, "url": "https://www.iryou.teikyouseido.mhlw.go.jp/znk-web/juminkanja/S2430/initialize?prefCd=46&kikanCd=10401&kikanKbn=1", "url2": "http://www.takushokai.com/", "内容": "卓翔会記念病院【1:病院】【診療科目:内科_呼吸器内科_循環器内科_老年内科_外科_脳神経外科_消化器外科_整形外科_リハビリテーション科_放射線科】【一般病床数:30療養病床数:169精神病床数:0感染症病床数:0合計病床数:199】鹿児島県薩摩川内市天辰町１５１２番地１" }, "geometry": { "type": "Point", "coordinates": [ 130.326734, 31.822015 ] } },
{ "type": "Feature", "properties": { "ID": 46110402, "正式名称": "稲津内科病院", "機関区分": 1, "都道府県コード": 46, "市区町村コード": 392, "所在地": "鹿児島県薩摩郡さつま町宮之城屋地１３７８", "緯度": 31.897766, "経度": 130.453874, "url": "https://www.iryou.teikyouseido.mhlw.go.jp/znk-web/juminkanja/S2430/initialize?prefCd=46&kikanCd=10402&kikanKbn=1", "url2": "https://inatsu-naika.com", "内容": "稲津内科病院【1:病院】【診療科目:内科_糖尿病内科_循環器内科_心臓内科_消化器内科_皮膚科_リハビリテーション科】【一般病床数:0療養病床数:41精神病床数:0感染症病床数:0合計病床数:41】鹿児島県薩摩郡さつま町宮之城屋地１３７８" }, "geometry": { "type": "Point", "coordinates": [ 130.453874, 31.897766 ] } },
{ "type": "Feature", "properties": { "ID": 46110403, "正式名称": "上村病院", "機関区分": 1, "都道府県コード": 46, "市区町村コード": 215, "所在地": "鹿児島県薩摩川内市東開聞町", "緯度": 31.817797, "経度": 130.303547, "url": "https://www.iryou.teikyouseido.mhlw.go.jp/znk-web/juminkanja/S2430/initialize?prefCd=46&kikanCd=10403&kikanKbn=1", "url2": "http://www.kamimura-hp.com", "内容": "上村病院【1:病院】【診療科目:内科_呼吸器内科_消化器内科_外科_呼吸器外科_消化器外科_肛門外科_リハビリテーション科_放射線科_麻酔科】【一般病床数:46療養病床数:0精神病床数:0感染症病床数:0合計病床数:46】鹿児島県薩摩川内市東開聞町" }, "geometry": { "type": "Point", "coordinates": [ 130.303547, 31.817797 ] } },
{ "type": "Feature", "properties": { "ID": 46110404, "正式名称": "クオラリハビリテーション病院", "機関区分": 1, "都道府県コード": 46, "市区町村コード": 392, "所在地": "鹿児島県薩摩郡さつま町船木２３１１－６", "緯度": 31.873553, "経度": 130.439266, "url": "https://www.iryou.teikyouseido.mhlw.go.jp/znk-web/juminkanja/S2430/initialize?prefCd=46&kikanCd=10404&kikanKbn=1", "url2": "http://www.qoler.jp/page/call.html", "内容": "クオラリハビリテーション病院【1:病院】【診療科目:内科_循環器内科_整形外科_眼科_泌尿器科_歯科_リハビリテーション科】【一般病床数:60療養病床数:112精神病床数:0感染症病床数:0合計病床数:172】鹿児島県薩摩郡さつま町船木２３１１－６" }, "geometry": { "type": "Point", "coordinates": [ 130.439266, 31.873553 ] } },
{ "type": "Feature", "properties": { "ID": 46110405, "正式名称": "社会福祉法人恩賜財団済生会川内病院", "機関区分": 1, "都道府県コード": 46, "市区町村コード": 215, "所在地": "鹿児島県薩摩川内市原田町２番４６号", "緯度": 31.82722, "経度": 130.305764, "url": "https://www.iryou.teikyouseido.mhlw.go.jp/znk-web/juminkanja/S2430/initialize?prefCd=46&kikanCd=10405&kikanKbn=1", "url2": "http://www.saiseikai-sendai.jp", "内容": "社会福祉法人恩賜財団済生会川内病院【1:病院】【診療科目:内科_消化器内科_外科_消化器外科_整形外科_小児科_小児外科_小児泌尿器科_産婦人科_眼科_皮膚科_泌尿器科_放射線科_病理診断科_麻酔科】【一般病床数:208療養病床数:0精神病床数:0感染症病床数:0合計病床数:208】鹿児島県薩摩川内市原田町２番４６号" }, "geometry": { "type": "Point", "coordinates": [ 130.305764, 31.82722 ] } },
{ "type": "Feature", "properties": { "ID": 46110407, "正式名称": "ファミリーＨＰ薩摩", "機関区分": 1, "都道府県コード": 46, "市区町村コード": 215, "所在地": "鹿児島県薩摩川内市水引町３２４７－１", "緯度": 31.859655, "経度": 130.229208, "url": "https://www.iryou.teikyouseido.mhlw.go.jp/znk-web/juminkanja/S2430/initialize?prefCd=46&kikanCd=10407&kikanKbn=1", "url2": "http://www.fh-satsuma.jp/", "内容": "ファミリーＨＰ薩摩【1:病院】【診療科目:内科_精神科_心療内科】【一般病床数:0療養病床数:0精神病床数:201感染症病床数:0合計病床数:201】鹿児島県薩摩川内市水引町３２４７－１" }, "geometry": { "type": "Point", "coordinates": [ 130.229208, 31.859655 ] } },
{ "type": "Feature", "properties": { "ID": 46110408, "正式名称": "薩摩郡医師会病院", "機関区分": 1, "都道府県コード": 46, "市区町村コード": 392, "所在地": "鹿児島県薩摩郡さつま町轟町５１０", "緯度": 31.916803, "経度": 130.458725, "url": "https://www.iryou.teikyouseido.mhlw.go.jp/znk-web/juminkanja/S2430/initialize?prefCd=46&kikanCd=10408&kikanKbn=1", "url2": "http://satsuma-mah.or.jp/satsumahp/", "内容": "薩摩郡医師会病院【1:病院】【診療科目:内科_循環器内科_消化器内科_神経内科_外科_整形外科_リハビリテーション科_放射線科_救急科_麻酔科】【一般病床数:142療養病床数:0精神病床数:0感染症病床数:0合計病床数:142】鹿児島県薩摩郡さつま町轟町５１０" }, "geometry": { "type": "Point", "coordinates": [ 130.458725, 31.916803 ] } },
{ "type": "Feature", "properties": { "ID": 46110409, "正式名称": "川内市医師会立市民病院", "機関区分": 1, "都道府県コード": 46, "市区町村コード": 215, "所在地": "鹿児島県薩摩川内市永利町４１０７番地７", "緯度": 31.79796, "経度": 130.349232, "url": "https://www.iryou.teikyouseido.mhlw.go.jp/znk-web/juminkanja/S2430/initialize?prefCd=46&kikanCd=10409&kikanKbn=1", "url2": "https://sendaihp.jp/", "内容": "川内市医師会立市民病院【1:病院】【診療科目:内科_呼吸器内科_循環器内科_消化器内科_神経内科_外科_脳神経外科_心臓血管外科_整形外科_小児科_小児外科_泌尿器科_リハビリテーション科_放射線科_麻酔科】【一般病床数:220療養病床数:0精神病床数:0感染症病床数:4合計病床数:0】鹿児島県薩摩川内市永利町４１０７番地７" }, "geometry": { "type": "Point", "coordinates": [ 130.349232, 31.79796 ] } },
{ "type": "Feature", "properties": { "ID": 46110411, "正式名称": "伊達病院", "機関区分": 1, "都道府県コード": 46, "市区町村コード": 215, "所在地": "鹿児島県薩摩川内市神田町４番２５号", "緯度": 31.814052, "経度": 130.305394, "url": "https://www.iryou.teikyouseido.mhlw.go.jp/znk-web/juminkanja/S2430/initialize?prefCd=46&kikanCd=10411&kikanKbn=1", "url2": "https://hpdate.wixsite.com/hpdate", "内容": "伊達病院【1:病院】【診療科目:内科_胃腸内科_外科_整形外科】【一般病床数:20療養病床数:28精神病床数:0感染症病床数:0合計病床数:48】鹿児島県薩摩川内市神田町４番２５号" }, "geometry": { "type": "Point", "coordinates": [ 130.305394, 31.814052 ] } },
{ "type": "Feature", "properties": { "ID": 46110414, "正式名称": "中郷病院", "機関区分": 1, "都道府県コード": 46, "市区町村コード": 215, "所在地": "鹿児島県薩摩川内市中郷１丁目１番７号", "緯度": 31.828564, "経度": 130.314323, "url": "https://www.iryou.teikyouseido.mhlw.go.jp/znk-web/juminkanja/S2430/initialize?prefCd=46&kikanCd=10414&kikanKbn=1", "url2": "chugou.jp", "内容": "中郷病院【1:病院】【診療科目:内科_精神科_心療内科】【一般病床数:0療養病床数:0精神病床数:180感染症病床数:0合計病床数:180】鹿児島県薩摩川内市中郷１丁目１番７号" }, "geometry": { "type": "Point", "coordinates": [ 130.314323, 31.828564 ] } },
{ "type": "Feature", "properties": { "ID": 46110415, "正式名称": "高江記念病院", "機関区分": 1, "都道府県コード": 46, "市区町村コード": 215, "所在地": "鹿児島県薩摩川内市永利町２５０４－１", "緯度": 31.949989, "経度": 130.483961, "url": "https://www.iryou.teikyouseido.mhlw.go.jp/znk-web/juminkanja/S2430/initialize?prefCd=46&kikanCd=10415&kikanKbn=1", "url2": "http://takaekinen-hp.com/", "内容": "高江記念病院【1:病院】【診療科目:内科_糖尿病内科_循環器内科_消化器内科_外科_整形外科_リハビリテーション科】【一般病床数:25療養病床数:28精神病床数:0感染症病床数:0合計病床数:53】鹿児島県薩摩川内市永利町２５０４－１" }, "geometry": { "type": "Point", "coordinates": [ 130.483961, 31.949989 ] } },
{ "type": "Feature", "properties": { "ID": 46110416, "正式名称": "永井病院", "機関区分": 1, "都道府県コード": 46, "市区町村コード": 215, "所在地": "鹿児島県薩摩川内市大小路町２１番５号", "緯度": 31.822996, "経度": 130.302817, "url": "https://www.iryou.teikyouseido.mhlw.go.jp/znk-web/juminkanja/S2430/initialize?prefCd=46&kikanCd=10416&kikanKbn=1", "url2": "http://www.doujunkai.or.jp", "内容": "永井病院【1:病院】【診療科目:内科_呼吸器内科_循環器内科_消化器内科_リハビリテーション科】【一般病床数:0療養病床数:39精神病床数:0感染症病床数:0合計病床数:39】鹿児島県薩摩川内市大小路町２１番５号" }, "geometry": { "type": "Point", "coordinates": [ 130.302817, 31.822996 ] } },
{ "type": "Feature", "properties": { "ID": 46110417, "正式名称": "クリニック１みやのじょう", "機関区分": 1, "都道府県コード": 46, "市区町村コード": 392, "所在地": "鹿児島県薩摩郡さつま町船木３４", "緯度": 31.894158, "経度": 130.452644, "url": "https://www.iryou.teikyouseido.mhlw.go.jp/znk-web/juminkanja/S2430/initialize?prefCd=46&kikanCd=10417&kikanKbn=1", "url2": "http://www.miyanojyo-hp.or.jp", "内容": "クリニック１みやのじょう【1:病院】【診療科目:内科_神経内科_精神科_心療内科】【一般病床数:0療養病床数:0精神病床数:0感染症病床数:0合計病床数:0】鹿児島県薩摩郡さつま町船木３４" }, "geometry": { "type": "Point", "coordinates": [ 130.452644, 31.894158 ] } },
{ "type": "Feature", "properties": { "ID": 46110418, "正式名称": "森園病院", "機関区分": 1, "都道府県コード": 46, "市区町村コード": 215, "所在地": "鹿児島県薩摩川内市大小路町１９－３８", "緯度": 31.821811, "経度": 130.303377, "url": "https://www.iryou.teikyouseido.mhlw.go.jp/znk-web/juminkanja/S2430/initialize?prefCd=46&kikanCd=10418&kikanKbn=1", "url2": "http://www.morizono.or.jp/index.shtml", "内容": "森園病院【1:病院】【診療科目:内科_糖尿病・内分泌内科_呼吸器内科_消化器内科_整形外科_リウマチ科_リハビリテーション科】【一般病床数:41療養病床数:34精神病床数:0感染症病床数:0合計病床数:75】鹿児島県薩摩川内市大小路町１９－３８" }, "geometry": { "type": "Point", "coordinates": [ 130.303377, 31.821811 ] } },
{ "type": "Feature", "properties": { "ID": 46110419, "正式名称": "若松記念病院", "機関区分": 1, "都道府県コード": 46, "市区町村コード": 215, "所在地": "鹿児島県薩摩川内市神田町１１ー２０", "緯度": 31.815672, "経度": 130.303089, "url": "https://www.iryou.teikyouseido.mhlw.go.jp/znk-web/juminkanja/S2430/initialize?prefCd=46&kikanCd=10419&kikanKbn=1", "url2": "www.wakamatsu-hp.jp/", "内容": "若松記念病院【1:病院】【診療科目:内科_胃腸内科_外科_肛門外科_整形外科_眼科_リハビリテーション科】【一般病床数:22療養病床数:34精神病床数:0感染症病床数:0合計病床数:56】鹿児島県薩摩川内市神田町１１ー２０" }, "geometry": { "type": "Point", "coordinates": [ 130.303089, 31.815672 ] } },
{ "type": "Feature", "properties": { "ID": 46110421, "正式名称": "出水郡医師会広域医療センター", "機関区分": 1, "都道府県コード": 46, "市区町村コード": 206, "所在地": "鹿児島県阿久根市赤瀬川４５１３", "緯度": 32.027771, "経度": 130.194785, "url": "https://www.iryou.teikyouseido.mhlw.go.jp/znk-web/juminkanja/S2430/initialize?prefCd=46&kikanCd=10421&kikanKbn=1", "url2": "http://www.akunehp.com/", "内容": "出水郡医師会広域医療センター【1:病院】【診療科目:内科_脳神経内科_循環器内科_消化器内科_肝臓内科_外科_脳神経外科_呼吸器外科_心臓血管外科_消化器外科_乳腺外科_整形外科_形成外科_眼科_耳鼻いんこう科_泌尿器科_リハビリテーション科_放射線科_麻酔科】【一般病床数:200療養病床数:0精神病床数:0感染症病床数:0合計病床数:200】鹿児島県阿久根市赤瀬川４５１３" }, "geometry": { "type": "Point", "coordinates": [ 130.194785, 32.027771 ] } },
{ "type": "Feature", "properties": { "ID": 46110422, "正式名称": "出水病院", "機関区分": 1, "都道府県コード": 46, "市区町村コード": 208, "所在地": "鹿児島県出水市麓町２９－１", "緯度": 32.080534, "経度": 130.362316, "url": "https://www.iryou.teikyouseido.mhlw.go.jp/znk-web/juminkanja/S2430/initialize?prefCd=46&kikanCd=10422&kikanKbn=1", "url2": "https://izumi-hp.com", "内容": "出水病院【1:病院】【診療科目:内科_精神科_心療内科_歯科】【一般病床数:0療養病床数:0精神病床数:190感染症病床数:0合計病床数:190】鹿児島県出水市麓町２９－１" }, "geometry": { "type": "Point", "coordinates": [ 130.362316, 32.080534 ] } },
{ "type": "Feature", "properties": { "ID": 46110424, "正式名称": "出水総合医療センター", "機関区分": 1, "都道府県コード": 46, "市区町村コード": 208, "所在地": "鹿児島県出水市明神町５２０番地", "緯度": 32.115998, "経度": 130.335891, "url": "https://www.iryou.teikyouseido.mhlw.go.jp/znk-web/juminkanja/S2430/initialize?prefCd=46&kikanCd=10424&kikanKbn=1", "url2": "https://www.hospital-city.izumi.kagoshima.jp/", "内容": "出水総合医療センター【1:病院】【診療科目:内科_血液内科_糖尿病・代謝内科_呼吸器内科_循環器内科_消化器内科_腎臓内科_肝臓内科_神経内科_外科_脳神経外科_呼吸器外科_心臓血管外科_消化器外科_乳腺外科_整形外科_小児科_小児外科_婦人科_眼科_皮膚科_泌尿器科_リハビリテーション科_放射線科_麻酔科】【一般病床数:257療養病床数:0精神病床数:0感染症病床数:4合計病床数:261】鹿児島県出水市明神町５２０番地" }, "geometry": { "type": "Point", "coordinates": [ 130.335891, 32.115998 ] } },
{ "type": "Feature", "properties": { "ID": 46110425, "正式名称": "内山病院", "機関区分": 1, "都道府県コード": 46, "市区町村コード": 206, "所在地": "鹿児島県阿久根市高松町２２番地", "緯度": 32.018064, "経度": 130.197818, "url": "https://www.iryou.teikyouseido.mhlw.go.jp/znk-web/juminkanja/S2430/initialize?prefCd=46&kikanCd=10425&kikanKbn=1", "url2": "https://kouwakai-uchiyama.or.jp/", "内容": "内山病院【1:病院】【診療科目:内科_血液内科_糖尿病内科_内分泌内科_呼吸器内科_循環器内科_消化器内科_神経内科_外科_婦人科_泌尿器科_リハビリテーション科_放射線科】【一般病床数:0療養病床数:99精神病床数:0感染症病床数:0合計病床数:99】鹿児島県阿久根市高松町２２番地" }, "geometry": { "type": "Point", "coordinates": [ 130.197818, 32.018064 ] } },
{ "type": "Feature", "properties": { "ID": 46110426, "正式名称": "荘記念病院", "機関区分": 1, "都道府県コード": 46, "市区町村コード": 208, "所在地": "鹿児島県出水市高尾野町下水流８６２－１", "緯度": 32.088988, "経度": 130.285377, "url": "https://www.iryou.teikyouseido.mhlw.go.jp/znk-web/juminkanja/S2430/initialize?prefCd=46&kikanCd=10426&kikanKbn=1", "url2": "https://www.shoukinen-hp.jp/", "内容": "荘記念病院【1:病院】【診療科目:内科_精神科】【一般病床数:0療養病床数:0精神病床数:120感染症病床数:0合計病床数:120】鹿児島県出水市高尾野町下水流８６２－１" }, "geometry": { "type": "Point", "coordinates": [ 130.285377, 32.088988 ] } },
{ "type": "Feature", "properties": { "ID": 46110428, "正式名称": "吉井整形外科内科中央病院", "機関区分": 1, "都道府県コード": 46, "市区町村コード": 208, "所在地": "鹿児島県出水市平和町３３６", "緯度": 32.082431, "経度": 130.32443, "url": "https://www.iryou.teikyouseido.mhlw.go.jp/znk-web/juminkanja/S2430/initialize?prefCd=46&kikanCd=10428&kikanKbn=1", "url2": "http://kisshokai.com/", "内容": "吉井整形外科内科中央病院【1:病院】【診療科目:内科_外科_整形外科_リハビリテーション科】【一般病床数:0療養病床数:93精神病床数:0感染症病床数:0合計病床数:0】鹿児島県出水市平和町３３６" }, "geometry": { "type": "Point", "coordinates": [ 130.32443, 32.082431 ] } },
{ "type": "Feature", "properties": { "ID": 46110429, "正式名称": "医療法人互舎会脇本病院", "機関区分": 1, "都道府県コード": 46, "市区町村コード": 206, "所在地": "鹿児島県阿久根市脇本９０９３番地２", "緯度": 32.085272, "経度": 130.186496, "url": "https://www.iryou.teikyouseido.mhlw.go.jp/znk-web/juminkanja/S2430/initialize?prefCd=46&kikanCd=10429&kikanKbn=1", "url2": "http://www.wakimoto.or.jp/", "内容": "医療法人互舎会脇本病院【1:病院】【診療科目:内科_精神科_神経科】【一般病床数:0療養病床数:0精神病床数:185感染症病床数:0合計病床数:185】鹿児島県阿久根市脇本９０９３番地２" }, "geometry": { "type": "Point", "coordinates": [ 130.186496, 32.085272 ] } },
{ "type": "Feature", "properties": { "ID": 46110501, "正式名称": "大口病院", "機関区分": 1, "都道府県コード": 46, "市区町村コード": 224, "所在地": "鹿児島県伊佐市大口大田６８", "緯度": 32.067252, "経度": 130.601819, "url": "https://www.iryou.teikyouseido.mhlw.go.jp/znk-web/juminkanja/S2430/initialize?prefCd=46&kikanCd=10501&kikanKbn=1", "url2": "https://www.jiwakai.or.jp", "内容": "大口病院【1:病院】【診療科目:内科_精神科_心療内科】【一般病床数:0療養病床数:0精神病床数:103感染症病床数:0合計病床数:103】鹿児島県伊佐市大口大田６８" }, "geometry": { "type": "Point", "coordinates": [ 130.601819, 32.067252 ] } },
{ "type": "Feature", "properties": { "ID": 46110502, "正式名称": "大口温泉リハビリテーション病院", "機関区分": 1, "都道府県コード": 46, "市区町村コード": 224, "所在地": "鹿児島県伊佐市大口青木３０２２番地３４", "緯度": 32.057063, "経度": 130.633774, "url": "https://www.iryou.teikyouseido.mhlw.go.jp/znk-web/juminkanja/S2430/initialize?prefCd=46&kikanCd=10502&kikanKbn=1", "url2": "http://www.hayahito.com/", "内容": "大口温泉リハビリテーション病院【1:病院】【診療科目:内科_循環器内科_消化器内科_神経内科_歯科口腔外科_リハビリテーション科_放射線診断科】【一般病床数:0療養病床数:97精神病床数:0感染症病床数:0合計病床数:97】鹿児島県伊佐市大口青木３０２２番地３４" }, "geometry": { "type": "Point", "coordinates": [ 130.633774, 32.057063 ] } },
{ "type": "Feature", "properties": { "ID": 46110503, "正式名称": "寺田病院", "機関区分": 1, "都道府県コード": 46, "市区町村コード": 224, "所在地": "鹿児島県伊佐市大口上町３１番４", "緯度": 32.062197, "経度": 130.607186, "url": "https://www.iryou.teikyouseido.mhlw.go.jp/znk-web/juminkanja/S2430/initialize?prefCd=46&kikanCd=10503&kikanKbn=1", "url2": "http://www.teradahp.jp", "内容": "寺田病院【1:病院】【診療科目:内科_呼吸器内科_胃腸内科_外科_肛門外科_整形外科_耳鼻いんこう科_リハビリテーション科】【一般病床数:87療養病床数:0精神病床数:0感染症病床数:0合計病床数:87】鹿児島県伊佐市大口上町３１番４" }, "geometry": { "type": "Point", "coordinates": [ 130.607186, 32.062197 ] } },
{ "type": "Feature", "properties": { "ID": 46110504, "正式名称": "県立北薩病院", "機関区分": 1, "都道府県コード": 46, "市区町村コード": 224, "所在地": "鹿児島県伊佐市大口宮人５０２－４", "緯度": 32.028119, "経度": 130.579034, "url": "https://www.iryou.teikyouseido.mhlw.go.jp/znk-web/juminkanja/S2430/initialize?prefCd=46&kikanCd=10504&kikanKbn=1", "url2": "http://www.pref.kagoshima.jp/hospital/hokusatsu/", "内容": "県立北薩病院【1:病院】【診療科目:内科_呼吸器内科_循環器内科_神経内科_脳神経外科_小児科】【一般病床数:106療養病床数:0精神病床数:0感染症病床数:4合計病床数:110】鹿児島県伊佐市大口宮人５０２－４" }, "geometry": { "type": "Point", "coordinates": [ 130.579034, 32.028119 ] } },
{ "type": "Feature", "properties": { "ID": 46110505, "正式名称": "整形外科松元病院", "機関区分": 1, "都道府県コード": 46, "市区町村コード": 224, "所在地": "鹿児島県伊佐市大口里４９１番地２", "緯度": 32.060957, "経度": 130.604254, "url": "https://www.iryou.teikyouseido.mhlw.go.jp/znk-web/juminkanja/S2430/initialize?prefCd=46&kikanCd=10505&kikanKbn=1", "url2": "http://www.matsumoto-hp.net/", "内容": "整形外科松元病院【1:病院】【診療科目:整形外科_小児科_皮膚科_リウマチ科_リハビリテーション科_麻酔科】【一般病床数:36療養病床数:36精神病床数:0感染症病床数:0合計病床数:72】鹿児島県伊佐市大口里４９１番地２" }, "geometry": { "type": "Point", "coordinates": [ 130.604254, 32.060957 ] } },
{ "type": "Feature", "properties": { "ID": 46110506, "正式名称": "水間病院", "機関区分": 1, "都道府県コード": 46, "市区町村コード": 224, "所在地": "鹿児島県伊佐市菱刈前目２１２５", "緯度": 32.011028, "経度": 130.643696, "url": "https://www.iryou.teikyouseido.mhlw.go.jp/znk-web/juminkanja/S2430/initialize?prefCd=46&kikanCd=10506&kikanKbn=1", "url2": "https://mizumahp.company-guide.jp/", "内容": "水間病院【1:病院】【診療科目:内科_消化器内科_腎臓内科_婦人科_皮膚科_泌尿器科_リハビリテーション科】【一般病床数:0療養病床数:36精神病床数:0感染症病床数:0合計病床数:36】鹿児島県伊佐市菱刈前目２１２５" }, "geometry": { "type": "Point", "coordinates": [ 130.643696, 32.011028 ] } },
{ "type": "Feature", "properties": { "ID": 46110507, "正式名称": "県立姶良病院", "機関区分": 1, "都道府県コード": 46, "市区町村コード": 225, "所在地": "鹿児島県姶良市平松６０６７", "緯度": 31.710061, "経度": 130.611563, "url": "https://www.iryou.teikyouseido.mhlw.go.jp/znk-web/juminkanja/S2430/initialize?prefCd=46&kikanCd=10507&kikanKbn=1", "url2": "http://hospital.pref.kagoshima.jp/aira/", "内容": "県立姶良病院【1:病院】【診療科目:精神科_歯科】【一般病床数:0療養病床数:0精神病床数:334感染症病床数:0合計病床数:334】鹿児島県姶良市平松６０６７" }, "geometry": { "type": "Point", "coordinates": [ 130.611563, 31.710061 ] } },
{ "type": "Feature", "properties": { "ID": 46110508, "正式名称": "クオラリハビリテーション病院あいら", "機関区分": 1, "都道府県コード": 46, "市区町村コード": 225, "所在地": "鹿児島県姶良市西餠田２３００番地１", "緯度": 31.728922, "経度": 130.618738, "url": "https://www.iryou.teikyouseido.mhlw.go.jp/znk-web/juminkanja/S2430/initialize?prefCd=46&kikanCd=10508&kikanKbn=1", "url2": "https://www.qoler.jp/QRHaira/", "内容": "クオラリハビリテーション病院あいら【1:病院】【診療科目:内科_糖尿病・内分泌内科_循環器内科_整形外科_リウマチ科_リハビリテーション科_麻酔科】【一般病床数:48療養病床数:48精神病床数:0感染症病床数:0合計病床数:96】鹿児島県姶良市西餠田２３００番地１" }, "geometry": { "type": "Point", "coordinates": [ 130.618738, 31.728922 ] } },
{ "type": "Feature", "properties": { "ID": 46110510, "正式名称": "医療法人七徳会　大井病院", "機関区分": 1, "都道府県コード": 46, "市区町村コード": 225, "所在地": "鹿児島県姶良市加治木町本町１４１", "緯度": 31.736359, "経度": 130.666899, "url": "https://www.iryou.teikyouseido.mhlw.go.jp/znk-web/juminkanja/S2430/initialize?prefCd=46&kikanCd=10510&kikanKbn=1", "url2": "http://ooihp.jp/", "内容": "医療法人七徳会　大井病院【1:病院】【診療科目:内科_内分泌内科_糖尿病・内分泌内科_呼吸器内科_循環器内科_外科_脳神経外科_消化器外科_肛門外科_整形外科_泌尿器科_心療内科_リウマチ科_リハビリテーション科_放射線科_救急科_麻酔科】【一般病床数:119療養病床数:0精神病床数:0感染症病床数:0合計病床数:119】鹿児島県姶良市加治木町本町１４１" }, "geometry": { "type": "Point", "coordinates": [ 130.666899, 31.736359 ] } },
{ "type": "Feature", "properties": { "ID": 46110512, "正式名称": "加治木温泉病院", "機関区分": 1, "都道府県コード": 46, "市区町村コード": 225, "所在地": "鹿児島県姶良市加治木町木田４７１４", "緯度": 31.749698, "経度": 130.664027, "url": "https://www.iryou.teikyouseido.mhlw.go.jp/znk-web/juminkanja/S2430/initialize?prefCd=46&kikanCd=10512&kikanKbn=1", "url2": "https://www.kjko-hp.com", "内容": "加治木温泉病院【1:病院】【診療科目:内科_糖尿病内科_脳神経内科_循環器内科_消化器内科_腎臓内科_肝臓内科_外科_脳神経外科_消化器外科_整形外科_小児リハビリテーション科_頭頸部・耳鼻いんこう科_皮膚科_泌尿器科_心療内科_歯科_リハビリテーション科】【一般病床数:97療養病床数:133精神病床数:0感染症病床数:0合計病床数:230】鹿児島県姶良市加治木町木田４７１４" }, "geometry": { "type": "Point", "coordinates": [ 130.664027, 31.749698 ] } },
{ "type": "Feature", "properties": { "ID": 46110513, "正式名称": "加治木記念病院", "機関区分": 1, "都道府県コード": 46, "市区町村コード": 225, "所在地": "鹿児島県姶良市加治木町木田１２２７", "緯度": 31.730078, "経度": 130.648305, "url": "https://www.iryou.teikyouseido.mhlw.go.jp/znk-web/juminkanja/S2430/initialize?prefCd=46&kikanCd=10513&kikanKbn=1", "url2": "www.sekisaikai.jp/", "内容": "加治木記念病院【1:病院】【診療科目:内科_精神科】【一般病床数:0療養病床数:0精神病床数:193感染症病床数:0合計病床数:193】鹿児島県姶良市加治木町木田１２２７" }, "geometry": { "type": "Point", "coordinates": [ 130.648305, 31.730078 ] } },
{ "type": "Feature", "properties": { "ID": 46110514, "正式名称": "加治木整形外科病院", "機関区分": 1, "都道府県コード": 46, "市区町村コード": 225, "所在地": "鹿児島県姶良市加治木町港町１３１番地３０", "緯度": 31.733325, "経度": 130.665184, "url": "https://www.iryou.teikyouseido.mhlw.go.jp/znk-web/juminkanja/S2430/initialize?prefCd=46&kikanCd=10514&kikanKbn=1", "url2": "http://www.keiyoukaikajiki.or.jp/", "内容": "加治木整形外科病院【1:病院】【診療科目:内科_循環器内科_整形外科_リウマチ科_リハビリテーション科_麻酔科】【一般病床数:51療養病床数:0精神病床数:0感染症病床数:0合計病床数:51】鹿児島県姶良市加治木町港町１３１番地３０" }, "geometry": { "type": "Point", "coordinates": [ 130.665184, 31.733325 ] } },
{ "type": "Feature", "properties": { "ID": 46110515, "正式名称": "希望ケ丘病院", "機関区分": 1, "都道府県コード": 46, "市区町村コード": 225, "所在地": "鹿児島県姶良市平松５０６９番地", "緯度": 31.712114, "経度": 130.597347, "url": "https://www.iryou.teikyouseido.mhlw.go.jp/znk-web/juminkanja/S2430/initialize?prefCd=46&kikanCd=10515&kikanKbn=1", "url2": "https://www.daishin-kibou.com/hp", "内容": "希望ケ丘病院【1:病院】【診療科目:内科_循環器内科_消化器内科_小児科_眼科_心療内科_リハビリテーション科】【一般病床数:0療養病床数:90精神病床数:0感染症病床数:0合計病床数:90】鹿児島県姶良市平松５０６９番地" }, "geometry": { "type": "Point", "coordinates": [ 130.597347, 31.712114 ] } },
{ "type": "Feature", "properties": { "ID": 46110516, "正式名称": "医療法人協愛会協愛病院", "機関区分": 1, "都道府県コード": 46, "市区町村コード": 218, "所在地": "鹿児島県霧島市国分新町１－６－５２－６", "緯度": 31.750362, "経度": 130.761189, "url": "https://www.iryou.teikyouseido.mhlw.go.jp/znk-web/juminkanja/S2430/initialize?prefCd=46&kikanCd=10516&kikanKbn=1", "url2": "http://kyouai-hospital.jp/", "内容": "医療法人協愛会協愛病院【1:病院】【診療科目:内科_消化器内科_リハビリテーション科_麻酔科】【一般病床数:24療養病床数:56精神病床数:0感染症病床数:0合計病床数:80】鹿児島県霧島市国分新町１－６－５２－６" }, "geometry": { "type": "Point", "coordinates": [ 130.761189, 31.750362 ] } },
{ "type": "Feature", "properties": { "ID": 46110517, "正式名称": "霧島桜ヶ丘病院", "機関区分": 1, "都道府県コード": 46, "市区町村コード": 218, "所在地": "鹿児島県霧島市牧園町高千穂３６１７－９８", "緯度": 31.879175, "経度": 130.819004, "url": "https://www.iryou.teikyouseido.mhlw.go.jp/znk-web/juminkanja/S2430/initialize?prefCd=46&kikanCd=10517&kikanKbn=1", "url2": "http://www.toukeikai.jp/", "内容": "霧島桜ヶ丘病院【1:病院】【診療科目:内科_泌尿器科_精神科_神経科_リハビリテーション科】【一般病床数:0療養病床数:41精神病床数:90感染症病床数:0合計病床数:131】鹿児島県霧島市牧園町高千穂３６１７－９８" }, "geometry": { "type": "Point", "coordinates": [ 130.819004, 31.879175 ] } },
{ "type": "Feature", "properties": { "ID": 46110518, "正式名称": "霧島市立医師会医療センター", "機関区分": 1, "都道府県コード": 46, "市区町村コード": 218, "所在地": "鹿児島県霧島市隼人町松永３３２０番地", "緯度": 31.778223, "経度": 130.762032, "url": "https://www.iryou.teikyouseido.mhlw.go.jp/znk-web/juminkanja/S2430/initialize?prefCd=46&kikanCd=10518&kikanKbn=1", "url2": "https://kirishima-mc.jp", "内容": "霧島市立医師会医療センター【1:病院】【診療科目:内科_糖尿病・内分泌内科_呼吸器内科_循環器内科_消化器内科_緩和ケア内科_外科_脳神経外科_呼吸器外科_心臓血管外科_消化器外科_頭頸部外科_整形外科_小児科_小児外科_婦人科_耳鼻いんこう科_泌尿器科_リウマチ科_リハビリテーション科_放射線科_救急科_麻酔科】【一般病床数:250療養病床数:0精神病床数:0感染症病床数:4合計病床数:254】鹿児島県霧島市隼人町松永３３２０番地" }, "geometry": { "type": "Point", "coordinates": [ 130.762032, 31.778223 ] } },
{ "type": "Feature", "properties": { "ID": 46110519, "正式名称": "霧島杉安病院", "機関区分": 1, "都道府県コード": 46, "市区町村コード": 218, "所在地": "鹿児島県霧島市霧島田口２１４３番地", "緯度": 31.848528, "経度": 130.855604, "url": "https://www.iryou.teikyouseido.mhlw.go.jp/znk-web/juminkanja/S2430/initialize?prefCd=46&kikanCd=10519&kikanKbn=1", "url2": "http://www.kouseikai.info", "内容": "霧島杉安病院【1:病院】【診療科目:内科_循環器内科_消化器内科_外科_脳神経外科_整形外科_泌尿器科_リウマチ科_リハビリテーション科_放射線科】【一般病床数:35療養病床数:68精神病床数:0感染症病床数:0合計病床数:103】鹿児島県霧島市霧島田口２１４３番地" }, "geometry": { "type": "Point", "coordinates": [ 130.855604, 31.848528 ] } },
{ "type": "Feature", "properties": { "ID": 46110521, "正式名称": "あいらの森ホスピタル", "機関区分": 1, "都道府県コード": 46, "市区町村コード": 452, "所在地": "鹿児島県姶良郡湧水町北方１８５４", "緯度": 31.957998, "経度": 130.711705, "url": "https://www.iryou.teikyouseido.mhlw.go.jp/znk-web/juminkanja/S2430/initialize?prefCd=46&kikanCd=10521&kikanKbn=1", "url2": "http://airaforest.jp", "内容": "あいらの森ホスピタル【1:病院】【診療科目:内科_婦人科_精神科_神経科_老年精神科_リハビリテーション科】【一般病床数:0療養病床数:25精神病床数:165感染症病床数:0合計病床数:190】鹿児島県姶良郡湧水町北方１８５４" }, "geometry": { "type": "Point", "coordinates": [ 130.711705, 31.957998 ] } },
{ "type": "Feature", "properties": { "ID": 46110522, "正式名称": "国分生協病院", "機関区分": 1, "都道府県コード": 46, "市区町村コード": 218, "所在地": "鹿児島県霧島市国分中央３－３８－１４", "緯度": 31.739038, "経度": 130.762649, "url": "https://www.iryou.teikyouseido.mhlw.go.jp/znk-web/juminkanja/S2430/initialize?prefCd=46&kikanCd=10522&kikanKbn=1", "url2": "http://kokubu-seikyo.jp/", "内容": "国分生協病院【1:病院】【診療科目:内科_糖尿病・内分泌内科_呼吸器内科_循環器内科_消化器内科_腎臓内科_人工透析内科_外科_肛門外科_小児科_リハビリテーション科_救急科】【一般病床数:90療養病床数:39精神病床数:0感染症病床数:0合計病床数:129】鹿児島県霧島市国分中央３－３８－１４" }, "geometry": { "type": "Point", "coordinates": [ 130.762649, 31.739038 ] } },
{ "type": "Feature", "properties": { "ID": 46110523, "正式名称": "国分中央病院", "機関区分": 1, "都道府県コード": 46, "市区町村コード": 218, "所在地": "鹿児島県霧島市国分中央１－２５－７０", "緯度": 31.741824, "経度": 130.768678, "url": "https://www.iryou.teikyouseido.mhlw.go.jp/znk-web/juminkanja/S2430/initialize?prefCd=46&kikanCd=10523&kikanKbn=1", "url2": "http://www.misakikai.or.jp", "内容": "国分中央病院【1:病院】【診療科目:内科_呼吸器内科_循環器内科_消化器内科_外科_皮膚科_リハビリテーション科】【一般病床数:40療養病床数:86精神病床数:0感染症病床数:0合計病床数:126】鹿児島県霧島市国分中央１－２５－７０" }, "geometry": { "type": "Point", "coordinates": [ 130.768678, 31.741824 ] } },
{ "type": "Feature", "properties": { "ID": 46110524, "正式名称": "ザ王病院", "機関区分": 1, "都道府県コード": 46, "市区町村コード": 225, "所在地": "鹿児島県姶良市加治木町反土２１５１－１", "緯度": 31.746393, "経度": 130.665594, "url": "https://www.iryou.teikyouseido.mhlw.go.jp/znk-web/juminkanja/S2430/initialize?prefCd=46&kikanCd=10524&kikanKbn=1", "url2": "http://zaouhp.jp/", "内容": "ザ王病院【1:病院】【診療科目:内科_外科_整形外科_皮膚科_泌尿器科_リウマチ科_リハビリテーション科】【一般病床数:0療養病床数:86精神病床数:0感染症病床数:0合計病床数:86】鹿児島県姶良市加治木町反土２１５１－１" }, "geometry": { "type": "Point", "coordinates": [ 130.665594, 31.746393 ] } },
{ "type": "Feature", "properties": { "ID": 46110525, "正式名称": "青雲会病院", "機関区分": 1, "都道府県コード": 46, "市区町村コード": 225, "所在地": "鹿児島県姶良市西餅田３０１１", "緯度": 31.721282, "経度": 130.612911, "url": "https://www.iryou.teikyouseido.mhlw.go.jp/znk-web/juminkanja/S2430/initialize?prefCd=46&kikanCd=10525&kikanKbn=1", "url2": "http://www.seiunkaibyouin.jp/", "内容": "青雲会病院【1:病院】【診療科目:内科_糖尿病・内分泌内科_呼吸器内科_循環器内科_消化器内科_胃腸内科_内視鏡内科_外科_脳神経外科_消化器外科_胃腸外科_大腸外科_胆のう外科_乳腺外科_肛門外科_腫瘍外科_腹部外科_内視鏡外科_整形外科_形成外科_眼科_皮膚科_泌尿器科_歯科口腔外科_リハビリテーション科_放射線科】【一般病床数:136療養病床数:0精神病床数:0感染症病床数:0合計病床数:136】鹿児島県姶良市西餅田３０１１" }, "geometry": { "type": "Point", "coordinates": [ 130.612911, 31.721282 ] } },
{ "type": "Feature", "properties": { "ID": 46110527, "正式名称": "ハートフル隼人病院", "機関区分": 1, "都道府県コード": 46, "市区町村コード": 218, "所在地": "鹿児島県霧島市隼人町住吉１００番地", "緯度": 31.722647, "経度": 130.745275, "url": "https://www.iryou.teikyouseido.mhlw.go.jp/znk-web/juminkanja/S2430/initialize?prefCd=46&kikanCd=10527&kikanKbn=1", "url2": "heartful-hayato.com", "内容": "ハートフル隼人病院【1:病院】【診療科目:内科_精神科_心療内科】【一般病床数:0療養病床数:0精神病床数:140感染症病床数:0合計病床数:140】鹿児島県霧島市隼人町住吉１００番地" }, "geometry": { "type": "Point", "coordinates": [ 130.745275, 31.722647 ] } },
{ "type": "Feature", "properties": { "ID": 46110528, "正式名称": "隼人温泉病院", "機関区分": 1, "都道府県コード": 46, "市区町村コード": 218, "所在地": "鹿児島県霧島市隼人町姫城１－２６４－２", "緯度": 31.766238, "経度": 130.756569, "url": "https://www.iryou.teikyouseido.mhlw.go.jp/znk-web/juminkanja/S2430/initialize?prefCd=46&kikanCd=10528&kikanKbn=1", "url2": "https://hayato-onsen.jp/", "内容": "隼人温泉病院【1:病院】【診療科目:内科_脳神経内科_循環器内科_外科_心療内科_リハビリテーション科】【一般病床数:24療養病床数:101精神病床数:0感染症病床数:0合計病床数:125】鹿児島県霧島市隼人町姫城１－２６４－２" }, "geometry": { "type": "Point", "coordinates": [ 130.756569, 31.766238 ] } },
{ "type": "Feature", "properties": { "ID": 46110529, "正式名称": "隼人小田原病院", "機関区分": 1, "都道府県コード": 46, "市区町村コード": 218, "所在地": "鹿児島県霧島市隼人町小田２４０番地", "緯度": 31.736653, "経度": 130.725777, "url": "https://www.iryou.teikyouseido.mhlw.go.jp/znk-web/juminkanja/S2430/initialize?prefCd=46&kikanCd=10529&kikanKbn=1", "url2": "https://hayato.shouaikai.com/", "内容": "隼人小田原病院【1:病院】【診療科目:内科_消化器内科_外科_肛門外科_リハビリテーション科】【一般病床数:55療養病床数:0精神病床数:0感染症病床数:0合計病床数:55】鹿児島県霧島市隼人町小田２４０番地" }, "geometry": { "type": "Point", "coordinates": [ 130.725777, 31.736653 ] } },
{ "type": "Feature", "properties": { "ID": 46110530, "正式名称": "フィオーレ第一病院", "機関区分": 1, "都道府県コード": 46, "市区町村コード": 225, "所在地": "鹿児島県姶良市加治木町本町３０７－１", "緯度": 31.738666, "経度": 130.662972, "url": "https://www.iryou.teikyouseido.mhlw.go.jp/znk-web/juminkanja/S2430/initialize?prefCd=46&kikanCd=10530&kikanKbn=1", "url2": "https://fiore.sekisaikai.jp/", "内容": "フィオーレ第一病院【1:病院】【診療科目:産科_婦人科】【一般病床数:26療養病床数:0精神病床数:0感染症病床数:0合計病床数:26】鹿児島県姶良市加治木町本町３０７－１" }, "geometry": { "type": "Point", "coordinates": [ 130.662972, 31.738666 ] } },
{ "type": "Feature", "properties": { "ID": 46110531, "正式名称": "医療法人仁心会　福山病院", "機関区分": 1, "都道府県コード": 46, "市区町村コード": 218, "所在地": "鹿児島県霧島市福山町福山７７１", "緯度": 31.655263, "経度": 130.824895, "url": "https://www.iryou.teikyouseido.mhlw.go.jp/znk-web/juminkanja/S2430/initialize?prefCd=46&kikanCd=10531&kikanKbn=1", "url2": "http://www.minc.ne.jp/~fuku-hosp/", "内容": "医療法人仁心会　福山病院【1:病院】【診療科目:内科_神経内科_皮膚科_精神科_心療内科_リハビリテーション科】【一般病床数:0療養病床数:0精神病床数:290感染症病床数:0合計病床数:290】鹿児島県霧島市福山町福山７７１" }, "geometry": { "type": "Point", "coordinates": [ 130.824895, 31.655263 ] } },
{ "type": "Feature", "properties": { "ID": 46110532, "正式名称": "医療法人仁心会松下病院", "機関区分": 1, "都道府県コード": 46, "市区町村コード": 218, "所在地": "鹿児島県霧島市隼人町真孝９９８", "緯度": 31.730327, "経度": 130.732238, "url": "https://www.iryou.teikyouseido.mhlw.go.jp/znk-web/juminkanja/S2430/initialize?prefCd=46&kikanCd=10532&kikanKbn=1", "url2": "http://matushitahp.org/", "内容": "医療法人仁心会松下病院【1:病院】【診療科目:内科_精神科_心療内科_老年精神科_リハビリテーション科】【一般病床数:0療養病床数:44精神病床数:232感染症病床数:0合計病床数:276】鹿児島県霧島市隼人町真孝９９８" }, "geometry": { "type": "Point", "coordinates": [ 130.732238, 31.730327 ] } },
{ "type": "Feature", "properties": { "ID": 46110533, "正式名称": "独立行政法人国立病院機構南九州病院", "機関区分": 1, "都道府県コード": 46, "市区町村コード": 225, "所在地": "鹿児島県姶良市加治木町木田１８８２", "緯度": 31.730722, "経度": 130.643815, "url": "https://www.iryou.teikyouseido.mhlw.go.jp/znk-web/juminkanja/S2430/initialize?prefCd=46&kikanCd=10533&kikanKbn=1", "url2": "https://minamikyusyu.hosp.go.jp/", "内容": "独立行政法人国立病院機構南九州病院【1:病院】【診療科目:内科_糖尿病内科_脳神経内科_呼吸器内科_循環器内科_消化器内科_緩和ケア内科_外科_呼吸器外科_整形外科_小児科_アレルギー科_リハビリテーション科_放射線科_麻酔科】【一般病床数:425療養病床数:0精神病床数:0感染症病床数:0合計病床数:425】鹿児島県姶良市加治木町木田１８８２" }, "geometry": { "type": "Point", "coordinates": [ 130.643815, 31.730722 ] } },
{ "type": "Feature", "properties": { "ID": 46110534, "正式名称": "霧島記念病院", "機関区分": 1, "都道府県コード": 46, "市区町村コード": 218, "所在地": "鹿児島県霧島市国分福島１丁目５番１９号", "緯度": 31.728316, "経度": 130.753318, "url": "https://www.iryou.teikyouseido.mhlw.go.jp/znk-web/juminkanja/S2430/initialize?prefCd=46&kikanCd=10534&kikanKbn=1", "url2": "http://kirishima-memorial.jp/", "内容": "霧島記念病院【1:病院】【診療科目:内科_循環器内科_外科_脳神経外科_血管外科_整形外科_リハビリテーション科_救急科】【一般病床数:75療養病床数:93精神病床数:0感染症病床数:0合計病床数:168】鹿児島県霧島市国分福島１丁目５番１９号" }, "geometry": { "type": "Point", "coordinates": [ 130.753318, 31.728316 ] } },
{ "type": "Feature", "properties": { "ID": 46110603, "正式名称": "大山病院", "機関区分": 1, "都道府県コード": 46, "市区町村コード": 221, "所在地": "鹿児島県志布志市志布志町夏井１２１２番地１", "緯度": 31.471459, "経度": 131.127239, "url": "https://www.iryou.teikyouseido.mhlw.go.jp/znk-web/juminkanja/S2430/initialize?prefCd=46&kikanCd=10603&kikanKbn=1", "url2": "https://hosenkai.or.jp", "内容": "大山病院【1:病院】【診療科目:内科_脳神経内科_皮膚科_リハビリテーション科_放射線科】【一般病床数:60療養病床数:40精神病床数:0感染症病床数:0合計病床数:100】鹿児島県志布志市志布志町夏井１２１２番地１" }, "geometry": { "type": "Point", "coordinates": [ 131.127239, 31.471459 ] } },
{ "type": "Feature", "properties": { "ID": 46110604, "正式名称": "医療法人愛誠会　昭南病院", "機関区分": 1, "都道府県コード": 46, "市区町村コード": 217, "所在地": "鹿児島県曽於市大隅町下窪町１番地", "緯度": 31.583365, "経度": 131.000963, "url": "https://www.iryou.teikyouseido.mhlw.go.jp/znk-web/juminkanja/S2430/initialize?prefCd=46&kikanCd=10604&kikanKbn=1", "url2": "http://www.aisei-kai.com/", "内容": "医療法人愛誠会　昭南病院【1:病院】【診療科目:内科_循環器内科_消化器内科_神経内科_外科_脳神経外科_呼吸器外科_整形外科_眼科_泌尿器科_リハビリテーション科_放射線科_麻酔科】【一般病床数:103療養病床数:51精神病床数:0感染症病床数:0合計病床数:154】鹿児島県曽於市大隅町下窪町１番地" }, "geometry": { "type": "Point", "coordinates": [ 131.000963, 31.583365 ] } },
{ "type": "Feature", "properties": { "ID": 46110605, "正式名称": "曽於医師会立病院", "機関区分": 1, "都道府県コード": 46, "市区町村コード": 217, "所在地": "鹿児島県曽於市大隅町月野８９４番地", "緯度": 31.570204, "経度": 131.033838, "url": "https://www.iryou.teikyouseido.mhlw.go.jp/znk-web/juminkanja/S2430/initialize?prefCd=46&kikanCd=10605&kikanKbn=1", "url2": "https://soo-hp.com/", "内容": "曽於医師会立病院【1:病院】【診療科目:内科_外科_脳神経外科_整形外科_小児科_婦人科_眼科_皮膚科_泌尿器科_リハビリテーション科_放射線科_麻酔科】【一般病床数:137療養病床数:0精神病床数:0感染症病床数:2合計病床数:139】鹿児島県曽於市大隅町月野８９４番地" }, "geometry": { "type": "Point", "coordinates": [ 131.033838, 31.570204 ] } },
{ "type": "Feature", "properties": { "ID": 46110606, "正式名称": "高原病院", "機関区分": 1, "都道府県コード": 46, "市区町村コード": 217, "所在地": "鹿児島県曽於市末吉町栄町", "緯度": 31.656482, "経度": 131.018171, "url": "https://www.iryou.teikyouseido.mhlw.go.jp/znk-web/juminkanja/S2430/initialize?prefCd=46&kikanCd=10606&kikanKbn=1", "url2": "http://www.takahara-net.or.jp", "内容": "高原病院【1:病院】【診療科目:内科_脂質代謝内科_糖尿病・内分泌内科_循環器内科_消化器内科_胃腸内科_腎臓内科_人工透析内科_内視鏡内科_外科_消化器外科_整形外科_リハビリテーション科_放射線科】【一般病床数:19療養病床数:46精神病床数:0感染症病床数:0合計病床数:65】鹿児島県曽於市末吉町栄町" }, "geometry": { "type": "Point", "coordinates": [ 131.018171, 31.656482 ] } },
{ "type": "Feature", "properties": { "ID": 46110607, "正式名称": "財部記念病院", "機関区分": 1, "都道府県コード": 46, "市区町村コード": 217, "所在地": "鹿児島県曽於市財部町南俣３６１９－１", "緯度": 31.704145, "経度": 130.961944, "url": "https://www.iryou.teikyouseido.mhlw.go.jp/znk-web/juminkanja/S2430/initialize?prefCd=46&kikanCd=10607&kikanKbn=1", "url2": null, "内容": "財部記念病院【1:病院】【診療科目:内科_循環器内科_胃腸内科_人工透析内科_脳神経外科_泌尿器科_リハビリテーション科】【一般病床数:0療養病床数:43精神病床数:0感染症病床数:0合計病床数:43】鹿児島県曽於市財部町南俣３６１９－１" }, "geometry": { "type": "Point", "coordinates": [ 130.961944, 31.704145 ] } },
{ "type": "Feature", "properties": { "ID": 46110608, "正式名称": "財部中央医院", "機関区分": 1, "都道府県コード": 46, "市区町村コード": 217, "所在地": "鹿児島県曽於市財部町南俣１１２７３－３", "緯度": 31.726182, "経度": 130.992715, "url": "https://www.iryou.teikyouseido.mhlw.go.jp/znk-web/juminkanja/S2430/initialize?prefCd=46&kikanCd=10608&kikanKbn=1", "url2": null, "内容": "財部中央医院【1:病院】【診療科目:内科_胃腸内科_リハビリテーション科_放射線科】【一般病床数:0療養病床数:19精神病床数:0感染症病床数:0合計病床数:19】鹿児島県曽於市財部町南俣１１２７３－３" }, "geometry": { "type": "Point", "coordinates": [ 130.992715, 31.726182 ] } },
{ "type": "Feature", "properties": { "ID": 46110610, "正式名称": "中島病院", "機関区分": 1, "都道府県コード": 46, "市区町村コード": 217, "所在地": "鹿児島県曽於市末吉町栄町１－６－６", "緯度": 31.654529, "経度": 131.018818, "url": "https://www.iryou.teikyouseido.mhlw.go.jp/znk-web/juminkanja/S2430/initialize?prefCd=46&kikanCd=10610&kikanKbn=1", "url2": "http://www.nakashima-h.or.jp", "内容": "中島病院【1:病院】【診療科目:内科_産婦人科_精神科_心療内科】【一般病床数:0療養病床数:51精神病床数:0感染症病床数:0合計病床数:51】鹿児島県曽於市末吉町栄町１－６－６" }, "geometry": { "type": "Point", "coordinates": [ 131.018818, 31.654529 ] } },
{ "type": "Feature", "properties": { "ID": 46110611, "正式名称": "病院芳春苑", "機関区分": 1, "都道府県コード": 46, "市区町村コード": 221, "所在地": "鹿児島県志布志市志布志町安楽", "緯度": 31.504068, "経度": 131.08818, "url": "https://www.iryou.teikyouseido.mhlw.go.jp/znk-web/juminkanja/S2430/initialize?prefCd=46&kikanCd=10611&kikanKbn=1", "url2": "http://www.sayuukai.or.jp", "内容": "病院芳春苑【1:病院】【診療科目:内科_精神科】【一般病床数:0療養病床数:0精神病床数:124感染症病床数:0合計病床数:0】鹿児島県志布志市志布志町安楽" }, "geometry": { "type": "Point", "coordinates": [ 131.08818, 31.504068 ] } },
{ "type": "Feature", "properties": { "ID": 46110612, "正式名称": "池田病院", "機関区分": 1, "都道府県コード": 46, "市区町村コード": 203, "所在地": "鹿児島県鹿屋市下祓川町", "緯度": 31.413186, "経度": 130.851004, "url": "https://www.iryou.teikyouseido.mhlw.go.jp/znk-web/juminkanja/S2430/initialize?prefCd=46&kikanCd=10612&kikanKbn=1", "url2": "http://www.ikeda-hp.com", "内容": "池田病院【1:病院】【診療科目:内科_血液内科_糖尿病内科_脳神経内科_呼吸器内科_循環器内科_消化器内科_腎臓内科_人工透析内科_肝臓内科_外科_脳神経外科_脳外科_呼吸器外科_心臓血管外科_消化器外科_乳腺外科_整形外科_歯科_リハビリテーション科_放射線科_救急科_麻酔科】【一般病床数:91療養病床数:98精神病床数:0感染症病床数:0合計病床数:189】鹿児島県鹿屋市下祓川町" }, "geometry": { "type": "Point", "coordinates": [ 130.851004, 31.413186 ] } },
{ "type": "Feature", "properties": { "ID": 46110613, "正式名称": "井ノ上病院", "機関区分": 1, "都道府県コード": 46, "市区町村コード": 203, "所在地": "鹿児島県鹿屋市王子町３９８０番地１", "緯度": 31.401707, "経度": 130.862912, "url": "https://www.iryou.teikyouseido.mhlw.go.jp/znk-web/juminkanja/S2430/initialize?prefCd=46&kikanCd=10613&kikanKbn=1", "url2": "https://inouehosp.org/", "内容": "井ノ上病院【1:病院】【診療科目:内科_循環器内科_消化器内科_外科_整形外科_婦人科_リハビリテーション科】【一般病床数:0療養病床数:40精神病床数:0感染症病床数:0合計病床数:40】鹿児島県鹿屋市王子町３９８０番地１" }, "geometry": { "type": "Point", "coordinates": [ 130.862912, 31.401707 ] } },
{ "type": "Feature", "properties": { "ID": 46110615, "正式名称": "公益社団法人いちょうの樹　メンタルホスピタル鹿屋", "機関区分": 1, "都道府県コード": 46, "市区町村コード": 203, "所在地": "鹿児島県鹿屋市田崎町１０４３番地１", "緯度": 31.367068, "経度": 130.870965, "url": "https://www.iryou.teikyouseido.mhlw.go.jp/znk-web/juminkanja/S2430/initialize?prefCd=46&kikanCd=10615&kikanKbn=1", "url2": "https://mhkanoya.jp", "内容": "公益社団法人いちょうの樹　メンタルホスピタル鹿屋【1:病院】【診療科目:精神科_神経科】【一般病床数:0療養病床数:0精神病床数:230感染症病床数:0合計病床数:230】鹿児島県鹿屋市田崎町１０４３番地１" }, "geometry": { "type": "Point", "coordinates": [ 130.870965, 31.367068 ] } },
{ "type": "Feature", "properties": { "ID": 46110616, "正式名称": "医療法人徳洲会大隅鹿屋病院", "機関区分": 1, "都道府県コード": 46, "市区町村コード": 203, "所在地": "鹿児島県鹿屋市新川町６０８１番地１", "緯度": 31.377345, "経度": 130.860946, "url": "https://www.iryou.teikyouseido.mhlw.go.jp/znk-web/juminkanja/S2430/initialize?prefCd=46&kikanCd=10616&kikanKbn=1", "url2": "http://www.kanoya-aishinkai.com/", "内容": "医療法人徳洲会大隅鹿屋病院【1:病院】【診療科目:内科_呼吸器内科_循環器内科_消化器内科_ペインクリニック内科_外科_脳神経外科_呼吸器外科_心臓血管外科_消化器外科_整形外科_形成外科_耳鼻いんこう科_歯科口腔外科_リハビリテーション科_放射線科_救急科_麻酔科】【一般病床数:391療養病床数:0精神病床数:0感染症病床数:0合計病床数:391】鹿児島県鹿屋市新川町６０８１番地１" }, "geometry": { "type": "Point", "coordinates": [ 130.860946, 31.377345 ] } },
{ "type": "Feature", "properties": { "ID": 46110618, "正式名称": "恒心会おぐら病院", "機関区分": 1, "都道府県コード": 46, "市区町村コード": 203, "所在地": "鹿児島県鹿屋市笠之原町２７番２２号", "緯度": 31.386798, "経度": 130.881966, "url": "https://www.iryou.teikyouseido.mhlw.go.jp/znk-web/juminkanja/S2430/initialize?prefCd=46&kikanCd=10618&kikanKbn=1", "url2": "https://www.koshinkai.or.jp", "内容": "恒心会おぐら病院【1:病院】【診療科目:内科_血液内科_脳神経内科_呼吸器内科_循環器内科_肝臓内科_外科_脳神経外科_呼吸器外科_消化器・移植外科_胃腸外科_大腸・肛門外科_整形外科_形成外科_婦人科_心療内科_リウマチ科_リハビリテーション科】【一般病床数:116療養病床数:100精神病床数:0感染症病床数:0合計病床数:216】鹿児島県鹿屋市笠之原町２７番２２号" }, "geometry": { "type": "Point", "coordinates": [ 130.881966, 31.386798 ] } },
{ "type": "Feature", "properties": { "ID": 46110620, "正式名称": "鹿屋ひ尿器科", "機関区分": 1, "都道府県コード": 46, "市区町村コード": 203, "所在地": "鹿児島県鹿屋市新川町１３２－４", "緯度": 31.379248, "経度": 130.874059, "url": "https://www.iryou.teikyouseido.mhlw.go.jp/znk-web/juminkanja/S2430/initialize?prefCd=46&kikanCd=10620&kikanKbn=1", "url2": null, "内容": "鹿屋ひ尿器科【1:病院】【診療科目:泌尿器科】【一般病床数:20療養病床数:0精神病床数:0感染症病床数:0合計病床数:20】鹿児島県鹿屋市新川町１３２－４" }, "geometry": { "type": "Point", "coordinates": [ 130.874059, 31.379248 ] } },
{ "type": "Feature", "properties": { "ID": 46110621, "正式名称": "公益社団法人肝属郡医師会立病院", "機関区分": 1, "都道府県コード": 46, "市区町村コード": 490, "所在地": "鹿児島県肝属郡錦江町神川１３５番地３", "緯度": 31.260317, "経度": 130.790092, "url": "https://www.iryou.teikyouseido.mhlw.go.jp/znk-web/juminkanja/S2430/initialize?prefCd=46&kikanCd=10621&kikanKbn=1", "url2": "http://www.kimotsuki-cdh.jp/", "内容": "公益社団法人肝属郡医師会立病院【1:病院】【診療科目:内科_血液内科_糖尿病内科_脳神経内科_呼吸器内科_循環器内科_消化器内科_肝臓内科_外科_整形外科_眼科_泌尿器科_リハビリテーション科】【一般病床数:114療養病床数:36精神病床数:0感染症病床数:0合計病床数:150】鹿児島県肝属郡錦江町神川１３５番地３" }, "geometry": { "type": "Point", "coordinates": [ 130.790092, 31.260317 ] } },
{ "type": "Feature", "properties": { "ID": 46110622, "正式名称": "肝付町立病院", "機関区分": 1, "都道府県コード": 46, "市区町村コード": 492, "所在地": "鹿児島県肝属郡肝付町北方１９５３番地", "緯度": 31.282652, "経度": 131.073487, "url": "https://www.iryou.teikyouseido.mhlw.go.jp/znk-web/juminkanja/S2430/initialize?prefCd=46&kikanCd=10622&kikanKbn=1", "url2": "http://kimotsuki-town.jp/hospital/", "内容": "肝付町立病院【1:病院】【診療科目:内科_外科_整形外科_眼科】【一般病床数:40療養病床数:0精神病床数:0感染症病床数:0合計病床数:40】鹿児島県肝属郡肝付町北方１９５３番地" }, "geometry": { "type": "Point", "coordinates": [ 131.073487, 31.282652 ] } },
{ "type": "Feature", "properties": { "ID": 46110623, "正式名称": "検見崎クリニック", "機関区分": 1, "都道府県コード": 46, "市区町村コード": 203, "所在地": "鹿児島県鹿屋市西原１－２－１", "緯度": 31.387977, "経度": 130.845633, "url": "https://www.iryou.teikyouseido.mhlw.go.jp/znk-web/juminkanja/S2430/initialize?prefCd=46&kikanCd=10623&kikanKbn=1", "url2": "http://www.myclinic.ne.jp/kenmizaki/pc/clinic", "内容": "検見崎クリニック【1:病院】【診療科目:内科_消化器内科_外科_乳腺外科_肛門外科】【一般病床数:19療養病床数:0精神病床数:0感染症病床数:0合計病床数:19】鹿児島県鹿屋市西原１－２－１" }, "geometry": { "type": "Point", "coordinates": [ 130.845633, 31.387977 ] } },
{ "type": "Feature", "properties": { "ID": 46110626, "正式名称": "桜ヶ丘病院", "機関区分": 1, "都道府県コード": 46, "市区町村コード": 203, "所在地": "鹿児島県鹿屋市西原４丁目１５番５号", "緯度": 31.378858, "経度": 130.828396, "url": "https://www.iryou.teikyouseido.mhlw.go.jp/znk-web/juminkanja/S2430/initialize?prefCd=46&kikanCd=10626&kikanKbn=1", "url2": "https://sakuragaokahp.or.jp/", "内容": "桜ヶ丘病院【1:病院】【診療科目:精神科】【一般病床数:0療養病床数:11精神病床数:104感染症病床数:0合計病床数:115】鹿児島県鹿屋市西原４丁目１５番５号" }, "geometry": { "type": "Point", "coordinates": [ 130.828396, 31.378858 ] } },
{ "type": "Feature", "properties": { "ID": 46110628, "正式名称": "春陽会中央病院", "機関区分": 1, "都道府県コード": 46, "市区町村コード": 492, "所在地": "鹿児島県肝属郡肝付町新富４８５", "緯度": 31.351575, "経度": 130.94745, "url": "https://www.iryou.teikyouseido.mhlw.go.jp/znk-web/juminkanja/S2430/initialize?prefCd=46&kikanCd=10628&kikanKbn=1", "url2": "http://www.synapse.ne.jp/shunyoukai/index.htm", "内容": "春陽会中央病院【1:病院】【診療科目:内科_循環器内科_消化器内科_外科_整形外科_皮膚科_リハビリテーション科_麻酔科】【一般病床数:100療養病床数:0精神病床数:0感染症病床数:0合計病床数:100】鹿児島県肝属郡肝付町新富４８５" }, "geometry": { "type": "Point", "coordinates": [ 130.94745, 31.351575 ] } },
{ "type": "Feature", "properties": { "ID": 46110630, "正式名称": "垂水市立医療センター垂水中央病院", "機関区分": 1, "都道府県コード": 46, "市区町村コード": 214, "所在地": "鹿児島県垂水市錦江町１ー１４０", "緯度": 31.49057, "経度": 130.694207, "url": "https://www.iryou.teikyouseido.mhlw.go.jp/znk-web/juminkanja/S2430/initialize?prefCd=46&kikanCd=10630&kikanKbn=1", "url2": "http://tarumizumh.jp", "内容": "垂水市立医療センター垂水中央病院【1:病院】【診療科目:内科_血液内科_糖尿病・内分泌内科_脳神経内科_呼吸器内科_循環器内科_消化器内科_外科_整形外科_眼科_耳鼻いんこう科_泌尿器科_リハビリテーション科_放射線科】【一般病床数:91療養病床数:35精神病床数:0感染症病床数:0合計病床数:126】鹿児島県垂水市錦江町１ー１４０" }, "geometry": { "type": "Point", "coordinates": [ 130.694207, 31.49057 ] } },
{ "type": "Feature", "properties": { "ID": 46110632, "正式名称": "徳田脳神経外科病院", "機関区分": 1, "都道府県コード": 46, "市区町村コード": 203, "所在地": "鹿児島県鹿屋市打馬１１２４８番地１", "緯度": 31.395368, "経度": 130.846191, "url": "https://www.iryou.teikyouseido.mhlw.go.jp/znk-web/juminkanja/S2430/initialize?prefCd=46&kikanCd=10632&kikanKbn=1", "url2": "https://tokuda-hp.com", "内容": "徳田脳神経外科病院【1:病院】【診療科目:内科_神経内科_脳神経外科_皮膚科_リハビリテーション科_麻酔科】【一般病床数:30療養病床数:40精神病床数:0感染症病床数:0合計病床数:70】鹿児島県鹿屋市打馬１１２４８番地１" }, "geometry": { "type": "Point", "coordinates": [ 130.846191, 31.395368 ] } },
{ "type": "Feature", "properties": { "ID": 46110633, "正式名称": "医療法人仁心会　西原保養院", "機関区分": 1, "都道府県コード": 46, "市区町村コード": 203, "所在地": "鹿児島県鹿屋市西原二丁目２９番２２号", "緯度": 31.387977, "経度": 130.830942, "url": "https://www.iryou.teikyouseido.mhlw.go.jp/znk-web/juminkanja/S2430/initialize?prefCd=46&kikanCd=10633&kikanKbn=1", "url2": "http://www5.synapse.ne.jp/hoyouin/", "内容": "医療法人仁心会　西原保養院【1:病院】【診療科目:内科_精神科_神経科_心療内科】【一般病床数:0療養病床数:0精神病床数:150感染症病床数:0合計病床数:150】鹿児島県鹿屋市西原二丁目２９番２２号" }, "geometry": { "type": "Point", "coordinates": [ 130.830942, 31.387977 ] } },
{ "type": "Feature", "properties": { "ID": 46110635, "正式名称": "平和台病院", "機関区分": 1, "都道府県コード": 46, "市区町村コード": 203, "所在地": "鹿児島県鹿屋市寿４丁目１－４３", "緯度": 31.389072, "経度": 130.873642, "url": "https://www.iryou.teikyouseido.mhlw.go.jp/znk-web/juminkanja/S2430/initialize?prefCd=46&kikanCd=10635&kikanKbn=1", "url2": "wakeikai-g.or.jp", "内容": "平和台病院【1:病院】【診療科目:神経内科_精神科】【一般病床数:0療養病床数:0精神病床数:124感染症病床数:0合計病床数:124】鹿児島県鹿屋市寿４丁目１－４３" }, "geometry": { "type": "Point", "coordinates": [ 130.873642, 31.389072 ] } },
{ "type": "Feature", "properties": { "ID": 46110636, "正式名称": "国立療養所星塚敬愛園", "機関区分": 1, "都道府県コード": 46, "市区町村コード": 203, "所在地": "鹿児島県鹿屋市星塚町４２０４", "緯度": 31.341888, "経度": 130.859481, "url": "https://www.iryou.teikyouseido.mhlw.go.jp/znk-web/juminkanja/S2430/initialize?prefCd=46&kikanCd=10636&kikanKbn=1", "url2": "https://www.mhlw.go.jp/seisakunitsuite/bunya/kenkou_iryou/iryou/hansen/keiaien/", "内容": "国立療養所星塚敬愛園【1:病院】【診療科目:内科_外科_整形外科_眼科_耳鼻いんこう科_皮膚科_歯科】【一般病床数:540療養病床数:0精神病床数:0感染症病床数:0合計病床数:540】鹿児島県鹿屋市星塚町４２０４" }, "geometry": { "type": "Point", "coordinates": [ 130.859481, 31.341888 ] } },
{ "type": "Feature", "properties": { "ID": 46110637, "正式名称": "かのや東病院", "機関区分": 1, "都道府県コード": 46, "市区町村コード": 203, "所在地": "鹿児島県鹿屋市笠之原２９２３－１", "緯度": 31.395334, "経度": 130.88088, "url": "https://www.iryou.teikyouseido.mhlw.go.jp/znk-web/juminkanja/S2430/initialize?prefCd=46&kikanCd=10637&kikanKbn=1", "url2": "http://www.kanoya-h-hosp.jp", "内容": "かのや東病院【1:病院】【診療科目:内科_血液内科_循環器内科_消化器内科_外科_消化器外科_整形外科_形成外科_リハビリテーション科】【一般病床数:20療養病床数:0精神病床数:0感染症病床数:0合計病床数:0】鹿児島県鹿屋市笠之原２９２３－１" }, "geometry": { "type": "Point", "coordinates": [ 130.88088, 31.395334 ] } },
{ "type": "Feature", "properties": { "ID": 46110701, "正式名称": "せいざん病院", "機関区分": 1, "都道府県コード": 46, "市区町村コード": 213, "所在地": "鹿児島県西之表市住吉３３６３番地２", "緯度": 30.674054, "経度": 130.947289, "url": "https://www.iryou.teikyouseido.mhlw.go.jp/znk-web/juminkanja/S2430/initialize?prefCd=46&kikanCd=10701&kikanKbn=1", "url2": "http://seizan-hospital.jp/", "内容": "せいざん病院【1:病院】【診療科目:内科_精神科_心療内科】【一般病床数:0療養病床数:0精神病床数:130感染症病床数:0合計病床数:130】鹿児島県西之表市住吉３３６３番地２" }, "geometry": { "type": "Point", "coordinates": [ 130.947289, 30.674054 ] } },
{ "type": "Feature", "properties": { "ID": 46110702, "正式名称": "公立種子島病院", "機関区分": 1, "都道府県コード": 46, "市区町村コード": 502, "所在地": "鹿児島県熊毛郡南種子町中之上１７００番地２２", "緯度": 30.43747, "経度": 130.914216, "url": "https://www.iryou.teikyouseido.mhlw.go.jp/znk-web/juminkanja/S2430/initialize?prefCd=46&kikanCd=10702&kikanKbn=1", "url2": "http://minamitane.xsrv.jp/", "内容": "公立種子島病院【1:病院】【診療科目:内科_外科_脳神経外科_整形外科_小児科_眼科_耳鼻いんこう科_リハビリテーション科_麻酔科】【一般病床数:60療養病床数:0精神病床数:0感染症病床数:2合計病床数:62】鹿児島県熊毛郡南種子町中之上１７００番地２２" }, "geometry": { "type": "Point", "coordinates": [ 130.914216, 30.43747 ] } },
{ "type": "Feature", "properties": { "ID": 46110704, "正式名称": "社会医療法人義順顕彰会　種子島医療センター", "機関区分": 1, "都道府県コード": 46, "市区町村コード": 213, "所在地": "鹿児島県西之表市西之表７４６３", "緯度": 30.736123, "経度": 130.999277, "url": "https://www.iryou.teikyouseido.mhlw.go.jp/znk-web/juminkanja/S2430/initialize?prefCd=46&kikanCd=10704&kikanKbn=1", "url2": "http://www.tanegashima-mc.jp", "内容": "社会医療法人義順顕彰会　種子島医療センター【1:病院】【診療科目:内科_血液内科_糖尿病・内分泌内科_呼吸器内科_循環器内科_消化器内科_腎臓内科_神経内科_外科_脳神経外科_消化器外科_整形外科_小児科_眼科_耳鼻いんこう科_皮膚科_泌尿器科_心療内科_リウマチ科_リハビリテーション科_放射線科_救急科_麻酔科】【一般病床数:186療養病床数:0精神病床数:0感染症病床数:2合計病床数:188】鹿児島県西之表市西之表７４６３" }, "geometry": { "type": "Point", "coordinates": [ 130.999277, 30.736123 ] } },
{ "type": "Feature", "properties": { "ID": 46110705, "正式名称": "医療法人徳洲会屋久島徳洲会病院", "機関区分": 1, "都道府県コード": 46, "市区町村コード": 505, "所在地": "鹿児島県熊毛郡屋久島町宮之浦２４６７", "緯度": 30.41834, "経度": 130.58668, "url": "https://www.iryou.teikyouseido.mhlw.go.jp/znk-web/juminkanja/S2430/initialize?prefCd=46&kikanCd=10705&kikanKbn=1", "url2": "http://www.yakushimatokushukai.com", "内容": "医療法人徳洲会屋久島徳洲会病院【1:病院】【診療科目:内科_循環器内科_外科_脳神経外科_整形外科_形成外科_小児科_産婦人科_眼科_耳鼻いんこう科_泌尿器科_精神科_歯科口腔外科_リハビリテーション科_放射線科_麻酔科】【一般病床数:139療養病床数:0精神病床数:0感染症病床数:0合計病床数:140】鹿児島県熊毛郡屋久島町宮之浦２４６７" }, "geometry": { "type": "Point", "coordinates": [ 130.58668, 30.41834 ] } },
{ "type": "Feature", "properties": { "ID": 46110803, "正式名称": "国立療養所奄美和光園", "機関区分": 1, "都道府県コード": 46, "市区町村コード": 222, "所在地": "鹿児島県奄美市名瀬和光町１７００番地", "緯度": 28.385091, "経度": 129.515946, "url": "https://www.iryou.teikyouseido.mhlw.go.jp/znk-web/juminkanja/S2430/initialize?prefCd=46&kikanCd=10803&kikanKbn=1", "url2": "http://www.nhds.go.jp/~amami/", "内容": "国立療養所奄美和光園【1:病院】【診療科目:内科_外科_整形外科_眼科_耳鼻いんこう科_皮膚科_歯科】【一般病床数:122療養病床数:0精神病床数:0感染症病床数:0合計病床数:122】鹿児島県奄美市名瀬和光町１７００番地" }, "geometry": { "type": "Point", "coordinates": [ 129.515946, 28.385091 ] } },
{ "type": "Feature", "properties": { "ID": 46110804, "正式名称": "大島郡医師会病院", "機関区分": 1, "都道府県コード": 46, "市区町村コード": 222, "所在地": "鹿児島県奄美市名瀬小宿３４１１番地", "緯度": 28.386372, "経度": 129.474406, "url": "https://www.iryou.teikyouseido.mhlw.go.jp/znk-web/juminkanja/S2430/initialize?prefCd=46&kikanCd=10804&kikanKbn=1", "url2": "http://hp.oshima-med.or.jp", "内容": "大島郡医師会病院【1:病院】【診療科目:内科_糖尿病・内分泌内科_循環器内科_消化器内科_神経内科_脳神経外科_整形外科_眼科_耳鼻いんこう科_皮膚科_泌尿器科_精神科_心療内科_歯科_アレルギー科_リウマチ科_リハビリテーション科_放射線科_麻酔科】【一般病床数:37療養病床数:104精神病床数:0感染症病床数:0合計病床数:141】鹿児島県奄美市名瀬小宿３４１１番地" }, "geometry": { "type": "Point", "coordinates": [ 129.474406, 28.386372 ] } },
{ "type": "Feature", "properties": { "ID": 46110805, "正式名称": "大島保養院", "機関区分": 1, "都道府県コード": 46, "市区町村コード": 525, "所在地": "鹿児島県大島郡瀬戸内町阿木名", "緯度": 28.1, "経度": 129.2, "url": "https://www.iryou.teikyouseido.mhlw.go.jp/znk-web/juminkanja/S2430/initialize?prefCd=46&kikanCd=10805&kikanKbn=1", "url2": "http://www.sekisaikai.jp/ohshima/index.html", "内容": "大島保養院【1:病院】【診療科目:内科_精神科】【一般病床数:0療養病床数:0精神病床数:176感染症病床数:0合計病床数:176】鹿児島県大島郡瀬戸内町阿木名" }, "geometry": { "type": "Point", "coordinates": [ 129.2, 28.1 ] } },
{ "type": "Feature", "properties": { "ID": 46110806, "正式名称": "医療法人徳洲会　笠利病院", "機関区分": 1, "都道府県コード": 46, "市区町村コード": 222, "所在地": "鹿児島県奄美市笠利町中金久１２０番地", "緯度": 28.453561, "経度": 129.67649, "url": "https://www.iryou.teikyouseido.mhlw.go.jp/znk-web/juminkanja/S2430/initialize?prefCd=46&kikanCd=10806&kikanKbn=1", "url2": "http://tokushukai-amami-area.com/kasari.html", "内容": "医療法人徳洲会　笠利病院【1:病院】【診療科目:内科_消化器内科_人工透析内科_外科_整形外科_小児科_眼科_耳鼻いんこう科_皮膚科_歯科_歯科口腔外科_リハビリテーション科】【一般病床数:0療養病床数:89精神病床数:0感染症病床数:0合計病床数:89】鹿児島県奄美市笠利町中金久１２０番地" }, "geometry": { "type": "Point", "coordinates": [ 129.67649, 28.453561 ] } },
{ "type": "Feature", "properties": { "ID": 46110807, "正式名称": "医療法人徳洲会喜界徳洲会病院", "機関区分": 1, "都道府県コード": 46, "市区町村コード": 529, "所在地": "鹿児島県大島郡喜界町赤連１０５－５", "緯度": 28.316006, "経度": 129.9432, "url": "https://www.iryou.teikyouseido.mhlw.go.jp/znk-web/juminkanja/S2430/initialize?prefCd=46&kikanCd=10807&kikanKbn=1", "url2": "http://www.kikaitokushukai.jp/", "内容": "医療法人徳洲会喜界徳洲会病院【1:病院】【診療科目:内科_脳神経内科_循環器内科_消化器内科_肝臓内科_神経内科_外科_脳神経外科_整形外科_小児科_産婦人科_眼科_耳鼻いんこう科_皮膚科_泌尿器科_リハビリテーション科】【一般病床数:40療養病床数:49精神病床数:0感染症病床数:0合計病床数:89】鹿児島県大島郡喜界町赤連１０５－５" }, "geometry": { "type": "Point", "coordinates": [ 129.9432, 28.316006 ] } },
{ "type": "Feature", "properties": { "ID": 46110809, "正式名称": "瀬戸内徳洲会病院", "機関区分": 1, "都道府県コード": 46, "市区町村コード": 525, "所在地": "鹿児島県大島郡瀬戸内町古仁屋字トンキャン原１３５８番地１", "緯度": 28.137495, "経度": 129.322376, "url": "https://www.iryou.teikyouseido.mhlw.go.jp/znk-web/juminkanja/S2430/initialize?prefCd=46&kikanCd=10809&kikanKbn=1", "url2": "https://www.setouchitokushukai.or.jp", "内容": "瀬戸内徳洲会病院【1:病院】【診療科目:内科_呼吸器内科_消化器内科_外科_整形外科_小児科_眼科_耳鼻いんこう科_皮膚科_泌尿器科_リウマチ科_リハビリテーション科_放射線科】【一般病床数:60療養病床数:0精神病床数:0感染症病床数:0合計病床数:60】鹿児島県大島郡瀬戸内町古仁屋字トンキャン原１３５８番地１" }, "geometry": { "type": "Point", "coordinates": [ 129.322376, 28.137495 ] } },
{ "type": "Feature", "properties": { "ID": 46110810, "正式名称": "名瀬徳洲会病院", "機関区分": 1, "都道府県コード": 46, "市区町村コード": 222, "所在地": "鹿児島県奄美市名瀬朝日町２８－１", "緯度": 28.398713, "経度": 129.526322, "url": "https://www.iryou.teikyouseido.mhlw.go.jp/znk-web/juminkanja/S2430/initialize?prefCd=46&kikanCd=10810&kikanKbn=1", "url2": "http://www.nazetokushukai.jp", "内容": "名瀬徳洲会病院【1:病院】【診療科目:内科_循環器内科_消化器内科_神経内科_外科_脳神経外科_整形外科_形成外科_小児科_産婦人科_眼科_耳鼻いんこう科_皮膚科_泌尿器科_歯科_歯科口腔外科_リハビリテーション科_放射線科_麻酔科】【一般病床数:229療養病床数:60精神病床数:0感染症病床数:0合計病床数:289】鹿児島県奄美市名瀬朝日町２８－１" }, "geometry": { "type": "Point", "coordinates": [ 129.526322, 28.398713 ] } },
{ "type": "Feature", "properties": { "ID": 46110812, "正式名称": "沖永良部徳洲会病院", "機関区分": 1, "都道府県コード": 46, "市区町村コード": 534, "所在地": "鹿児島県大島郡知名町瀬利覚２２０８", "緯度": 27.335137, "経度": 128.576763, "url": "https://www.iryou.teikyouseido.mhlw.go.jp/znk-web/juminkanja/S2430/initialize?prefCd=46&kikanCd=10812&kikanKbn=1", "url2": "http://www.okitoku.net/", "内容": "沖永良部徳洲会病院【1:病院】【診療科目:内科_糖尿病内科_呼吸器内科_循環器内科_腎臓内科_神経内科_外科_脳神経外科_整形外科_小児科_産婦人科_眼科_耳鼻いんこう科_皮膚科_泌尿器科_精神科_リハビリテーション科_放射線科_麻酔科】【一般病床数:60療養病床数:72精神病床数:0感染症病床数:0合計病床数:132】鹿児島県大島郡知名町瀬利覚２２０８" }, "geometry": { "type": "Point", "coordinates": [ 128.576763, 27.335137 ] } },
{ "type": "Feature", "properties": { "ID": 46110813, "正式名称": "公益財団法人慈愛会　徳之島病院", "機関区分": 1, "都道府県コード": 46, "市区町村コード": 530, "所在地": "鹿児島県大島郡徳之島町亀津５１９０", "緯度": 27.719796, "経度": 129.019952, "url": "https://www.iryou.teikyouseido.mhlw.go.jp/znk-web/juminkanja/S2430/initialize?prefCd=46&kikanCd=10813&kikanKbn=1", "url2": "http://www.jiaikai.or.jp/tokunoshima/", "内容": "公益財団法人慈愛会　徳之島病院【1:病院】【診療科目:精神科】【一般病床数:0療養病床数:0精神病床数:198感染症病床数:0合計病床数:198】鹿児島県大島郡徳之島町亀津５１９０" }, "geometry": { "type": "Point", "coordinates": [ 129.019952, 27.719796 ] } },
{ "type": "Feature", "properties": { "ID": 46110814, "正式名称": "医療法人徳洲会徳之島徳洲会病院", "機関区分": 1, "都道府県コード": 46, "市区町村コード": 530, "所在地": "鹿児島県大島郡徳之島町亀津", "緯度": 27.734554, "経度": 129.02112, "url": "https://www.iryou.teikyouseido.mhlw.go.jp/znk-web/juminkanja/S2430/initialize?prefCd=46&kikanCd=10814&kikanKbn=1", "url2": "http://www.tokunoshima-tokushukai.com/", "内容": "医療法人徳洲会徳之島徳洲会病院【1:病院】【診療科目:内科_血液内科_呼吸器内科_循環器内科_消化器内科_腎臓内科_神経内科_外科_脳神経外科_呼吸器外科_消化器外科_整形外科_形成外科_小児科_小児外科_小児泌尿器科_産婦人科_眼科_耳鼻いんこう科_皮膚科_泌尿器科_リウマチ科_リハビリテーション科_放射線科_麻酔科】【一般病床数:119療養病床数:79精神病床数:0感染症病床数:0合計病床数:199】鹿児島県大島郡徳之島町亀津" }, "geometry": { "type": "Point", "coordinates": [ 129.02112, 27.734554 ] } },
{ "type": "Feature", "properties": { "ID": 46110815, "正式名称": "宮上病院", "機関区分": 1, "都道府県コード": 46, "市区町村コード": 530, "所在地": "鹿児島県大島郡徳之島町亀津７２６８", "緯度": 27.727684, "経度": 129.018933, "url": "https://www.iryou.teikyouseido.mhlw.go.jp/znk-web/juminkanja/S2430/initialize?prefCd=46&kikanCd=10815&kikanKbn=1", "url2": null, "内容": "宮上病院【1:病院】【診療科目:内科_呼吸器内科_消化器内科_外科_小児科_小児外科_泌尿器科_放射線科】【一般病床数:41療養病床数:0精神病床数:0感染症病床数:0合計病床数:42】鹿児島県大島郡徳之島町亀津７２６８" }, "geometry": { "type": "Point", "coordinates": [ 129.018933, 27.727684 ] } },
{ "type": "Feature", "properties": { "ID": 46110820, "正式名称": "アクラス中央病院", "機関区分": 1, "都道府県コード": 46, "市区町村コード": 201, "所在地": "鹿児島県鹿児島市武岡一丁目１２１番５号", "緯度": 31.586285, "経度": 130.526925, "url": "https://www.iryou.teikyouseido.mhlw.go.jp/znk-web/juminkanja/S2430/initialize?prefCd=46&kikanCd=10820&kikanKbn=1", "url2": "https://acras-hp.com/", "内容": "アクラス中央病院【1:病院】【診療科目:内科_糖尿病内科_脳神経内科_呼吸器内科_循環器内科_消化器内科_胃腸内科_肝臓内科_老年内科_老年精神科_リハビリテーション科_放射線科】【一般病床数:24療養病床数:37精神病床数:46感染症病床数:0合計病床数:107】鹿児島県鹿児島市武岡一丁目１２１番５号" }, "geometry": { "type": "Point", "coordinates": [ 130.526925, 31.586285 ] } },
{ "type": "Feature", "properties": { "ID": 46110821, "正式名称": "霧島整形外科病院", "機関区分": 1, "都道府県コード": 46, "市区町村コード": 218, "所在地": "鹿児島県霧島市国分野口東８番３１号", "緯度": 31.737256, "経度": 130.753582, "url": "https://www.iryou.teikyouseido.mhlw.go.jp/znk-web/juminkanja/S2430/initialize?prefCd=46&kikanCd=10821&kikanKbn=1", "url2": "kirishimaseikei.jp", "内容": "霧島整形外科病院【1:病院】【診療科目:内科_ペインクリニック内科_整形外科_リハビリテーション科】【一般病床数:57療養病床数:0精神病床数:0感染症病床数:0合計病床数:57】鹿児島県霧島市国分野口東８番３１号" }, "geometry": { "type": "Point", "coordinates": [ 130.753582, 31.737256 ] } },
{ "type": "Feature", "properties": { "ID": 46110822, "正式名称": "国分脳神経外科病院", "機関区分": 1, "都道府県コード": 46, "市区町村コード": 218, "所在地": "鹿児島県霧島市国分向花１３３番２", "緯度": 31.759764, "経度": 130.775953, "url": "https://www.iryou.teikyouseido.mhlw.go.jp/znk-web/juminkanja/S2430/initialize?prefCd=46&kikanCd=10822&kikanKbn=1", "url2": "http://kokubu-nougeka.jp/", "内容": "国分脳神経外科病院【1:病院】【診療科目:内科_脳神経外科_整形外科_リハビリテーション科】【一般病床数:38療養病床数:0精神病床数:0感染症病床数:0合計病床数:38】鹿児島県霧島市国分向花１３３番２" }, "geometry": { "type": "Point", "coordinates": [ 130.775953, 31.759764 ] } },
{ "type": "Feature", "properties": { "ID": 46110824, "正式名称": "前原総合医療病院", "機関区分": 1, "都道府県コード": 46, "市区町村コード": 216, "所在地": "鹿児島県日置市伊集院町妙円寺１丁目１－６", "緯度": 31.640622, "経度": 130.395207, "url": "https://www.iryou.teikyouseido.mhlw.go.jp/znk-web/juminkanja/S2430/initialize?prefCd=46&kikanCd=10824&kikanKbn=1", "url2": "http://www.seishin-kai.org", "内容": "前原総合医療病院【1:病院】【診療科目:内科_脳神経内科_循環器内科_ペインクリニック内科_脳神経外科_呼吸器外科_消化器外科_整形外科_眼科_耳鼻いんこう科_歯科_歯科口腔外科_小児歯科_リウマチ科_リハビリテーション科_放射線科_救急科_麻酔科】【一般病床数:82療養病床数:60精神病床数:0感染症病床数:0合計病床数:142】鹿児島県日置市伊集院町妙円寺１丁目１－６" }, "geometry": { "type": "Point", "coordinates": [ 130.395207, 31.640622 ] } },
{ "type": "Feature", "properties": { "ID": 46110825, "正式名称": "上町いまきいれ病院", "機関区分": 1, "都道府県コード": 46, "市区町村コード": 201, "所在地": "鹿児島県鹿児島市長田町５番２４号", "緯度": 31.602415, "経度": 130.558751, "url": "https://www.iryou.teikyouseido.mhlw.go.jp/znk-web/juminkanja/S2430/initialize?prefCd=46&kikanCd=10825&kikanKbn=1", "url2": "https://imkiire.jp/kanmachi/", "内容": "上町いまきいれ病院【1:病院】【診療科目:内科_糖尿病・内分泌内科_神経内科_整形外科_眼科_リハビリテーション科】【一般病床数:100療養病床数:0精神病床数:0感染症病床数:0合計病床数:100】鹿児島県鹿児島市長田町５番２４号" }, "geometry": { "type": "Point", "coordinates": [ 130.558751, 31.602415 ] } },
{ "type": "Feature", "properties": { "ID": 46110826, "正式名称": "メンタルホスピタル鹿児島", "機関区分": 1, "都道府県コード": 46, "市区町村コード": 201, "所在地": "鹿児島県鹿児島市永吉１ー１１－１", "緯度": 31.599948, "経度": 130.534017, "url": "https://www.iryou.teikyouseido.mhlw.go.jp/znk-web/juminkanja/S2430/initialize?prefCd=46&kikanCd=10826&kikanKbn=1", "url2": "https://mh-kagoshima.jp/", "内容": "メンタルホスピタル鹿児島【1:病院】【診療科目:内科_精神科_神経科_心療内科】【一般病床数:0療養病床数:0精神病床数:395感染症病床数:0合計病床数:395】鹿児島県鹿児島市永吉１ー１１－１" }, "geometry": { "type": "Point", "coordinates": [ 130.534017, 31.599948 ] } },
{ "type": "Feature", "properties": { "ID": 46111121, "正式名称": "田園パークホスピタル", "機関区分": 1, "都道府県コード": 46, "市区町村コード": 225, "所在地": "鹿児島県姶良市蒲生町下久徳４６２番１", "緯度": 31.756862, "経度": 130.586671, "url": "https://www.iryou.teikyouseido.mhlw.go.jp/znk-web/juminkanja/S2430/initialize?prefCd=46&kikanCd=11121&kikanKbn=1", "url2": "https://den-en-park-hp.jp/", "内容": "田園パークホスピタル【1:病院】【診療科目:内科_神経内科_精神科_心療内科】【一般病床数:0療養病床数:0精神病床数:60感染症病床数:0合計病床数:0】鹿児島県姶良市蒲生町下久徳４６２番１" }, "geometry": { "type": "Point", "coordinates": [ 130.586671, 31.756862 ] } },
{ "type": "Feature", "properties": { "ID": 461146530155, "正式名称": "医療法人グリーン会整形外科はやしだ病院", "機関区分": 1, "都道府県コード": 46, "市区町村コード": 216, "所在地": "鹿児島県日置市伊集院町下谷口２４２３", "緯度": 31.620005, "経度": 130.404138, "url": "https://www.iryou.teikyouseido.mhlw.go.jp/znk-web/juminkanja/S2430/initialize?prefCd=46&kikanCd=146530155&kikanKbn=1", "url2": "http://hayashidahp.or.jp/", "内容": "医療法人グリーン会整形外科はやしだ病院【1:病院】【診療科目:整形外科_リハビリテーション科_麻酔科】【一般病床数:37療養病床数:0精神病床数:0感染症病床数:0合計病床数:37】鹿児島県日置市伊集院町下谷口２４２３" }, "geometry": { "type": "Point", "coordinates": [ 130.404138, 31.620005 ] } },
{ "type": "Feature", "properties": { "ID": 461246335087, "正式名称": "東京ノーストクリニック", "機関区分": 1, "都道府県コード": 46, "市区町村コード": 201, "所在地": "鹿児島県鹿児島市新町５－１８シーフォート新町３０３", "緯度": 31.547167, "経度": 130.553617, "url": "https://www.iryou.teikyouseido.mhlw.go.jp/znk-web/juminkanja/S2430/initialize?prefCd=46&kikanCd=246335087&kikanKbn=1", "url2": null, "内容": "東京ノーストクリニック【1:病院】【診療科目:形成外科_泌尿器科】【一般病床数:0療養病床数:0精神病床数:0感染症病床数:0合計病床数:0】鹿児島県鹿児島市新町５－１８シーフォート新町３０３" }, "geometry": { "type": "Point", "coordinates": [ 130.553617, 31.547167 ] } },
{ "type": "Feature", "properties": { "ID": 461246612591, "正式名称": "公益財団法人慈愛会　慈愛会垂水サテライトクリニック", "機関区分": 1, "都道府県コード": 46, "市区町村コード": 214, "所在地": "鹿児島県垂水市本町７７", "緯度": 31.489165, "経度": 130.700575, "url": "https://www.iryou.teikyouseido.mhlw.go.jp/znk-web/juminkanja/S2430/initialize?prefCd=46&kikanCd=246612591&kikanKbn=1", "url2": null, "内容": "公益財団法人慈愛会　慈愛会垂水サテライトクリニック【1:病院】【診療科目:産婦人科】【一般病床数:0療養病床数:0精神病床数:0感染症病床数:0合計病床数:0】鹿児島県垂水市本町７７" }, "geometry": { "type": "Point", "coordinates": [ 130.700575, 31.489165 ] } }
]
}
