{
"type": "FeatureCollection",
"name": "geo_46_小学校",
"crs": { "type": "name", "properties": { "name": "urn:ogc:def:crs:EPSG::6668" } },
"features": [
{ "type": "Feature", "properties": { "P29_001": "46201", "P29_002": "B146110000017", "P29_003": "16001", "P29_004": "鹿児島大学教育学部附属小学校", "P29_005": "鹿児島県鹿児島市郡元1-20-15", "P29_006": "1", "P29_007": "1", "P29_008": "00", "P29_009": null }, "geometry": { "type": "Point", "coordinates": [ 130.545076072064205, 31.566644102010553 ] } },
{ "type": "Feature", "properties": { "P29_001": "46201", "P29_002": "B146210000015", "P29_003": "16001", "P29_004": "鹿児島市立川上小学校", "P29_005": "鹿児島県鹿児島市川上町322", "P29_006": "3", "P29_007": "1", "P29_008": "00", "P29_009": null }, "geometry": { "type": "Point", "coordinates": [ 130.554716831883837, 31.652595406129286 ] } },
{ "type": "Feature", "properties": { "P29_001": "46201", "P29_002": "B146210000024", "P29_003": "16001", "P29_004": "鹿児島市立吉野小学校", "P29_005": "鹿児島県鹿児島市吉野町2472", "P29_006": "3", "P29_007": "1", "P29_008": "00", "P29_009": null }, "geometry": { "type": "Point", "coordinates": [ 130.565346207024476, 31.638055463866966 ] } },
{ "type": "Feature", "properties": { "P29_001": "46201", "P29_002": "B146210000033", "P29_003": "16001", "P29_004": "鹿児島市立清水小学校", "P29_005": "鹿児島県鹿児島市清水町8-15", "P29_006": "3", "P29_007": "1", "P29_008": "00", "P29_009": null }, "geometry": { "type": "Point", "coordinates": [ 130.566419901378964, 31.608374555937534 ] } },
{ "type": "Feature", "properties": { "P29_001": "46201", "P29_002": "B146210000042", "P29_003": "16001", "P29_004": "鹿児島市立大龍小学校", "P29_005": "鹿児島県鹿児島市大竜町11-44", "P29_006": "3", "P29_007": "1", "P29_008": "00", "P29_009": null }, "geometry": { "type": "Point", "coordinates": [ 130.562967338241947, 31.606585622723326 ] } },
{ "type": "Feature", "properties": { "P29_001": "46201", "P29_002": "B146210000051", "P29_003": "16001", "P29_004": "鹿児島市立名山小学校", "P29_005": "鹿児島県鹿児島市山下町6-43", "P29_006": "3", "P29_007": "1", "P29_008": "00", "P29_009": null }, "geometry": { "type": "Point", "coordinates": [ 130.555614807993862, 31.59654751194164 ] } },
{ "type": "Feature", "properties": { "P29_001": "46201", "P29_002": "B146210000060", "P29_003": "16001", "P29_004": "鹿児島市立山下小学校", "P29_005": "鹿児島県鹿児島市西千石町15-5", "P29_006": "3", "P29_007": "1", "P29_008": "00", "P29_009": null }, "geometry": { "type": "Point", "coordinates": [ 130.550308301806666, 31.590927243736349 ] } },
{ "type": "Feature", "properties": { "P29_001": "46201", "P29_002": "B146210000079", "P29_003": "16001", "P29_004": "鹿児島市立松原小学校", "P29_005": "鹿児島県鹿児島市南林寺町2-18", "P29_006": "3", "P29_007": "1", "P29_008": "00", "P29_009": null }, "geometry": { "type": "Point", "coordinates": [ 130.558764289445861, 31.585729078032607 ] } },
{ "type": "Feature", "properties": { "P29_001": "46201", "P29_002": "B146210000088", "P29_003": "16001", "P29_004": "鹿児島市立城南小学校", "P29_005": "鹿児島県鹿児島市城南町1-1", "P29_006": "3", "P29_007": "1", "P29_008": "00", "P29_009": null }, "geometry": { "type": "Point", "coordinates": [ 130.561129976524768, 31.582046099881506 ] } },
{ "type": "Feature", "properties": { "P29_001": "46201", "P29_002": "B146210000097", "P29_003": "16001", "P29_004": "鹿児島市立草牟田小学校", "P29_005": "鹿児島県鹿児島市城山2-3-1", "P29_006": "3", "P29_007": "1", "P29_008": "00", "P29_009": null }, "geometry": { "type": "Point", "coordinates": [ 130.547178333411267, 31.603480578184911 ] } },
{ "type": "Feature", "properties": { "P29_001": "46201", "P29_002": "B146210000104", "P29_003": "16001", "P29_004": "鹿児島市立原良小学校", "P29_005": "鹿児島県鹿児島市原良2-1-1", "P29_006": "3", "P29_007": "1", "P29_008": "00", "P29_009": null }, "geometry": { "type": "Point", "coordinates": [ 130.534755999524947, 31.597481001880929 ] } },
{ "type": "Feature", "properties": { "P29_001": "46201", "P29_002": "B146210000113", "P29_003": "16001", "P29_004": "鹿児島市立西田小学校", "P29_005": "鹿児島県鹿児島市薬師2-31-1", "P29_006": "3", "P29_007": "1", "P29_008": "00", "P29_009": null }, "geometry": { "type": "Point", "coordinates": [ 130.535761584613596, 31.589942868709635 ] } },
{ "type": "Feature", "properties": { "P29_001": "46201", "P29_002": "B146210000122", "P29_003": "16001", "P29_004": "鹿児島市立武小学校", "P29_005": "鹿児島県鹿児島市武1-35-31", "P29_006": "3", "P29_007": "1", "P29_008": "00", "P29_009": null }, "geometry": { "type": "Point", "coordinates": [ 130.538579198065889, 31.577621802317651 ] } },
{ "type": "Feature", "properties": { "P29_001": "46201", "P29_002": "B146210000131", "P29_003": "16001", "P29_004": "鹿児島市立田上小学校", "P29_005": "鹿児島県鹿児島市田上5-12-1", "P29_006": "3", "P29_007": "1", "P29_008": "00", "P29_009": null }, "geometry": { "type": "Point", "coordinates": [ 130.52664826485244, 31.579403139710582 ] } },
{ "type": "Feature", "properties": { "P29_001": "46201", "P29_002": "B146210000140", "P29_003": "16001", "P29_004": "鹿児島市立中洲小学校", "P29_005": "鹿児島県鹿児島市上之園町28-1", "P29_006": "3", "P29_007": "1", "P29_008": "00", "P29_009": null }, "geometry": { "type": "Point", "coordinates": [ 130.544180986552703, 31.57979730340379 ] } },
{ "type": "Feature", "properties": { "P29_001": "46201", "P29_002": "B146210000159", "P29_003": "16001", "P29_004": "鹿児島市立荒田小学校", "P29_005": "鹿児島県鹿児島市荒田1-30-27", "P29_006": "3", "P29_007": "1", "P29_008": "00", "P29_009": null }, "geometry": { "type": "Point", "coordinates": [ 130.548514612195248, 31.575968265224198 ] } },
{ "type": "Feature", "properties": { "P29_001": "46201", "P29_002": "B146210000168", "P29_003": "16001", "P29_004": "鹿児島市立八幡小学校", "P29_005": "鹿児島県鹿児島市下荒田3-25-1", "P29_006": "3", "P29_007": "1", "P29_008": "00", "P29_009": null }, "geometry": { "type": "Point", "coordinates": [ 130.554229404408204, 31.571037180342007 ] } },
{ "type": "Feature", "properties": { "P29_001": "46201", "P29_002": "B146210000177", "P29_003": "16001", "P29_004": "鹿児島市立中郡小学校", "P29_005": "鹿児島県鹿児島市郡元2-4-6", "P29_006": "3", "P29_007": "1", "P29_008": "00", "P29_009": null }, "geometry": { "type": "Point", "coordinates": [ 130.546104653464425, 31.563639954141834 ] } },
{ "type": "Feature", "properties": { "P29_001": "46201", "P29_002": "B146210000186", "P29_003": "16001", "P29_004": "鹿児島市立紫原小学校", "P29_005": "鹿児島県鹿児島市紫原2-36-50", "P29_006": "3", "P29_007": "1", "P29_008": "00", "P29_009": null }, "geometry": { "type": "Point", "coordinates": [ 130.536821946423913, 31.559129551677117 ] } },
{ "type": "Feature", "properties": { "P29_001": "46201", "P29_002": "B146210000195", "P29_003": "16001", "P29_004": "鹿児島市立鴨池小学校", "P29_005": "鹿児島県鹿児島市真砂本町59-28", "P29_006": "3", "P29_007": "1", "P29_008": "00", "P29_009": null }, "geometry": { "type": "Point", "coordinates": [ 130.552663883261431, 31.554681506108139 ] } },
{ "type": "Feature", "properties": { "P29_001": "46201", "P29_002": "B146210000202", "P29_003": "16001", "P29_004": "鹿児島市立南小学校", "P29_005": "鹿児島県鹿児島市東郡元町13-22", "P29_006": "3", "P29_007": "1", "P29_008": "00", "P29_009": null }, "geometry": { "type": "Point", "coordinates": [ 130.546809967290557, 31.552549858112034 ] } },
{ "type": "Feature", "properties": { "P29_001": "46201", "P29_002": "B146210000211", "P29_003": "16001", "P29_004": "鹿児島市立宇宿小学校", "P29_005": "鹿児島県鹿児島市宇宿4-21-7", "P29_006": "3", "P29_007": "1", "P29_008": "00", "P29_009": null }, "geometry": { "type": "Point", "coordinates": [ 130.536540190162725, 31.545676799096455 ] } },
{ "type": "Feature", "properties": { "P29_001": "46201", "P29_002": "B146210000220", "P29_003": "16001", "P29_004": "鹿児島市立伊敷小学校", "P29_005": "鹿児島県鹿児島市伊敷5-19-1", "P29_006": "3", "P29_007": "1", "P29_008": "00", "P29_009": null }, "geometry": { "type": "Point", "coordinates": [ 130.527524417624846, 31.62723059294666 ] } },
{ "type": "Feature", "properties": { "P29_001": "46201", "P29_002": "B146210000239", "P29_003": "16001", "P29_004": "鹿児島市立玉江小学校", "P29_005": "鹿児島県鹿児島市下伊敷1-35-1", "P29_006": "3", "P29_007": "1", "P29_008": "00", "P29_009": null }, "geometry": { "type": "Point", "coordinates": [ 130.534146998573874, 31.612480689840517 ] } },
{ "type": "Feature", "properties": { "P29_001": "46201", "P29_002": "B146210000248", "P29_003": "16001", "P29_004": "鹿児島市立小山田小学校", "P29_005": "鹿児島県鹿児島市小山田町9398", "P29_006": "3", "P29_007": "1", "P29_008": "00", "P29_009": null }, "geometry": { "type": "Point", "coordinates": [ 130.489264817912499, 31.663998044811795 ] } },
{ "type": "Feature", "properties": { "P29_001": "46201", "P29_002": "B146210000257", "P29_003": "16001", "P29_004": "鹿児島市立犬迫小学校", "P29_005": "鹿児島県鹿児島市犬迫町5745", "P29_006": "3", "P29_007": "1", "P29_008": "00", "P29_009": null }, "geometry": { "type": "Point", "coordinates": [ 130.496301050910404, 31.629932733512486 ] } },
{ "type": "Feature", "properties": { "P29_001": "46201", "P29_002": "B146210000266", "P29_003": "16001", "P29_004": "鹿児島市立皆与志小学校", "P29_005": "鹿児島県鹿児島市皆与志町4307", "P29_006": "3", "P29_007": "1", "P29_008": "00", "P29_009": null }, "geometry": { "type": "Point", "coordinates": [ 130.518965618628783, 31.670872632159199 ] } },
{ "type": "Feature", "properties": { "P29_001": "46201", "P29_002": "B146210000275", "P29_003": "16001", "P29_004": "鹿児島市立東桜島小学校", "P29_005": "鹿児島県鹿児島市東桜島町17", "P29_006": "3", "P29_007": "1", "P29_008": "00", "P29_009": null }, "geometry": { "type": "Point", "coordinates": [ 130.629888811360075, 31.557417813208133 ] } },
{ "type": "Feature", "properties": { "P29_001": "46201", "P29_002": "B146210000284", "P29_003": "16001", "P29_004": "鹿児島市立高免小学校", "P29_005": "鹿児島県鹿児島市高免町32", "P29_006": "3", "P29_007": "9", "P29_008": "00", "P29_009": null }, "geometry": { "type": "Point", "coordinates": [ 130.683890889361408, 31.621116361887857 ] } },
{ "type": "Feature", "properties": { "P29_001": "46201", "P29_002": "B146210000293", "P29_003": "16001", "P29_004": "鹿児島市立黒神小学校", "P29_005": "鹿児島県鹿児島市黒神町2561", "P29_006": "3", "P29_007": "1", "P29_008": "00", "P29_009": null }, "geometry": { "type": "Point", "coordinates": [ 130.707628578486919, 31.592508974441703 ] } },
{ "type": "Feature", "properties": { "P29_001": "46201", "P29_002": "B146210000300", "P29_003": "16001", "P29_004": "鹿児島市立谷山小学校", "P29_005": "鹿児島県鹿児島市谷山中央1-4962", "P29_006": "3", "P29_007": "1", "P29_008": "00", "P29_009": null }, "geometry": { "type": "Point", "coordinates": [ 130.51731807454118, 31.522300548114718 ] } },
{ "type": "Feature", "properties": { "P29_001": "46201", "P29_002": "B146210000319", "P29_003": "16001", "P29_004": "鹿児島市立和田小学校", "P29_005": "鹿児島県鹿児島市和田2-2-10", "P29_006": "3", "P29_007": "1", "P29_008": "00", "P29_009": null }, "geometry": { "type": "Point", "coordinates": [ 130.511532632969107, 31.510429744467558 ] } },
{ "type": "Feature", "properties": { "P29_001": "46201", "P29_002": "B146210000328", "P29_003": "16001", "P29_004": "鹿児島市立福平小学校", "P29_005": "鹿児島県鹿児島市平川町819-3", "P29_006": "3", "P29_007": "1", "P29_008": "00", "P29_009": null }, "geometry": { "type": "Point", "coordinates": [ 130.501527235145375, 31.478296081245592 ] } },
{ "type": "Feature", "properties": { "P29_001": "46201", "P29_002": "B146210000337", "P29_003": "16001", "P29_004": "鹿児島市立平川小学校", "P29_005": "鹿児島県鹿児島市平川町3795", "P29_006": "3", "P29_007": "1", "P29_008": "00", "P29_009": null }, "geometry": { "type": "Point", "coordinates": [ 130.514447517160022, 31.449758773996773 ] } },
{ "type": "Feature", "properties": { "P29_001": "46201", "P29_002": "B146210000346", "P29_003": "16001", "P29_004": "鹿児島市立錫山小学校", "P29_005": "鹿児島県鹿児島市下福元町9856", "P29_006": "3", "P29_007": "1", "P29_008": "00", "P29_009": null }, "geometry": { "type": "Point", "coordinates": [ 130.453304667194999, 31.496118271666329 ] } },
{ "type": "Feature", "properties": { "P29_001": "46201", "P29_002": "B146210000355", "P29_003": "16001", "P29_004": "鹿児島市立中山小学校", "P29_005": "鹿児島県鹿児島市中山2-30-3", "P29_006": "3", "P29_007": "1", "P29_008": "00", "P29_009": null }, "geometry": { "type": "Point", "coordinates": [ 130.503913441122648, 31.549418297322845 ] } },
{ "type": "Feature", "properties": { "P29_001": "46201", "P29_002": "B146210000364", "P29_003": "16001", "P29_004": "鹿児島市立宮川小学校", "P29_005": "鹿児島県鹿児島市皇徳寺台4-26-1", "P29_006": "3", "P29_007": "1", "P29_008": "00", "P29_009": null }, "geometry": { "type": "Point", "coordinates": [ 130.484069740100182, 31.563611573139838 ] } },
{ "type": "Feature", "properties": { "P29_001": "46210", "P29_002": "B146210000373", "P29_003": "16001", "P29_004": "指宿市立指宿小学校", "P29_005": "鹿児島県指宿市西方4692-1", "P29_006": "3", "P29_007": "1", "P29_008": "00", "P29_009": null }, "geometry": { "type": "Point", "coordinates": [ 130.617310538859812, 31.279242869206286 ] } },
{ "type": "Feature", "properties": { "P29_001": "46210", "P29_002": "B146210000382", "P29_003": "16001", "P29_004": "指宿市立魚見小学校", "P29_005": "鹿児島県指宿市東方11017", "P29_006": "3", "P29_007": "1", "P29_008": "00", "P29_009": null }, "geometry": { "type": "Point", "coordinates": [ 130.639866934346799, 31.265923079025253 ] } },
{ "type": "Feature", "properties": { "P29_001": "46210", "P29_002": "B146210000391", "P29_003": "16001", "P29_004": "指宿市立柳田小学校", "P29_005": "鹿児島県指宿市十町2454", "P29_006": "3", "P29_007": "1", "P29_008": "00", "P29_009": null }, "geometry": { "type": "Point", "coordinates": [ 130.629996509540888, 31.253521065585613 ] } },
{ "type": "Feature", "properties": { "P29_001": "46210", "P29_002": "B146210000408", "P29_003": "16001", "P29_004": "指宿市立丹波小学校", "P29_005": "鹿児島県指宿市湯の浜3-2-6", "P29_006": "3", "P29_007": "1", "P29_008": "00", "P29_009": null }, "geometry": { "type": "Point", "coordinates": [ 130.645730877659446, 31.233515646348717 ] } },
{ "type": "Feature", "properties": { "P29_001": "46210", "P29_002": "B146210000417", "P29_003": "16001", "P29_004": "指宿市立今和泉小学校", "P29_005": "鹿児島県指宿市岩本2739", "P29_006": "3", "P29_007": "1", "P29_008": "00", "P29_009": null }, "geometry": { "type": "Point", "coordinates": [ 130.595515688897621, 31.293486880154045 ] } },
{ "type": "Feature", "properties": { "P29_001": "46210", "P29_002": "B146210000426", "P29_003": "16001", "P29_004": "指宿市立池田小学校", "P29_005": "鹿児島県指宿市池田3977-1", "P29_006": "3", "P29_007": "1", "P29_008": "00", "P29_009": null }, "geometry": { "type": "Point", "coordinates": [ 130.561173855349608, 31.263664102054822 ] } },
{ "type": "Feature", "properties": { "P29_001": "46204", "P29_002": "B146210000435", "P29_003": "16001", "P29_004": "枕崎市立枕崎小学校", "P29_005": "鹿児島県枕崎市千代田町124", "P29_006": "3", "P29_007": "1", "P29_008": "00", "P29_009": null }, "geometry": { "type": "Point", "coordinates": [ 130.296112015196712, 31.273768422512394 ] } },
{ "type": "Feature", "properties": { "P29_001": "46204", "P29_002": "B146210000444", "P29_003": "16001", "P29_004": "枕崎市立桜山小学校", "P29_005": "鹿児島県枕崎市桜山町256", "P29_006": "3", "P29_007": "1", "P29_008": "00", "P29_009": null }, "geometry": { "type": "Point", "coordinates": [ 130.291461531072315, 31.291727630316682 ] } },
{ "type": "Feature", "properties": { "P29_001": "46204", "P29_002": "B146210000453", "P29_003": "16001", "P29_004": "枕崎市立別府小学校", "P29_005": "鹿児島県枕崎市別府西町1", "P29_006": "3", "P29_007": "1", "P29_008": "00", "P29_009": null }, "geometry": { "type": "Point", "coordinates": [ 130.346400773109934, 31.274612429843295 ] } },
{ "type": "Feature", "properties": { "P29_001": "46204", "P29_002": "B146210000462", "P29_003": "16001", "P29_004": "枕崎市立立神小学校", "P29_005": "鹿児島県枕崎市中央町345", "P29_006": "3", "P29_007": "1", "P29_008": "00", "P29_009": null }, "geometry": { "type": "Point", "coordinates": [ 130.279765695714474, 31.27178585791998 ] } },
{ "type": "Feature", "properties": { "P29_001": "46220", "P29_002": "B146210000471", "P29_003": "16001", "P29_004": "南さつま市立加世田小学校", "P29_005": "鹿児島県南さつま市加世田武田17470", "P29_006": "3", "P29_007": "1", "P29_008": "00", "P29_009": null }, "geometry": { "type": "Point", "coordinates": [ 130.324033330401619, 31.411344230791205 ] } },
{ "type": "Feature", "properties": { "P29_001": "46220", "P29_002": "B146210000480", "P29_003": "16001", "P29_004": "南さつま市立川畑小学校", "P29_005": "鹿児島県南さつま市加世田川畑4257", "P29_006": "3", "P29_007": "1", "P29_008": "00", "P29_009": null }, "geometry": { "type": "Point", "coordinates": [ 130.336484678230192, 31.413096516771631 ] } },
{ "type": "Feature", "properties": { "P29_001": "46220", "P29_002": "B146210000499", "P29_003": "16001", "P29_004": "南さつま市立内山田小学校", "P29_005": "鹿児島県南さつま市加世田内山田7316", "P29_006": "3", "P29_007": "1", "P29_008": "00", "P29_009": null }, "geometry": { "type": "Point", "coordinates": [ 130.313952643046264, 31.384481977619892 ] } },
{ "type": "Feature", "properties": { "P29_001": "46220", "P29_002": "B146210000505", "P29_003": "16001", "P29_004": "南さつま市立長屋小学校", "P29_005": "鹿児島県南さつま市加世田武田6923", "P29_006": "3", "P29_007": "1", "P29_008": "00", "P29_009": null }, "geometry": { "type": "Point", "coordinates": [ 130.298169607340213, 31.400584814200243 ] } },
{ "type": "Feature", "properties": { "P29_001": "46220", "P29_002": "B146210000514", "P29_003": "16001", "P29_004": "南さつま市立万世小学校", "P29_005": "鹿児島県南さつま市加世田唐仁原6410-2", "P29_006": "3", "P29_007": "1", "P29_008": "00", "P29_009": null }, "geometry": { "type": "Point", "coordinates": [ 130.293964856730952, 31.421884371986302 ] } },
{ "type": "Feature", "properties": { "P29_001": "46220", "P29_002": "B146210000523", "P29_003": "16001", "P29_004": "南さつま市立益山小学校", "P29_005": "鹿児島県南さつま市加世田宮原1260", "P29_006": "3", "P29_007": "1", "P29_008": "00", "P29_009": null }, "geometry": { "type": "Point", "coordinates": [ 130.313821671982112, 31.431694822837102 ] } },
{ "type": "Feature", "properties": { "P29_001": "46220", "P29_002": "B146210000532", "P29_003": "16001", "P29_004": "南さつま市立小湊小学校", "P29_005": "鹿児島県南さつま市加世田小湊8464", "P29_006": "3", "P29_007": "1", "P29_008": "00", "P29_009": null }, "geometry": { "type": "Point", "coordinates": [ 130.256478011799601, 31.413773896270534 ] } },
{ "type": "Feature", "properties": { "P29_001": "46219", "P29_002": "B146210000541", "P29_003": "16001", "P29_004": "いちき串木野市立串木野小学校", "P29_005": "鹿児島県いちき串木野市日出町536", "P29_006": "3", "P29_007": "1", "P29_008": "00", "P29_009": null }, "geometry": { "type": "Point", "coordinates": [ 130.276900049671667, 31.718130552776081 ] } },
{ "type": "Feature", "properties": { "P29_001": "46219", "P29_002": "B146210000550", "P29_003": "16001", "P29_004": "いちき串木野市立照島小学校", "P29_005": "鹿児島県いちき串木野市照島5453-3", "P29_006": "3", "P29_007": "1", "P29_008": "00", "P29_009": null }, "geometry": { "type": "Point", "coordinates": [ 130.279434254254198, 31.706433937331749 ] } },
{ "type": "Feature", "properties": { "P29_001": "46219", "P29_002": "B146210000569", "P29_003": "16001", "P29_004": "いちき串木野市立羽島小学校", "P29_005": "鹿児島県いちき串木野市羽島5359", "P29_006": "3", "P29_007": "1", "P29_008": "00", "P29_009": null }, "geometry": { "type": "Point", "coordinates": [ 130.203042058622685, 31.756627629504585 ] } },
{ "type": "Feature", "properties": { "P29_001": "46219", "P29_002": "B146210000578", "P29_003": "16001", "P29_004": "いちき串木野市立旭小学校", "P29_005": "鹿児島県いちき串木野市金山14067", "P29_006": "3", "P29_007": "1", "P29_008": "00", "P29_009": null }, "geometry": { "type": "Point", "coordinates": [ 130.296283404679571, 31.752826855226012 ] } },
{ "type": "Feature", "properties": { "P29_001": "46219", "P29_002": "B146210000587", "P29_003": "16001", "P29_004": "いちき串木野市立生福小学校", "P29_005": "鹿児島県いちき串木野市上名8605", "P29_006": "3", "P29_007": "1", "P29_008": "00", "P29_009": null }, "geometry": { "type": "Point", "coordinates": [ 130.311937246267604, 31.725586611116036 ] } },
{ "type": "Feature", "properties": { "P29_001": "46219", "P29_002": "B146210000596", "P29_003": "16001", "P29_004": "いちき串木野市立荒川小学校", "P29_005": "鹿児島県いちき串木野市荒川2347-1", "P29_006": "3", "P29_007": "1", "P29_008": "00", "P29_009": null }, "geometry": { "type": "Point", "coordinates": [ 130.249975541923277, 31.748346831992304 ] } },
{ "type": "Feature", "properties": { "P29_001": "46215", "P29_002": "B146210000612", "P29_003": "16001", "P29_004": "薩摩川内市立亀山小学校", "P29_005": "鹿児島県薩摩川内市宮内町1680", "P29_006": "3", "P29_007": "1", "P29_008": "00", "P29_009": null }, "geometry": { "type": "Point", "coordinates": [ 130.291358499047362, 31.820473187414503 ] } },
{ "type": "Feature", "properties": { "P29_001": "46215", "P29_002": "B146210000621", "P29_003": "16001", "P29_004": "薩摩川内市立可愛小学校", "P29_005": "鹿児島県薩摩川内市御陵下町4-30", "P29_006": "3", "P29_007": "1", "P29_008": "00", "P29_009": null }, "geometry": { "type": "Point", "coordinates": [ 130.299653771946709, 31.828286999418861 ] } },
{ "type": "Feature", "properties": { "P29_001": "46215", "P29_002": "B146210000630", "P29_003": "16001", "P29_004": "薩摩川内市立川内小学校", "P29_005": "鹿児島県薩摩川内市向田町1425", "P29_006": "3", "P29_007": "1", "P29_008": "00", "P29_009": null }, "geometry": { "type": "Point", "coordinates": [ 130.308472967881642, 31.810079038321103 ] } },
{ "type": "Feature", "properties": { "P29_001": "46215", "P29_002": "B146210000649", "P29_003": "16001", "P29_004": "薩摩川内市立隈之城小学校", "P29_005": "鹿児島県薩摩川内市隈之城町1392-1", "P29_006": "3", "P29_007": "1", "P29_008": "00", "P29_009": null }, "geometry": { "type": "Point", "coordinates": [ 130.313264400724535, 31.794462590815325 ] } },
{ "type": "Feature", "properties": { "P29_001": "46215", "P29_002": "B146210000658", "P29_003": "16001", "P29_004": "薩摩川内市立平佐西小学校", "P29_005": "鹿児島県薩摩川内市平佐町2193", "P29_006": "3", "P29_007": "1", "P29_008": "00", "P29_009": null }, "geometry": { "type": "Point", "coordinates": [ 130.314014407587223, 31.812088428892714 ] } },
{ "type": "Feature", "properties": { "P29_001": "46215", "P29_002": "B146210000667", "P29_003": "16001", "P29_004": "薩摩川内市立平佐東小学校", "P29_005": "鹿児島県薩摩川内市中村町7401", "P29_006": "3", "P29_007": "1", "P29_008": "00", "P29_009": null }, "geometry": { "type": "Point", "coordinates": [ 130.359015101190693, 31.840604059146514 ] } },
{ "type": "Feature", "properties": { "P29_001": "46215", "P29_002": "B146210000676", "P29_003": "16001", "P29_004": "薩摩川内市立水引小学校", "P29_005": "鹿児島県薩摩川内市水引町5349-1", "P29_006": "3", "P29_007": "1", "P29_008": "00", "P29_009": null }, "geometry": { "type": "Point", "coordinates": [ 130.244231350006601, 31.850214308993952 ] } },
{ "type": "Feature", "properties": { "P29_001": "46215", "P29_002": "B146210000685", "P29_003": "16001", "P29_004": "薩摩川内市立永利小学校", "P29_005": "鹿児島県薩摩川内市百次町959", "P29_006": "3", "P29_007": "1", "P29_008": "00", "P29_009": null }, "geometry": { "type": "Point", "coordinates": [ 130.336110236352368, 31.789875343540775 ] } },
{ "type": "Feature", "properties": { "P29_001": "46215", "P29_002": "B146210000694", "P29_003": "16001", "P29_004": "薩摩川内市立峰山小学校", "P29_005": "鹿児島県薩摩川内市高江町526-1", "P29_006": "3", "P29_007": "1", "P29_008": "00", "P29_009": null }, "geometry": { "type": "Point", "coordinates": [ 130.253697131927822, 31.826807152461818 ] } },
{ "type": "Feature", "properties": { "P29_001": "46215", "P29_002": "B146210000701", "P29_003": "16001", "P29_004": "薩摩川内市立八幡小学校", "P29_005": "鹿児島県薩摩川内市田海町3683-1", "P29_006": "3", "P29_007": "1", "P29_008": "00", "P29_009": null }, "geometry": { "type": "Point", "coordinates": [ 130.318478111698312, 31.872669222152748 ] } },
{ "type": "Feature", "properties": { "P29_001": "46215", "P29_002": "B146210000710", "P29_003": "16001", "P29_004": "薩摩川内市立育英小学校", "P29_005": "鹿児島県薩摩川内市中郷3-147", "P29_006": "3", "P29_007": "1", "P29_008": "00", "P29_009": null }, "geometry": { "type": "Point", "coordinates": [ 130.316230956597678, 31.83573524655802 ] } },
{ "type": "Feature", "properties": { "P29_001": "46215", "P29_002": "B146210000729", "P29_003": "16001", "P29_004": "薩摩川内市立高来小学校", "P29_005": "鹿児島県薩摩川内市高城町1326", "P29_006": "3", "P29_007": "1", "P29_008": "00", "P29_009": null }, "geometry": { "type": "Point", "coordinates": [ 130.288914412313687, 31.852962518685509 ] } },
{ "type": "Feature", "properties": { "P29_001": "46215", "P29_002": "B146210000738", "P29_003": "16001", "P29_004": "薩摩川内市立城上小学校", "P29_005": "鹿児島県薩摩川内市城上町4525-1", "P29_006": "3", "P29_007": "1", "P29_008": "00", "P29_009": null }, "geometry": { "type": "Point", "coordinates": [ 130.300313134501749, 31.879090601022884 ] } },
{ "type": "Feature", "properties": { "P29_001": "46206", "P29_002": "B146210000747", "P29_003": "16001", "P29_004": "阿久根市立阿久根小学校", "P29_005": "鹿児島県阿久根市栄町94", "P29_006": "3", "P29_007": "1", "P29_008": "00", "P29_009": null }, "geometry": { "type": "Point", "coordinates": [ 130.196843582678554, 32.019304733796503 ] } },
{ "type": "Feature", "properties": { "P29_001": "46206", "P29_002": "B146210000756", "P29_003": "16001", "P29_004": "阿久根市立大川小学校", "P29_005": "鹿児島県阿久根市大川8061", "P29_006": "3", "P29_007": "1", "P29_008": "00", "P29_009": null }, "geometry": { "type": "Point", "coordinates": [ 130.21933855806742, 31.952358082679172 ] } },
{ "type": "Feature", "properties": { "P29_001": "46206", "P29_002": "B146210000765", "P29_003": "16001", "P29_004": "阿久根市立西目小学校", "P29_005": "鹿児島県阿久根市西目1245", "P29_006": "3", "P29_007": "1", "P29_008": "00", "P29_009": null }, "geometry": { "type": "Point", "coordinates": [ 130.201925129785593, 31.987685476646664 ] } },
{ "type": "Feature", "properties": { "P29_001": "46206", "P29_002": "B146210000774", "P29_003": "16001", "P29_004": "阿久根市立山下小学校", "P29_005": "鹿児島県阿久根市山下834", "P29_006": "3", "P29_007": "1", "P29_008": "00", "P29_009": null }, "geometry": { "type": "Point", "coordinates": [ 130.213380836998738, 32.009774579152307 ] } },
{ "type": "Feature", "properties": { "P29_001": "46206", "P29_002": "B146210000783", "P29_003": "16001", "P29_004": "阿久根市立鶴川内小学校", "P29_005": "鹿児島県阿久根市鶴川内3380", "P29_006": "3", "P29_007": "1", "P29_008": "00", "P29_009": null }, "geometry": { "type": "Point", "coordinates": [ 130.2382449798408, 32.02683175579422 ] } },
{ "type": "Feature", "properties": { "P29_001": "46206", "P29_002": "B146210000792", "P29_003": "16001", "P29_004": "阿久根市立田代小学校", "P29_005": "鹿児島県阿久根市鶴川内7257", "P29_006": "3", "P29_007": "9", "P29_008": "00", "P29_009": null }, "geometry": { "type": "Point", "coordinates": [ 130.271618212878877, 32.009899635127731 ] } },
{ "type": "Feature", "properties": { "P29_001": "46206", "P29_002": "B146210000809", "P29_003": "16001", "P29_004": "阿久根市立折多小学校", "P29_005": "鹿児島県阿久根市折口1760", "P29_006": "3", "P29_007": "1", "P29_008": "00", "P29_009": null }, "geometry": { "type": "Point", "coordinates": [ 130.223584008364526, 32.059327752445597 ] } },
{ "type": "Feature", "properties": { "P29_001": "46206", "P29_002": "B146210000818", "P29_003": "16001", "P29_004": "阿久根市立尾崎小学校", "P29_005": "鹿児島県阿久根市山下5916", "P29_006": "3", "P29_007": "9", "P29_008": "00", "P29_009": null }, "geometry": { "type": "Point", "coordinates": [ 130.240524313085473, 32.004803468272208 ] } },
{ "type": "Feature", "properties": { "P29_001": "46206", "P29_002": "B146210000827", "P29_003": "16001", "P29_004": "阿久根市立脇本小学校", "P29_005": "鹿児島県阿久根市8060", "P29_006": "3", "P29_007": "1", "P29_008": "00", "P29_009": null }, "geometry": { "type": "Point", "coordinates": [ 130.194787965774282, 32.081218568078008 ] } },
{ "type": "Feature", "properties": { "P29_001": "46208", "P29_002": "B146210000836", "P29_003": "16001", "P29_004": "出水市立出水小学校", "P29_005": "鹿児島県出水市麓町9-13", "P29_006": "3", "P29_007": "1", "P29_008": "00", "P29_009": null }, "geometry": { "type": "Point", "coordinates": [ 130.3585965792835, 32.074589816612409 ] } },
{ "type": "Feature", "properties": { "P29_001": "46208", "P29_002": "B146210000845", "P29_003": "16001", "P29_004": "出水市立西出水小学校", "P29_005": "鹿児島県出水市西出水町1045", "P29_006": "3", "P29_007": "1", "P29_008": "00", "P29_009": null }, "geometry": { "type": "Point", "coordinates": [ 130.340841439694088, 32.074850343022398 ] } },
{ "type": "Feature", "properties": { "P29_001": "46208", "P29_002": "B146210000854", "P29_003": "16001", "P29_004": "出水市立東出水小学校", "P29_005": "鹿児島県出水市上鯖淵1866", "P29_006": "3", "P29_007": "1", "P29_008": "00", "P29_009": null }, "geometry": { "type": "Point", "coordinates": [ 130.36740102752421, 32.079923174509339 ] } },
{ "type": "Feature", "properties": { "P29_001": "46208", "P29_002": "B146210000863", "P29_003": "16001", "P29_004": "出水市立米ノ津小学校", "P29_005": "鹿児島県出水市下知識町1584", "P29_006": "3", "P29_007": "1", "P29_008": "00", "P29_009": null }, "geometry": { "type": "Point", "coordinates": [ 130.325099661134317, 32.10719246253668 ] } },
{ "type": "Feature", "properties": { "P29_001": "46208", "P29_002": "B146210000872", "P29_003": "16001", "P29_004": "出水市立米ノ津東小学校", "P29_005": "鹿児島県出水市下鯖町584", "P29_006": "3", "P29_007": "1", "P29_008": "00", "P29_009": null }, "geometry": { "type": "Point", "coordinates": [ 130.342461588586588, 32.119589137173108 ] } },
{ "type": "Feature", "properties": { "P29_001": "46208", "P29_002": "B146210000881", "P29_003": "16001", "P29_004": "出水市立米ノ津東小学校桂島分校", "P29_005": "鹿児島県出水市荘3670", "P29_006": "3", "P29_007": "1", "P29_008": "00", "P29_009": null }, "geometry": { "type": "Point", "coordinates": [ 130.262572836107068, 32.149342957330532 ] } },
{ "type": "Feature", "properties": { "P29_001": "46208", "P29_002": "B146210000890", "P29_003": "16001", "P29_004": "出水市立切通小学校", "P29_005": "鹿児島県出水市境町1286", "P29_006": "3", "P29_007": "1", "P29_008": "00", "P29_009": null }, "geometry": { "type": "Point", "coordinates": [ 130.364547969975746, 32.155216207255968 ] } },
{ "type": "Feature", "properties": { "P29_001": "46208", "P29_002": "B146210000907", "P29_003": "16001", "P29_004": "出水市立蕨島小学校", "P29_005": "鹿児島県出水市荘3998", "P29_006": "3", "P29_007": "1", "P29_008": "00", "P29_009": null }, "geometry": { "type": "Point", "coordinates": [ 130.269417114541, 32.116426445895634 ] } },
{ "type": "Feature", "properties": { "P29_001": "46208", "P29_002": "B146210000916", "P29_003": "16001", "P29_004": "出水市立大川内小学校", "P29_005": "鹿児島県出水市下大川内3915-1", "P29_006": "3", "P29_007": "1", "P29_008": "00", "P29_009": null }, "geometry": { "type": "Point", "coordinates": [ 130.427139005552419, 32.070588000725849 ] } },
{ "type": "Feature", "properties": { "P29_001": "46208", "P29_002": "B146210000925", "P29_003": "16001", "P29_004": "出水市立上場小学校", "P29_005": "鹿児島県出水市上大川内2580-27", "P29_006": "3", "P29_007": "1", "P29_008": "00", "P29_009": null }, "geometry": { "type": "Point", "coordinates": [ 130.477209839456293, 32.10255142931392 ] } },
{ "type": "Feature", "properties": { "P29_001": "46224", "P29_002": "B146210000934", "P29_003": "16001", "P29_004": "伊佐市立大口小学校", "P29_005": "鹿児島県伊佐市大口里1859", "P29_006": "3", "P29_007": "1", "P29_008": "00", "P29_009": null }, "geometry": { "type": "Point", "coordinates": [ 130.614326497721379, 32.058609096529281 ] } },
{ "type": "Feature", "properties": { "P29_001": "46224", "P29_002": "B146210000943", "P29_003": "16001", "P29_004": "伊佐市立大口東小学校", "P29_005": "鹿児島県伊佐市大口目丸1286-2", "P29_006": "3", "P29_007": "1", "P29_008": "00", "P29_009": null }, "geometry": { "type": "Point", "coordinates": [ 130.633161166200637, 32.060115820258346 ] } },
{ "type": "Feature", "properties": { "P29_001": "46224", "P29_002": "B146210000952", "P29_003": "16001", "P29_004": "伊佐市立牛尾小学校", "P29_005": "鹿児島県伊佐市大口牛尾298-1", "P29_006": "3", "P29_007": "1", "P29_008": "00", "P29_009": null }, "geometry": { "type": "Point", "coordinates": [ 130.606800829122704, 32.089064547741629 ] } },
{ "type": "Feature", "properties": { "P29_001": "46224", "P29_002": "B146210000961", "P29_003": "16001", "P29_004": "伊佐市立山野小学校", "P29_005": "鹿児島県伊佐市大口山野4334", "P29_006": "3", "P29_007": "1", "P29_008": "00", "P29_009": null }, "geometry": { "type": "Point", "coordinates": [ 130.575026407243683, 32.102027306597371 ] } },
{ "type": "Feature", "properties": { "P29_001": "46224", "P29_002": "B146210000970", "P29_003": "16001", "P29_004": "伊佐市立平出水小学校", "P29_005": "鹿児島県伊佐市大口平出水901", "P29_006": "3", "P29_007": "1", "P29_008": "00", "P29_009": null }, "geometry": { "type": "Point", "coordinates": [ 130.570655978584114, 32.085714286590246 ] } },
{ "type": "Feature", "properties": { "P29_001": "46224", "P29_002": "B146210000989", "P29_003": "16001", "P29_004": "伊佐市立羽月小学校", "P29_005": "鹿児島県伊佐市大口下殿531", "P29_006": "3", "P29_007": "1", "P29_008": "00", "P29_009": null }, "geometry": { "type": "Point", "coordinates": [ 130.591573532649335, 32.043451594129067 ] } },
{ "type": "Feature", "properties": { "P29_001": "46224", "P29_002": "B146210000998", "P29_003": "16001", "P29_004": "伊佐市立羽月西小学校", "P29_005": "鹿児島県伊佐市大口田代277-2", "P29_006": "3", "P29_007": "1", "P29_008": "00", "P29_009": null }, "geometry": { "type": "Point", "coordinates": [ 130.541632169565816, 32.031105220705477 ] } },
{ "type": "Feature", "properties": { "P29_001": "46224", "P29_002": "B146210001005", "P29_003": "16001", "P29_004": "伊佐市立曽木小学校", "P29_005": "鹿児島県伊佐市大口曽木1753", "P29_006": "3", "P29_007": "1", "P29_008": "00", "P29_009": null }, "geometry": { "type": "Point", "coordinates": [ 130.601189494739685, 32.005291755756261 ] } },
{ "type": "Feature", "properties": { "P29_001": "46224", "P29_002": "B146210001014", "P29_003": "16001", "P29_004": "伊佐市立針持小学校", "P29_005": "鹿児島県伊佐市大口針持4275-2", "P29_006": "3", "P29_007": "1", "P29_008": "00", "P29_009": null }, "geometry": { "type": "Point", "coordinates": [ 130.58034183416359, 31.982858535546761 ] } },
{ "type": "Feature", "properties": { "P29_001": "46218", "P29_002": "B146210001023", "P29_003": "16001", "P29_004": "霧島市立国分北小学校", "P29_005": "鹿児島県霧島市国分新町1332", "P29_006": "3", "P29_007": "1", "P29_008": "00", "P29_009": null }, "geometry": { "type": "Point", "coordinates": [ 130.780309761966606, 31.760949623593941 ] } },
{ "type": "Feature", "properties": { "P29_001": "46218", "P29_002": "B146210001032", "P29_003": "16001", "P29_004": "霧島市立木原小学校", "P29_005": "鹿児島県霧島市国分郡田3592", "P29_006": "3", "P29_007": "1", "P29_008": "00", "P29_009": null }, "geometry": { "type": "Point", "coordinates": [ 130.852111110551249, 31.774776065410322 ] } },
{ "type": "Feature", "properties": { "P29_001": "46218", "P29_002": "B146210001041", "P29_003": "16001", "P29_004": "霧島市立川原小学校", "P29_005": "鹿児島県霧島市国分川原2654", "P29_006": "3", "P29_007": "1", "P29_008": "00", "P29_009": null }, "geometry": { "type": "Point", "coordinates": [ 130.814051789732559, 31.742522608843043 ] } },
{ "type": "Feature", "properties": { "P29_001": "46218", "P29_002": "B146210001050", "P29_003": "16001", "P29_004": "霧島市立国分小学校", "P29_005": "鹿児島県霧島市国分中央2-5-1", "P29_006": "3", "P29_007": "1", "P29_008": "00", "P29_009": null }, "geometry": { "type": "Point", "coordinates": [ 130.773981828235065, 31.741763654420186 ] } },
{ "type": "Feature", "properties": { "P29_001": "46218", "P29_002": "B146210001069", "P29_003": "16001", "P29_004": "霧島市立向花小学校", "P29_005": "鹿児島県霧島市国分府中町4-1", "P29_006": "3", "P29_007": "1", "P29_008": "00", "P29_009": null }, "geometry": { "type": "Point", "coordinates": [ 130.760981042064458, 31.747102822057528 ] } },
{ "type": "Feature", "properties": { "P29_001": "46218", "P29_002": "B146210001078", "P29_003": "16001", "P29_004": "霧島市立上小川小学校", "P29_005": "鹿児島県霧島市上小川875", "P29_006": "3", "P29_007": "1", "P29_008": "00", "P29_009": null }, "geometry": { "type": "Point", "coordinates": [ 130.773307589943784, 31.724112917984922 ] } },
{ "type": "Feature", "properties": { "P29_001": "46218", "P29_002": "B146210001087", "P29_003": "16001", "P29_004": "霧島市立国分西小学校", "P29_005": "鹿児島県霧島市国分広瀬2-9-1", "P29_006": "3", "P29_007": "1", "P29_008": "00", "P29_009": null }, "geometry": { "type": "Point", "coordinates": [ 130.760533109733984, 31.722633636792651 ] } },
{ "type": "Feature", "properties": { "P29_001": "46218", "P29_002": "B146210001096", "P29_003": "16001", "P29_004": "霧島市立平山小学校", "P29_005": "鹿児島県霧島市国分川内3053", "P29_006": "3", "P29_007": "1", "P29_008": "00", "P29_009": null }, "geometry": { "type": "Point", "coordinates": [ 130.841210640759783, 31.712901305966788 ] } },
{ "type": "Feature", "properties": { "P29_001": "46218", "P29_002": "B146210001103", "P29_003": "16001", "P29_004": "霧島市立塚脇小学校", "P29_005": "鹿児島県霧島市国分上之段2284", "P29_006": "3", "P29_007": "1", "P29_008": "00", "P29_009": null }, "geometry": { "type": "Point", "coordinates": [ 130.863105637104326, 31.682601657188048 ] } },
{ "type": "Feature", "properties": { "P29_001": "46214", "P29_002": "B146210001112", "P29_003": "16001", "P29_004": "垂水市立新城小学校", "P29_005": "鹿児島県垂水市新城3548", "P29_006": "3", "P29_007": "1", "P29_008": "00", "P29_009": null }, "geometry": { "type": "Point", "coordinates": [ 130.746181711086905, 31.43706758216512 ] } },
{ "type": "Feature", "properties": { "P29_001": "46214", "P29_002": "B146210001121", "P29_003": "16001", "P29_004": "垂水市立垂水小学校", "P29_005": "鹿児島県垂水市田神144", "P29_006": "3", "P29_007": "1", "P29_008": "00", "P29_009": null }, "geometry": { "type": "Point", "coordinates": [ 130.706721309306005, 31.492544261124838 ] } },
{ "type": "Feature", "properties": { "P29_001": "46214", "P29_002": "B146210001130", "P29_003": "16001", "P29_004": "垂水市立水之上小学校", "P29_005": "鹿児島県垂水市本城649-1", "P29_006": "3", "P29_007": "1", "P29_008": "00", "P29_009": null }, "geometry": { "type": "Point", "coordinates": [ 130.720958102011423, 31.482915651421777 ] } },
{ "type": "Feature", "properties": { "P29_001": "46214", "P29_002": "B146210001149", "P29_003": "16001", "P29_004": "垂水市立柊原小学校", "P29_005": "鹿児島県垂水市柊原390", "P29_006": "3", "P29_007": "1", "P29_008": "00", "P29_009": null }, "geometry": { "type": "Point", "coordinates": [ 130.706712122554222, 31.459510427171452 ] } },
{ "type": "Feature", "properties": { "P29_001": "46214", "P29_002": "B146210001158", "P29_003": "16001", "P29_004": "垂水市立協和小学校", "P29_005": "鹿児島県垂水市海潟865", "P29_006": "3", "P29_007": "1", "P29_008": "00", "P29_009": null }, "geometry": { "type": "Point", "coordinates": [ 130.701699810728485, 31.525131892902884 ] } },
{ "type": "Feature", "properties": { "P29_001": "46214", "P29_002": "B146210001167", "P29_003": "16001", "P29_004": "垂水市立牛根小学校", "P29_005": "鹿児島県垂水市二川519-1", "P29_006": "3", "P29_007": "1", "P29_008": "00", "P29_009": null }, "geometry": { "type": "Point", "coordinates": [ 130.785012221257915, 31.582038738660785 ] } },
{ "type": "Feature", "properties": { "P29_001": "46214", "P29_002": "B146210001176", "P29_003": "16001", "P29_004": "垂水市立松ケ崎小学校", "P29_005": "鹿児島県垂水市牛根麓1172", "P29_006": "3", "P29_007": "1", "P29_008": "00", "P29_009": null }, "geometry": { "type": "Point", "coordinates": [ 130.749489848946325, 31.55759820454994 ] } },
{ "type": "Feature", "properties": { "P29_001": "46214", "P29_002": "B146210001185", "P29_003": "16001", "P29_004": "垂水市立境小学校", "P29_005": "鹿児島県垂水市牛根境1211-8", "P29_006": "3", "P29_007": "9", "P29_008": "00", "P29_009": null }, "geometry": { "type": "Point", "coordinates": [ 130.795399590705614, 31.60964283907057 ] } },
{ "type": "Feature", "properties": { "P29_001": "46203", "P29_002": "B146210001194", "P29_003": "16001", "P29_004": "鹿屋市立鹿屋小学校", "P29_005": "鹿児島県鹿屋市打馬1-1-6", "P29_006": "3", "P29_007": "1", "P29_008": "00", "P29_009": null }, "geometry": { "type": "Point", "coordinates": [ 130.852777945256719, 31.391332818312229 ] } },
{ "type": "Feature", "properties": { "P29_001": "46203", "P29_002": "B146210001201", "P29_003": "16001", "P29_004": "鹿屋市立祓川小学校", "P29_005": "鹿児島県鹿屋市祓川町4726", "P29_006": "3", "P29_007": "1", "P29_008": "00", "P29_009": null }, "geometry": { "type": "Point", "coordinates": [ 130.850945448387563, 31.426610956830444 ] } },
{ "type": "Feature", "properties": { "P29_001": "46203", "P29_002": "B146210001210", "P29_003": "16001", "P29_004": "鹿屋市立東原小学校", "P29_005": "鹿児島県鹿屋市東原町5964-1", "P29_006": "3", "P29_007": "1", "P29_008": "00", "P29_009": null }, "geometry": { "type": "Point", "coordinates": [ 130.882571809169292, 31.424954804960016 ] } },
{ "type": "Feature", "properties": { "P29_001": "46203", "P29_002": "B146210001229", "P29_003": "16001", "P29_004": "鹿屋市立笠野原小学校", "P29_005": "鹿児島県鹿屋市笠之原町43-6", "P29_006": "3", "P29_007": "1", "P29_008": "00", "P29_009": null }, "geometry": { "type": "Point", "coordinates": [ 130.889421647013393, 31.385447346398749 ] } },
{ "type": "Feature", "properties": { "P29_001": "46203", "P29_002": "B146210001238", "P29_003": "16001", "P29_004": "鹿屋市立寿小学校", "P29_005": "鹿児島県鹿屋市寿5-20-2", "P29_006": "3", "P29_007": "1", "P29_008": "00", "P29_009": null }, "geometry": { "type": "Point", "coordinates": [ 130.863493760586834, 31.384817592500841 ] } },
{ "type": "Feature", "properties": { "P29_001": "46203", "P29_002": "B146210001247", "P29_003": "16001", "P29_004": "鹿屋市立田崎小学校", "P29_005": "鹿児島県鹿屋市川西町4780", "P29_006": "3", "P29_007": "1", "P29_008": "00", "P29_009": null }, "geometry": { "type": "Point", "coordinates": [ 130.876361881691821, 31.365537287173598 ] } },
{ "type": "Feature", "properties": { "P29_001": "46203", "P29_002": "B146210001256", "P29_003": "16001", "P29_004": "鹿屋市立西原小学校", "P29_005": "鹿児島県鹿屋市西原1-15-3", "P29_006": "3", "P29_007": "1", "P29_008": "00", "P29_009": null }, "geometry": { "type": "Point", "coordinates": [ 130.840750122244714, 31.388186342179214 ] } },
{ "type": "Feature", "properties": { "P29_001": "46203", "P29_002": "B146210001265", "P29_003": "16001", "P29_004": "鹿屋市立野里小学校", "P29_005": "鹿児島県鹿屋市上野町4155", "P29_006": "3", "P29_007": "1", "P29_008": "00", "P29_009": null }, "geometry": { "type": "Point", "coordinates": [ 130.820294623792734, 31.371688615267967 ] } },
{ "type": "Feature", "properties": { "P29_001": "46203", "P29_002": "B146210001274", "P29_003": "16001", "P29_004": "鹿屋市立大姶良小学校", "P29_005": "鹿児島県鹿屋市田淵町1950", "P29_006": "3", "P29_007": "1", "P29_008": "00", "P29_009": null }, "geometry": { "type": "Point", "coordinates": [ 130.834591803305614, 31.33744891910688 ] } },
{ "type": "Feature", "properties": { "P29_001": "46203", "P29_002": "B146210001283", "P29_003": "16001", "P29_004": "鹿屋市立南小学校", "P29_005": "鹿児島県鹿屋市南町192", "P29_006": "3", "P29_007": "1", "P29_008": "00", "P29_009": null }, "geometry": { "type": "Point", "coordinates": [ 130.868179374920658, 31.329496306234084 ] } },
{ "type": "Feature", "properties": { "P29_001": "46203", "P29_002": "B146210001292", "P29_003": "16001", "P29_004": "鹿屋市立西俣小学校", "P29_005": "鹿児島県鹿屋市飯隈町2976", "P29_006": "3", "P29_007": "1", "P29_008": "00", "P29_009": null }, "geometry": { "type": "Point", "coordinates": [ 130.875563523624891, 31.335659224469083 ] } },
{ "type": "Feature", "properties": { "P29_001": "46203", "P29_002": "B146210001309", "P29_003": "16001", "P29_004": "鹿屋市立高隈小学校", "P29_005": "鹿児島県鹿屋市上高隈町69", "P29_006": "3", "P29_007": "1", "P29_008": "00", "P29_009": null }, "geometry": { "type": "Point", "coordinates": [ 130.873695676150533, 31.489019086469767 ] } },
{ "type": "Feature", "properties": { "P29_001": "46203", "P29_002": "B146210001318", "P29_003": "16001", "P29_004": "鹿屋市立大黒小学校", "P29_005": "鹿児島県鹿屋市下高隈町4622", "P29_006": "3", "P29_007": "1", "P29_008": "00", "P29_009": null }, "geometry": { "type": "Point", "coordinates": [ 130.879953299104017, 31.461053736399833 ] } },
{ "type": "Feature", "properties": { "P29_001": "46213", "P29_002": "B146210001327", "P29_003": "16001", "P29_004": "西之表市立榕城小学校", "P29_005": "鹿児島県西之表市西之表7545", "P29_006": "3", "P29_007": "1", "P29_008": "00", "P29_009": null }, "geometry": { "type": "Point", "coordinates": [ 131.00063234783758, 30.733933020701723 ] } },
{ "type": "Feature", "properties": { "P29_001": "46213", "P29_002": "B146210001336", "P29_003": "16001", "P29_004": "西之表市立上西小学校", "P29_005": "鹿児島県西之表市西之表874", "P29_006": "3", "P29_007": "1", "P29_008": "00", "P29_009": null }, "geometry": { "type": "Point", "coordinates": [ 131.009216193445212, 30.751746941091536 ] } },
{ "type": "Feature", "properties": { "P29_001": "46213", "P29_002": "B146210001345", "P29_003": "16001", "P29_004": "西之表市立下西小学校", "P29_005": "鹿児島県西之表市西之表15358", "P29_006": "3", "P29_007": "1", "P29_008": "00", "P29_009": null }, "geometry": { "type": "Point", "coordinates": [ 130.988034884953294, 30.719131700077476 ] } },
{ "type": "Feature", "properties": { "P29_001": "46213", "P29_002": "B146210001354", "P29_003": "16001", "P29_004": "西之表市立国上小学校", "P29_005": "鹿児島県西之表市国上2181", "P29_006": "3", "P29_007": "1", "P29_008": "00", "P29_009": null }, "geometry": { "type": "Point", "coordinates": [ 131.036604294217824, 30.808919755020145 ] } },
{ "type": "Feature", "properties": { "P29_001": "46213", "P29_002": "B146210001363", "P29_003": "16001", "P29_004": "西之表市立伊関小学校", "P29_005": "鹿児島県西之表市伊関461-1", "P29_006": "3", "P29_007": "1", "P29_008": "00", "P29_009": null }, "geometry": { "type": "Point", "coordinates": [ 131.069918483417865, 30.770307425079654 ] } },
{ "type": "Feature", "properties": { "P29_001": "46213", "P29_002": "B146210001372", "P29_003": "16001", "P29_004": "西之表市立安納小学校", "P29_005": "鹿児島県西之表市安納976", "P29_006": "3", "P29_007": "1", "P29_008": "00", "P29_009": null }, "geometry": { "type": "Point", "coordinates": [ 131.060783271926624, 30.730895551191477 ] } },
{ "type": "Feature", "properties": { "P29_001": "46213", "P29_002": "B146210001381", "P29_003": "16001", "P29_004": "西之表市立現和小学校", "P29_005": "鹿児島県西之表市現和6232", "P29_006": "3", "P29_007": "1", "P29_008": "00", "P29_009": null }, "geometry": { "type": "Point", "coordinates": [ 131.058331213961878, 30.697161020892139 ] } },
{ "type": "Feature", "properties": { "P29_001": "46213", "P29_002": "B146210001390", "P29_003": "16001", "P29_004": "西之表市立安城小学校", "P29_005": "鹿児島県西之表市安城1006", "P29_006": "3", "P29_007": "1", "P29_008": "00", "P29_009": null }, "geometry": { "type": "Point", "coordinates": [ 131.043814036975391, 30.652057351283641 ] } },
{ "type": "Feature", "properties": { "P29_001": "46213", "P29_002": "B146210001407", "P29_003": "16001", "P29_004": "西之表市立立山小学校", "P29_005": "鹿児島県西之表市安城2959", "P29_006": "3", "P29_007": "1", "P29_008": "00", "P29_009": null }, "geometry": { "type": "Point", "coordinates": [ 131.046391818645333, 30.612524310497495 ] } },
{ "type": "Feature", "properties": { "P29_001": "46213", "P29_002": "B146210001416", "P29_003": "16001", "P29_004": "西之表市立古田小学校", "P29_005": "鹿児島県西之表市古田1225", "P29_006": "3", "P29_007": "1", "P29_008": "00", "P29_009": null }, "geometry": { "type": "Point", "coordinates": [ 131.00406768623921, 30.658280289276462 ] } },
{ "type": "Feature", "properties": { "P29_001": "46213", "P29_002": "B146210001425", "P29_003": "16001", "P29_004": "西之表市立住吉小学校", "P29_005": "鹿児島県西之表市住吉3551", "P29_006": "3", "P29_007": "1", "P29_008": "00", "P29_009": null }, "geometry": { "type": "Point", "coordinates": [ 130.947857234281713, 30.669092901395896 ] } },
{ "type": "Feature", "properties": { "P29_001": "46222", "P29_002": "B146210001434", "P29_003": "16001", "P29_004": "奄美市立名瀬小学校", "P29_005": "鹿児島県奄美市永田町1-1", "P29_006": "3", "P29_007": "1", "P29_008": "00", "P29_009": null }, "geometry": { "type": "Point", "coordinates": [ 129.492988194278951, 28.376567839872898 ] } },
{ "type": "Feature", "properties": { "P29_001": "46222", "P29_002": "B146210001443", "P29_003": "16001", "P29_004": "奄美市立奄美小学校", "P29_005": "鹿児島県奄美市名瀬久里町15-10", "P29_006": "3", "P29_007": "1", "P29_008": "00", "P29_009": null }, "geometry": { "type": "Point", "coordinates": [ 129.497341649071188, 28.372893595967707 ] } },
{ "type": "Feature", "properties": { "P29_001": "46222", "P29_002": "B146210001452", "P29_003": "16001", "P29_004": "奄美市立伊津部小学校", "P29_005": "鹿児島県奄美市名瀬小浜町14-1", "P29_006": "3", "P29_007": "1", "P29_008": "00", "P29_009": null }, "geometry": { "type": "Point", "coordinates": [ 129.503107900472202, 28.383410341585897 ] } },
{ "type": "Feature", "properties": { "P29_001": "46222", "P29_002": "B146210001461", "P29_003": "16001", "P29_004": "奄美市立朝日小学校", "P29_005": "鹿児島県奄美市名瀬朝日町31-2", "P29_006": "3", "P29_007": "1", "P29_008": "00", "P29_009": null }, "geometry": { "type": "Point", "coordinates": [ 129.529977550354857, 28.397527884106644 ] } },
{ "type": "Feature", "properties": { "P29_001": "46222", "P29_002": "B146210001470", "P29_003": "16001", "P29_004": "奄美市立小宿小学校", "P29_005": "鹿児島県奄美市小宿900", "P29_006": "3", "P29_007": "1", "P29_008": "00", "P29_009": null }, "geometry": { "type": "Point", "coordinates": [ 129.464780448293197, 28.39443695580238 ] } },
{ "type": "Feature", "properties": { "P29_001": "46222", "P29_002": "B146210001489", "P29_003": "16001", "P29_004": "奄美市立知根小学校", "P29_005": "鹿児島県奄美市名瀬根瀬部有免91", "P29_006": "3", "P29_007": "1", "P29_008": "00", "P29_009": null }, "geometry": { "type": "Point", "coordinates": [ 129.438797012938608, 28.379523348040053 ] } },
{ "type": "Feature", "properties": { "P29_001": "46222", "P29_002": "B146210001498", "P29_003": "16001", "P29_004": "奄美市立小湊小学校", "P29_005": "鹿児島県奄美市名瀬小湊281", "P29_006": "3", "P29_007": "1", "P29_008": "00", "P29_009": null }, "geometry": { "type": "Point", "coordinates": [ 129.531138801758459, 28.322353942930306 ] } },
{ "type": "Feature", "properties": { "P29_001": "46222", "P29_002": "B146210001504", "P29_003": "16001", "P29_004": "奄美市立大川小学校", "P29_005": "鹿児島県奄美市名瀬大字西仲勝1201-3", "P29_006": "3", "P29_007": "1", "P29_008": "00", "P29_009": null }, "geometry": { "type": "Point", "coordinates": [ 129.508601810958993, 28.325575853133046 ] } },
{ "type": "Feature", "properties": { "P29_001": "46222", "P29_002": "B146210001513", "P29_003": "16001", "P29_004": "奄美市立芦花部小学校", "P29_005": "鹿児島県奄美市名瀬芦花部585", "P29_006": "3", "P29_007": "1", "P29_008": "00", "P29_009": null }, "geometry": { "type": "Point", "coordinates": [ 129.540173343187405, 28.438881708764907 ] } },
{ "type": "Feature", "properties": { "P29_001": "46222", "P29_002": "B146210001522", "P29_003": "16001", "P29_004": "奄美市立崎原小学校", "P29_005": "鹿児島県奄美市名瀬崎原44", "P29_006": "3", "P29_007": "1", "P29_008": "00", "P29_009": null }, "geometry": { "type": "Point", "coordinates": [ 129.560948821457458, 28.336543505539492 ] } },
{ "type": "Feature", "properties": { "P29_001": "46201", "P29_002": "B146210001531", "P29_003": "16001", "P29_004": "鹿児島市立桜峰小学校", "P29_005": "鹿児島県鹿児島市桜島松浦町355", "P29_006": "3", "P29_007": "1", "P29_008": "00", "P29_009": null }, "geometry": { "type": "Point", "coordinates": [ 130.643920808808815, 31.620217744137864 ] } },
{ "type": "Feature", "properties": { "P29_001": "46201", "P29_002": "B146210001540", "P29_003": "16001", "P29_004": "鹿児島市立桜洲小学校", "P29_005": "鹿児島県鹿児島市桜島小池町55", "P29_006": "3", "P29_007": "1", "P29_008": "00", "P29_009": null }, "geometry": { "type": "Point", "coordinates": [ 130.608466491525405, 31.597664392121885 ] } },
{ "type": "Feature", "properties": { "P29_001": "46201", "P29_002": "B146210001559", "P29_003": "16001", "P29_004": "鹿児島市立吉田小学校", "P29_005": "鹿児島県鹿児島市西佐多町185-4", "P29_006": "3", "P29_007": "1", "P29_008": "00", "P29_009": null }, "geometry": { "type": "Point", "coordinates": [ 130.568644997734594, 31.737252995318052 ] } },
{ "type": "Feature", "properties": { "P29_001": "46201", "P29_002": "B146210001568", "P29_003": "16001", "P29_004": "鹿児島市立本名小学校", "P29_005": "鹿児島県鹿児島市本名町3579", "P29_006": "3", "P29_007": "1", "P29_008": "00", "P29_009": null }, "geometry": { "type": "Point", "coordinates": [ 130.545210127353755, 31.700209098090006 ] } },
{ "type": "Feature", "properties": { "P29_001": "46201", "P29_002": "B146210001577", "P29_003": "16001", "P29_004": "鹿児島市立宮小学校", "P29_005": "鹿児島県鹿児島市宮之浦町1953", "P29_006": "3", "P29_007": "1", "P29_008": "00", "P29_009": null }, "geometry": { "type": "Point", "coordinates": [ 130.564928875921566, 31.676741958051124 ] } },
{ "type": "Feature", "properties": { "P29_001": "46201", "P29_002": "B146210001586", "P29_003": "16001", "P29_004": "鹿児島市立本城小学校", "P29_005": "鹿児島県鹿児島市本城町1705", "P29_006": "3", "P29_007": "1", "P29_008": "00", "P29_009": null }, "geometry": { "type": "Point", "coordinates": [ 130.558178420426742, 31.710974267859434 ] } },
{ "type": "Feature", "properties": { "P29_001": "46201", "P29_002": "B146210001595", "P29_003": "16001", "P29_004": "鹿児島市立瀬々串小学校", "P29_005": "鹿児島県鹿児島市喜入瀬々串町3103-2", "P29_006": "3", "P29_007": "1", "P29_008": "00", "P29_009": null }, "geometry": { "type": "Point", "coordinates": [ 130.520228643777926, 31.422510928272757 ] } },
{ "type": "Feature", "properties": { "P29_001": "46201", "P29_002": "B146210001602", "P29_003": "16001", "P29_004": "鹿児島市立中名小学校", "P29_005": "鹿児島県鹿児島市喜入中名町1079", "P29_006": "3", "P29_007": "1", "P29_008": "00", "P29_009": null }, "geometry": { "type": "Point", "coordinates": [ 130.533007723556494, 31.391356430851353 ] } },
{ "type": "Feature", "properties": { "P29_001": "46201", "P29_002": "B146210001611", "P29_003": "16001", "P29_004": "鹿児島市立喜入小学校", "P29_005": "鹿児島県鹿児島市喜入町6993", "P29_006": "3", "P29_007": "1", "P29_008": "00", "P29_009": null }, "geometry": { "type": "Point", "coordinates": [ 130.541073632389214, 31.374932766313719 ] } },
{ "type": "Feature", "properties": { "P29_001": "46201", "P29_002": "B146210001620", "P29_003": "16001", "P29_004": "鹿児島市立前之浜小学校", "P29_005": "鹿児島県鹿児島市喜入前之浜町7036", "P29_006": "3", "P29_007": "1", "P29_008": "00", "P29_009": null }, "geometry": { "type": "Point", "coordinates": [ 130.551096327726071, 31.343695432928534 ] } },
{ "type": "Feature", "properties": { "P29_001": "46201", "P29_002": "B146210001639", "P29_003": "16001", "P29_004": "鹿児島市立生見小学校", "P29_005": "鹿児島県鹿児島市喜入生見町1365", "P29_006": "3", "P29_007": "1", "P29_008": "00", "P29_009": null }, "geometry": { "type": "Point", "coordinates": [ 130.570528029417204, 31.311785276467514 ] } },
{ "type": "Feature", "properties": { "P29_001": "46201", "P29_002": "B146210001648", "P29_003": "16001", "P29_004": "鹿児島市立一倉小学校", "P29_005": "鹿児島県鹿児島市喜入一倉町5335", "P29_006": "3", "P29_007": "1", "P29_008": "00", "P29_009": null }, "geometry": { "type": "Point", "coordinates": [ 130.523343823883152, 31.351426551384336 ] } },
{ "type": "Feature", "properties": { "P29_001": "46210", "P29_002": "B146210001657", "P29_003": "16001", "P29_004": "指宿市立山川小学校", "P29_005": "鹿児島県指宿市山川成川3260", "P29_006": "3", "P29_007": "1", "P29_008": "00", "P29_009": null }, "geometry": { "type": "Point", "coordinates": [ 130.609763322474038, 31.206320851230267 ] } },
{ "type": "Feature", "properties": { "P29_001": "46210", "P29_002": "B146210001693", "P29_003": "16001", "P29_004": "指宿市立開聞小学校", "P29_005": "鹿児島県指宿市開聞十町2399", "P29_006": "3", "P29_007": "1", "P29_008": "00", "P29_009": null }, "geometry": { "type": "Point", "coordinates": [ 130.535462901006952, 31.206831532392624 ] } },
{ "type": "Feature", "properties": { "P29_001": "46210", "P29_002": "B146210001700", "P29_003": "16001", "P29_004": "指宿市立川尻小学校", "P29_005": "鹿児島県指宿市開聞川尻5530", "P29_006": "3", "P29_007": "1", "P29_008": "00", "P29_009": null }, "geometry": { "type": "Point", "coordinates": [ 130.560648664759469, 31.180951310437877 ] } },
{ "type": "Feature", "properties": { "P29_001": "46223", "P29_002": "B146210001719", "P29_003": "16001", "P29_004": "南九州市立頴娃小学校", "P29_005": "鹿児島県南九州市頴娃町郡9201", "P29_006": "3", "P29_007": "1", "P29_008": "00", "P29_009": null }, "geometry": { "type": "Point", "coordinates": [ 130.505830325288485, 31.234639474948196 ] } },
{ "type": "Feature", "properties": { "P29_001": "46223", "P29_002": "B146210001728", "P29_003": "16001", "P29_004": "南九州市立宮脇小学校", "P29_005": "鹿児島県南九州市頴娃町牧之内1476", "P29_006": "3", "P29_007": "1", "P29_008": "00", "P29_009": null }, "geometry": { "type": "Point", "coordinates": [ 130.489793489128942, 31.250906670407254 ] } },
{ "type": "Feature", "properties": { "P29_001": "46223", "P29_002": "B146210001737", "P29_003": "16001", "P29_004": "南九州市立九玉小学校", "P29_005": "鹿児島県南九州市頴娃町御領3434-1", "P29_006": "3", "P29_007": "1", "P29_008": "00", "P29_009": null }, "geometry": { "type": "Point", "coordinates": [ 130.478548461811272, 31.253074467331285 ] } },
{ "type": "Feature", "properties": { "P29_001": "46223", "P29_002": "B146210001746", "P29_003": "16001", "P29_004": "南九州市立別府小学校", "P29_005": "鹿児島県南九州市頴娃町別府5140-1", "P29_006": "3", "P29_007": "1", "P29_008": "00", "P29_009": null }, "geometry": { "type": "Point", "coordinates": [ 130.433045246577052, 31.252214038093769 ] } },
{ "type": "Feature", "properties": { "P29_001": "46223", "P29_002": "B146210001764", "P29_003": "16001", "P29_004": "南九州市立青戸小学校", "P29_005": "鹿児島県南九州市頴娃町上別府4541", "P29_006": "3", "P29_007": "1", "P29_008": "00", "P29_009": null }, "geometry": { "type": "Point", "coordinates": [ 130.464675927291665, 31.297643388876576 ] } },
{ "type": "Feature", "properties": { "P29_001": "46223", "P29_002": "B146210001773", "P29_003": "16001", "P29_004": "南九州市立粟ヶ窪小学校", "P29_005": "鹿児島県南九州市頴娃町牧之内9444", "P29_006": "3", "P29_007": "1", "P29_008": "00", "P29_009": null }, "geometry": { "type": "Point", "coordinates": [ 130.494869113620183, 31.277000895839134 ] } },
{ "type": "Feature", "properties": { "P29_001": "46220", "P29_002": "B146210001782", "P29_003": "16001", "P29_004": "南さつま市立大浦小学校", "P29_005": "鹿児島県南さつま市大浦町7182", "P29_006": "3", "P29_007": "1", "P29_008": "00", "P29_009": null }, "geometry": { "type": "Point", "coordinates": [ 130.225764906254426, 31.376461715636584 ] } },
{ "type": "Feature", "properties": { "P29_001": "46223", "P29_002": "B146210001791", "P29_003": "16001", "P29_004": "南九州市立知覧小学校", "P29_005": "鹿児島県南九州市知覧町郡14145-1", "P29_006": "3", "P29_007": "1", "P29_008": "00", "P29_009": null }, "geometry": { "type": "Point", "coordinates": [ 130.439930716264683, 31.380084559237101 ] } },
{ "type": "Feature", "properties": { "P29_001": "46223", "P29_002": "B146210001808", "P29_003": "16001", "P29_004": "南九州市立霜出小学校", "P29_005": "鹿児島県南九州市知覧町西元5656-1", "P29_006": "3", "P29_007": "1", "P29_008": "00", "P29_009": null }, "geometry": { "type": "Point", "coordinates": [ 130.417098749431602, 31.337063609911642 ] } },
{ "type": "Feature", "properties": { "P29_001": "46223", "P29_002": "B146210001817", "P29_003": "16001", "P29_004": "南九州市立松ヶ浦小学校", "P29_005": "鹿児島県南九州市知覧町南別府24941-1", "P29_006": "3", "P29_007": "1", "P29_008": "00", "P29_009": null }, "geometry": { "type": "Point", "coordinates": [ 130.393099539227848, 31.257578120965722 ] } },
{ "type": "Feature", "properties": { "P29_001": "46223", "P29_002": "B146210001835", "P29_003": "16001", "P29_004": "南九州市立中福良小学校", "P29_005": "鹿児島県南九州市知覧町永里5326", "P29_006": "3", "P29_007": "1", "P29_008": "00", "P29_009": null }, "geometry": { "type": "Point", "coordinates": [ 130.44699876090263, 31.346449452773587 ] } },
{ "type": "Feature", "properties": { "P29_001": "46223", "P29_002": "B146210001844", "P29_003": "16001", "P29_004": "南九州市立松山小学校", "P29_005": "鹿児島県南九州市知覧町塩屋15026", "P29_006": "3", "P29_007": "1", "P29_008": "00", "P29_009": null }, "geometry": { "type": "Point", "coordinates": [ 130.397603859840871, 31.289175554009176 ] } },
{ "type": "Feature", "properties": { "P29_001": "46223", "P29_002": "B146210001853", "P29_003": "16001", "P29_004": "南九州市立川辺小学校", "P29_005": "鹿児島県南九州市川辺町平山7086-2", "P29_006": "3", "P29_007": "1", "P29_008": "00", "P29_009": null }, "geometry": { "type": "Point", "coordinates": [ 130.398313700544435, 31.394005642503238 ] } },
{ "type": "Feature", "properties": { "P29_001": "46223", "P29_002": "B146210001862", "P29_003": "16001", "P29_004": "南九州市立高田小学校", "P29_005": "鹿児島県南九州市川辺町高田2371", "P29_006": "3", "P29_007": "1", "P29_008": "00", "P29_009": null }, "geometry": { "type": "Point", "coordinates": [ 130.381161862546264, 31.369767693419981 ] } },
{ "type": "Feature", "properties": { "P29_001": "46223", "P29_002": "B146210001871", "P29_003": "16001", "P29_004": "南九州市立清水小学校", "P29_005": "鹿児島県南九州市川辺町清水1531-1", "P29_006": "3", "P29_007": "1", "P29_008": "00", "P29_009": null }, "geometry": { "type": "Point", "coordinates": [ 130.415584671619428, 31.41064779157163 ] } },
{ "type": "Feature", "properties": { "P29_001": "46223", "P29_002": "B146210001880", "P29_003": "16001", "P29_004": "南九州市立勝目小学校", "P29_005": "鹿児島県南九州市川辺町上山田1884", "P29_006": "3", "P29_007": "1", "P29_008": "00", "P29_009": null }, "geometry": { "type": "Point", "coordinates": [ 130.353316361654578, 31.363838370413635 ] } },
{ "type": "Feature", "properties": { "P29_001": "46223", "P29_002": "B146210001899", "P29_003": "16001", "P29_004": "南九州市立大丸小学校", "P29_005": "鹿児島県南九州市川辺町上山田7607", "P29_006": "3", "P29_007": "1", "P29_008": "00", "P29_009": null }, "geometry": { "type": "Point", "coordinates": [ 130.342442229116642, 31.345202488007931 ] } },
{ "type": "Feature", "properties": { "P29_001": "46219", "P29_002": "B146210001906", "P29_003": "16001", "P29_004": "いちき串木野市立市来小学校", "P29_005": "鹿児島県いちき串木野市大里3731", "P29_006": "3", "P29_007": "1", "P29_008": "00", "P29_009": null }, "geometry": { "type": "Point", "coordinates": [ 130.295016076204689, 31.686379484261309 ] } },
{ "type": "Feature", "properties": { "P29_001": "46219", "P29_002": "B146210001915", "P29_003": "16001", "P29_004": "いちき串木野市立川上小学校", "P29_005": "鹿児島県いちき串木野市川上1200", "P29_006": "3", "P29_007": "1", "P29_008": "00", "P29_009": null }, "geometry": { "type": "Point", "coordinates": [ 130.326486880541466, 31.714053308548586 ] } },
{ "type": "Feature", "properties": { "P29_001": "46216", "P29_002": "B146210001924", "P29_003": "16001", "P29_004": "日置市立鶴丸小学校", "P29_005": "鹿児島県日置市東市来町長里165", "P29_006": "3", "P29_007": "1", "P29_008": "00", "P29_009": null }, "geometry": { "type": "Point", "coordinates": [ 130.349564638751502, 31.659690204070198 ] } },
{ "type": "Feature", "properties": { "P29_001": "46216", "P29_002": "B146210001933", "P29_003": "16001", "P29_004": "日置市立伊作田小学校", "P29_005": "鹿児島県日置市東市来町伊作田2056-1", "P29_006": "3", "P29_007": "1", "P29_008": "00", "P29_009": null }, "geometry": { "type": "Point", "coordinates": [ 130.324925855034394, 31.649759328955678 ] } },
{ "type": "Feature", "properties": { "P29_001": "46216", "P29_002": "B146210001942", "P29_003": "16001", "P29_004": "日置市立湯田小学校", "P29_005": "鹿児島県日置市東市来町湯田4042-3", "P29_006": "3", "P29_007": "1", "P29_008": "00", "P29_009": null }, "geometry": { "type": "Point", "coordinates": [ 130.333791679239198, 31.674802444857026 ] } },
{ "type": "Feature", "properties": { "P29_001": "46216", "P29_002": "B146210001951", "P29_003": "16001", "P29_004": "日置市立上市来小学校", "P29_005": "鹿児島県日置市東市来町養母11421", "P29_006": "3", "P29_007": "1", "P29_008": "00", "P29_009": null }, "geometry": { "type": "Point", "coordinates": [ 130.39187071007467, 31.677104198925132 ] } },
{ "type": "Feature", "properties": { "P29_001": "46216", "P29_002": "B146210001960", "P29_003": "16001", "P29_004": "日置市立美山小学校", "P29_005": "鹿児島県日置市東市来町美山89-2", "P29_006": "3", "P29_007": "1", "P29_008": "00", "P29_009": null }, "geometry": { "type": "Point", "coordinates": [ 130.352632841337993, 31.638293864028665 ] } },
{ "type": "Feature", "properties": { "P29_001": "46216", "P29_002": "B146210001979", "P29_003": "16001", "P29_004": "日置市立伊集院小学校", "P29_005": "鹿児島県日置市伊集院町下谷口1836", "P29_006": "3", "P29_007": "1", "P29_008": "00", "P29_009": null }, "geometry": { "type": "Point", "coordinates": [ 130.395588890542058, 31.626494118446132 ] } },
{ "type": "Feature", "properties": { "P29_001": "46216", "P29_002": "B146210001988", "P29_003": "16001", "P29_004": "日置市立飯牟礼小学校", "P29_005": "鹿児島県日置市伊集院町飯牟礼1049-1", "P29_006": "3", "P29_007": "1", "P29_008": "00", "P29_009": null }, "geometry": { "type": "Point", "coordinates": [ 130.391368645417913, 31.606190160721521 ] } },
{ "type": "Feature", "properties": { "P29_001": "46216", "P29_002": "B146210001997", "P29_003": "16001", "P29_004": "日置市立土橋小学校", "P29_005": "鹿児島県日置市伊集院町土橋1377", "P29_006": "3", "P29_007": "1", "P29_008": "00", "P29_009": null }, "geometry": { "type": "Point", "coordinates": [ 130.447186741792081, 31.639599929576939 ] } },
{ "type": "Feature", "properties": { "P29_001": "46216", "P29_002": "B146210002004", "P29_003": "16001", "P29_004": "日置市立伊集院北小学校", "P29_005": "鹿児島県日置市伊集院町下神殿1995", "P29_006": "3", "P29_007": "1", "P29_008": "00", "P29_009": null }, "geometry": { "type": "Point", "coordinates": [ 130.415436372076471, 31.654260721581498 ] } },
{ "type": "Feature", "properties": { "P29_001": "46201", "P29_002": "B146210002013", "P29_003": "16001", "P29_004": "鹿児島市立松元小学校", "P29_005": "鹿児島県鹿児島市上谷口町956-1", "P29_006": "3", "P29_007": "1", "P29_008": "00", "P29_009": null }, "geometry": { "type": "Point", "coordinates": [ 130.435238964616445, 31.60637652733006 ] } },
{ "type": "Feature", "properties": { "P29_001": "46201", "P29_002": "B146210002022", "P29_003": "16001", "P29_004": "鹿児島市立東昌小学校", "P29_005": "鹿児島県鹿児島市直木町4307-1", "P29_006": "3", "P29_007": "1", "P29_008": "00", "P29_009": null }, "geometry": { "type": "Point", "coordinates": [ 130.416408601797542, 31.584127352605915 ] } },
{ "type": "Feature", "properties": { "P29_001": "46201", "P29_002": "B146210002031", "P29_003": "16001", "P29_004": "鹿児島市立春山小学校", "P29_005": "鹿児島県鹿児島市春山町1824-2", "P29_006": "3", "P29_007": "1", "P29_008": "00", "P29_009": null }, "geometry": { "type": "Point", "coordinates": [ 130.457272730141, 31.583920902099578 ] } },
{ "type": "Feature", "properties": { "P29_001": "46201", "P29_002": "B146210002040", "P29_003": "16001", "P29_004": "鹿児島市立石谷小学校", "P29_005": "鹿児島県鹿児島市石谷町1360", "P29_006": "3", "P29_007": "1", "P29_008": "00", "P29_009": null }, "geometry": { "type": "Point", "coordinates": [ 130.460053840082537, 31.612658288800823 ] } },
{ "type": "Feature", "properties": { "P29_001": "46201", "P29_002": "B146210002059", "P29_003": "16001", "P29_004": "鹿児島市立郡山小学校", "P29_005": "鹿児島県鹿児島市郡山町2080", "P29_006": "3", "P29_007": "1", "P29_008": "00", "P29_009": null }, "geometry": { "type": "Point", "coordinates": [ 130.467517884054644, 31.680946754858898 ] } },
{ "type": "Feature", "properties": { "P29_001": "46201", "P29_002": "B146210002068", "P29_003": "16001", "P29_004": "鹿児島市立南方小学校", "P29_005": "鹿児島県鹿児島市川田町1415", "P29_006": "3", "P29_007": "1", "P29_008": "00", "P29_009": null }, "geometry": { "type": "Point", "coordinates": [ 130.505616493064991, 31.67817020480355 ] } },
{ "type": "Feature", "properties": { "P29_001": "46201", "P29_002": "B146210002077", "P29_003": "16001", "P29_004": "鹿児島市立花尾小学校", "P29_005": "鹿児島県鹿児島市花尾町170", "P29_006": "3", "P29_007": "1", "P29_008": "00", "P29_009": null }, "geometry": { "type": "Point", "coordinates": [ 130.492540447017006, 31.704979276177838 ] } },
{ "type": "Feature", "properties": { "P29_001": "46216", "P29_002": "B146210002086", "P29_003": "16001", "P29_004": "日置市立永吉小学校", "P29_005": "鹿児島県日置市吹上町永吉14126", "P29_006": "3", "P29_007": "1", "P29_008": "00", "P29_009": null }, "geometry": { "type": "Point", "coordinates": [ 130.356536040697762, 31.561169103973327 ] } },
{ "type": "Feature", "properties": { "P29_001": "46216", "P29_002": "B146210002095", "P29_003": "16001", "P29_004": "日置市立伊作小学校", "P29_005": "鹿児島県日置市吹上町中原2485", "P29_006": "3", "P29_007": "1", "P29_008": "00", "P29_009": null }, "geometry": { "type": "Point", "coordinates": [ 130.349123339452746, 31.510133288832098 ] } },
{ "type": "Feature", "properties": { "P29_001": "46216", "P29_002": "B146210002102", "P29_003": "16001", "P29_004": "日置市立花田小学校", "P29_005": "鹿児島県日置市吹上町田尻239", "P29_006": "3", "P29_007": "1", "P29_008": "00", "P29_009": null }, "geometry": { "type": "Point", "coordinates": [ 130.344763503200852, 31.525364144748103 ] } },
{ "type": "Feature", "properties": { "P29_001": "46216", "P29_002": "B146210002111", "P29_003": "16001", "P29_004": "日置市立和田小学校", "P29_005": "鹿児島県日置市吹上町和田2104", "P29_006": "3", "P29_007": "1", "P29_008": "00", "P29_009": null }, "geometry": { "type": "Point", "coordinates": [ 130.355783157061012, 31.486271923025395 ] } },
{ "type": "Feature", "properties": { "P29_001": "46215", "P29_002": "B146210002148", "P29_003": "16001", "P29_004": "薩摩川内市立樋脇小学校", "P29_005": "鹿児島県薩摩川内市樋脇町塔之原3624", "P29_006": "3", "P29_007": "1", "P29_008": "00", "P29_009": null }, "geometry": { "type": "Point", "coordinates": [ 130.386964850210035, 31.817732666429251 ] } },
{ "type": "Feature", "properties": { "P29_001": "46215", "P29_002": "B146210002157", "P29_003": "16001", "P29_004": "薩摩川内市立市比野小学校", "P29_005": "鹿児島県薩摩川内市樋脇町市比野2805", "P29_006": "3", "P29_007": "1", "P29_008": "00", "P29_009": null }, "geometry": { "type": "Point", "coordinates": [ 130.404502006281859, 31.785010122513068 ] } },
{ "type": "Feature", "properties": { "P29_001": "46215", "P29_002": "B146210002166", "P29_003": "16001", "P29_004": "薩摩川内市立入来小学校", "P29_005": "鹿児島県薩摩川内市入来町浦之名60", "P29_006": "3", "P29_007": "1", "P29_008": "00", "P29_009": null }, "geometry": { "type": "Point", "coordinates": [ 130.429189486379329, 31.806875092960375 ] } },
{ "type": "Feature", "properties": { "P29_001": "46215", "P29_002": "B146210002175", "P29_003": "16001", "P29_004": "薩摩川内市立副田小学校", "P29_005": "鹿児島県薩摩川内市入来町副田2030", "P29_006": "3", "P29_007": "1", "P29_008": "00", "P29_009": null }, "geometry": { "type": "Point", "coordinates": [ 130.430300518902641, 31.830645390482712 ] } },
{ "type": "Feature", "properties": { "P29_001": "46392", "P29_002": "B146210002184", "P29_003": "16001", "P29_004": "さつま町立山崎小学校", "P29_005": "鹿児島県薩摩郡さつま町山崎129-1", "P29_006": "3", "P29_007": "1", "P29_008": "00", "P29_009": null }, "geometry": { "type": "Point", "coordinates": [ 130.431260905756261, 31.864998876095196 ] } },
{ "type": "Feature", "properties": { "P29_001": "46392", "P29_002": "B146210002193", "P29_003": "16001", "P29_004": "さつま町立盈進小学校", "P29_005": "鹿児島県薩摩郡さつま町宮之城屋地1546-3", "P29_006": "3", "P29_007": "1", "P29_008": "00", "P29_009": null }, "geometry": { "type": "Point", "coordinates": [ 130.454178502937197, 31.905659285619333 ] } },
{ "type": "Feature", "properties": { "P29_001": "46392", "P29_002": "B146210002219", "P29_003": "16001", "P29_004": "さつま町立佐志小学校", "P29_005": "鹿児島県薩摩郡さつま町広瀬1177", "P29_006": "3", "P29_007": "1", "P29_008": "00", "P29_009": null }, "geometry": { "type": "Point", "coordinates": [ 130.492236565878358, 31.920490111924874 ] } },
{ "type": "Feature", "properties": { "P29_001": "46392", "P29_002": "B146210002228", "P29_003": "16001", "P29_004": "さつま町立鶴田小学校", "P29_005": "鹿児島県薩摩郡さつま町神子661-3", "P29_006": "3", "P29_007": "1", "P29_008": "00", "P29_009": null }, "geometry": { "type": "Point", "coordinates": [ 130.480650601737324, 31.94946455296882 ] } },
{ "type": "Feature", "properties": { "P29_001": "46392", "P29_002": "B146210002237", "P29_003": "16001", "P29_004": "さつま町立柏原小学校", "P29_005": "鹿児島県薩摩郡さつま町柏原1588", "P29_006": "3", "P29_007": "1", "P29_008": "00", "P29_009": null }, "geometry": { "type": "Point", "coordinates": [ 130.465469138609478, 31.930844471118139 ] } },
{ "type": "Feature", "properties": { "P29_001": "46392", "P29_002": "B146210002246", "P29_003": "16001", "P29_004": "さつま町立求名小学校", "P29_005": "鹿児島県薩摩郡さつま町求名2737", "P29_006": "3", "P29_007": "1", "P29_008": "00", "P29_009": null }, "geometry": { "type": "Point", "coordinates": [ 130.532044628137044, 31.941489227027581 ] } },
{ "type": "Feature", "properties": { "P29_001": "46392", "P29_002": "B146210002255", "P29_003": "16001", "P29_004": "さつま町立永野小学校", "P29_005": "鹿児島県薩摩郡さつま町永野2562", "P29_006": "3", "P29_007": "1", "P29_008": "00", "P29_009": null }, "geometry": { "type": "Point", "coordinates": [ 130.589794140584331, 31.928033141600615 ] } },
{ "type": "Feature", "properties": { "P29_001": "46392", "P29_002": "B146210002264", "P29_003": "16001", "P29_004": "さつま町立中津川小学校", "P29_005": "鹿児島県薩摩郡さつま町中津川4269", "P29_006": "3", "P29_007": "1", "P29_008": "00", "P29_009": null }, "geometry": { "type": "Point", "coordinates": [ 130.54116205940457, 31.905775198960889 ] } },
{ "type": "Feature", "properties": { "P29_001": "46215", "P29_002": "B146210002273", "P29_003": "16001", "P29_004": "薩摩川内市立黒木小学校", "P29_005": "鹿児島県薩摩川内市祁答院町黒木123", "P29_006": "3", "P29_007": "1", "P29_008": "00", "P29_009": null }, "geometry": { "type": "Point", "coordinates": [ 130.524878972158689, 31.886500346135492 ] } },
{ "type": "Feature", "properties": { "P29_001": "46215", "P29_002": "B146210002282", "P29_003": "16001", "P29_004": "薩摩川内市立上手小学校", "P29_005": "鹿児島県薩摩川内市祁答院町上手578", "P29_006": "3", "P29_007": "1", "P29_008": "00", "P29_009": null }, "geometry": { "type": "Point", "coordinates": [ 130.511759846724544, 31.868310834628474 ] } },
{ "type": "Feature", "properties": { "P29_001": "46215", "P29_002": "B146210002291", "P29_003": "16001", "P29_004": "薩摩川内市立大軣小学校", "P29_005": "鹿児島県薩摩川内市祁答院町下手974", "P29_006": "3", "P29_007": "1", "P29_008": "00", "P29_009": null }, "geometry": { "type": "Point", "coordinates": [ 130.495055772208161, 31.871816997595442 ] } },
{ "type": "Feature", "properties": { "P29_001": "46215", "P29_002": "B146210002308", "P29_003": "16001", "P29_004": "薩摩川内市立藺牟田小学校", "P29_005": "鹿児島県薩摩川内市祁答院町藺牟田108", "P29_006": "3", "P29_007": "1", "P29_008": "00", "P29_009": null }, "geometry": { "type": "Point", "coordinates": [ 130.487385231681259, 31.823933652454865 ] } },
{ "type": "Feature", "properties": { "P29_001": "46215", "P29_002": "B146210002317", "P29_003": "16001", "P29_004": "薩摩川内市立里小学校", "P29_005": "鹿児島県薩摩川内市里町里1601", "P29_006": "3", "P29_007": "1", "P29_008": "00", "P29_009": null }, "geometry": { "type": "Point", "coordinates": [ 129.918962281563353, 31.840085430043377 ] } },
{ "type": "Feature", "properties": { "P29_001": "46215", "P29_002": "B146210002326", "P29_003": "16001", "P29_004": "薩摩川内市立中津小学校", "P29_005": "鹿児島県薩摩川内市上甑町中甑254", "P29_006": "3", "P29_007": "1", "P29_008": "00", "P29_009": null }, "geometry": { "type": "Point", "coordinates": [ 129.865158405712009, 31.83478805187773 ] } },
{ "type": "Feature", "properties": { "P29_001": "46215", "P29_002": "B146210002335", "P29_003": "16001", "P29_004": "薩摩川内市立手打小学校", "P29_005": "鹿児島県薩摩川内市下甑町手打1010", "P29_006": "3", "P29_007": "1", "P29_008": "00", "P29_009": null }, "geometry": { "type": "Point", "coordinates": [ 129.706294564186322, 31.639116060627401 ] } },
{ "type": "Feature", "properties": { "P29_001": "46215", "P29_002": "B146210002344", "P29_003": "16001", "P29_004": "薩摩川内市立長浜小学校", "P29_005": "鹿児島県薩摩川内市下甑町長浜660", "P29_006": "3", "P29_007": "1", "P29_008": "00", "P29_009": null }, "geometry": { "type": "Point", "coordinates": [ 129.733922918585336, 31.701092327518708 ] } },
{ "type": "Feature", "properties": { "P29_001": "46215", "P29_002": "B146210002353", "P29_003": "16001", "P29_004": "薩摩川内市立鹿島小学校", "P29_005": "鹿児島県薩摩川内市鹿島町藺牟田1501", "P29_006": "3", "P29_007": "1", "P29_008": "00", "P29_009": null }, "geometry": { "type": "Point", "coordinates": [ 129.790405540293023, 31.776452382780231 ] } },
{ "type": "Feature", "properties": { "P29_001": "46208", "P29_002": "B146210002362", "P29_003": "16001", "P29_004": "出水市立高尾野小学校", "P29_005": "鹿児島県出水市高尾野町柴引1559", "P29_006": "3", "P29_007": "1", "P29_008": "00", "P29_009": null }, "geometry": { "type": "Point", "coordinates": [ 130.296597938363419, 32.061481493542487 ] } },
{ "type": "Feature", "properties": { "P29_001": "46208", "P29_002": "B146210002371", "P29_003": "16001", "P29_004": "出水市立下水流小学校", "P29_005": "鹿児島県出水市高尾野町下水流3164-7", "P29_006": "3", "P29_007": "1", "P29_008": "00", "P29_009": null }, "geometry": { "type": "Point", "coordinates": [ 130.299853936249747, 32.088054942595484 ] } },
{ "type": "Feature", "properties": { "P29_001": "46208", "P29_002": "B146210002380", "P29_003": "16001", "P29_004": "出水市立江内小学校", "P29_005": "鹿児島県出水市高尾野町江内7631", "P29_006": "3", "P29_007": "1", "P29_008": "00", "P29_009": null }, "geometry": { "type": "Point", "coordinates": [ 130.252798303738899, 32.098551284295262 ] } },
{ "type": "Feature", "properties": { "P29_001": "46208", "P29_002": "B146210002399", "P29_003": "16001", "P29_004": "出水市立野田小学校", "P29_005": "鹿児島県出水市野田町上名375", "P29_006": "3", "P29_007": "1", "P29_008": "00", "P29_009": null }, "geometry": { "type": "Point", "coordinates": [ 130.267300512752797, 32.058199163992619 ] } },
{ "type": "Feature", "properties": { "P29_001": "46404", "P29_002": "B146210002406", "P29_003": "16001", "P29_004": "長島町立鷹巣小学校", "P29_005": "鹿児島県出水郡長島町鷹巣1888", "P29_006": "3", "P29_007": "1", "P29_008": "00", "P29_009": null }, "geometry": { "type": "Point", "coordinates": [ 130.177345746790678, 32.200534897673741 ] } },
{ "type": "Feature", "properties": { "P29_001": "46404", "P29_002": "B146210002415", "P29_003": "16001", "P29_004": "長島町立川床小学校", "P29_005": "鹿児島県出水郡長島町川床1144", "P29_006": "3", "P29_007": "1", "P29_008": "00", "P29_009": null }, "geometry": { "type": "Point", "coordinates": [ 130.16617512781292, 32.144607630966043 ] } },
{ "type": "Feature", "properties": { "P29_001": "46404", "P29_002": "B146210002424", "P29_003": "16001", "P29_004": "長島町立伊唐小学校", "P29_005": "鹿児島県出水郡長島町鷹巣4263", "P29_006": "3", "P29_007": "1", "P29_008": "00", "P29_009": null }, "geometry": { "type": "Point", "coordinates": [ 130.207072943438988, 32.213896471414188 ] } },
{ "type": "Feature", "properties": { "P29_001": "46404", "P29_002": "B146210002433", "P29_003": "16001", "P29_004": "長島町立城川内小学校", "P29_005": "鹿児島県出水郡長島町城川内870", "P29_006": "3", "P29_007": "1", "P29_008": "00", "P29_009": null }, "geometry": { "type": "Point", "coordinates": [ 130.118556217617282, 32.147216530974447 ] } },
{ "type": "Feature", "properties": { "P29_001": "46404", "P29_002": "B146210002442", "P29_003": "16001", "P29_004": "長島町立平尾小学校", "P29_005": "鹿児島県出水郡長島町平尾832", "P29_006": "3", "P29_007": "1", "P29_008": "00", "P29_009": null }, "geometry": { "type": "Point", "coordinates": [ 130.142269769731996, 32.190282655122111 ] } },
{ "type": "Feature", "properties": { "P29_001": "46404", "P29_002": "B146210002451", "P29_003": "16001", "P29_004": "長島町立蔵之元小学校", "P29_005": "鹿児島県出水郡長島町蔵之元1631-2", "P29_006": "3", "P29_007": "1", "P29_008": "00", "P29_009": null }, "geometry": { "type": "Point", "coordinates": [ 130.105971971952073, 32.179675434242483 ] } },
{ "type": "Feature", "properties": { "P29_001": "46224", "P29_002": "B146210002460", "P29_003": "16001", "P29_004": "伊佐市立本城小学校", "P29_005": "鹿児島県伊佐市菱刈南浦3449", "P29_006": "3", "P29_007": "1", "P29_008": "00", "P29_009": null }, "geometry": { "type": "Point", "coordinates": [ 130.631896023137131, 31.989642350603138 ] } },
{ "type": "Feature", "properties": { "P29_001": "46224", "P29_002": "B146210002479", "P29_003": "16001", "P29_004": "伊佐市立南永小学校", "P29_005": "鹿児島県伊佐市菱刈南浦1002-5", "P29_006": "3", "P29_007": "1", "P29_008": "00", "P29_009": null }, "geometry": { "type": "Point", "coordinates": [ 130.659511643309713, 31.949721526662376 ] } },
{ "type": "Feature", "properties": { "P29_001": "46224", "P29_002": "B146210002488", "P29_003": "16001", "P29_004": "伊佐市立菱刈小学校", "P29_005": "鹿児島県伊佐市菱刈前目2013", "P29_006": "3", "P29_007": "1", "P29_008": "00", "P29_009": null }, "geometry": { "type": "Point", "coordinates": [ 130.641236501657119, 32.012891957213753 ] } },
{ "type": "Feature", "properties": { "P29_001": "46224", "P29_002": "B146210002497", "P29_003": "16001", "P29_004": "伊佐市立田中小学校", "P29_005": "鹿児島県伊佐市菱刈田中1011", "P29_006": "3", "P29_007": "1", "P29_008": "00", "P29_009": null }, "geometry": { "type": "Point", "coordinates": [ 130.64338440475251, 32.039622040089355 ] } },
{ "type": "Feature", "properties": { "P29_001": "46224", "P29_002": "B146210002503", "P29_003": "16001", "P29_004": "伊佐市立湯之尾小学校", "P29_005": "鹿児島県伊佐市菱刈川北2643", "P29_006": "3", "P29_007": "1", "P29_008": "00", "P29_009": null }, "geometry": { "type": "Point", "coordinates": [ 130.661966587000961, 31.98694997423344 ] } },
{ "type": "Feature", "properties": { "P29_001": "46225", "P29_002": "B146210002512", "P29_003": "16001", "P29_004": "姶良市立柁城小学校", "P29_005": "鹿児島県姶良市加治木町仮屋町248", "P29_006": "3", "P29_007": "1", "P29_008": "00", "P29_009": null }, "geometry": { "type": "Point", "coordinates": [ 130.664147970708285, 31.742064453533715 ] } },
{ "type": "Feature", "properties": { "P29_001": "46225", "P29_002": "B146210002521", "P29_003": "16001", "P29_004": "姶良市立錦江小学校", "P29_005": "鹿児島県姶良市加治木町錦江町74", "P29_006": "3", "P29_007": "1", "P29_008": "00", "P29_009": null }, "geometry": { "type": "Point", "coordinates": [ 130.65936127716833, 31.737013836912325 ] } },
{ "type": "Feature", "properties": { "P29_001": "46225", "P29_002": "B146210002530", "P29_003": "16001", "P29_004": "姶良市立竜門小学校", "P29_005": "鹿児島県姶良市加治木町小山田1363", "P29_006": "3", "P29_007": "1", "P29_008": "00", "P29_009": null }, "geometry": { "type": "Point", "coordinates": [ 130.675350049908673, 31.764460882224423 ] } },
{ "type": "Feature", "properties": { "P29_001": "46225", "P29_002": "B146210002549", "P29_003": "16001", "P29_004": "姶良市立永原小学校", "P29_005": "鹿児島県姶良市加治木町西別府594", "P29_006": "3", "P29_007": "1", "P29_008": "00", "P29_009": null }, "geometry": { "type": "Point", "coordinates": [ 130.650893315686289, 31.764233121874991 ] } },
{ "type": "Feature", "properties": { "P29_001": "46225", "P29_002": "B146210002558", "P29_003": "16001", "P29_004": "姶良市立帖佐小学校", "P29_005": "鹿児島県姶良市鍋倉663", "P29_006": "3", "P29_007": "1", "P29_008": "00", "P29_009": null }, "geometry": { "type": "Point", "coordinates": [ 130.628387508338704, 31.743132739112102 ] } },
{ "type": "Feature", "properties": { "P29_001": "46225", "P29_002": "B146210002567", "P29_003": "16001", "P29_004": "姶良市立建昌小学校", "P29_005": "鹿児島県姶良市東餅田2405", "P29_006": "3", "P29_007": "1", "P29_008": "00", "P29_009": null }, "geometry": { "type": "Point", "coordinates": [ 130.630238437972139, 31.727298836380157 ] } },
{ "type": "Feature", "properties": { "P29_001": "46225", "P29_002": "B146210002576", "P29_003": "16001", "P29_004": "姶良市立三船小学校", "P29_005": "鹿児島県姶良市増田399", "P29_006": "3", "P29_007": "1", "P29_008": "00", "P29_009": null }, "geometry": { "type": "Point", "coordinates": [ 130.600818160062573, 31.754931082391899 ] } },
{ "type": "Feature", "properties": { "P29_001": "46225", "P29_002": "B146210002585", "P29_003": "16001", "P29_004": "姶良市立重富小学校", "P29_005": "鹿児島県姶良市平松5636", "P29_006": "3", "P29_007": "1", "P29_008": "00", "P29_009": null }, "geometry": { "type": "Point", "coordinates": [ 130.604228265484096, 31.706040241837066 ] } },
{ "type": "Feature", "properties": { "P29_001": "46225", "P29_002": "B146210002594", "P29_003": "16001", "P29_004": "姶良市立山田小学校", "P29_005": "鹿児島県姶良市下名1018", "P29_006": "3", "P29_007": "1", "P29_008": "00", "P29_009": null }, "geometry": { "type": "Point", "coordinates": [ 130.612085707048379, 31.771445203176533 ] } },
{ "type": "Feature", "properties": { "P29_001": "46225", "P29_002": "B146210002601", "P29_003": "16001", "P29_004": "姶良市立北山小学校", "P29_005": "鹿児島県姶良市北山3783", "P29_006": "3", "P29_007": "1", "P29_008": "00", "P29_009": null }, "geometry": { "type": "Point", "coordinates": [ 130.600960701129679, 31.821529102637445 ] } },
{ "type": "Feature", "properties": { "P29_001": "46225", "P29_002": "B146210002610", "P29_003": "16001", "P29_004": "姶良市立蒲生小学校", "P29_005": "鹿児島県姶良市蒲生町上久徳2252", "P29_006": "3", "P29_007": "1", "P29_008": "00", "P29_009": null }, "geometry": { "type": "Point", "coordinates": [ 130.570408790966042, 31.7648573438033 ] } },
{ "type": "Feature", "properties": { "P29_001": "46225", "P29_002": "B146210002629", "P29_003": "16001", "P29_004": "姶良市立漆小学校", "P29_005": "鹿児島県姶良市蒲生町漆317", "P29_006": "3", "P29_007": "1", "P29_008": "00", "P29_009": null }, "geometry": { "type": "Point", "coordinates": [ 130.55807099867576, 31.824451996910927 ] } },
{ "type": "Feature", "properties": { "P29_001": "46225", "P29_002": "B146210002638", "P29_003": "16001", "P29_004": "姶良市立西浦小学校", "P29_005": "鹿児島県姶良市蒲生町西浦815", "P29_006": "3", "P29_007": "1", "P29_008": "00", "P29_009": null }, "geometry": { "type": "Point", "coordinates": [ 130.53188640023356, 31.800768241964288 ] } },
{ "type": "Feature", "properties": { "P29_001": "46218", "P29_002": "B146210002656", "P29_003": "16001", "P29_004": "霧島市立溝辺小学校", "P29_005": "鹿児島県霧島市溝辺町有川196-1", "P29_006": "3", "P29_007": "1", "P29_008": "00", "P29_009": null }, "geometry": { "type": "Point", "coordinates": [ 130.68571757965185, 31.834361679087664 ] } },
{ "type": "Feature", "properties": { "P29_001": "46218", "P29_002": "B146210002665", "P29_003": "16001", "P29_004": "霧島市立陵南小学校", "P29_005": "鹿児島県霧島市麓1267-2", "P29_006": "3", "P29_007": "1", "P29_008": "00", "P29_009": null }, "geometry": { "type": "Point", "coordinates": [ 130.708945521344731, 31.796010200225634 ] } },
{ "type": "Feature", "properties": { "P29_001": "46218", "P29_002": "B146210002674", "P29_003": "16001", "P29_004": "霧島市立竹子小学校", "P29_005": "鹿児島県霧島市溝辺町竹子840", "P29_006": "3", "P29_007": "1", "P29_008": "00", "P29_009": null }, "geometry": { "type": "Point", "coordinates": [ 130.66390801116296, 31.857308313948817 ] } },
{ "type": "Feature", "properties": { "P29_001": "46218", "P29_002": "B146210002683", "P29_003": "16001", "P29_004": "霧島市立横川小学校", "P29_005": "鹿児島県霧島市横川町中ノ206-1", "P29_006": "3", "P29_007": "1", "P29_008": "00", "P29_009": null }, "geometry": { "type": "Point", "coordinates": [ 130.704052342975729, 31.903144447604141 ] } },
{ "type": "Feature", "properties": { "P29_001": "46218", "P29_002": "B146210002692", "P29_003": "16001", "P29_004": "霧島市立安良小学校", "P29_005": "鹿児島県霧島市横川町上ノ3760-1", "P29_006": "3", "P29_007": "1", "P29_008": "00", "P29_009": null }, "geometry": { "type": "Point", "coordinates": [ 130.661670732817953, 31.895240353997913 ] } },
{ "type": "Feature", "properties": { "P29_001": "46218", "P29_002": "B146210002709", "P29_003": "16001", "P29_004": "霧島市立佐々木小学校", "P29_005": "鹿児島県霧島市横川町下ノ920-6", "P29_006": "3", "P29_007": "1", "P29_008": "00", "P29_009": null }, "geometry": { "type": "Point", "coordinates": [ 130.70944264798112, 31.873517916362871 ] } },
{ "type": "Feature", "properties": { "P29_001": "46452", "P29_002": "B146210002718", "P29_003": "16001", "P29_004": "湧水町立栗野小学校", "P29_005": "鹿児島県姶良郡湧水町木場880-1", "P29_006": "3", "P29_007": "1", "P29_008": "00", "P29_009": null }, "geometry": { "type": "Point", "coordinates": [ 130.725968008743394, 31.952784041644364 ] } },
{ "type": "Feature", "properties": { "P29_001": "46452", "P29_002": "B146210002727", "P29_003": "16001", "P29_004": "湧水町立轟小学校", "P29_005": "鹿児島県姶良郡湧水町恒次1043", "P29_006": "3", "P29_007": "1", "P29_008": "00", "P29_009": null }, "geometry": { "type": "Point", "coordinates": [ 130.689322544635161, 31.962336038513349 ] } },
{ "type": "Feature", "properties": { "P29_001": "46452", "P29_002": "B146210002736", "P29_003": "16001", "P29_004": "湧水町立幸田小学校", "P29_005": "鹿児島県姶良郡湧水町幸田1767-1", "P29_006": "3", "P29_007": "1", "P29_008": "00", "P29_009": null }, "geometry": { "type": "Point", "coordinates": [ 130.673495565665291, 31.939783285524161 ] } },
{ "type": "Feature", "properties": { "P29_001": "46452", "P29_002": "B146210002745", "P29_003": "16001", "P29_004": "湧水町立上場小学校", "P29_005": "鹿児島県姶良郡湧水町木場4115-1", "P29_006": "3", "P29_007": "1", "P29_008": "00", "P29_009": null }, "geometry": { "type": "Point", "coordinates": [ 130.726233930555395, 31.925597200048465 ] } },
{ "type": "Feature", "properties": { "P29_001": "46452", "P29_002": "B146210002754", "P29_003": "16001", "P29_004": "湧水町立吉松小学校", "P29_005": "鹿児島県姶良郡湧水町中津川476", "P29_006": "3", "P29_007": "1", "P29_008": "00", "P29_009": null }, "geometry": { "type": "Point", "coordinates": [ 130.745565285492091, 32.013775347214391 ] } },
{ "type": "Feature", "properties": { "P29_001": "46218", "P29_002": "B146210002763", "P29_003": "16001", "P29_004": "霧島市立牧園小学校", "P29_005": "鹿児島県霧島市牧園町宿窪田788-3", "P29_006": "3", "P29_007": "1", "P29_008": "00", "P29_009": null }, "geometry": { "type": "Point", "coordinates": [ 130.751789073325853, 31.856040909448449 ] } },
{ "type": "Feature", "properties": { "P29_001": "46218", "P29_002": "B146210002772", "P29_003": "16001", "P29_004": "霧島市立中津川小学校", "P29_005": "鹿児島県霧島市牧園町上中津川1282", "P29_006": "3", "P29_007": "1", "P29_008": "00", "P29_009": null }, "geometry": { "type": "Point", "coordinates": [ 130.782669990448198, 31.838150933549304 ] } },
{ "type": "Feature", "properties": { "P29_001": "46218", "P29_002": "B146210002781", "P29_003": "16001", "P29_004": "霧島市立万膳小学校", "P29_005": "鹿児島県霧島市牧園町万膳673", "P29_006": "3", "P29_007": "1", "P29_008": "00", "P29_009": null }, "geometry": { "type": "Point", "coordinates": [ 130.748871808448342, 31.902214348358147 ] } },
{ "type": "Feature", "properties": { "P29_001": "46218", "P29_002": "B146210002790", "P29_003": "16001", "P29_004": "霧島市立持松小学校", "P29_005": "鹿児島県霧島市牧園町持松11", "P29_006": "3", "P29_007": "1", "P29_008": "00", "P29_009": null }, "geometry": { "type": "Point", "coordinates": [ 130.803839213578044, 31.82532295653694 ] } },
{ "type": "Feature", "properties": { "P29_001": "46218", "P29_002": "B146210002807", "P29_003": "16001", "P29_004": "霧島市立高千穂小学校", "P29_005": "鹿児島県霧島市牧園町高千穂3855-55", "P29_006": "3", "P29_007": "1", "P29_008": "00", "P29_009": null }, "geometry": { "type": "Point", "coordinates": [ 130.819121788651643, 31.885061455288298 ] } },
{ "type": "Feature", "properties": { "P29_001": "46218", "P29_002": "B146210002816", "P29_003": "16001", "P29_004": "霧島市立三体小学校", "P29_005": "鹿児島県霧島市牧園町三体堂1573", "P29_006": "3", "P29_007": "1", "P29_008": "00", "P29_009": null }, "geometry": { "type": "Point", "coordinates": [ 130.782449301908372, 31.88285155157363 ] } },
{ "type": "Feature", "properties": { "P29_001": "46218", "P29_002": "B146210002825", "P29_003": "16001", "P29_004": "霧島市立大田小学校", "P29_005": "鹿児島県霧島市霧島田口64", "P29_006": "3", "P29_007": "1", "P29_008": "00", "P29_009": null }, "geometry": { "type": "Point", "coordinates": [ 130.836786199733041, 31.822531946244972 ] } },
{ "type": "Feature", "properties": { "P29_001": "46218", "P29_002": "B146210002834", "P29_003": "16001", "P29_004": "霧島市立霧島小学校", "P29_005": "鹿児島県霧島市霧島田口2255", "P29_006": "3", "P29_007": "1", "P29_008": "00", "P29_009": null }, "geometry": { "type": "Point", "coordinates": [ 130.862399372460231, 31.848978410973274 ] } },
{ "type": "Feature", "properties": { "P29_001": "46218", "P29_002": "B146210002843", "P29_003": "16001", "P29_004": "霧島市立永水小学校", "P29_005": "鹿児島県霧島市霧島永水3811", "P29_006": "3", "P29_007": "1", "P29_008": "00", "P29_009": null }, "geometry": { "type": "Point", "coordinates": [ 130.8300803219025, 31.804678115791894 ] } },
{ "type": "Feature", "properties": { "P29_001": "46218", "P29_002": "B146210002852", "P29_003": "16001", "P29_004": "霧島市立富隈小学校", "P29_005": "鹿児島県霧島市隼人町真孝283-1", "P29_006": "3", "P29_007": "1", "P29_008": "00", "P29_009": null }, "geometry": { "type": "Point", "coordinates": [ 130.734189988796373, 31.726491813390261 ] } },
{ "type": "Feature", "properties": { "P29_001": "46218", "P29_002": "B146210002861", "P29_003": "16001", "P29_004": "霧島市立宮内小学校", "P29_005": "鹿児島県霧島市神宮3-4-1", "P29_006": "3", "P29_007": "1", "P29_008": "00", "P29_009": null }, "geometry": { "type": "Point", "coordinates": [ 130.741251304370309, 31.752854921805511 ] } },
{ "type": "Feature", "properties": { "P29_001": "46218", "P29_002": "B146210002870", "P29_003": "16001", "P29_004": "霧島市立小野小学校", "P29_005": "鹿児島県霧島市隼人町小田2400", "P29_006": "3", "P29_007": "1", "P29_008": "00", "P29_009": null }, "geometry": { "type": "Point", "coordinates": [ 130.714410441962769, 31.740933100480774 ] } },
{ "type": "Feature", "properties": { "P29_001": "46218", "P29_002": "B146210002889", "P29_003": "16001", "P29_004": "霧島市立小浜小学校", "P29_005": "鹿児島県霧島市隼人町小浜4774", "P29_006": "3", "P29_007": "1", "P29_008": "00", "P29_009": null }, "geometry": { "type": "Point", "coordinates": [ 130.692668031380634, 31.736342198564895 ] } },
{ "type": "Feature", "properties": { "P29_001": "46218", "P29_002": "B146210002898", "P29_003": "16001", "P29_004": "霧島市立日当山小学校", "P29_005": "鹿児島県霧島市隼人町東郷1395-1", "P29_006": "3", "P29_007": "1", "P29_008": "00", "P29_009": null }, "geometry": { "type": "Point", "coordinates": [ 130.755553761138344, 31.773537242692161 ] } },
{ "type": "Feature", "properties": { "P29_001": "46218", "P29_002": "B146210002905", "P29_003": "16001", "P29_004": "霧島市立中福良小学校", "P29_005": "鹿児島県霧島市隼人町嘉例川1831-1", "P29_006": "3", "P29_007": "1", "P29_008": "00", "P29_009": null }, "geometry": { "type": "Point", "coordinates": [ 130.731506325139662, 31.814460752182612 ] } },
{ "type": "Feature", "properties": { "P29_001": "46218", "P29_002": "B146210002914", "P29_003": "16001", "P29_004": "霧島市立福山小学校", "P29_005": "鹿児島県霧島市福山町福山2962-1", "P29_006": "3", "P29_007": "1", "P29_008": "00", "P29_009": null }, "geometry": { "type": "Point", "coordinates": [ 130.816767364086161, 31.677402037759553 ] } },
{ "type": "Feature", "properties": { "P29_001": "46218", "P29_002": "B146210002923", "P29_003": "16001", "P29_004": "霧島市立牧之原小学校", "P29_005": "鹿児島県霧島市福山町福山5150-25", "P29_006": "3", "P29_007": "1", "P29_008": "00", "P29_009": null }, "geometry": { "type": "Point", "coordinates": [ 130.858147657580503, 31.669282373831678 ] } },
{ "type": "Feature", "properties": { "P29_001": "46217", "P29_002": "B146210002932", "P29_003": "16001", "P29_004": "曽於市立岩川小学校", "P29_005": "鹿児島県曽於市大隅町岩川5069", "P29_006": "3", "P29_007": "1", "P29_008": "00", "P29_009": null }, "geometry": { "type": "Point", "coordinates": [ 130.984858324937079, 31.597957746281381 ] } },
{ "type": "Feature", "properties": { "P29_001": "46217", "P29_002": "B146210002941", "P29_003": "16001", "P29_004": "曽於市立笠木小学校", "P29_005": "鹿児島県曽於市大隅町中之内5762", "P29_006": "3", "P29_007": "1", "P29_008": "00", "P29_009": null }, "geometry": { "type": "Point", "coordinates": [ 130.967159569329255, 31.630963046215264 ] } },
{ "type": "Feature", "properties": { "P29_001": "46217", "P29_002": "B146210002950", "P29_003": "16001", "P29_004": "曽於市立大隅北小学校", "P29_005": "鹿児島県曽於市大隅町中之内3701-1", "P29_006": "3", "P29_007": "1", "P29_008": "00", "P29_009": null }, "geometry": { "type": "Point", "coordinates": [ 130.903162815726319, 31.650835467169298 ] } },
{ "type": "Feature", "properties": { "P29_001": "46217", "P29_002": "B146210002969", "P29_003": "16001", "P29_004": "曽於市立菅牟田小学校", "P29_005": "鹿児島県曽於市大隅町岩川2856-1", "P29_006": "3", "P29_007": "1", "P29_008": "00", "P29_009": null }, "geometry": { "type": "Point", "coordinates": [ 130.957218933507761, 31.619252902795171 ] } },
{ "type": "Feature", "properties": { "P29_001": "46217", "P29_002": "B146210002978", "P29_003": "16001", "P29_004": "曽於市立恒吉小学校", "P29_005": "鹿児島県曽於市大隅町恒吉2767-1", "P29_006": "3", "P29_007": "1", "P29_008": "00", "P29_009": null }, "geometry": { "type": "Point", "coordinates": [ 130.909034696894906, 31.596352975203015 ] } },
{ "type": "Feature", "properties": { "P29_001": "46217", "P29_002": "B146210002987", "P29_003": "16001", "P29_004": "曽於市立月野小学校", "P29_005": "鹿児島県曽於市大隅町月野7133-1", "P29_006": "3", "P29_007": "1", "P29_008": "00", "P29_009": null }, "geometry": { "type": "Point", "coordinates": [ 130.998646396568859, 31.562442045999234 ] } },
{ "type": "Feature", "properties": { "P29_001": "46217", "P29_002": "B146210003003", "P29_003": "16001", "P29_004": "曽於市立財部小学校", "P29_005": "鹿児島県曽於市財部町北俣10882", "P29_006": "3", "P29_007": "1", "P29_008": "00", "P29_009": null }, "geometry": { "type": "Point", "coordinates": [ 130.98975301020684, 31.727180152826339 ] } },
{ "type": "Feature", "properties": { "P29_001": "46217", "P29_002": "B146210003021", "P29_003": "16001", "P29_004": "曽於市立財部南小学校", "P29_005": "鹿児島県曽於市財部町南俣5322", "P29_006": "3", "P29_007": "1", "P29_008": "00", "P29_009": null }, "geometry": { "type": "Point", "coordinates": [ 130.940129328790846, 31.698131080588606 ] } },
{ "type": "Feature", "properties": { "P29_001": "46217", "P29_002": "B146210003030", "P29_003": "16001", "P29_004": "曽於市立中谷小学校", "P29_005": "鹿児島県曽於市財部町下財部5084", "P29_006": "3", "P29_007": "1", "P29_008": "00", "P29_009": null }, "geometry": { "type": "Point", "coordinates": [ 130.974641452620006, 31.773732052388127 ] } },
{ "type": "Feature", "properties": { "P29_001": "46217", "P29_002": "B146210003049", "P29_003": "16001", "P29_004": "曽於市立末吉小学校", "P29_005": "鹿児島県曽於市末吉町上町7-1-1", "P29_006": "3", "P29_007": "1", "P29_008": "00", "P29_009": null }, "geometry": { "type": "Point", "coordinates": [ 131.020141625504579, 31.649834773935314 ] } },
{ "type": "Feature", "properties": { "P29_001": "46217", "P29_002": "B146210003058", "P29_003": "16001", "P29_004": "曽於市立檍小学校", "P29_005": "鹿児島県曽於市末吉町南之郷4060-1", "P29_006": "3", "P29_007": "1", "P29_008": "00", "P29_009": null }, "geometry": { "type": "Point", "coordinates": [ 131.063176769542935, 31.624668708652191 ] } },
{ "type": "Feature", "properties": { "P29_001": "46217", "P29_002": "B146210003067", "P29_003": "16001", "P29_004": "曽於市立深川小学校", "P29_005": "鹿児島県曽於市末吉町深川7549", "P29_006": "3", "P29_007": "1", "P29_008": "00", "P29_009": null }, "geometry": { "type": "Point", "coordinates": [ 130.998609145428532, 31.682107528182602 ] } },
{ "type": "Feature", "properties": { "P29_001": "46217", "P29_002": "B146210003076", "P29_003": "16001", "P29_004": "曽於市立諏訪小学校", "P29_005": "鹿児島県曽於市末吉町諏訪方10278-1", "P29_006": "3", "P29_007": "1", "P29_008": "00", "P29_009": null }, "geometry": { "type": "Point", "coordinates": [ 131.001522750018069, 31.662136675124927 ] } },
{ "type": "Feature", "properties": { "P29_001": "46217", "P29_002": "B146210003085", "P29_003": "16001", "P29_004": "曽於市立岩北小学校", "P29_005": "鹿児島県曽於市末吉町岩崎3675-2", "P29_006": "3", "P29_007": "1", "P29_008": "00", "P29_009": null }, "geometry": { "type": "Point", "coordinates": [ 131.008321646835185, 31.621292813564661 ] } },
{ "type": "Feature", "properties": { "P29_001": "46217", "P29_002": "B146210003094", "P29_003": "16001", "P29_004": "曽於市立岩南小学校", "P29_005": "鹿児島県曽於市末吉町岩崎2087-1", "P29_006": "3", "P29_007": "1", "P29_008": "00", "P29_009": null }, "geometry": { "type": "Point", "coordinates": [ 131.002981855108203, 31.594993479527655 ] } },
{ "type": "Feature", "properties": { "P29_001": "46217", "P29_002": "B146210003101", "P29_003": "16001", "P29_004": "曽於市立高岡小学校", "P29_005": "鹿児島県曽於市末吉町南之郷10150-1", "P29_006": "3", "P29_007": "1", "P29_008": "00", "P29_009": null }, "geometry": { "type": "Point", "coordinates": [ 131.109496761526373, 31.617693130102889 ] } },
{ "type": "Feature", "properties": { "P29_001": "46217", "P29_002": "B146210003110", "P29_003": "16001", "P29_004": "曽於市立光神小学校", "P29_005": "鹿児島県曽於市末吉町諏訪方290-1", "P29_006": "3", "P29_007": "1", "P29_008": "00", "P29_009": null }, "geometry": { "type": "Point", "coordinates": [ 130.929269109196156, 31.67615445476595 ] } },
{ "type": "Feature", "properties": { "P29_001": "46217", "P29_002": "B146210003129", "P29_003": "16001", "P29_004": "曽於市立柳迫小学校", "P29_005": "鹿児島県曽於市末吉町深川3669-5", "P29_006": "3", "P29_007": "1", "P29_008": "00", "P29_009": null }, "geometry": { "type": "Point", "coordinates": [ 131.007784746134661, 31.698123525484519 ] } },
{ "type": "Feature", "properties": { "P29_001": "46221", "P29_002": "B146210003138", "P29_003": "16001", "P29_004": "志布志市立松山小学校", "P29_005": "鹿児島県志布志市松山町新橋1502", "P29_006": "3", "P29_007": "1", "P29_008": "00", "P29_009": null }, "geometry": { "type": "Point", "coordinates": [ 131.043808962815945, 31.579468355100335 ] } },
{ "type": "Feature", "properties": { "P29_001": "46221", "P29_002": "B146210003147", "P29_003": "16001", "P29_004": "志布志市立泰野小学校", "P29_005": "鹿児島県志布志市松山町泰野3743", "P29_006": "3", "P29_007": "1", "P29_008": "00", "P29_009": null }, "geometry": { "type": "Point", "coordinates": [ 131.073949796302543, 31.568093664130352 ] } },
{ "type": "Feature", "properties": { "P29_001": "46221", "P29_002": "B146210003156", "P29_003": "16001", "P29_004": "志布志市立尾野見小学校", "P29_005": "鹿児島県志布志市松山町尾野見36-1", "P29_006": "3", "P29_007": "1", "P29_008": "00", "P29_009": null }, "geometry": { "type": "Point", "coordinates": [ 131.100062771588682, 31.55273784594268 ] } },
{ "type": "Feature", "properties": { "P29_001": "46221", "P29_002": "B146210003165", "P29_003": "16001", "P29_004": "志布志市立志布志小学校", "P29_005": "鹿児島県志布志市志布志町帖6390-3", "P29_006": "3", "P29_007": "1", "P29_008": "00", "P29_009": null }, "geometry": { "type": "Point", "coordinates": [ 131.108037827325489, 31.48206202221084 ] } },
{ "type": "Feature", "properties": { "P29_001": "46221", "P29_002": "B146210003174", "P29_003": "16001", "P29_004": "志布志市立香月小学校", "P29_005": "鹿児島県志布志市志布志町安楽188", "P29_006": "3", "P29_007": "1", "P29_008": "00", "P29_009": null }, "geometry": { "type": "Point", "coordinates": [ 131.090712133009134, 31.470329279059861 ] } },
{ "type": "Feature", "properties": { "P29_001": "46221", "P29_002": "B146210003183", "P29_003": "16001", "P29_004": "志布志市立潤ケ野小学校", "P29_005": "鹿児島県志布志市志布志町帖10638", "P29_006": "3", "P29_007": "1", "P29_008": "00", "P29_009": null }, "geometry": { "type": "Point", "coordinates": [ 131.150190735150147, 31.513819100710325 ] } },
{ "type": "Feature", "properties": { "P29_001": "46221", "P29_002": "B146210003192", "P29_003": "16001", "P29_004": "志布志市立安楽小学校", "P29_005": "鹿児島県志布志市志布志町安楽1768-1", "P29_006": "3", "P29_007": "1", "P29_008": "00", "P29_009": null }, "geometry": { "type": "Point", "coordinates": [ 131.077353349679981, 31.482721854611079 ] } },
{ "type": "Feature", "properties": { "P29_001": "46221", "P29_002": "B146210003209", "P29_003": "16001", "P29_004": "志布志市立田之浦小学校", "P29_005": "鹿児島県志布志市志布志町田之浦2019-2", "P29_006": "3", "P29_007": "1", "P29_008": "00", "P29_009": null }, "geometry": { "type": "Point", "coordinates": [ 131.132906100121176, 31.561903732125117 ] } },
{ "type": "Feature", "properties": { "P29_001": "46221", "P29_002": "B146210003218", "P29_003": "16001", "P29_004": "志布志市立森山小学校", "P29_005": "鹿児島県志布志市志布志町内之倉1642-2", "P29_006": "3", "P29_007": "1", "P29_008": "00", "P29_009": null }, "geometry": { "type": "Point", "coordinates": [ 131.135243502306793, 31.531908546159105 ] } },
{ "type": "Feature", "properties": { "P29_001": "46221", "P29_002": "B146210003227", "P29_003": "16001", "P29_004": "志布志市立伊崎田小学校", "P29_005": "鹿児島県志布志市有明町伊崎田8845-1", "P29_006": "3", "P29_007": "1", "P29_008": "00", "P29_009": null }, "geometry": { "type": "Point", "coordinates": [ 131.051708362234308, 31.532654670769748 ] } },
{ "type": "Feature", "properties": { "P29_001": "46221", "P29_002": "B146210003236", "P29_003": "16001", "P29_004": "志布志市立蓬原小学校", "P29_005": "鹿児島県志布志市有明町蓬原815", "P29_006": "3", "P29_007": "1", "P29_008": "00", "P29_009": null }, "geometry": { "type": "Point", "coordinates": [ 131.028800127782802, 31.480995300888846 ] } },
{ "type": "Feature", "properties": { "P29_001": "46221", "P29_002": "B146210003245", "P29_003": "16001", "P29_004": "志布志市立野神小学校", "P29_005": "鹿児島県志布志市有明町野神3139", "P29_006": "3", "P29_007": "1", "P29_008": "00", "P29_009": null }, "geometry": { "type": "Point", "coordinates": [ 130.988648391127441, 31.492416529165844 ] } },
{ "type": "Feature", "properties": { "P29_001": "46221", "P29_002": "B146210003254", "P29_003": "16001", "P29_004": "志布志市立有明小学校", "P29_005": "鹿児島県志布志市有明町野井倉1182", "P29_006": "3", "P29_007": "1", "P29_008": "00", "P29_009": null }, "geometry": { "type": "Point", "coordinates": [ 131.054337114095773, 31.492264780892388 ] } },
{ "type": "Feature", "properties": { "P29_001": "46221", "P29_002": "B146210003263", "P29_003": "16001", "P29_004": "志布志市立通山小学校", "P29_005": "鹿児島県志布志市有明町野井倉8304-4", "P29_006": "3", "P29_007": "1", "P29_008": "00", "P29_009": null }, "geometry": { "type": "Point", "coordinates": [ 131.062595522443274, 31.455099980707633 ] } },
{ "type": "Feature", "properties": { "P29_001": "46221", "P29_002": "B146210003272", "P29_003": "16001", "P29_004": "志布志市立原田小学校", "P29_005": "鹿児島県志布志市有明町原田529-2", "P29_006": "3", "P29_007": "1", "P29_008": "00", "P29_009": null }, "geometry": { "type": "Point", "coordinates": [ 130.996526905081225, 31.461874609785585 ] } },
{ "type": "Feature", "properties": { "P29_001": "46221", "P29_002": "B146210003281", "P29_003": "16001", "P29_004": "志布志市立山重小学校", "P29_005": "鹿児島県志布志市有明町山重10873-2", "P29_006": "3", "P29_007": "1", "P29_008": "00", "P29_009": null }, "geometry": { "type": "Point", "coordinates": [ 130.984569169499338, 31.524523363763418 ] } },
{ "type": "Feature", "properties": { "P29_001": "46468", "P29_002": "B146210003290", "P29_003": "16001", "P29_004": "大崎町立大崎小学校", "P29_005": "鹿児島県曽於郡大崎町仮宿910", "P29_006": "3", "P29_007": "1", "P29_008": "00", "P29_009": null }, "geometry": { "type": "Point", "coordinates": [ 131.004185260668265, 31.42873133027641 ] } },
{ "type": "Feature", "properties": { "P29_001": "46468", "P29_002": "B146210003307", "P29_003": "16001", "P29_004": "大崎町立菱田小学校", "P29_005": "鹿児島県曽於郡大崎町菱田2533", "P29_006": "3", "P29_007": "1", "P29_008": "00", "P29_009": null }, "geometry": { "type": "Point", "coordinates": [ 131.040953934816685, 31.443530293723484 ] } },
{ "type": "Feature", "properties": { "P29_001": "46468", "P29_002": "B146210003316", "P29_003": "16001", "P29_004": "大崎町立中沖小学校", "P29_005": "鹿児島県曽於郡大崎町菱田3119-4", "P29_006": "3", "P29_007": "1", "P29_008": "00", "P29_009": null }, "geometry": { "type": "Point", "coordinates": [ 131.020680680934646, 31.457536726538169 ] } },
{ "type": "Feature", "properties": { "P29_001": "46468", "P29_002": "B146210003325", "P29_003": "16001", "P29_004": "大崎町立持留小学校", "P29_005": "鹿児島県曽於郡大崎町持留316-4", "P29_006": "3", "P29_007": "1", "P29_008": "00", "P29_009": null }, "geometry": { "type": "Point", "coordinates": [ 130.965096567713346, 31.462025328711668 ] } },
{ "type": "Feature", "properties": { "P29_001": "46468", "P29_002": "B146210003334", "P29_003": "16001", "P29_004": "大崎町立大丸小学校", "P29_005": "鹿児島県曽於郡大崎町横瀬1591", "P29_006": "3", "P29_007": "1", "P29_008": "00", "P29_009": null }, "geometry": { "type": "Point", "coordinates": [ 131.016653963432105, 31.407955103071178 ] } },
{ "type": "Feature", "properties": { "P29_001": "46468", "P29_002": "B146210003343", "P29_003": "16001", "P29_004": "大崎町立野方小学校", "P29_005": "鹿児島県曽於郡大崎町野方6119", "P29_006": "3", "P29_007": "1", "P29_008": "00", "P29_009": null }, "geometry": { "type": "Point", "coordinates": [ 130.948906447776011, 31.50972694170915 ] } },
{ "type": "Feature", "properties": { "P29_001": "46203", "P29_002": "B146210003352", "P29_003": "16001", "P29_004": "鹿屋市立串良小学校", "P29_005": "鹿児島県鹿屋市串良町岡崎2110", "P29_006": "3", "P29_007": "1", "P29_008": "00", "P29_009": null }, "geometry": { "type": "Point", "coordinates": [ 130.957976874079492, 31.392355733988786 ] } },
{ "type": "Feature", "properties": { "P29_001": "46203", "P29_002": "B146210003361", "P29_003": "16001", "P29_004": "鹿屋市立細山田小学校", "P29_005": "鹿児島県鹿屋市串良町細山田4781-1", "P29_006": "3", "P29_007": "1", "P29_008": "00", "P29_009": null }, "geometry": { "type": "Point", "coordinates": [ 130.924811434467415, 31.443021533803751 ] } },
{ "type": "Feature", "properties": { "P29_001": "46203", "P29_002": "B146210003370", "P29_003": "16001", "P29_004": "鹿屋市立上小原小学校", "P29_005": "鹿児島県鹿屋市串良町上小原3473", "P29_006": "3", "P29_007": "1", "P29_008": "00", "P29_009": null }, "geometry": { "type": "Point", "coordinates": [ 130.91606512505129, 31.386653835625847 ] } },
{ "type": "Feature", "properties": { "P29_001": "46482", "P29_002": "B146210003389", "P29_003": "16001", "P29_004": "東串良町立池之原小学校", "P29_005": "鹿児島県肝属郡東串良町池之原2940", "P29_006": "3", "P29_007": "1", "P29_008": "00", "P29_009": null }, "geometry": { "type": "Point", "coordinates": [ 130.968373733906958, 31.394664120018827 ] } },
{ "type": "Feature", "properties": { "P29_001": "46482", "P29_002": "B146210003398", "P29_003": "16001", "P29_004": "東串良町立柏原小学校", "P29_005": "鹿児島県肝属郡東串良町川東3840", "P29_006": "3", "P29_007": "1", "P29_008": "00", "P29_009": null }, "geometry": { "type": "Point", "coordinates": [ 131.00453341806562, 31.3670307231768 ] } },
{ "type": "Feature", "properties": { "P29_001": "46492", "P29_002": "B146210003405", "P29_003": "16001", "P29_004": "肝付町立内之浦小学校", "P29_005": "鹿児島県肝属郡肝付町南方2648-1", "P29_006": "3", "P29_007": "1", "P29_008": "00", "P29_009": null }, "geometry": { "type": "Point", "coordinates": [ 131.074627012043891, 31.279619442679557 ] } },
{ "type": "Feature", "properties": { "P29_001": "46492", "P29_002": "B146210003423", "P29_003": "16001", "P29_004": "肝付町立高山小学校", "P29_005": "鹿児島県肝属郡肝付町新富1", "P29_006": "3", "P29_007": "1", "P29_008": "00", "P29_009": null }, "geometry": { "type": "Point", "coordinates": [ 130.945600162103773, 31.34541266862276 ] } },
{ "type": "Feature", "properties": { "P29_001": "46492", "P29_002": "B146210003432", "P29_003": "16001", "P29_004": "肝付町立波野小学校", "P29_005": "鹿児島県肝属郡肝付町波見1066", "P29_006": "3", "P29_007": "1", "P29_008": "00", "P29_009": null }, "geometry": { "type": "Point", "coordinates": [ 130.989286257052896, 31.350506127571833 ] } },
{ "type": "Feature", "properties": { "P29_001": "46492", "P29_002": "B146210003441", "P29_003": "16001", "P29_004": "肝付町立宮富小学校", "P29_005": "鹿児島県肝属郡肝付町宮下1547", "P29_006": "3", "P29_007": "1", "P29_008": "00", "P29_009": null }, "geometry": { "type": "Point", "coordinates": [ 130.912885319367746, 31.365535599746085 ] } },
{ "type": "Feature", "properties": { "P29_001": "46492", "P29_002": "B146210003450", "P29_003": "16001", "P29_004": "肝付町立国見小学校", "P29_005": "鹿児島県肝属郡肝付町後田1842", "P29_006": "3", "P29_007": "1", "P29_008": "00", "P29_009": null }, "geometry": { "type": "Point", "coordinates": [ 130.945427025354121, 31.319319896653525 ] } },
{ "type": "Feature", "properties": { "P29_001": "46203", "P29_002": "B146210003469", "P29_003": "16001", "P29_004": "鹿屋市立吾平小学校", "P29_005": "鹿児島県鹿屋市吾平町麓3630", "P29_006": "3", "P29_007": "1", "P29_008": "00", "P29_009": null }, "geometry": { "type": "Point", "coordinates": [ 130.895950999041474, 31.331160708722102 ] } },
{ "type": "Feature", "properties": { "P29_001": "46203", "P29_002": "B146210003478", "P29_003": "16001", "P29_004": "鹿屋市立鶴峰小学校", "P29_005": "鹿児島県鹿屋市吾平町上名3594", "P29_006": "3", "P29_007": "1", "P29_008": "00", "P29_009": null }, "geometry": { "type": "Point", "coordinates": [ 130.896589139020307, 31.310453312146141 ] } },
{ "type": "Feature", "properties": { "P29_001": "46203", "P29_002": "B146210003487", "P29_003": "16001", "P29_004": "鹿屋市立下名小学校", "P29_005": "鹿児島県鹿屋市吾平町下名3062", "P29_006": "3", "P29_007": "1", "P29_008": "00", "P29_009": null }, "geometry": { "type": "Point", "coordinates": [ 130.899551639070552, 31.349421317364428 ] } },
{ "type": "Feature", "properties": { "P29_001": "46490", "P29_002": "B146210003496", "P29_003": "16001", "P29_004": "錦江町立大根占小学校", "P29_005": "鹿児島県肝属郡錦江町馬場20", "P29_006": "3", "P29_007": "1", "P29_008": "00", "P29_009": null }, "geometry": { "type": "Point", "coordinates": [ 130.783287999054664, 31.242818736040956 ] } },
{ "type": "Feature", "properties": { "P29_001": "46490", "P29_002": "B146210003502", "P29_003": "16001", "P29_004": "錦江町立神川小学校", "P29_005": "鹿児島県肝属郡錦江町神川3295", "P29_006": "3", "P29_007": "1", "P29_008": "00", "P29_009": null }, "geometry": { "type": "Point", "coordinates": [ 130.79472084839233, 31.274455462247147 ] } },
{ "type": "Feature", "properties": { "P29_001": "46490", "P29_002": "B146210003511", "P29_003": "16001", "P29_004": "錦江町立宿利原小学校", "P29_005": "鹿児島県肝属郡錦江町神川7260", "P29_006": "3", "P29_007": "1", "P29_008": "00", "P29_009": null }, "geometry": { "type": "Point", "coordinates": [ 130.833371799772976, 31.268121372759179 ] } },
{ "type": "Feature", "properties": { "P29_001": "46490", "P29_002": "B146210003520", "P29_003": "16001", "P29_004": "錦江町立池田小学校", "P29_005": "鹿児島県肝属郡錦江町城元5324", "P29_006": "3", "P29_007": "1", "P29_008": "00", "P29_009": null }, "geometry": { "type": "Point", "coordinates": [ 130.868176062033314, 31.24354309100671 ] } },
{ "type": "Feature", "properties": { "P29_001": "46491", "P29_002": "B146210003539", "P29_003": "16001", "P29_004": "南大隅町立神山小学校", "P29_005": "鹿児島県肝属郡南大隅町根占川北1250", "P29_006": "3", "P29_007": "1", "P29_008": "00", "P29_009": null }, "geometry": { "type": "Point", "coordinates": [ 130.772046960455327, 31.215980437812757 ] } },
{ "type": "Feature", "properties": { "P29_001": "46490", "P29_002": "B146210003548", "P29_003": "16001", "P29_004": "錦江町立田代小学校", "P29_005": "鹿児島県肝属郡錦江町田代麓586-1", "P29_006": "3", "P29_007": "1", "P29_008": "00", "P29_009": null }, "geometry": { "type": "Point", "coordinates": [ 130.847498718342536, 31.200516928076606 ] } },
{ "type": "Feature", "properties": { "P29_001": "46490", "P29_002": "B146210003557", "P29_003": "16001", "P29_004": "錦江町立大原小学校", "P29_005": "鹿児島県肝属郡錦江町田代麓4818", "P29_006": "3", "P29_007": "1", "P29_008": "00", "P29_009": null }, "geometry": { "type": "Point", "coordinates": [ 130.881660222980173, 31.169890782726238 ] } },
{ "type": "Feature", "properties": { "P29_001": "46491", "P29_002": "B146210003566", "P29_003": "16001", "P29_004": "南大隅町立佐多小学校", "P29_005": "鹿児島県肝属郡南大隅町佐多伊座敷3531", "P29_006": "3", "P29_007": "1", "P29_008": "00", "P29_009": null }, "geometry": { "type": "Point", "coordinates": [ 130.695161458098795, 31.092015624683679 ] } },
{ "type": "Feature", "properties": { "P29_001": "46501", "P29_002": "B146210003575", "P29_003": "16001", "P29_004": "中種子町立野間小学校", "P29_005": "鹿児島県熊毛郡中種子町野間5191-3", "P29_006": "3", "P29_007": "1", "P29_008": "00", "P29_009": null }, "geometry": { "type": "Point", "coordinates": [ 130.957165586617833, 30.53425507147038 ] } },
{ "type": "Feature", "properties": { "P29_001": "46501", "P29_002": "B146210003584", "P29_003": "16001", "P29_004": "中種子町立増田小学校", "P29_005": "鹿児島県熊毛郡中種子町増田3969", "P29_006": "3", "P29_007": "1", "P29_008": "00", "P29_009": null }, "geometry": { "type": "Point", "coordinates": [ 130.996861269462329, 30.554359281673019 ] } },
{ "type": "Feature", "properties": { "P29_001": "46501", "P29_002": "B146210003593", "P29_003": "16001", "P29_004": "中種子町立星原小学校", "P29_005": "鹿児島県熊毛郡中種子町納官6425", "P29_006": "3", "P29_007": "1", "P29_008": "00", "P29_009": null }, "geometry": { "type": "Point", "coordinates": [ 130.950299764952916, 30.610283201574216 ] } },
{ "type": "Feature", "properties": { "P29_001": "46501", "P29_002": "B146210003600", "P29_003": "16001", "P29_004": "中種子町立納官小学校", "P29_005": "鹿児島県熊毛郡中種子町納官500", "P29_006": "3", "P29_007": "1", "P29_008": "00", "P29_009": null }, "geometry": { "type": "Point", "coordinates": [ 130.946609620247756, 30.559842271371895 ] } },
{ "type": "Feature", "properties": { "P29_001": "46501", "P29_002": "B146210003619", "P29_003": "16001", "P29_004": "中種子町立油久小学校", "P29_005": "鹿児島県熊毛郡中種子町油久2340", "P29_006": "3", "P29_007": "1", "P29_008": "00", "P29_009": null }, "geometry": { "type": "Point", "coordinates": [ 130.96001511683167, 30.499405848965282 ] } },
{ "type": "Feature", "properties": { "P29_001": "46501", "P29_002": "B146210003628", "P29_003": "16001", "P29_004": "中種子町立南界小学校", "P29_005": "鹿児島県熊毛郡中種子町坂井3530", "P29_006": "3", "P29_007": "1", "P29_008": "00", "P29_009": null }, "geometry": { "type": "Point", "coordinates": [ 130.938524188596261, 30.479476127582849 ] } },
{ "type": "Feature", "properties": { "P29_001": "46501", "P29_002": "B146210003637", "P29_003": "16001", "P29_004": "中種子町立岩岡小学校", "P29_005": "鹿児島県熊毛郡中種子町坂井969", "P29_006": "3", "P29_007": "1", "P29_008": "00", "P29_009": null }, "geometry": { "type": "Point", "coordinates": [ 130.893409310009332, 30.491580224210267 ] } },
{ "type": "Feature", "properties": { "P29_001": "46502", "P29_002": "B146210003646", "P29_003": "16001", "P29_004": "南種子町立中平小学校", "P29_005": "鹿児島県熊毛郡南種子町中之上2427", "P29_006": "3", "P29_007": "1", "P29_008": "00", "P29_009": null }, "geometry": { "type": "Point", "coordinates": [ 130.902494878135229, 30.415934762248522 ] } },
{ "type": "Feature", "properties": { "P29_001": "46502", "P29_002": "B146210003655", "P29_003": "16001", "P29_004": "南種子町立茎南小学校", "P29_005": "鹿児島県熊毛郡南種子町茎永655", "P29_006": "3", "P29_007": "1", "P29_008": "00", "P29_009": null }, "geometry": { "type": "Point", "coordinates": [ 130.941801533392578, 30.39099049616042 ] } },
{ "type": "Feature", "properties": { "P29_001": "46502", "P29_002": "B146210003664", "P29_003": "16001", "P29_004": "南種子町立西野小学校", "P29_005": "鹿児島県熊毛郡南種子町西之1667", "P29_006": "3", "P29_007": "1", "P29_008": "00", "P29_009": null }, "geometry": { "type": "Point", "coordinates": [ 130.881911237561155, 30.370868855419733 ] } },
{ "type": "Feature", "properties": { "P29_001": "46502", "P29_002": "B146210003673", "P29_003": "16001", "P29_004": "南種子町立大川小学校", "P29_005": "鹿児島県熊毛郡南種子町中之上3698", "P29_006": "3", "P29_007": "1", "P29_008": "00", "P29_009": null }, "geometry": { "type": "Point", "coordinates": [ 130.865607088151563, 30.418487310852086 ] } },
{ "type": "Feature", "properties": { "P29_001": "46502", "P29_002": "B146210003682", "P29_003": "16001", "P29_004": "南種子町立島間小学校", "P29_005": "鹿児島県熊毛郡南種子町島間3611", "P29_006": "3", "P29_007": "1", "P29_008": "00", "P29_009": null }, "geometry": { "type": "Point", "coordinates": [ 130.876267380231752, 30.467118252761246 ] } },
{ "type": "Feature", "properties": { "P29_001": "46502", "P29_002": "B146210003691", "P29_003": "16001", "P29_004": "南種子町立平山小学校", "P29_005": "鹿児島県熊毛郡南種子町平山1622", "P29_006": "3", "P29_007": "1", "P29_008": "00", "P29_009": null }, "geometry": { "type": "Point", "coordinates": [ 130.959004878540213, 30.434738170103962 ] } },
{ "type": "Feature", "properties": { "P29_001": "46502", "P29_002": "B146210003708", "P29_003": "16001", "P29_004": "南種子町立花峰小学校", "P29_005": "鹿児島県熊毛郡南種子町中之下1173", "P29_006": "3", "P29_007": "1", "P29_008": "00", "P29_009": null }, "geometry": { "type": "Point", "coordinates": [ 130.910666080650515, 30.375243745155807 ] } },
{ "type": "Feature", "properties": { "P29_001": "46502", "P29_002": "B146210003717", "P29_003": "16001", "P29_004": "南種子町立長谷小学校", "P29_005": "鹿児島県熊毛郡南種子町中之上1794", "P29_006": "3", "P29_007": "1", "P29_008": "00", "P29_009": null }, "geometry": { "type": "Point", "coordinates": [ 130.909434011844837, 30.447905073746206 ] } },
{ "type": "Feature", "properties": { "P29_001": "46505", "P29_002": "B146210003726", "P29_003": "16001", "P29_004": "屋久島町立宮浦小学校", "P29_005": "鹿児島県熊毛郡屋久島町宮之浦2437-1", "P29_006": "3", "P29_007": "1", "P29_008": "00", "P29_009": null }, "geometry": { "type": "Point", "coordinates": [ 130.573584977624108, 30.4222874172753 ] } },
{ "type": "Feature", "properties": { "P29_001": "46505", "P29_002": "B146210003735", "P29_003": "16001", "P29_004": "屋久島町立一湊小学校", "P29_005": "鹿児島県熊毛郡屋久島町一湊488-1", "P29_006": "3", "P29_007": "1", "P29_008": "00", "P29_009": null }, "geometry": { "type": "Point", "coordinates": [ 130.485244209593731, 30.450569616405698 ] } },
{ "type": "Feature", "properties": { "P29_001": "46505", "P29_002": "B146210003744", "P29_003": "16001", "P29_004": "屋久島町立永田小学校", "P29_005": "鹿児島県熊毛郡屋久島町永田2973", "P29_006": "3", "P29_007": "1", "P29_008": "00", "P29_009": null }, "geometry": { "type": "Point", "coordinates": [ 130.425432124346486, 30.394869893517466 ] } },
{ "type": "Feature", "properties": { "P29_001": "46505", "P29_002": "B146210003753", "P29_003": "16001", "P29_004": "屋久島町立金岳小学校", "P29_005": "鹿児島県熊毛郡屋久島町口永良部島627", "P29_006": "3", "P29_007": "1", "P29_008": "00", "P29_009": null }, "geometry": { "type": "Point", "coordinates": [ 130.193348895637996, 30.465638539689014 ] } },
{ "type": "Feature", "properties": { "P29_001": "46505", "P29_002": "B146210003762", "P29_003": "16001", "P29_004": "屋久島町立小瀬田小学校", "P29_005": "鹿児島県熊毛郡屋久島町小瀬田1436-88", "P29_006": "3", "P29_007": "1", "P29_008": "00", "P29_009": null }, "geometry": { "type": "Point", "coordinates": [ 130.637208987408513, 30.395631821364397 ] } },
{ "type": "Feature", "properties": { "P29_001": "46505", "P29_002": "B146210003771", "P29_003": "16001", "P29_004": "屋久島町立栗生小学校", "P29_005": "鹿児島県熊毛郡屋久島町栗生2270-1", "P29_006": "3", "P29_007": "1", "P29_008": "00", "P29_009": null }, "geometry": { "type": "Point", "coordinates": [ 130.425121987794398, 30.2759084891957 ] } },
{ "type": "Feature", "properties": { "P29_001": "46505", "P29_002": "B146210003780", "P29_003": "16001", "P29_004": "屋久島町立八幡小学校", "P29_005": "鹿児島県熊毛郡屋久島町平内444-1", "P29_006": "3", "P29_007": "1", "P29_008": "00", "P29_009": null }, "geometry": { "type": "Point", "coordinates": [ 130.507929271716364, 30.23727012673838 ] } },
{ "type": "Feature", "properties": { "P29_001": "46505", "P29_002": "B146210003799", "P29_003": "16001", "P29_004": "屋久島町立神山小学校", "P29_005": "鹿児島県熊毛郡屋久島町原3-1", "P29_006": "3", "P29_007": "1", "P29_008": "00", "P29_009": null }, "geometry": { "type": "Point", "coordinates": [ 130.580279408072698, 30.245389221503043 ] } },
{ "type": "Feature", "properties": { "P29_001": "46505", "P29_002": "B146210003806", "P29_003": "16001", "P29_004": "屋久島町立安房小学校", "P29_005": "鹿児島県熊毛郡屋久島町安房1264-7", "P29_006": "3", "P29_007": "1", "P29_008": "00", "P29_009": null }, "geometry": { "type": "Point", "coordinates": [ 130.650684194207713, 30.319211806778952 ] } },
{ "type": "Feature", "properties": { "P29_001": "46304", "P29_002": "B146210003815", "P29_003": "16001", "P29_004": "十島村立中之島小学校", "P29_005": "鹿児島県鹿児島郡十島村中之島131", "P29_006": "3", "P29_007": "1", "P29_008": "00", "P29_009": null }, "geometry": { "type": "Point", "coordinates": [ 129.854343443427894, 29.833192766542812 ] } },
{ "type": "Feature", "properties": { "P29_001": "46304", "P29_002": "B146210003824", "P29_003": "16001", "P29_004": "十島村立平島小学校", "P29_005": "鹿児島県鹿児島郡十島村平島120", "P29_006": "3", "P29_007": "1", "P29_008": "00", "P29_009": null }, "geometry": { "type": "Point", "coordinates": [ 129.530709252907457, 29.688910761830048 ] } },
{ "type": "Feature", "properties": { "P29_001": "46304", "P29_002": "B146210003833", "P29_003": "16001", "P29_004": "十島村立宝島小学校", "P29_005": "鹿児島県鹿児島郡十島村宝島78", "P29_006": "3", "P29_007": "1", "P29_008": "00", "P29_009": null }, "geometry": { "type": "Point", "coordinates": [ 129.205387702622772, 29.151026816033234 ] } },
{ "type": "Feature", "properties": { "P29_001": "46304", "P29_002": "B146210003842", "P29_003": "16001", "P29_004": "十島村立悪石島小学校", "P29_005": "鹿児島県鹿児島郡十島村悪石島64-1", "P29_006": "3", "P29_007": "1", "P29_008": "00", "P29_009": null }, "geometry": { "type": "Point", "coordinates": [ 129.604101282004564, 29.450771218550454 ] } },
{ "type": "Feature", "properties": { "P29_001": "46304", "P29_002": "B146210003851", "P29_003": "16001", "P29_004": "十島村立口之島小学校", "P29_005": "鹿児島県鹿児島郡十島村口之島19", "P29_006": "3", "P29_007": "1", "P29_008": "00", "P29_009": null }, "geometry": { "type": "Point", "coordinates": [ 129.918177752096739, 29.988910776881788 ] } },
{ "type": "Feature", "properties": { "P29_001": "46523", "P29_002": "B146210003860", "P29_003": "16001", "P29_004": "大和村立大和小学校", "P29_005": "鹿児島県大島郡大和村思勝370", "P29_006": "3", "P29_007": "1", "P29_008": "00", "P29_009": null }, "geometry": { "type": "Point", "coordinates": [ 129.395275047480254, 28.355501359484499 ] } },
{ "type": "Feature", "properties": { "P29_001": "46523", "P29_002": "B146210003879", "P29_003": "16001", "P29_004": "大和村立大和小学校湯湾釜分校", "P29_005": "鹿児島県大島郡大和村湯湾釜21", "P29_006": "3", "P29_007": "9", "P29_008": "00", "P29_009": null }, "geometry": { "type": "Point", "coordinates": [ 129.411953215390838, 28.364583655796842 ] } },
{ "type": "Feature", "properties": { "P29_001": "46523", "P29_002": "B146210003888", "P29_003": "16001", "P29_004": "大和村立大棚小学校", "P29_005": "鹿児島県大島郡大和村大棚78-1", "P29_006": "3", "P29_007": "1", "P29_008": "00", "P29_009": null }, "geometry": { "type": "Point", "coordinates": [ 129.359411833349697, 28.355818458508658 ] } },
{ "type": "Feature", "properties": { "P29_001": "46523", "P29_002": "B146210003897", "P29_003": "16001", "P29_004": "大和村立名音小学校", "P29_005": "鹿児島県大島郡大和村名音603-イ", "P29_006": "3", "P29_007": "1", "P29_008": "00", "P29_009": null }, "geometry": { "type": "Point", "coordinates": [ 129.315566096025378, 28.334672745540686 ] } },
{ "type": "Feature", "properties": { "P29_001": "46523", "P29_002": "B146210003904", "P29_003": "16001", "P29_004": "大和村立今里小学校", "P29_005": "鹿児島県大島郡大和村今里361-1", "P29_006": "3", "P29_007": "1", "P29_008": "00", "P29_009": null }, "geometry": { "type": "Point", "coordinates": [ 129.278746752262407, 28.326270492492835 ] } },
{ "type": "Feature", "properties": { "P29_001": "46524", "P29_002": "B146210003913", "P29_003": "16001", "P29_004": "宇検村立田検小学校", "P29_005": "鹿児島県大島郡宇検村田検37", "P29_006": "3", "P29_007": "1", "P29_008": "00", "P29_009": null }, "geometry": { "type": "Point", "coordinates": [ 129.29298023027971, 28.28546602301941 ] } },
{ "type": "Feature", "properties": { "P29_001": "46524", "P29_002": "B146210003922", "P29_003": "16001", "P29_004": "宇検村立久志小学校", "P29_005": "鹿児島県大島郡宇検村久志2", "P29_006": "3", "P29_007": "1", "P29_008": "00", "P29_009": null }, "geometry": { "type": "Point", "coordinates": [ 129.233161786460414, 28.286811037063167 ] } },
{ "type": "Feature", "properties": { "P29_001": "46524", "P29_002": "B146210003931", "P29_003": "16001", "P29_004": "宇検村立名柄小学校", "P29_005": "鹿児島県大島郡宇検村名柄1263", "P29_006": "3", "P29_007": "1", "P29_008": "00", "P29_009": null }, "geometry": { "type": "Point", "coordinates": [ 129.249628629499313, 28.252390804079159 ] } },
{ "type": "Feature", "properties": { "P29_001": "46524", "P29_002": "B146210003940", "P29_003": "16001", "P29_004": "宇検村立阿室小学校", "P29_005": "鹿児島県大島郡宇検村阿室195", "P29_006": "3", "P29_007": "1", "P29_008": "00", "P29_009": null }, "geometry": { "type": "Point", "coordinates": [ 129.200294234518026, 28.256713345002574 ] } },
{ "type": "Feature", "properties": { "P29_001": "46222", "P29_002": "B146210003959", "P29_003": "16001", "P29_004": "奄美市立住用小学校", "P29_005": "鹿児島県奄美市住用町役勝27", "P29_006": "3", "P29_007": "1", "P29_008": "00", "P29_009": null }, "geometry": { "type": "Point", "coordinates": [ 129.400975961726857, 28.254946070118148 ] } },
{ "type": "Feature", "properties": { "P29_001": "46222", "P29_002": "B146210003968", "P29_003": "16001", "P29_004": "奄美市立東城小学校", "P29_005": "鹿児島県奄美市住用町摺勝610", "P29_006": "3", "P29_007": "1", "P29_008": "00", "P29_009": null }, "geometry": { "type": "Point", "coordinates": [ 129.443283045655846, 28.294807593487171 ] } },
{ "type": "Feature", "properties": { "P29_001": "46222", "P29_002": "B146210003977", "P29_003": "16001", "P29_004": "奄美市立市小学校", "P29_005": "鹿児島県奄美市住用町市62", "P29_006": "3", "P29_007": "1", "P29_008": "00", "P29_009": null }, "geometry": { "type": "Point", "coordinates": [ 129.453439828306671, 28.227911996078191 ] } },
{ "type": "Feature", "properties": { "P29_001": "46525", "P29_002": "B146210003995", "P29_003": "16001", "P29_004": "瀬戸内町立篠川小学校", "P29_005": "鹿児島県大島郡瀬戸内町篠川150", "P29_006": "3", "P29_007": "1", "P29_008": "00", "P29_009": null }, "geometry": { "type": "Point", "coordinates": [ 129.297950171322839, 28.222946353156676 ] } },
{ "type": "Feature", "properties": { "P29_001": "46525", "P29_002": "B146210004002", "P29_003": "16001", "P29_004": "瀬戸内町立薩川小学校", "P29_005": "鹿児島県大島郡瀬戸内町薩川211", "P29_006": "3", "P29_007": "1", "P29_008": "00", "P29_009": null }, "geometry": { "type": "Point", "coordinates": [ 129.202613931237892, 28.180749182365034 ] } },
{ "type": "Feature", "properties": { "P29_001": "46525", "P29_002": "B146210004011", "P29_003": "16001", "P29_004": "瀬戸内町立西阿室小学校", "P29_005": "鹿児島県大島郡瀬戸内町西阿室135", "P29_006": "3", "P29_007": "1", "P29_008": "00", "P29_009": null }, "geometry": { "type": "Point", "coordinates": [ 129.222059480674176, 28.111811773030567 ] } },
{ "type": "Feature", "properties": { "P29_001": "46525", "P29_002": "B146210004039", "P29_003": "16001", "P29_004": "瀬戸内町立諸鈍小学校", "P29_005": "鹿児島県大島郡瀬戸内町諸鈍295-イ", "P29_006": "3", "P29_007": "1", "P29_008": "00", "P29_009": null }, "geometry": { "type": "Point", "coordinates": [ 129.325624867932987, 28.094979132643889 ] } },
{ "type": "Feature", "properties": { "P29_001": "46525", "P29_002": "B146210004048", "P29_003": "16001", "P29_004": "瀬戸内町立伊子茂小学校", "P29_005": "鹿児島県大島郡瀬戸内町伊子茂207", "P29_006": "3", "P29_007": "1", "P29_008": "00", "P29_009": null }, "geometry": { "type": "Point", "coordinates": [ 129.243003722522673, 28.107743632088358 ] } },
{ "type": "Feature", "properties": { "P29_001": "46525", "P29_002": "B146210004057", "P29_003": "16001", "P29_004": "瀬戸内町立秋徳小学校", "P29_005": "鹿児島県大島郡瀬戸内町秋徳245", "P29_006": "3", "P29_007": "9", "P29_008": "00", "P29_009": null }, "geometry": { "type": "Point", "coordinates": [ 129.282873000003121, 28.085569996580894 ] } },
{ "type": "Feature", "properties": { "P29_001": "46525", "P29_002": "B146210004066", "P29_003": "16001", "P29_004": "瀬戸内町立池地小学校", "P29_005": "鹿児島県大島郡瀬戸内町池地329", "P29_006": "3", "P29_007": "1", "P29_008": "00", "P29_009": null }, "geometry": { "type": "Point", "coordinates": [ 129.238735752987054, 28.029869981758893 ] } },
{ "type": "Feature", "properties": { "P29_001": "46525", "P29_002": "B146210004075", "P29_003": "16001", "P29_004": "瀬戸内町立与路小学校", "P29_005": "鹿児島県大島郡瀬戸内町与路484", "P29_006": "3", "P29_007": "1", "P29_008": "00", "P29_009": null }, "geometry": { "type": "Point", "coordinates": [ 129.163109452245493, 28.045023945111826 ] } },
{ "type": "Feature", "properties": { "P29_001": "46525", "P29_002": "B146210004084", "P29_003": "16001", "P29_004": "瀬戸内町立古仁屋小学校", "P29_005": "鹿児島県大島郡瀬戸内町古仁屋805", "P29_006": "3", "P29_007": "1", "P29_008": "00", "P29_009": null }, "geometry": { "type": "Point", "coordinates": [ 129.314993338466138, 28.149948626818887 ] } },
{ "type": "Feature", "properties": { "P29_001": "46525", "P29_002": "B146210004093", "P29_003": "16001", "P29_004": "瀬戸内町立阿木名小学校", "P29_005": "鹿児島県大島郡瀬戸内町阿木名2104", "P29_006": "3", "P29_007": "1", "P29_008": "00", "P29_009": null }, "geometry": { "type": "Point", "coordinates": [ 129.337156215788809, 28.17098960675294 ] } },
{ "type": "Feature", "properties": { "P29_001": "46525", "P29_002": "B146210004100", "P29_003": "16001", "P29_004": "瀬戸内町立油井小学校", "P29_005": "鹿児島県大島郡瀬戸内町油井603-1", "P29_006": "3", "P29_007": "1", "P29_008": "00", "P29_009": null }, "geometry": { "type": "Point", "coordinates": [ 129.293750105321124, 28.182199753825479 ] } },
{ "type": "Feature", "properties": { "P29_001": "46525", "P29_002": "B146210004119", "P29_003": "16001", "P29_004": "瀬戸内町立嘉鉄小学校", "P29_005": "鹿児島県大島郡瀬戸内町嘉鉄353", "P29_006": "3", "P29_007": "1", "P29_008": "00", "P29_009": null }, "geometry": { "type": "Point", "coordinates": [ 129.343430489834134, 28.139190812687623 ] } },
{ "type": "Feature", "properties": { "P29_001": "46527", "P29_002": "B146210004128", "P29_003": "16001", "P29_004": "龍郷町立龍瀬小学校", "P29_005": "鹿児島県大島郡龍郷町瀬留293", "P29_006": "3", "P29_007": "1", "P29_008": "00", "P29_009": null }, "geometry": { "type": "Point", "coordinates": [ 129.590009098343188, 28.424759072059587 ] } },
{ "type": "Feature", "properties": { "P29_001": "46527", "P29_002": "B146210004137", "P29_003": "16001", "P29_004": "龍郷町立赤徳小学校", "P29_005": "鹿児島県大島郡龍郷町赤尾木259", "P29_006": "3", "P29_007": "1", "P29_008": "00", "P29_009": null }, "geometry": { "type": "Point", "coordinates": [ 129.625176614351602, 28.4150875533043 ] } },
{ "type": "Feature", "properties": { "P29_001": "46527", "P29_002": "B146210004146", "P29_003": "16001", "P29_004": "龍郷町立龍郷小学校", "P29_005": "鹿児島県大島郡龍郷町龍郷235", "P29_006": "3", "P29_007": "1", "P29_008": "00", "P29_009": null }, "geometry": { "type": "Point", "coordinates": [ 129.603582000163243, 28.452518521138604 ] } },
{ "type": "Feature", "properties": { "P29_001": "46527", "P29_002": "B146210004155", "P29_003": "16001", "P29_004": "龍郷町立戸口小学校", "P29_005": "鹿児島県大島郡龍郷町戸口1871", "P29_006": "3", "P29_007": "1", "P29_008": "00", "P29_009": null }, "geometry": { "type": "Point", "coordinates": [ 129.58197457090742, 28.368545897961493 ] } },
{ "type": "Feature", "properties": { "P29_001": "46527", "P29_002": "B146210004164", "P29_003": "16001", "P29_004": "龍郷町立大勝小学校", "P29_005": "鹿児島県大島郡龍郷町大勝1333", "P29_006": "3", "P29_007": "1", "P29_008": "00", "P29_009": null }, "geometry": { "type": "Point", "coordinates": [ 129.584461584187608, 28.396276370195729 ] } },
{ "type": "Feature", "properties": { "P29_001": "46527", "P29_002": "B146210004173", "P29_003": "16001", "P29_004": "龍郷町立円小学校", "P29_005": "鹿児島県大島郡龍郷町円731", "P29_006": "3", "P29_007": "1", "P29_008": "00", "P29_009": null }, "geometry": { "type": "Point", "coordinates": [ 129.588132250314175, 28.463507142329117 ] } },
{ "type": "Feature", "properties": { "P29_001": "46527", "P29_002": "B146210004182", "P29_003": "16001", "P29_004": "龍郷町立秋名小学校", "P29_005": "鹿児島県大島郡龍郷町幾里194", "P29_006": "3", "P29_007": "1", "P29_008": "00", "P29_009": null }, "geometry": { "type": "Point", "coordinates": [ 129.561771890050494, 28.448109424580842 ] } },
{ "type": "Feature", "properties": { "P29_001": "46222", "P29_002": "B146210004191", "P29_003": "16001", "P29_004": "奄美市立赤木名小学校", "P29_005": "鹿児島県奄美市笠利町大字中金久142", "P29_006": "3", "P29_007": "1", "P29_008": "00", "P29_009": null }, "geometry": { "type": "Point", "coordinates": [ 129.674984468285857, 28.453879830852699 ] } },
{ "type": "Feature", "properties": { "P29_001": "46222", "P29_002": "B146210004208", "P29_003": "16001", "P29_004": "奄美市立笠利小学校", "P29_005": "鹿児島県奄美市笠利町笠利399", "P29_006": "3", "P29_007": "1", "P29_008": "00", "P29_009": null }, "geometry": { "type": "Point", "coordinates": [ 129.69327718137535, 28.48800405719124 ] } },
{ "type": "Feature", "properties": { "P29_001": "46222", "P29_002": "B146210004217", "P29_003": "16001", "P29_004": "奄美市立節田小学校", "P29_005": "鹿児島県奄美市笠利町節田246", "P29_006": "3", "P29_007": "1", "P29_008": "00", "P29_009": null }, "geometry": { "type": "Point", "coordinates": [ 129.690180584045152, 28.416023420856583 ] } },
{ "type": "Feature", "properties": { "P29_001": "46222", "P29_002": "B146210004226", "P29_003": "16001", "P29_004": "奄美市立緑が丘小学校", "P29_005": "鹿児島県奄美市笠利町喜瀬1570", "P29_006": "3", "P29_007": "1", "P29_008": "00", "P29_009": null }, "geometry": { "type": "Point", "coordinates": [ 129.656294829679865, 28.414894456410845 ] } },
{ "type": "Feature", "properties": { "P29_001": "46222", "P29_002": "B146210004235", "P29_003": "16001", "P29_004": "奄美市立宇宿小学校", "P29_005": "鹿児島県奄美市笠利町宇宿166-ロ", "P29_006": "3", "P29_007": "1", "P29_008": "00", "P29_009": null }, "geometry": { "type": "Point", "coordinates": [ 129.711105493012042, 28.450305448035579 ] } },
{ "type": "Feature", "properties": { "P29_001": "46222", "P29_002": "B146210004244", "P29_003": "16001", "P29_004": "奄美市立手花部小学校", "P29_005": "鹿児島県奄美市笠利町手花部2811", "P29_006": "3", "P29_007": "1", "P29_008": "00", "P29_009": null }, "geometry": { "type": "Point", "coordinates": [ 129.663722177920675, 28.438242401684793 ] } },
{ "type": "Feature", "properties": { "P29_001": "46222", "P29_002": "B146210004253", "P29_003": "16001", "P29_004": "奄美市立屋仁小学校", "P29_005": "鹿児島県奄美市笠利町屋仁130", "P29_006": "3", "P29_007": "1", "P29_008": "00", "P29_009": null }, "geometry": { "type": "Point", "coordinates": [ 129.658269475462873, 28.499793087076501 ] } },
{ "type": "Feature", "properties": { "P29_001": "46222", "P29_002": "B146210004262", "P29_003": "16001", "P29_004": "奄美市立佐仁小学校", "P29_005": "鹿児島県奄美市笠利町佐仁2735", "P29_006": "3", "P29_007": "1", "P29_008": "00", "P29_009": null }, "geometry": { "type": "Point", "coordinates": [ 129.671678168646423, 28.514991167719689 ] } },
{ "type": "Feature", "properties": { "P29_001": "46530", "P29_002": "B146210004271", "P29_003": "16001", "P29_004": "徳之島町立亀津小学校", "P29_005": "鹿児島県大島郡徳之島町亀津1039", "P29_006": "3", "P29_007": "1", "P29_008": "00", "P29_009": null }, "geometry": { "type": "Point", "coordinates": [ 129.016220614125103, 27.731530576540855 ] } },
{ "type": "Feature", "properties": { "P29_001": "46530", "P29_002": "B146210004280", "P29_003": "16001", "P29_004": "徳之島町立神之嶺小学校", "P29_005": "鹿児島県大島郡徳之島町神之嶺391", "P29_006": "3", "P29_007": "1", "P29_008": "00", "P29_009": null }, "geometry": { "type": "Point", "coordinates": [ 129.028488584990129, 27.771450376408453 ] } },
{ "type": "Feature", "properties": { "P29_001": "46530", "P29_002": "B146210004299", "P29_003": "16001", "P29_004": "徳之島町立尾母小学校", "P29_005": "鹿児島県大島郡徳之島町尾母300", "P29_006": "3", "P29_007": "1", "P29_008": "00", "P29_009": null }, "geometry": { "type": "Point", "coordinates": [ 128.988668926051844, 27.715294887762106 ] } },
{ "type": "Feature", "properties": { "P29_001": "46530", "P29_002": "B146210004306", "P29_003": "16001", "P29_004": "徳之島町立亀徳小学校", "P29_005": "鹿児島県大島郡徳之島町亀徳196", "P29_006": "3", "P29_007": "1", "P29_008": "00", "P29_009": null }, "geometry": { "type": "Point", "coordinates": [ 129.019786616227634, 27.745033762572728 ] } },
{ "type": "Feature", "properties": { "P29_001": "46530", "P29_002": "B146210004315", "P29_003": "16001", "P29_004": "徳之島町立花徳小学校", "P29_005": "鹿児島県大島郡徳之島町花徳2983", "P29_006": "3", "P29_007": "1", "P29_008": "00", "P29_009": null }, "geometry": { "type": "Point", "coordinates": [ 128.96130993931007, 27.821163471025123 ] } },
{ "type": "Feature", "properties": { "P29_001": "46530", "P29_002": "B146210004324", "P29_003": "16001", "P29_004": "徳之島町立母間小学校", "P29_005": "鹿児島県大島郡徳之島町母間9375", "P29_006": "3", "P29_007": "1", "P29_008": "00", "P29_009": null }, "geometry": { "type": "Point", "coordinates": [ 128.981466317422303, 27.810408837261729 ] } },
{ "type": "Feature", "properties": { "P29_001": "46530", "P29_002": "B146210004333", "P29_003": "16001", "P29_004": "徳之島町立山小学校", "P29_005": "鹿児島県大島郡徳之島町山1808", "P29_006": "3", "P29_007": "1", "P29_008": "00", "P29_009": null }, "geometry": { "type": "Point", "coordinates": [ 128.956618704481173, 27.866568313486418 ] } },
{ "type": "Feature", "properties": { "P29_001": "46530", "P29_002": "B146210004342", "P29_003": "16001", "P29_004": "徳之島町立手々小学校", "P29_005": "鹿児島県大島郡徳之島町手々2975", "P29_006": "3", "P29_007": "1", "P29_008": "00", "P29_009": null }, "geometry": { "type": "Point", "coordinates": [ 128.934894868450442, 27.887483709478229 ] } },
{ "type": "Feature", "properties": { "P29_001": "46531", "P29_002": "B146210004351", "P29_003": "16001", "P29_004": "天城町立天城小学校", "P29_005": "鹿児島県大島郡天城町天城555", "P29_006": "3", "P29_007": "1", "P29_008": "00", "P29_009": null }, "geometry": { "type": "Point", "coordinates": [ 128.898914079276295, 27.811902653834217 ] } },
{ "type": "Feature", "properties": { "P29_001": "46531", "P29_002": "B146210004360", "P29_003": "16001", "P29_004": "天城町立岡前小学校", "P29_005": "鹿児島県大島郡天城町岡前1602", "P29_006": "3", "P29_007": "1", "P29_008": "00", "P29_009": null }, "geometry": { "type": "Point", "coordinates": [ 128.898420302266089, 27.843514998683091 ] } },
{ "type": "Feature", "properties": { "P29_001": "46531", "P29_002": "B146210004379", "P29_003": "16001", "P29_004": "天城町立岡前小学校与名間分校", "P29_005": "鹿児島県大島郡天城町与名間940", "P29_006": "3", "P29_007": "1", "P29_008": "00", "P29_009": null }, "geometry": { "type": "Point", "coordinates": [ 128.896071541939278, 27.878999673743483 ] } },
{ "type": "Feature", "properties": { "P29_001": "46531", "P29_002": "B146210004388", "P29_003": "16001", "P29_004": "天城町立兼久小学校", "P29_005": "鹿児島県大島郡天城町瀬滝1009", "P29_006": "3", "P29_007": "1", "P29_008": "00", "P29_009": null }, "geometry": { "type": "Point", "coordinates": [ 128.908002288065148, 27.782608120673732 ] } },
{ "type": "Feature", "properties": { "P29_001": "46531", "P29_002": "B146210004397", "P29_003": "16001", "P29_004": "天城町立西阿木名小学校", "P29_005": "鹿児島県大島郡天城町西阿木名262", "P29_006": "3", "P29_007": "1", "P29_008": "00", "P29_009": null }, "geometry": { "type": "Point", "coordinates": [ 128.916177527742718, 27.752439539156011 ] } },
{ "type": "Feature", "properties": { "P29_001": "46531", "P29_002": "B146210004404", "P29_003": "16001", "P29_004": "天城町立西阿木名小学校三京分校", "P29_005": "鹿児島県大島郡天城町西阿木名1352", "P29_006": "3", "P29_007": "1", "P29_008": "00", "P29_009": null }, "geometry": { "type": "Point", "coordinates": [ 128.950109920530593, 27.7719661902353 ] } },
{ "type": "Feature", "properties": { "P29_001": "46532", "P29_002": "B146210004413", "P29_003": "16001", "P29_004": "伊仙町立伊仙小学校", "P29_005": "鹿児島県大島郡伊仙町伊仙2085", "P29_006": "3", "P29_007": "1", "P29_008": "00", "P29_009": null }, "geometry": { "type": "Point", "coordinates": [ 128.93630086171089, 27.673180781206206 ] } },
{ "type": "Feature", "properties": { "P29_001": "46532", "P29_002": "B146210004422", "P29_003": "16001", "P29_004": "伊仙町立面縄小学校", "P29_005": "鹿児島県大島郡伊仙町面縄671", "P29_006": "3", "P29_007": "1", "P29_008": "00", "P29_009": null }, "geometry": { "type": "Point", "coordinates": [ 128.964768618054165, 27.673202647342876 ] } },
{ "type": "Feature", "properties": { "P29_001": "46532", "P29_002": "B146210004431", "P29_003": "16001", "P29_004": "伊仙町立犬田布小学校", "P29_005": "鹿児島県大島郡伊仙町犬田布271", "P29_006": "3", "P29_007": "1", "P29_008": "00", "P29_009": null }, "geometry": { "type": "Point", "coordinates": [ 128.908423542927608, 27.71309423110284 ] } },
{ "type": "Feature", "properties": { "P29_001": "46532", "P29_002": "B146210004440", "P29_003": "16001", "P29_004": "伊仙町立鹿浦小学校", "P29_005": "鹿児島県大島郡伊仙町阿三2206-5", "P29_006": "3", "P29_007": "1", "P29_008": "00", "P29_009": null }, "geometry": { "type": "Point", "coordinates": [ 128.9196772289867, 27.691208293876851 ] } },
{ "type": "Feature", "properties": { "P29_001": "46532", "P29_002": "B146210004459", "P29_003": "16001", "P29_004": "伊仙町立馬根小学校", "P29_005": "鹿児島県大島郡伊仙町馬根475", "P29_006": "3", "P29_007": "1", "P29_008": "00", "P29_009": null }, "geometry": { "type": "Point", "coordinates": [ 128.948398045192107, 27.713386352944852 ] } },
{ "type": "Feature", "properties": { "P29_001": "46532", "P29_002": "B146210004468", "P29_003": "16001", "P29_004": "伊仙町立糸木名小学校", "P29_005": "鹿児島県大島郡伊仙町糸木名722", "P29_006": "3", "P29_007": "1", "P29_008": "00", "P29_009": null }, "geometry": { "type": "Point", "coordinates": [ 128.923677146435921, 27.733241668804382 ] } },
{ "type": "Feature", "properties": { "P29_001": "46532", "P29_002": "B146210004477", "P29_003": "16001", "P29_004": "伊仙町立喜念小学校", "P29_005": "鹿児島県大島郡伊仙町喜念1", "P29_006": "3", "P29_007": "1", "P29_008": "00", "P29_009": null }, "geometry": { "type": "Point", "coordinates": [ 128.995470548412612, 27.684816757264308 ] } },
{ "type": "Feature", "properties": { "P29_001": "46532", "P29_002": "B146210004486", "P29_003": "16001", "P29_004": "伊仙町立阿権小学校", "P29_005": "鹿児島県大島郡伊仙町阿権1562", "P29_006": "3", "P29_007": "1", "P29_008": "00", "P29_009": null }, "geometry": { "type": "Point", "coordinates": [ 128.926233479531192, 27.708979298515231 ] } },
{ "type": "Feature", "properties": { "P29_001": "46533", "P29_002": "B146210004495", "P29_003": "16001", "P29_004": "和泊町立和泊小学校", "P29_005": "鹿児島県大島郡和泊町和泊920-1", "P29_006": "3", "P29_007": "1", "P29_008": "00", "P29_009": null }, "geometry": { "type": "Point", "coordinates": [ 128.650402891153703, 27.400611007773449 ] } },
{ "type": "Feature", "properties": { "P29_001": "46533", "P29_002": "B146210004501", "P29_003": "16001", "P29_004": "和泊町立大城小学校", "P29_005": "鹿児島県大島郡和泊町大城650", "P29_006": "3", "P29_007": "1", "P29_008": "00", "P29_009": null }, "geometry": { "type": "Point", "coordinates": [ 128.624378689938965, 27.381103354986603 ] } },
{ "type": "Feature", "properties": { "P29_001": "46533", "P29_002": "B146210004510", "P29_003": "16001", "P29_004": "和泊町立内城小学校", "P29_005": "鹿児島県大島郡和泊町内城516-1", "P29_006": "3", "P29_007": "1", "P29_008": "00", "P29_009": null }, "geometry": { "type": "Point", "coordinates": [ 128.605338817085681, 27.382846265017029 ] } },
{ "type": "Feature", "properties": { "P29_001": "46533", "P29_002": "B146210004529", "P29_003": "16001", "P29_004": "和泊町立国頭小学校", "P29_005": "鹿児島県大島郡和泊町国頭2904", "P29_006": "3", "P29_007": "1", "P29_008": "00", "P29_009": null }, "geometry": { "type": "Point", "coordinates": [ 128.68359384711033, 27.425632701999646 ] } },
{ "type": "Feature", "properties": { "P29_001": "46534", "P29_002": "B146210004538", "P29_003": "16001", "P29_004": "知名町立知名小学校", "P29_005": "鹿児島県大島郡知名町知名333", "P29_006": "3", "P29_007": "1", "P29_008": "00", "P29_009": null }, "geometry": { "type": "Point", "coordinates": [ 128.575050929229235, 27.332292560927794 ] } },
{ "type": "Feature", "properties": { "P29_001": "46534", "P29_002": "B146210004547", "P29_003": "16001", "P29_004": "知名町立住吉小学校", "P29_005": "鹿児島県大島郡知名町住吉1779", "P29_006": "3", "P29_007": "1", "P29_008": "00", "P29_009": null }, "geometry": { "type": "Point", "coordinates": [ 128.53617632571968, 27.363051270412079 ] } },
{ "type": "Feature", "properties": { "P29_001": "46534", "P29_002": "B146210004556", "P29_003": "16001", "P29_004": "知名町立田皆小学校", "P29_005": "鹿児島県大島郡知名町田皆1653", "P29_006": "3", "P29_007": "1", "P29_008": "00", "P29_009": null }, "geometry": { "type": "Point", "coordinates": [ 128.542737065653768, 27.387003234891445 ] } },
{ "type": "Feature", "properties": { "P29_001": "46534", "P29_002": "B146210004565", "P29_003": "16001", "P29_004": "知名町立上城小学校", "P29_005": "鹿児島県大島郡知名町上城220", "P29_006": "3", "P29_007": "1", "P29_008": "00", "P29_009": null }, "geometry": { "type": "Point", "coordinates": [ 128.569464418274947, 27.384210289411591 ] } },
{ "type": "Feature", "properties": { "P29_001": "46534", "P29_002": "B146210004574", "P29_003": "16001", "P29_004": "知名町立下平川小学校", "P29_005": "鹿児島県大島郡知名町下平川412", "P29_006": "3", "P29_007": "1", "P29_008": "00", "P29_009": null }, "geometry": { "type": "Point", "coordinates": [ 128.600139738227455, 27.357907297432863 ] } },
{ "type": "Feature", "properties": { "P29_001": "46535", "P29_002": "B146210004583", "P29_003": "16001", "P29_004": "与論町立与論小学校", "P29_005": "鹿児島県大島郡与論町朝戸1445", "P29_006": "3", "P29_007": "1", "P29_008": "00", "P29_009": null }, "geometry": { "type": "Point", "coordinates": [ 128.434813461332226, 27.030769013987403 ] } },
{ "type": "Feature", "properties": { "P29_001": "46535", "P29_002": "B146210004592", "P29_003": "16001", "P29_004": "与論町立茶花小学校", "P29_005": "鹿児島県大島郡与論町茶花298", "P29_006": "3", "P29_007": "1", "P29_008": "00", "P29_009": null }, "geometry": { "type": "Point", "coordinates": [ 128.418348023968264, 27.047104573593241 ] } },
{ "type": "Feature", "properties": { "P29_001": "46535", "P29_002": "B146210004609", "P29_003": "16001", "P29_004": "与論町立那間小学校", "P29_005": "鹿児島県大島郡与論町那間286", "P29_006": "3", "P29_007": "1", "P29_008": "00", "P29_009": null }, "geometry": { "type": "Point", "coordinates": [ 128.434576327341489, 27.052562420315308 ] } },
{ "type": "Feature", "properties": { "P29_001": "46201", "P29_002": "B146210004618", "P29_003": "16001", "P29_004": "鹿児島市立東谷山小学校", "P29_005": "鹿児島県鹿児島市魚見町124-1", "P29_006": "3", "P29_007": "1", "P29_008": "00", "P29_009": null }, "geometry": { "type": "Point", "coordinates": [ 130.523157239150549, 31.541005217564358 ] } },
{ "type": "Feature", "properties": { "P29_001": "46201", "P29_002": "B146210004627", "P29_003": "16001", "P29_004": "鹿児島市立大明丘小学校", "P29_005": "鹿児島県鹿児島市大明丘1-18-1", "P29_006": "3", "P29_007": "1", "P29_008": "00", "P29_009": null }, "geometry": { "type": "Point", "coordinates": [ 130.564939165573975, 31.628319677419594 ] } },
{ "type": "Feature", "properties": { "P29_001": "46201", "P29_002": "B146210004636", "P29_003": "16001", "P29_004": "鹿児島市立西紫原小学校", "P29_005": "鹿児島県鹿児島市紫原4-16-4", "P29_006": "3", "P29_007": "1", "P29_008": "00", "P29_009": null }, "geometry": { "type": "Point", "coordinates": [ 130.531893467547405, 31.55603847078531 ] } },
{ "type": "Feature", "properties": { "P29_001": "46201", "P29_002": "B146210004645", "P29_003": "16001", "P29_004": "鹿児島市立広木小学校", "P29_005": "鹿児島県鹿児島市広木1-4-1", "P29_006": "3", "P29_007": "1", "P29_008": "00", "P29_009": null }, "geometry": { "type": "Point", "coordinates": [ 130.521450000104892, 31.565331190983674 ] } },
{ "type": "Feature", "properties": { "P29_001": "46201", "P29_002": "B146210004654", "P29_003": "16001", "P29_004": "鹿児島市立坂元小学校", "P29_005": "鹿児島県鹿児島市玉里団地3-45-1", "P29_006": "3", "P29_007": "1", "P29_008": "00", "P29_009": null }, "geometry": { "type": "Point", "coordinates": [ 130.549302552473591, 31.623495569517363 ] } },
{ "type": "Feature", "properties": { "P29_001": "46201", "P29_002": "B146210004663", "P29_003": "16001", "P29_004": "鹿児島市立明和小学校", "P29_005": "鹿児島県鹿児島市明和2-1-1", "P29_006": "3", "P29_007": "1", "P29_008": "00", "P29_009": null }, "geometry": { "type": "Point", "coordinates": [ 130.521941830986492, 31.602194305011444 ] } },
{ "type": "Feature", "properties": { "P29_001": "46201", "P29_002": "B146210004672", "P29_003": "16001", "P29_004": "鹿児島市立西伊敷小学校", "P29_005": "鹿児島県鹿児島市西伊敷4-12-1", "P29_006": "3", "P29_007": "1", "P29_008": "00", "P29_009": null }, "geometry": { "type": "Point", "coordinates": [ 130.535978625758133, 31.64039836543903 ] } },
{ "type": "Feature", "properties": { "P29_001": "46218", "P29_002": "B146210004681", "P29_003": "16001", "P29_004": "霧島市立国分南小学校", "P29_005": "鹿児島県霧島市国分下井2109", "P29_006": "3", "P29_007": "1", "P29_008": "00", "P29_009": null }, "geometry": { "type": "Point", "coordinates": [ 130.786716062161048, 31.714114881042015 ] } },
{ "type": "Feature", "properties": { "P29_001": "46201", "P29_002": "B146210004690", "P29_003": "16001", "P29_004": "鹿児島市立武岡小学校", "P29_005": "鹿児島県鹿児島市武岡2-30-1", "P29_006": "3", "P29_007": "1", "P29_008": "00", "P29_009": null }, "geometry": { "type": "Point", "coordinates": [ 130.517374216835123, 31.591848303268065 ] } },
{ "type": "Feature", "properties": { "P29_001": "46201", "P29_002": "B146210004707", "P29_003": "16001", "P29_004": "鹿児島市立西谷山小学校", "P29_005": "鹿児島県鹿児島市上福元町6464-1", "P29_006": "3", "P29_007": "1", "P29_008": "00", "P29_009": null }, "geometry": { "type": "Point", "coordinates": [ 130.501199096551062, 31.523871318370659 ] } },
{ "type": "Feature", "properties": { "P29_001": "46201", "P29_002": "B146210004716", "P29_003": "16001", "P29_004": "鹿児島市立西陵小学校", "P29_005": "鹿児島県鹿児島市西陵1-11-1", "P29_006": "3", "P29_007": "1", "P29_008": "00", "P29_009": null }, "geometry": { "type": "Point", "coordinates": [ 130.516494565989063, 31.579527275970953 ] } },
{ "type": "Feature", "properties": { "P29_001": "46201", "P29_002": "B146210004725", "P29_003": "16001", "P29_004": "鹿児島市立桜丘西小学校", "P29_005": "鹿児島県鹿児島市桜ヶ丘2-35", "P29_006": "3", "P29_007": "1", "P29_008": "00", "P29_009": null }, "geometry": { "type": "Point", "coordinates": [ 130.511092610748364, 31.554147750446809 ] } },
{ "type": "Feature", "properties": { "P29_001": "46203", "P29_002": "B146210004734", "P29_003": "16001", "P29_004": "鹿屋市立西原台小学校", "P29_005": "鹿児島県鹿屋市今坂町12560-2", "P29_006": "3", "P29_007": "1", "P29_008": "00", "P29_009": null }, "geometry": { "type": "Point", "coordinates": [ 130.822130366645609, 31.383011097940642 ] } },
{ "type": "Feature", "properties": { "P29_001": "46201", "P29_002": "B146210004743", "P29_003": "16001", "P29_004": "鹿児島市立錦江台小学校", "P29_005": "鹿児島県鹿児島市錦江台1-70-1", "P29_006": "3", "P29_007": "1", "P29_008": "00", "P29_009": null }, "geometry": { "type": "Point", "coordinates": [ 130.494155412423964, 31.499926234592252 ] } },
{ "type": "Feature", "properties": { "P29_001": "46225", "P29_002": "B146210004752", "P29_003": "16001", "P29_004": "姶良市立姶良小学校", "P29_005": "鹿児島県姶良市西餅田2726", "P29_006": "3", "P29_007": "1", "P29_008": "00", "P29_009": null }, "geometry": { "type": "Point", "coordinates": [ 130.619128817508937, 31.723376164823705 ] } },
{ "type": "Feature", "properties": { "P29_001": "46201", "P29_002": "B146210004761", "P29_003": "16001", "P29_004": "鹿児島市立星峯西小学校", "P29_005": "鹿児島県鹿児島市星ヶ峯4-9-1", "P29_006": "3", "P29_007": "1", "P29_008": "00", "P29_009": null }, "geometry": { "type": "Point", "coordinates": [ 130.493341168788163, 31.57818245382542 ] } },
{ "type": "Feature", "properties": { "P29_001": "46201", "P29_002": "B146210004770", "P29_003": "16001", "P29_004": "鹿児島市立吉野東小学校", "P29_005": "鹿児島県鹿児島市吉野町5968-1", "P29_006": "3", "P29_007": "1", "P29_008": "00", "P29_009": null }, "geometry": { "type": "Point", "coordinates": [ 130.586362211336223, 31.648427603231013 ] } },
{ "type": "Feature", "properties": { "P29_001": "46201", "P29_002": "B146210004789", "P29_003": "16001", "P29_004": "鹿児島市立桜丘東小学校", "P29_005": "鹿児島県鹿児島市桜ヶ丘6-13", "P29_006": "3", "P29_007": "1", "P29_008": "00", "P29_009": null }, "geometry": { "type": "Point", "coordinates": [ 130.521867944854051, 31.547852033579762 ] } },
{ "type": "Feature", "properties": { "P29_001": "46201", "P29_002": "B146210004798", "P29_003": "16001", "P29_004": "鹿児島市立向陽小学校", "P29_005": "鹿児島県鹿児島市向陽1-14-1", "P29_006": "3", "P29_007": "1", "P29_008": "00", "P29_009": null }, "geometry": { "type": "Point", "coordinates": [ 130.515816741778195, 31.559068136399311 ] } },
{ "type": "Feature", "properties": { "P29_001": "46203", "P29_002": "B146210004805", "P29_003": "16001", "P29_004": "鹿屋市立寿北小学校", "P29_005": "鹿児島県鹿屋市札元1-17-10", "P29_006": "3", "P29_007": "1", "P29_008": "00", "P29_009": null }, "geometry": { "type": "Point", "coordinates": [ 130.871446636823521, 31.391721916652951 ] } },
{ "type": "Feature", "properties": { "P29_001": "46201", "P29_002": "B146210004814", "P29_003": "16001", "P29_004": "鹿児島市立清和小学校", "P29_005": "鹿児島県鹿児島市上福元町1277-1", "P29_006": "3", "P29_007": "1", "P29_008": "00", "P29_009": null }, "geometry": { "type": "Point", "coordinates": [ 130.510069679355354, 31.535504458191188 ] } },
{ "type": "Feature", "properties": { "P29_001": "46216", "P29_002": "B146210004823", "P29_003": "16001", "P29_004": "日置市立妙円寺小学校", "P29_005": "鹿児島県日置市伊集院町妙円寺1-112", "P29_006": "3", "P29_007": "1", "P29_008": "00", "P29_009": null }, "geometry": { "type": "Point", "coordinates": [ 130.399005317714227, 31.645287354091852 ] } },
{ "type": "Feature", "properties": { "P29_001": "46225", "P29_002": "B146210004832", "P29_003": "16001", "P29_004": "姶良市立西姶良小学校", "P29_005": "鹿児島県姶良市西姶良1-37-1", "P29_006": "3", "P29_007": "1", "P29_008": "00", "P29_009": null }, "geometry": { "type": "Point", "coordinates": [ 130.603756449291041, 31.728212247637241 ] } },
{ "type": "Feature", "properties": { "P29_001": "46201", "P29_002": "B146210004841", "P29_003": "16001", "P29_004": "鹿児島市立坂元台小学校", "P29_005": "鹿児島県鹿児島市西坂元町58-2", "P29_006": "3", "P29_007": "1", "P29_008": "00", "P29_009": null }, "geometry": { "type": "Point", "coordinates": [ 130.552733083066812, 31.615987018090951 ] } },
{ "type": "Feature", "properties": { "P29_001": "46201", "P29_002": "B146210004850", "P29_003": "16001", "P29_004": "鹿児島市立花野小学校", "P29_005": "鹿児島県鹿児島市花野光ヶ丘1-1-1", "P29_006": "3", "P29_007": "1", "P29_008": "00", "P29_009": null }, "geometry": { "type": "Point", "coordinates": [ 130.529299627534698, 31.647256740675978 ] } },
{ "type": "Feature", "properties": { "P29_001": "46225", "P29_002": "B146210004869", "P29_003": "16001", "P29_004": "姶良市立加治木小学校", "P29_005": "鹿児島県姶良市加治木町反土2955", "P29_006": "3", "P29_007": "1", "P29_008": "00", "P29_009": null }, "geometry": { "type": "Point", "coordinates": [ 130.655885998325289, 31.742525271184729 ] } },
{ "type": "Feature", "properties": { "P29_001": "46201", "P29_002": "B146210004878", "P29_003": "16001", "P29_004": "鹿児島市立星峯東小学校", "P29_005": "鹿児島県鹿児島市星ヶ峯1-17-1", "P29_006": "3", "P29_007": "1", "P29_008": "00", "P29_009": null }, "geometry": { "type": "Point", "coordinates": [ 130.503337458901285, 31.57353677439632 ] } },
{ "type": "Feature", "properties": { "P29_001": "46201", "P29_002": "B146210004887", "P29_003": "16001", "P29_004": "鹿児島市立牟礼岡小学校", "P29_005": "鹿児島県鹿児島市牟礼岡1-1-1", "P29_006": "3", "P29_007": "1", "P29_008": "00", "P29_009": null }, "geometry": { "type": "Point", "coordinates": [ 130.585654288891561, 31.679204506964314 ] } },
{ "type": "Feature", "properties": { "P29_001": "46201", "P29_002": "B146210004896", "P29_003": "16001", "P29_004": "鹿児島市立武岡台小学校", "P29_005": "鹿児島県鹿児島市武岡6-1-1", "P29_006": "3", "P29_007": "1", "P29_008": "00", "P29_009": null }, "geometry": { "type": "Point", "coordinates": [ 130.514924476550362, 31.596068825840863 ] } },
{ "type": "Feature", "properties": { "P29_001": "46201", "P29_002": "B146210004903", "P29_003": "16001", "P29_004": "鹿児島市立皇徳寺小学校", "P29_005": "鹿児島県鹿児島市皇徳寺台2-50-1", "P29_006": "3", "P29_007": "1", "P29_008": "00", "P29_009": null }, "geometry": { "type": "Point", "coordinates": [ 130.492728609923319, 31.55690021039517 ] } },
{ "type": "Feature", "properties": { "P29_001": "46201", "P29_002": "B146210004912", "P29_003": "16001", "P29_004": "鹿児島市立伊敷台小学校", "P29_005": "鹿児島県鹿児島市伊敷台4-20-1", "P29_006": "3", "P29_007": "1", "P29_008": "00", "P29_009": null }, "geometry": { "type": "Point", "coordinates": [ 130.53838311533238, 31.631581353274552 ] } },
{ "type": "Feature", "properties": { "P29_001": "46218", "P29_002": "B146210004921", "P29_003": "16001", "P29_004": "霧島市立青葉小学校", "P29_005": "鹿児島県霧島市国分郡田315", "P29_006": "3", "P29_007": "1", "P29_008": "00", "P29_009": null }, "geometry": { "type": "Point", "coordinates": [ 130.785585983783307, 31.767681985857031 ] } },
{ "type": "Feature", "properties": { "P29_001": "46218", "P29_002": "B146210004930", "P29_003": "16001", "P29_004": "霧島市立天降川小学校", "P29_005": "鹿児島県霧島市国分福島1-1-15", "P29_006": "3", "P29_007": "1", "P29_008": "00", "P29_009": null }, "geometry": { "type": "Point", "coordinates": [ 130.750035462738253, 31.728088011944095 ] } },
{ "type": "Feature", "properties": { "P29_001": "46203", "P29_002": "B146210004949", "P29_003": "16001", "P29_004": "鹿屋市立輝北小学校", "P29_005": "鹿児島県鹿屋市輝北町上百引3186", "P29_006": "3", "P29_007": "1", "P29_008": "00", "P29_009": null }, "geometry": { "type": "Point", "coordinates": [ 130.867580581051726, 31.547649173851816 ] } },
{ "type": "Feature", "properties": { "P29_001": "46529", "P29_002": "B146210004958", "P29_003": "16001", "P29_004": "喜界町立喜界小学校", "P29_005": "鹿児島県大島郡喜界町湾1808", "P29_006": "3", "P29_007": "1", "P29_008": "00", "P29_009": null }, "geometry": { "type": "Point", "coordinates": [ 129.940298993716539, 28.319096557871912 ] } },
{ "type": "Feature", "properties": { "P29_001": "46529", "P29_002": "B146210004967", "P29_003": "16001", "P29_004": "喜界町立早町小学校", "P29_005": "鹿児島県大島郡喜界町塩道1048", "P29_006": "3", "P29_007": "1", "P29_008": "00", "P29_009": null }, "geometry": { "type": "Point", "coordinates": [ 130.00032748881361, 28.341521174738801 ] } },
{ "type": "Feature", "properties": { "P29_001": "46203", "P29_002": "B146210004976", "P29_003": "16001", "P29_004": "鹿屋市立花岡小学校", "P29_005": "鹿児島県鹿屋市古里町99", "P29_006": "3", "P29_007": "1", "P29_008": "00", "P29_009": null }, "geometry": { "type": "Point", "coordinates": [ 130.78148611486742, 31.398259106356058 ] } },
{ "type": "Feature", "properties": { "P29_001": "46404", "P29_002": "B146210004985", "P29_003": "16001", "P29_004": "長島町立獅子島小学校", "P29_005": "鹿児島県出水郡長島町獅子島118", "P29_006": "3", "P29_007": "1", "P29_008": "00", "P29_009": null }, "geometry": { "type": "Point", "coordinates": [ 130.21664189217077, 32.27899467470219 ] } },
{ "type": "Feature", "properties": { "P29_001": "46220", "P29_002": "B146210004994", "P29_003": "16001", "P29_004": "南さつま市立笠沙小学校", "P29_005": "鹿児島県南さつま市笠沙町片浦2362", "P29_006": "3", "P29_007": "1", "P29_008": "00", "P29_009": null }, "geometry": { "type": "Point", "coordinates": [ 130.184485395754308, 31.409512107664572 ] } },
{ "type": "Feature", "properties": { "P29_001": "46225", "P29_002": "B146210005001", "P29_003": "16001", "P29_004": "姶良市立松原なぎさ小学校", "P29_005": "鹿児島県姶良市松原町1-23-1", "P29_006": "3", "P29_007": "1", "P29_008": "00", "P29_009": null }, "geometry": { "type": "Point", "coordinates": [ 130.630693896513662, 31.719400121940094 ] } },
{ "type": "Feature", "properties": { "P29_001": "46304", "P29_002": "B146210005010", "P29_003": "16001", "P29_004": "十島村立諏訪之瀬島小学校", "P29_005": "鹿児島県鹿児島郡十島村諏訪之瀬島90", "P29_006": "3", "P29_007": "1", "P29_008": "00", "P29_009": null }, "geometry": { "type": "Point", "coordinates": [ 129.699432870598599, 29.611566642110418 ] } },
{ "type": "Feature", "properties": { "P29_001": "46304", "P29_002": "B146210005029", "P29_003": "16001", "P29_004": "十島村立小宝島小学校", "P29_005": "鹿児島県鹿児島郡十島村小宝島21-23", "P29_006": "3", "P29_007": "1", "P29_008": "00", "P29_009": null }, "geometry": { "type": "Point", "coordinates": [ 129.328530086282655, 29.222340227288459 ] } },
{ "type": "Feature", "properties": { "P29_001": "46201", "P29_002": "B146310000013", "P29_003": "16001", "P29_004": "鹿児島三育小学校", "P29_005": "鹿児島県鹿児島市平之町14-21", "P29_006": "4", "P29_007": "1", "P29_008": "00", "P29_009": null }, "geometry": { "type": "Point", "coordinates": [ 130.547642243260327, 31.592736655677342 ] } },
{ "type": "Feature", "properties": { "P29_001": "46201", "P29_002": "B146310000022", "P29_003": "16001", "P29_004": "池田学園池田小学校", "P29_005": "鹿児島県鹿児島市西別府町1660", "P29_006": "4", "P29_007": "1", "P29_008": "00", "P29_009": null }, "geometry": { "type": "Point", "coordinates": [ 130.48268751703668, 31.601182388455427 ] } },
{ "type": "Feature", "properties": { "P29_001": "46219", "P29_002": "B146310000031", "P29_003": "16001", "P29_004": "神村学園初等部", "P29_005": "鹿児島県いちき串木野市別府4460", "P29_006": "4", "P29_007": "1", "P29_008": "00", "P29_009": null }, "geometry": { "type": "Point", "coordinates": [ 130.280762706059761, 31.703642954416129 ] } }
]
}
